MANDT,BUKRS,BELNR,GJAHR,BLART,BLDAT,BUDAT,MONAT,CPUDT,USNAM,TCODE,BKTXT,WAERS,KURSF,BSTAT,XNETB,GLVOR,AWTYP,AWKEY,HWAER,CPUTM
100,1000,5000000000,2024,RE,2024-05-21,2024-05-21,05,2024-05-21,FINANCE02,MIRO,Invoice for PO 4500000000,USD,1.00,,,RFBU,RMRP,51000000002024,USD,111912
100,1000,5000000001,2024,RE,2024-05-26,2024-05-26,05,2024-05-26,FINANCE01,MIRO,Invoice for PO 4500000001,USD,1.00,,,RFBU,RMRP,51000000012024,USD,090941
100,1000,5000000002,2024,RE,2024-06-24,2024-06-24,06,2024-06-24,FINANCE01,MIRO,Invoice for PO 4500000002,USD,1.00,,,RFBU,RMRP,51000000022024,USD,143101
100,1000,5000000003,2024,RE,2024-06-24,2024-06-24,06,2024-06-24,FINANCE02,MIRO,Invoice for PO 4500000003,USD,1.00,,,RFBU,RMRP,51000000032024,USD,141604
100,1000,5000000003,2024,RE,2024-06-29,2024-06-29,06,2024-06-29,FINANCE02,MIRO,Invoice for PO 4500000003,USD,1.00,,,RFBU,RMRP,51000000032024,USD,141604
100,1000,5000000004,2024,RE,2024-09-15,2024-09-15,09,2024-09-15,FINANCE01,MIRO,Invoice for PO 4500000004,USD,1.00,,,RFBU,RMRP,51000000042024,USD,150018
100,1000,5000000005,2024,RE,2024-04-24,2024-04-24,04,2024-04-24,FINANCE02,MIRO,Invoice for PO 4500000005,USD,1.00,,,RFBU,RMRP,51000000052024,USD,090045
100,1000,5000000006,2024,RE,2024-06-19,2024-06-19,06,2024-06-19,FINANCE01,MIRO,Invoice for PO 4500000006,USD,1.00,,,RFBU,RMRP,51000000062024,USD,080318
100,1000,5000000007,2024,RE,2024-07-27,2024-07-27,07,2024-07-27,FINANCE01,MIRO,Invoice for PO 4500000007,USD,1.00,,,RFBU,RMRP,51000000072024,USD,130434
100,1000,5000000008,2024,RE,2024-04-26,2024-04-26,04,2024-04-26,FINANCE01,MIRO,Invoice for PO 4500000008,USD,1.00,,,RFBU,RMRP,51000000082024,USD,105059
100,1000,5000000009,2024,RE,2024-08-21,2024-08-21,08,2024-08-21,FINANCE01,MIRO,Invoice for PO 4500000009,USD,1.00,,,RFBU,RMRP,51000000092024,USD,115429
100,1000,5000000010,2024,RE,2024-10-03,2024-10-03,10,2024-10-03,FINANCE02,MIRO,Invoice for PO 4500000010,USD,1.00,,,RFBU,RMRP,51000000102024,USD,100719
100,1000,5000000010,2024,RE,2024-10-17,2024-10-17,10,2024-10-17,FINANCE02,MIRO,Invoice for PO 4500000010,USD,1.00,,,RFBU,RMRP,51000000102024,USD,100719
100,1000,5000000011,2024,RE,2024-07-31,2024-07-31,07,2024-07-31,FINANCE01,MIRO,Invoice for PO 4500000011,USD,1.00,,,RFBU,RMRP,51000000112024,USD,122001
100,1000,5000000012,2024,RE,2024-03-27,2024-03-27,03,2024-03-27,FINANCE02,MIRO,Invoice for PO 4500000012,USD,1.00,,,RFBU,RMRP,51000000122024,USD,080815
100,1000,5000000013,2024,RE,2024-11-01,2024-11-01,11,2024-11-01,FINANCE01,MIRO,Invoice for PO 4500000013,USD,1.00,,,RFBU,RMRP,51000000132024,USD,150849
100,1000,5000000014,2024,RE,2024-10-07,2024-10-07,10,2024-10-07,FINANCE01,MIRO,Invoice for PO 4500000014,USD,1.00,,,RFBU,RMRP,51000000142024,USD,130741
100,1000,5000000015,2024,RE,2024-05-01,2024-05-01,05,2024-05-01,FINANCE01,MIRO,Invoice for PO 4500000015,USD,1.00,,,RFBU,RMRP,51000000152024,USD,175155
100,1000,5000000016,2024,RE,2024-08-10,2024-08-10,08,2024-08-10,FINANCE02,MIRO,Invoice for PO 4500000016,USD,1.00,,,RFBU,RMRP,51000000162024,USD,093239
100,1000,5000000016,2024,RE,2024-08-01,2024-08-01,08,2024-08-01,FINANCE02,MIRO,Invoice for PO 4500000016,USD,1.00,,,RFBU,RMRP,51000000162024,USD,093239
100,1000,5000000017,2024,RE,2024-06-21,2024-06-21,06,2024-06-21,FINANCE01,MIRO,Invoice for PO 4500000017,USD,1.00,,,RFBU,RMRP,51000000172024,USD,154625
100,1000,5000000018,2024,RE,2024-05-30,2024-05-30,05,2024-05-30,FINANCE01,MIRO,Invoice for PO 4500000018,USD,1.00,,,RFBU,RMRP,51000000182024,USD,141701
100,1000,5000000019,2024,RE,2024-09-11,2024-09-11,09,2024-09-11,FINANCE02,MIRO,Invoice for PO 4500000019,USD,1.00,,,RFBU,RMRP,51000000192024,USD,173528
100,1000,5000000020,2024,RE,2024-08-15,2024-08-15,08,2024-08-15,FINANCE01,MIRO,Invoice for PO 4500000020,USD,1.00,,,RFBU,RMRP,51000000202024,USD,171115
100,1000,5000000021,2024,RE,2024-08-26,2024-08-26,08,2024-08-26,FINANCE02,MIRO,Invoice for PO 4500000021,USD,1.00,,,RFBU,RMRP,51000000212024,USD,142920
100,1000,5000000022,2024,RE,2024-04-19,2024-04-19,04,2024-04-19,FINANCE02,MIRO,Invoice for PO 4500000022,USD,1.00,,,RFBU,RMRP,51000000222024,USD,085833
100,1000,5000000023,2024,RE,2024-06-09,2024-06-09,06,2024-06-09,FINANCE01,MIRO,Invoice for PO 4500000023,USD,1.00,,,RFBU,RMRP,51000000232024,USD,120048
100,1000,5000000024,2024,RE,2024-03-12,2024-03-12,03,2024-03-12,FINANCE01,MIRO,Invoice for PO 4500000024,USD,1.00,,,RFBU,RMRP,51000000242024,USD,150348
100,1000,5000000025,2024,RE,2024-09-02,2024-09-02,09,2024-09-02,FINANCE02,MIRO,Invoice for PO 4500000025,USD,1.00,,,RFBU,RMRP,51000000252024,USD,130452
100,1000,5000000026,2024,RE,2024-09-15,2024-09-15,09,2024-09-15,FINANCE01,MIRO,Invoice for PO 4500000026,USD,1.00,,,RFBU,RMRP,51000000262024,USD,132416
100,1000,5000000027,2024,RE,2024-08-19,2024-08-19,08,2024-08-19,FINANCE01,MIRO,Invoice for PO 4500000027,USD,1.00,,,RFBU,RMRP,51000000272024,USD,132720
100,1000,5000000027,2024,RE,2024-08-16,2024-08-16,08,2024-08-16,FINANCE01,MIRO,Invoice for PO 4500000027,USD,1.00,,,RFBU,RMRP,51000000272024,USD,132720
100,1000,5000000028,2024,RE,2024-07-15,2024-07-15,07,2024-07-15,FINANCE01,MIRO,Invoice for PO 4500000028,USD,1.00,,,RFBU,RMRP,51000000282024,USD,095237
100,1000,5000000029,2024,RE,2024-05-29,2024-05-29,05,2024-05-29,FINANCE02,MIRO,Invoice for PO 4500000029,USD,1.00,,,RFBU,RMRP,51000000292024,USD,111708
100,1000,5000000030,2024,RE,2024-06-24,2024-06-24,06,2024-06-24,FINANCE01,MIRO,Invoice for PO 4500000030,USD,1.00,,,RFBU,RMRP,51000000302024,USD,083520
100,1000,5000000030,2024,RE,2024-06-29,2024-06-29,06,2024-06-29,FINANCE02,MIRO,Invoice for PO 4500000030,USD,1.00,,,RFBU,RMRP,51000000302024,USD,104047
100,1000,5000000031,2024,RE,2024-06-18,2024-06-18,06,2024-06-18,FINANCE02,MIRO,Invoice for PO 4500000031,USD,1.00,,,RFBU,RMRP,51000000312024,USD,101000
100,1000,5000000031,2024,RE,2024-06-18,2024-06-18,06,2024-06-18,FINANCE02,MIRO,Invoice for PO 4500000031,USD,1.00,,,RFBU,RMRP,51000000312024,USD,101000
100,1000,5000000032,2024,RE,2024-06-23,2024-06-23,06,2024-06-23,FINANCE02,MIRO,Invoice for PO 4500000032,USD,1.00,,,RFBU,RMRP,51000000322024,USD,173317
100,1000,5000000032,2024,RE,2024-06-20,2024-06-20,06,2024-06-20,FINANCE02,MIRO,Invoice for PO 4500000032,USD,1.00,,,RFBU,RMRP,51000000322024,USD,173317
100,1000,5000000033,2024,RE,2024-09-07,2024-09-07,09,2024-09-07,FINANCE01,MIRO,Invoice for PO 4500000033,USD,1.00,,,RFBU,RMRP,51000000332024,USD,083606
100,1000,5000000034,2024,RE,2024-08-09,2024-08-09,08,2024-08-09,FINANCE02,MIRO,Invoice for PO 4500000034,USD,1.00,,,RFBU,RMRP,51000000342024,USD,123035
100,1000,5000000034,2024,RE,2024-07-26,2024-07-26,07,2024-07-26,FINANCE01,MIRO,Invoice for PO 4500000034,USD,1.00,,,RFBU,RMRP,51000000342024,USD,095856
100,1000,5000000035,2024,RE,2024-09-06,2024-09-06,09,2024-09-06,FINANCE02,MIRO,Invoice for PO 4500000035,USD,1.00,,,RFBU,RMRP,51000000352024,USD,162512
100,1000,5000000036,2024,RE,2024-08-23,2024-08-23,08,2024-08-23,FINANCE01,MIRO,Invoice for PO 4500000036,USD,1.00,,,RFBU,RMRP,51000000362024,USD,140211
100,1000,5000000036,2024,RE,2024-08-25,2024-08-25,08,2024-08-25,FINANCE02,MIRO,Invoice for PO 4500000036,USD,1.00,,,RFBU,RMRP,51000000362024,USD,121400
100,1000,5000000037,2024,RE,2024-03-21,2024-03-21,03,2024-03-21,FINANCE02,MIRO,Invoice for PO 4500000037,USD,1.00,,,RFBU,RMRP,51000000372024,USD,082157
100,1000,5000000038,2024,RE,2024-10-20,2024-10-20,10,2024-10-20,FINANCE01,MIRO,Invoice for PO 4500000038,USD,1.00,,,RFBU,RMRP,51000000382024,USD,115040
100,1000,5000000038,2024,RE,2024-10-12,2024-10-12,10,2024-10-12,FINANCE01,MIRO,Invoice for PO 4500000038,USD,1.00,,,RFBU,RMRP,51000000382024,USD,115040
100,1000,5000000039,2024,RE,2024-10-20,2024-10-20,10,2024-10-20,FINANCE01,MIRO,Invoice for PO 4500000039,USD,1.00,,,RFBU,RMRP,51000000392024,USD,110815
100,1000,5000000040,2024,RE,2024-07-06,2024-07-06,07,2024-07-06,FINANCE01,MIRO,Invoice for PO 4500000040,USD,1.00,,,RFBU,RMRP,51000000402024,USD,082724
100,1000,5000000041,2024,RE,2024-03-28,2024-03-28,03,2024-03-28,FINANCE01,MIRO,Invoice for PO 4500000041,USD,1.00,,,RFBU,RMRP,51000000412024,USD,143409
100,1000,5000000042,2024,RE,2024-07-20,2024-07-20,07,2024-07-20,FINANCE01,MIRO,Invoice for PO 4500000042,USD,1.00,,,RFBU,RMRP,51000000422024,USD,164536
100,1000,5000000043,2024,RE,2024-10-01,2024-10-01,10,2024-10-01,FINANCE01,MIRO,Invoice for PO 4500000043,USD,1.00,,,RFBU,RMRP,51000000432024,USD,084606
100,1000,5000000044,2024,RE,2024-10-02,2024-10-02,10,2024-10-02,FINANCE01,MIRO,Invoice for PO 4500000044,USD,1.00,,,RFBU,RMRP,51000000442024,USD,103654
100,1000,5000000045,2024,RE,2024-06-29,2024-06-29,06,2024-06-29,FINANCE02,MIRO,Invoice for PO 4500000045,USD,1.00,,,RFBU,RMRP,51000000452024,USD,142820
100,1000,5000000046,2024,RE,2024-04-16,2024-04-16,04,2024-04-16,FINANCE01,MIRO,Invoice for PO 4500000046,USD,1.00,,,RFBU,RMRP,51000000462024,USD,133958
100,1000,5000000047,2024,RE,2024-03-12,2024-03-12,03,2024-03-12,FINANCE02,MIRO,Invoice for PO 4500000047,USD,1.00,,,RFBU,RMRP,51000000472024,USD,125055
100,1000,5000000048,2024,RE,2024-07-22,2024-07-22,07,2024-07-22,FINANCE02,MIRO,Invoice for PO 4500000048,USD,1.00,,,RFBU,RMRP,51000000482024,USD,150704
100,1000,5000000048,2024,RE,2024-07-20,2024-07-20,07,2024-07-20,FINANCE02,MIRO,Invoice for PO 4500000048,USD,1.00,,,RFBU,RMRP,51000000482024,USD,150704
100,1000,5000000049,2024,RE,2024-04-08,2024-04-08,04,2024-04-08,FINANCE01,MIRO,Invoice for PO 4500000049,USD,1.00,,,RFBU,RMRP,51000000492024,USD,134606
100,1000,5000000049,2024,RE,2024-04-15,2024-04-15,04,2024-04-15,FINANCE02,MIRO,Invoice for PO 4500000049,USD,1.00,,,RFBU,RMRP,51000000492024,USD,160500
100,1000,5000000050,2024,RE,2024-10-13,2024-10-13,10,2024-10-13,FINANCE01,MIRO,Invoice for PO 4500000050,USD,1.00,,,RFBU,RMRP,51000000502024,USD,134028
100,1000,5000000050,2024,RE,2024-10-05,2024-10-05,10,2024-10-05,FINANCE02,MIRO,Invoice for PO 4500000050,USD,1.00,,,RFBU,RMRP,51000000502024,USD,150649
100,1000,5000000051,2024,RE,2024-08-19,2024-08-19,08,2024-08-19,FINANCE02,MIRO,Invoice for PO 4500000051,USD,1.00,,,RFBU,RMRP,51000000512024,USD,160941
100,1000,5000000052,2024,RE,2024-07-25,2024-07-25,07,2024-07-25,FINANCE01,MIRO,Invoice for PO 4500000052,USD,1.00,,,RFBU,RMRP,51000000522024,USD,152108
100,1000,5000000053,2024,RE,2024-09-09,2024-09-09,09,2024-09-09,FINANCE01,MIRO,Invoice for PO 4500000053,USD,1.00,,,RFBU,RMRP,51000000532024,USD,160849
100,1000,5000000054,2024,RE,2024-03-24,2024-03-24,03,2024-03-24,FINANCE02,MIRO,Invoice for PO 4500000054,USD,1.00,,,RFBU,RMRP,51000000542024,USD,131015
100,1000,5000000055,2024,RE,2024-06-07,2024-06-07,06,2024-06-07,FINANCE01,MIRO,Invoice for PO 4500000055,USD,1.00,,,RFBU,RMRP,51000000552024,USD,174721
100,1000,5000000055,2024,RE,2024-05-28,2024-05-28,05,2024-05-28,FINANCE02,MIRO,Invoice for PO 4500000055,USD,1.00,,,RFBU,RMRP,51000000552024,USD,090000
100,1000,5000000056,2024,RE,2024-10-15,2024-10-15,10,2024-10-15,FINANCE01,MIRO,Invoice for PO 4500000056,USD,1.00,,,RFBU,RMRP,51000000562024,USD,144459
100,1000,5000000057,2024,RE,2024-03-23,2024-03-23,03,2024-03-23,FINANCE02,MIRO,Invoice for PO 4500000057,USD,1.00,,,RFBU,RMRP,51000000572024,USD,081912
100,1000,5000000058,2024,RE,2024-07-31,2024-07-31,07,2024-07-31,FINANCE02,MIRO,Invoice for PO 4500000058,USD,1.00,,,RFBU,RMRP,51000000582024,USD,102057
100,1000,5000000059,2024,RE,2024-09-14,2024-09-14,09,2024-09-14,FINANCE02,MIRO,Invoice for PO 4500000059,USD,1.00,,,RFBU,RMRP,51000000592024,USD,124710
100,1000,5000000060,2024,RE,2024-05-14,2024-05-14,05,2024-05-14,FINANCE02,MIRO,Invoice for PO 4500000060,USD,1.00,,,RFBU,RMRP,51000000602024,USD,092928
100,1000,5000000061,2024,RE,2024-04-23,2024-04-23,04,2024-04-23,FINANCE02,MIRO,Invoice for PO 4500000061,USD,1.00,,,RFBU,RMRP,51000000612024,USD,095048
100,1000,5000000061,2024,RE,2024-04-29,2024-04-29,04,2024-04-29,FINANCE01,MIRO,Invoice for PO 4500000061,USD,1.00,,,RFBU,RMRP,51000000612024,USD,080126
100,1000,5000000062,2024,RE,2024-08-03,2024-08-03,08,2024-08-03,FINANCE01,MIRO,Invoice for PO 4500000062,USD,1.00,,,RFBU,RMRP,51000000622024,USD,121134
100,1000,5000000063,2024,RE,2024-08-11,2024-08-11,08,2024-08-11,FINANCE02,MIRO,Invoice for PO 4500000063,USD,1.00,,,RFBU,RMRP,51000000632024,USD,105210
100,1000,5000000064,2024,RE,2024-02-09,2024-02-09,02,2024-02-09,FINANCE01,MIRO,Invoice for PO 4500000064,USD,1.00,,,RFBU,RMRP,51000000642024,USD,090522
100,1000,5000000065,2024,RE,2024-04-26,2024-04-26,04,2024-04-26,FINANCE01,MIRO,Invoice for PO 4500000065,USD,1.00,,,RFBU,RMRP,51000000652024,USD,110722
100,1000,5000000066,2024,RE,2024-08-09,2024-08-09,08,2024-08-09,FINANCE02,MIRO,Invoice for PO 4500000066,USD,1.00,,,RFBU,RMRP,51000000662024,USD,123247
100,1000,5000000067,2024,RE,2024-11-18,2024-11-18,11,2024-11-18,FINANCE01,MIRO,Invoice for PO 4500000067,USD,1.00,,,RFBU,RMRP,51000000672024,USD,155210
100,1000,5000000067,2024,RE,2024-11-21,2024-11-21,11,2024-11-21,FINANCE01,MIRO,Invoice for PO 4500000067,USD,1.00,,,RFBU,RMRP,51000000672024,USD,155210
100,1000,5000000068,2024,RE,2024-09-30,2024-09-30,09,2024-09-30,FINANCE02,MIRO,Invoice for PO 4500000068,USD,1.00,,,RFBU,RMRP,51000000682024,USD,124317
100,1000,5000000069,2024,RE,2024-05-21,2024-05-21,05,2024-05-21,FINANCE02,MIRO,Invoice for PO 4500000069,USD,1.00,,,RFBU,RMRP,51000000692024,USD,101542
100,1000,5000000070,2024,RE,2024-06-14,2024-06-14,06,2024-06-14,FINANCE01,MIRO,Invoice for PO 4500000070,USD,1.00,,,RFBU,RMRP,51000000702024,USD,132920
100,1000,5000000071,2024,RE,2024-06-07,2024-06-07,06,2024-06-07,FINANCE01,MIRO,Invoice for PO 4500000071,USD,1.00,,,RFBU,RMRP,51000000712024,USD,133654
100,1000,5000000071,2024,RE,2024-06-12,2024-06-12,06,2024-06-12,FINANCE01,MIRO,Invoice for PO 4500000071,USD,1.00,,,RFBU,RMRP,51000000712024,USD,133654
100,1000,5000000072,2024,RE,2024-09-30,2024-09-30,09,2024-09-30,FINANCE02,MIRO,Invoice for PO 4500000072,USD,1.00,,,RFBU,RMRP,51000000722024,USD,085641
100,1000,5000000073,2024,RE,2024-08-20,2024-08-20,08,2024-08-20,FINANCE01,MIRO,Invoice for PO 4500000073,USD,1.00,,,RFBU,RMRP,51000000732024,USD,172950
100,1000,5000000074,2024,RE,2024-04-12,2024-04-12,04,2024-04-12,FINANCE02,MIRO,Invoice for PO 4500000074,USD,1.00,,,RFBU,RMRP,51000000742024,USD,112335
100,1000,5000000075,2024,RE,2024-11-13,2024-11-13,11,2024-11-13,FINANCE02,MIRO,Invoice for PO 4500000075,USD,1.00,,,RFBU,RMRP,51000000752024,USD,100141
100,1000,5000000076,2024,RE,2024-05-23,2024-05-23,05,2024-05-23,FINANCE01,MIRO,Invoice for PO 4500000076,USD,1.00,,,RFBU,RMRP,51000000762024,USD,142735
100,1000,5000000077,2024,RE,2024-03-18,2024-03-18,03,2024-03-18,FINANCE01,MIRO,Invoice for PO 4500000077,USD,1.00,,,RFBU,RMRP,51000000772024,USD,140407
100,1000,5000000078,2024,RE,2024-03-24,2024-03-24,03,2024-03-24,FINANCE02,MIRO,Invoice for PO 4500000078,USD,1.00,,,RFBU,RMRP,51000000782024,USD,090404
100,1000,5000000079,2024,RE,2024-09-07,2024-09-07,09,2024-09-07,FINANCE01,MIRO,Invoice for PO 4500000079,USD,1.00,,,RFBU,RMRP,51000000792024,USD,105422
100,1000,5000000080,2024,RE,2024-10-13,2024-10-13,10,2024-10-13,FINANCE01,MIRO,Invoice for PO 4500000080,USD,1.00,,,RFBU,RMRP,51000000802024,USD,112950
100,1000,5000000081,2024,RE,2024-05-26,2024-05-26,05,2024-05-26,FINANCE02,MIRO,Invoice for PO 4500000081,USD,1.00,,,RFBU,RMRP,51000000812024,USD,135822
100,1000,5000000082,2024,RE,2024-10-30,2024-10-30,10,2024-10-30,FINANCE01,MIRO,Invoice for PO 4500000082,USD,1.00,,,RFBU,RMRP,51000000822024,USD,173050
100,1000,5000000083,2024,RE,2024-05-27,2024-05-27,05,2024-05-27,FINANCE01,MIRO,Invoice for PO 4500000083,USD,1.00,,,RFBU,RMRP,51000000832024,USD,104006
100,1000,5000000084,2024,RE,2024-10-29,2024-10-29,10,2024-10-29,FINANCE01,MIRO,Invoice for PO 4500000084,USD,1.00,,,RFBU,RMRP,51000000842024,USD,141731
100,1000,5000000084,2024,RE,2024-10-31,2024-10-31,10,2024-10-31,FINANCE01,MIRO,Invoice for PO 4500000084,USD,1.00,,,RFBU,RMRP,51000000842024,USD,141731
100,1000,5000000085,2024,RE,2024-09-24,2024-09-24,09,2024-09-24,FINANCE01,MIRO,Invoice for PO 4500000085,USD,1.00,,,RFBU,RMRP,51000000852024,USD,165207
100,1000,5000000086,2024,RE,2024-03-04,2024-03-04,03,2024-03-04,FINANCE01,MIRO,Invoice for PO 4500000086,USD,1.00,,,RFBU,RMRP,51000000862024,USD,134936
100,1000,5000000087,2024,RE,2024-04-11,2024-04-11,04,2024-04-11,FINANCE01,MIRO,Invoice for PO 4500000087,USD,1.00,,,RFBU,RMRP,51000000872024,USD,152635
100,1000,5000000088,2024,RE,2024-08-01,2024-08-01,08,2024-08-01,FINANCE02,MIRO,Invoice for PO 4500000088,USD,1.00,,,RFBU,RMRP,51000000882024,USD,110845
100,1000,5000000089,2024,RE,2024-09-05,2024-09-05,09,2024-09-05,FINANCE02,MIRO,Invoice for PO 4500000089,USD,1.00,,,RFBU,RMRP,51000000892024,USD,114725
100,1000,5000000090,2024,RE,2024-07-24,2024-07-24,07,2024-07-24,FINANCE02,MIRO,Invoice for PO 4500000090,USD,1.00,,,RFBU,RMRP,51000000902024,USD,132554
100,1000,5000000091,2024,RE,2024-06-04,2024-06-04,06,2024-06-04,FINANCE02,MIRO,Invoice for PO 4500000091,USD,1.00,,,RFBU,RMRP,51000000912024,USD,171616
100,1000,5000000092,2024,RE,2024-04-14,2024-04-14,04,2024-04-14,FINANCE02,MIRO,Invoice for PO 4500000092,USD,1.00,,,RFBU,RMRP,51000000922024,USD,145703
100,1000,5000000093,2024,RE,2024-03-23,2024-03-23,03,2024-03-23,FINANCE01,MIRO,Invoice for PO 4500000093,USD,1.00,,,RFBU,RMRP,51000000932024,USD,142050
100,1000,5000000093,2024,RE,2024-03-23,2024-03-23,03,2024-03-23,FINANCE02,MIRO,Invoice for PO 4500000093,USD,1.00,,,RFBU,RMRP,51000000932024,USD,162454
100,1000,5000000094,2024,RE,2024-06-10,2024-06-10,06,2024-06-10,FINANCE02,MIRO,Invoice for PO 4500000094,USD,1.00,,,RFBU,RMRP,51000000942024,USD,090600
100,1000,5000000095,2024,RE,2024-09-23,2024-09-23,09,2024-09-23,FINANCE01,MIRO,Invoice for PO 4500000095,USD,1.00,,,RFBU,RMRP,51000000952024,USD,124940
100,1000,5000000096,2024,RE,2024-08-06,2024-08-06,08,2024-08-06,FINANCE02,MIRO,Invoice for PO 4500000096,USD,1.00,,,RFBU,RMRP,51000000962024,USD,092238
100,1000,5000000097,2024,RE,2024-04-22,2024-04-22,04,2024-04-22,FINANCE01,MIRO,Invoice for PO 4500000097,USD,1.00,,,RFBU,RMRP,51000000972024,USD,110400
100,1000,5000000097,2024,RE,2024-04-20,2024-04-20,04,2024-04-20,FINANCE01,MIRO,Invoice for PO 4500000097,USD,1.00,,,RFBU,RMRP,51000000972024,USD,110400
100,1000,5000000098,2024,RE,2024-10-13,2024-10-13,10,2024-10-13,FINANCE02,MIRO,Invoice for PO 4500000098,USD,1.00,,,RFBU,RMRP,51000000982024,USD,151453
100,1000,5000000098,2024,RE,2024-10-13,2024-10-13,10,2024-10-13,FINANCE02,MIRO,Invoice for PO 4500000098,USD,1.00,,,RFBU,RMRP,51000000982024,USD,151453
100,1000,5000000099,2024,RE,2024-06-29,2024-06-29,06,2024-06-29,FINANCE02,MIRO,Invoice for PO 4500000099,USD,1.00,,,RFBU,RMRP,51000000992024,USD,172801
100,1000,5000000100,2024,RE,2024-04-14,2024-04-14,04,2024-04-14,FINANCE01,MIRO,Invoice for PO 4500000100,USD,1.00,,,RFBU,RMRP,51000001002024,USD,095803
100,1000,5000000101,2024,RE,2024-07-19,2024-07-19,07,2024-07-19,FINANCE02,MIRO,Invoice for PO 4500000101,USD,1.00,,,RFBU,RMRP,51000001012024,USD,120445
100,1000,5000000102,2024,RE,2024-04-17,2024-04-17,04,2024-04-17,FINANCE02,MIRO,Invoice for PO 4500000102,USD,1.00,,,RFBU,RMRP,51000001022024,USD,174147
100,1000,5000000102,2024,RE,2024-04-25,2024-04-25,04,2024-04-25,FINANCE01,MIRO,Invoice for PO 4500000102,USD,1.00,,,RFBU,RMRP,51000001022024,USD,103732
100,1000,5000000103,2024,RE,2024-03-08,2024-03-08,03,2024-03-08,FINANCE02,MIRO,Invoice for PO 4500000103,USD,1.00,,,RFBU,RMRP,51000001032024,USD,093350
100,1000,5000000104,2024,RE,2024-03-16,2024-03-16,03,2024-03-16,FINANCE01,MIRO,Invoice for PO 4500000104,USD,1.00,,,RFBU,RMRP,51000001042024,USD,094436
100,1000,5000000105,2024,RE,2024-08-18,2024-08-18,08,2024-08-18,FINANCE01,MIRO,Invoice for PO 4500000105,USD,1.00,,,RFBU,RMRP,51000001052024,USD,103154
100,1000,5000000106,2024,RE,2024-03-04,2024-03-04,03,2024-03-04,FINANCE01,MIRO,Invoice for PO 4500000106,USD,1.00,,,RFBU,RMRP,51000001062024,USD,175218
100,1000,5000000107,2024,RE,2024-10-22,2024-10-22,10,2024-10-22,FINANCE01,MIRO,Invoice for PO 4500000107,USD,1.00,,,RFBU,RMRP,51000001072024,USD,110056
100,1000,5000000108,2024,RE,2024-10-29,2024-10-29,10,2024-10-29,FINANCE02,MIRO,Invoice for PO 4500000108,USD,1.00,,,RFBU,RMRP,51000001082024,USD,144255
100,1000,5000000108,2024,RE,2024-11-08,2024-11-08,11,2024-11-08,FINANCE01,MIRO,Invoice for PO 4500000108,USD,1.00,,,RFBU,RMRP,51000001082024,USD,110133
100,1000,5000000109,2024,RE,2024-05-05,2024-05-05,05,2024-05-05,FINANCE02,MIRO,Invoice for PO 4500000109,USD,1.00,,,RFBU,RMRP,51000001092024,USD,105548
100,1000,5000000109,2024,RE,2024-05-05,2024-05-05,05,2024-05-05,FINANCE02,MIRO,Invoice for PO 4500000109,USD,1.00,,,RFBU,RMRP,51000001092024,USD,105548
100,1000,5000000110,2024,RE,2024-03-30,2024-03-30,03,2024-03-30,FINANCE02,MIRO,Invoice for PO 4500000110,USD,1.00,,,RFBU,RMRP,51000001102024,USD,155248
100,1000,5000000111,2024,RE,2024-06-29,2024-06-29,06,2024-06-29,FINANCE01,MIRO,Invoice for PO 4500000111,USD,1.00,,,RFBU,RMRP,51000001112024,USD,112512
100,1000,5000000112,2024,RE,2024-12-08,2024-12-08,12,2024-12-08,FINANCE02,MIRO,Invoice for PO 4500000112,USD,1.00,,,RFBU,RMRP,51000001122024,USD,122327
100,1000,5000000112,2024,RE,2024-12-14,2024-12-14,12,2024-12-14,FINANCE01,MIRO,Invoice for PO 4500000112,USD,1.00,,,RFBU,RMRP,51000001122024,USD,084317
100,1000,5000000113,2024,RE,2024-06-18,2024-06-18,06,2024-06-18,FINANCE01,MIRO,Invoice for PO 4500000113,USD,1.00,,,RFBU,RMRP,51000001132024,USD,171953
100,1000,5000000114,2024,RE,2024-09-28,2024-09-28,09,2024-09-28,FINANCE02,MIRO,Invoice for PO 4500000114,USD,1.00,,,RFBU,RMRP,51000001142024,USD,104859
100,1000,5000000115,2024,RE,2024-04-25,2024-04-25,04,2024-04-25,FINANCE02,MIRO,Invoice for PO 4500000115,USD,1.00,,,RFBU,RMRP,51000001152024,USD,133721
100,1000,5000000115,2024,RE,2024-05-05,2024-05-05,05,2024-05-05,FINANCE01,MIRO,Invoice for PO 4500000115,USD,1.00,,,RFBU,RMRP,51000001152024,USD,145255
100,1000,5000000116,2024,RE,2024-09-29,2024-09-29,09,2024-09-29,FINANCE02,MIRO,Invoice for PO 4500000116,USD,1.00,,,RFBU,RMRP,51000001162024,USD,082801
100,1000,5000000117,2024,RE,2024-08-06,2024-08-06,08,2024-08-06,FINANCE01,MIRO,Invoice for PO 4500000117,USD,1.00,,,RFBU,RMRP,51000001172024,USD,083213
100,1000,5000000117,2024,RE,2024-08-16,2024-08-16,08,2024-08-16,FINANCE01,MIRO,Invoice for PO 4500000117,USD,1.00,,,RFBU,RMRP,51000001172024,USD,083213
100,1000,5000000118,2024,RE,2024-08-06,2024-08-06,08,2024-08-06,FINANCE02,MIRO,Invoice for PO 4500000118,USD,1.00,,,RFBU,RMRP,51000001182024,USD,154125
100,1000,5000000119,2024,RE,2024-09-12,2024-09-12,09,2024-09-12,FINANCE01,MIRO,Invoice for PO 4500000119,USD,1.00,,,RFBU,RMRP,51000001192024,USD,103058
100,1000,5000000120,2024,RE,2024-06-27,2024-06-27,06,2024-06-27,FINANCE01,MIRO,Invoice for PO 4500000120,USD,1.00,,,RFBU,RMRP,51000001202024,USD,110256
100,1000,5000000121,2024,RE,2024-11-05,2024-11-05,11,2024-11-05,FINANCE01,MIRO,Invoice for PO 4500000121,USD,1.00,,,RFBU,RMRP,51000001212024,USD,175225
100,1000,5000000121,2024,RE,2024-11-11,2024-11-11,11,2024-11-11,FINANCE01,MIRO,Invoice for PO 4500000121,USD,1.00,,,RFBU,RMRP,51000001212024,USD,175225
100,1000,5000000122,2024,RE,2024-07-10,2024-07-10,07,2024-07-10,FINANCE02,MIRO,Invoice for PO 4500000122,USD,1.00,,,RFBU,RMRP,51000001222024,USD,101719
100,1000,5000000123,2024,RE,2024-10-20,2024-10-20,10,2024-10-20,FINANCE02,MIRO,Invoice for PO 4500000123,USD,1.00,,,RFBU,RMRP,51000001232024,USD,080022
100,1000,5000000124,2024,RE,2024-05-09,2024-05-09,05,2024-05-09,FINANCE02,MIRO,Invoice for PO 4500000124,USD,1.00,,,RFBU,RMRP,51000001242024,USD,141857
100,1000,5000000124,2024,RE,2024-04-26,2024-04-26,04,2024-04-26,FINANCE01,MIRO,Invoice for PO 4500000124,USD,1.00,,,RFBU,RMRP,51000001242024,USD,134325
100,1000,5000000125,2024,RE,2024-04-29,2024-04-29,04,2024-04-29,FINANCE01,MIRO,Invoice for PO 4500000125,USD,1.00,,,RFBU,RMRP,51000001252024,USD,172731
100,1000,5000000126,2024,RE,2024-08-17,2024-08-17,08,2024-08-17,FINANCE01,MIRO,Invoice for PO 4500000126,USD,1.00,,,RFBU,RMRP,51000001262024,USD,101742
100,1000,5000000126,2024,RE,2024-08-20,2024-08-20,08,2024-08-20,FINANCE02,MIRO,Invoice for PO 4500000126,USD,1.00,,,RFBU,RMRP,51000001262024,USD,130218
100,1000,5000000127,2024,RE,2024-11-20,2024-11-20,11,2024-11-20,FINANCE01,MIRO,Invoice for PO 4500000127,USD,1.00,,,RFBU,RMRP,51000001272024,USD,105240
100,1000,5000000127,2024,RE,2024-11-16,2024-11-16,11,2024-11-16,FINANCE02,MIRO,Invoice for PO 4500000127,USD,1.00,,,RFBU,RMRP,51000001272024,USD,103254
100,1000,5000000128,2024,RE,2024-05-15,2024-05-15,05,2024-05-15,FINANCE01,MIRO,Invoice for PO 4500000128,USD,1.00,,,RFBU,RMRP,51000001282024,USD,094936
100,1000,5000000129,2024,RE,2024-07-03,2024-07-03,07,2024-07-03,FINANCE02,MIRO,Invoice for PO 4500000129,USD,1.00,,,RFBU,RMRP,51000001292024,USD,144840
100,1000,5000000130,2024,RE,2024-03-30,2024-03-30,03,2024-03-30,FINANCE02,MIRO,Invoice for PO 4500000130,USD,1.00,,,RFBU,RMRP,51000001302024,USD,102038
100,1000,5000000131,2024,RE,2024-09-02,2024-09-02,09,2024-09-02,FINANCE02,MIRO,Invoice for PO 4500000131,USD,1.00,,,RFBU,RMRP,51000001312024,USD,110252
100,1000,5000000132,2024,RE,2024-05-31,2024-05-31,05,2024-05-31,FINANCE01,MIRO,Invoice for PO 4500000132,USD,1.00,,,RFBU,RMRP,51000001322024,USD,092242
100,1000,5000000133,2024,RE,2024-09-11,2024-09-11,09,2024-09-11,FINANCE01,MIRO,Invoice for PO 4500000133,USD,1.00,,,RFBU,RMRP,51000001332024,USD,171542
100,1000,5000000134,2024,RE,2024-07-05,2024-07-05,07,2024-07-05,FINANCE01,MIRO,Invoice for PO 4500000134,USD,1.00,,,RFBU,RMRP,51000001342024,USD,172642
100,1000,5000000135,2024,RE,2024-08-03,2024-08-03,08,2024-08-03,FINANCE01,MIRO,Invoice for PO 4500000135,USD,1.00,,,RFBU,RMRP,51000001352024,USD,110915
100,1000,5000000135,2024,RE,2024-07-24,2024-07-24,07,2024-07-24,FINANCE01,MIRO,Invoice for PO 4500000135,USD,1.00,,,RFBU,RMRP,51000001352024,USD,110915
100,1000,5000000136,2024,RE,2024-04-14,2024-04-14,04,2024-04-14,FINANCE01,MIRO,Invoice for PO 4500000136,USD,1.00,,,RFBU,RMRP,51000001362024,USD,133913
100,1000,5000000137,2024,RE,2024-05-01,2024-05-01,05,2024-05-01,FINANCE02,MIRO,Invoice for PO 4500000137,USD,1.00,,,RFBU,RMRP,51000001372024,USD,162427
100,1000,5000000138,2024,RE,2024-11-19,2024-11-19,11,2024-11-19,FINANCE01,MIRO,Invoice for PO 4500000138,USD,1.00,,,RFBU,RMRP,51000001382024,USD,142820
100,1000,5000000139,2024,RE,2024-05-16,2024-05-16,05,2024-05-16,FINANCE02,MIRO,Invoice for PO 4500000139,USD,1.00,,,RFBU,RMRP,51000001392024,USD,143647
100,1000,5000000140,2024,RE,2024-03-08,2024-03-08,03,2024-03-08,FINANCE01,MIRO,Invoice for PO 4500000140,USD,1.00,,,RFBU,RMRP,51000001402024,USD,101846
100,1000,5000000141,2024,RE,2024-12-15,2024-12-15,12,2024-12-15,FINANCE01,MIRO,Invoice for PO 4500000141,USD,1.00,,,RFBU,RMRP,51000001412024,USD,125440
100,1000,5000000142,2024,RE,2024-06-28,2024-06-28,06,2024-06-28,FINANCE02,MIRO,Invoice for PO 4500000142,USD,1.00,,,RFBU,RMRP,51000001422024,USD,105626
100,1000,5000000142,2024,RE,2024-06-15,2024-06-15,06,2024-06-15,FINANCE02,MIRO,Invoice for PO 4500000142,USD,1.00,,,RFBU,RMRP,51000001422024,USD,105626
100,1000,5000000143,2024,RE,2024-08-23,2024-08-23,08,2024-08-23,FINANCE02,MIRO,Invoice for PO 4500000143,USD,1.00,,,RFBU,RMRP,51000001432024,USD,175344
100,1000,5000000144,2024,RE,2024-05-14,2024-05-14,05,2024-05-14,FINANCE01,MIRO,Invoice for PO 4500000144,USD,1.00,,,RFBU,RMRP,51000001442024,USD,141204
100,1000,5000000145,2024,RE,2024-05-07,2024-05-07,05,2024-05-07,FINANCE02,MIRO,Invoice for PO 4500000145,USD,1.00,,,RFBU,RMRP,51000001452024,USD,111938
100,1000,5000000146,2024,RE,2024-06-07,2024-06-07,06,2024-06-07,FINANCE02,MIRO,Invoice for PO 4500000146,USD,1.00,,,RFBU,RMRP,51000001462024,USD,144414
100,1000,5000000147,2024,RE,2024-10-25,2024-10-25,10,2024-10-25,FINANCE02,MIRO,Invoice for PO 4500000147,USD,1.00,,,RFBU,RMRP,51000001472024,USD,102208
100,1000,5000000148,2024,RE,2024-10-21,2024-10-21,10,2024-10-21,FINANCE02,MIRO,Invoice for PO 4500000148,USD,1.00,,,RFBU,RMRP,51000001482024,USD,094744
100,1000,5000000149,2024,RE,2024-06-24,2024-06-24,06,2024-06-24,FINANCE02,MIRO,Invoice for PO 4500000149,USD,1.00,,,RFBU,RMRP,51000001492024,USD,114232
100,1000,5000000150,2024,RE,2024-06-06,2024-06-06,06,2024-06-06,FINANCE01,MIRO,Invoice for PO 4500000150,USD,1.00,,,RFBU,RMRP,51000001502024,USD,083505
100,1000,5000000151,2024,RE,2024-08-17,2024-08-17,08,2024-08-17,FINANCE02,MIRO,Invoice for PO 4500000151,USD,1.00,,,RFBU,RMRP,51000001512024,USD,081149
100,1000,5000000152,2024,RE,2024-03-26,2024-03-26,03,2024-03-26,FINANCE01,MIRO,Invoice for PO 4500000152,USD,1.00,,,RFBU,RMRP,51000001522024,USD,112057
100,1000,5000000153,2024,RE,2024-05-28,2024-05-28,05,2024-05-28,FINANCE02,MIRO,Invoice for PO 4500000153,USD,1.00,,,RFBU,RMRP,51000001532024,USD,150126
100,1000,5000000154,2024,RE,2024-04-12,2024-04-12,04,2024-04-12,FINANCE01,MIRO,Invoice for PO 4500000154,USD,1.00,,,RFBU,RMRP,51000001542024,USD,122757
100,1000,5000000155,2024,RE,2024-09-10,2024-09-10,09,2024-09-10,FINANCE02,MIRO,Invoice for PO 4500000155,USD,1.00,,,RFBU,RMRP,51000001552024,USD,141753
100,1000,5000000156,2024,RE,2024-05-14,2024-05-14,05,2024-05-14,FINANCE02,MIRO,Invoice for PO 4500000156,USD,1.00,,,RFBU,RMRP,51000001562024,USD,101038
100,1000,5000000157,2024,RE,2024-08-15,2024-08-15,08,2024-08-15,FINANCE01,MIRO,Invoice for PO 4500000157,USD,1.00,,,RFBU,RMRP,51000001572024,USD,160007
100,1000,5000000158,2024,RE,2024-10-30,2024-10-30,10,2024-10-30,FINANCE01,MIRO,Invoice for PO 4500000158,USD,1.00,,,RFBU,RMRP,51000001582024,USD,145344
100,1000,5000000159,2024,RE,2024-06-22,2024-06-22,06,2024-06-22,FINANCE01,MIRO,Invoice for PO 4500000159,USD,1.00,,,RFBU,RMRP,51000001592024,USD,160749
100,1000,5000000159,2024,RE,2024-06-29,2024-06-29,06,2024-06-29,FINANCE01,MIRO,Invoice for PO 4500000159,USD,1.00,,,RFBU,RMRP,51000001592024,USD,160749
100,1000,5000000160,2024,RE,2024-06-30,2024-06-30,06,2024-06-30,FINANCE01,MIRO,Invoice for PO 4500000160,USD,1.00,,,RFBU,RMRP,51000001602024,USD,120218
100,1000,5000000161,2024,RE,2024-07-07,2024-07-07,07,2024-07-07,FINANCE02,MIRO,Invoice for PO 4500000161,USD,1.00,,,RFBU,RMRP,51000001612024,USD,171604
100,1000,5000000162,2024,RE,2024-11-04,2024-11-04,11,2024-11-04,FINANCE01,MIRO,Invoice for PO 4500000162,USD,1.00,,,RFBU,RMRP,51000001622024,USD,125544
100,1000,5000000163,2024,RE,2024-11-14,2024-11-14,11,2024-11-14,FINANCE02,MIRO,Invoice for PO 4500000163,USD,1.00,,,RFBU,RMRP,51000001632024,USD,155407
100,1000,5000000164,2024,RE,2024-10-28,2024-10-28,10,2024-10-28,FINANCE02,MIRO,Invoice for PO 4500000164,USD,1.00,,,RFBU,RMRP,51000001642024,USD,141242
100,1000,5000000165,2024,RE,2024-10-10,2024-10-10,10,2024-10-10,FINANCE02,MIRO,Invoice for PO 4500000165,USD,1.00,,,RFBU,RMRP,51000001652024,USD,103706
100,1000,5000000166,2024,RE,2024-06-25,2024-06-25,06,2024-06-25,FINANCE01,MIRO,Invoice for PO 4500000166,USD,1.00,,,RFBU,RMRP,51000001662024,USD,083158
100,1000,5000000167,2024,RE,2024-10-08,2024-10-08,10,2024-10-08,FINANCE02,MIRO,Invoice for PO 4500000167,USD,1.00,,,RFBU,RMRP,51000001672024,USD,143247
100,1000,5000000168,2024,RE,2024-10-25,2024-10-25,10,2024-10-25,FINANCE02,MIRO,Invoice for PO 4500000168,USD,1.00,,,RFBU,RMRP,51000001682024,USD,110352
100,1000,5000000169,2024,RE,2024-12-18,2024-12-18,12,2024-12-18,FINANCE01,MIRO,Invoice for PO 4500000169,USD,1.00,,,RFBU,RMRP,51000001692024,USD,092012
100,1000,5000000169,2024,RE,2024-12-10,2024-12-10,12,2024-12-10,FINANCE02,MIRO,Invoice for PO 4500000169,USD,1.00,,,RFBU,RMRP,51000001692024,USD,150534
100,1000,5000000170,2024,RE,2024-06-05,2024-06-05,06,2024-06-05,FINANCE01,MIRO,Invoice for PO 4500000170,USD,1.00,,,RFBU,RMRP,51000001702024,USD,085722
100,1000,5000000171,2024,RE,2024-10-28,2024-10-28,10,2024-10-28,FINANCE01,MIRO,Invoice for PO 4500000171,USD,1.00,,,RFBU,RMRP,51000001712024,USD,115059
100,1000,5000000172,2024,RE,2024-08-08,2024-08-08,08,2024-08-08,FINANCE01,MIRO,Invoice for PO 4500000172,USD,1.00,,,RFBU,RMRP,51000001722024,USD,130430
100,1000,5000000173,2024,RE,2024-08-06,2024-08-06,08,2024-08-06,FINANCE01,MIRO,Invoice for PO 4500000173,USD,1.00,,,RFBU,RMRP,51000001732024,USD,130422
100,1000,5000000173,2024,RE,2024-08-12,2024-08-12,08,2024-08-12,FINANCE01,MIRO,Invoice for PO 4500000173,USD,1.00,,,RFBU,RMRP,51000001732024,USD,130422
100,1000,5000000174,2024,RE,2024-02-26,2024-02-26,02,2024-02-26,FINANCE02,MIRO,Invoice for PO 4500000174,USD,1.00,,,RFBU,RMRP,51000001742024,USD,173028
100,1000,5000000175,2024,RE,2024-07-06,2024-07-06,07,2024-07-06,FINANCE02,MIRO,Invoice for PO 4500000175,USD,1.00,,,RFBU,RMRP,51000001752024,USD,150415
100,1000,5000000176,2024,RE,2024-06-21,2024-06-21,06,2024-06-21,FINANCE02,MIRO,Invoice for PO 4500000176,USD,1.00,,,RFBU,RMRP,51000001762024,USD,165214
100,1000,5000000177,2024,RE,2024-09-20,2024-09-20,09,2024-09-20,FINANCE02,MIRO,Invoice for PO 4500000177,USD,1.00,,,RFBU,RMRP,51000001772024,USD,141427
100,1000,5000000178,2024,RE,2024-08-28,2024-08-28,08,2024-08-28,FINANCE01,MIRO,Invoice for PO 4500000178,USD,1.00,,,RFBU,RMRP,51000001782024,USD,153139
100,1000,5000000179,2024,RE,2024-04-25,2024-04-25,04,2024-04-25,FINANCE01,MIRO,Invoice for PO 4500000179,USD,1.00,,,RFBU,RMRP,51000001792024,USD,142227
100,1000,5000000180,2024,RE,2024-05-20,2024-05-20,05,2024-05-20,FINANCE01,MIRO,Invoice for PO 4500000180,USD,1.00,,,RFBU,RMRP,51000001802024,USD,155325
100,1000,5000000181,2024,RE,2024-11-12,2024-11-12,11,2024-11-12,FINANCE02,MIRO,Invoice for PO 4500000181,USD,1.00,,,RFBU,RMRP,51000001812024,USD,080152
100,1000,5000000181,2024,RE,2024-11-21,2024-11-21,11,2024-11-21,FINANCE02,MIRO,Invoice for PO 4500000181,USD,1.00,,,RFBU,RMRP,51000001812024,USD,080152
100,1000,5000000182,2024,RE,2024-05-29,2024-05-29,05,2024-05-29,FINANCE01,MIRO,Invoice for PO 4500000182,USD,1.00,,,RFBU,RMRP,51000001822024,USD,155833
100,1000,5000000183,2024,RE,2024-07-20,2024-07-20,07,2024-07-20,FINANCE01,MIRO,Invoice for PO 4500000183,USD,1.00,,,RFBU,RMRP,51000001832024,USD,095807
100,1000,5000000184,2024,RE,2024-03-28,2024-03-28,03,2024-03-28,FINANCE01,MIRO,Invoice for PO 4500000184,USD,1.00,,,RFBU,RMRP,51000001842024,USD,111931
100,1000,5000000185,2024,RE,2024-07-16,2024-07-16,07,2024-07-16,FINANCE02,MIRO,Invoice for PO 4500000185,USD,1.00,,,RFBU,RMRP,51000001852024,USD,110011
100,1000,5000000186,2024,RE,2024-04-23,2024-04-23,04,2024-04-23,FINANCE02,MIRO,Invoice for PO 4500000186,USD,1.00,,,RFBU,RMRP,51000001862024,USD,130015
100,1000,5000000187,2024,RE,2024-10-31,2024-10-31,10,2024-10-31,FINANCE02,MIRO,Invoice for PO 4500000187,USD,1.00,,,RFBU,RMRP,51000001872024,USD,170441
100,1000,5000000188,2024,RE,2024-11-17,2024-11-17,11,2024-11-17,FINANCE02,MIRO,Invoice for PO 4500000188,USD,1.00,,,RFBU,RMRP,51000001882024,USD,151156
100,1000,5000000189,2024,RE,2024-10-10,2024-10-10,10,2024-10-10,FINANCE01,MIRO,Invoice for PO 4500000189,USD,1.00,,,RFBU,RMRP,51000001892024,USD,123001
100,1000,5000000190,2024,RE,2024-09-08,2024-09-08,09,2024-09-08,FINANCE02,MIRO,Invoice for PO 4500000190,USD,1.00,,,RFBU,RMRP,51000001902024,USD,114506
100,1000,5000000191,2024,RE,2024-06-05,2024-06-05,06,2024-06-05,FINANCE02,MIRO,Invoice for PO 4500000191,USD,1.00,,,RFBU,RMRP,51000001912024,USD,111827
100,1000,5000000191,2024,RE,2024-05-31,2024-05-31,05,2024-05-31,FINANCE02,MIRO,Invoice for PO 4500000191,USD,1.00,,,RFBU,RMRP,51000001912024,USD,111827
100,1000,5000000192,2024,RE,2024-06-29,2024-06-29,06,2024-06-29,FINANCE01,MIRO,Invoice for PO 4500000192,USD,1.00,,,RFBU,RMRP,51000001922024,USD,085010
100,1000,5000000193,2024,RE,2024-03-18,2024-03-18,03,2024-03-18,FINANCE01,MIRO,Invoice for PO 4500000193,USD,1.00,,,RFBU,RMRP,51000001932024,USD,120926
100,1000,5000000194,2024,RE,2024-08-01,2024-08-01,08,2024-08-01,FINANCE01,MIRO,Invoice for PO 4500000194,USD,1.00,,,RFBU,RMRP,51000001942024,USD,083239
100,1000,5000000195,2024,RE,2024-04-12,2024-04-12,04,2024-04-12,FINANCE02,MIRO,Invoice for PO 4500000195,USD,1.00,,,RFBU,RMRP,51000001952024,USD,092612
100,1000,5000000196,2024,RE,2024-06-15,2024-06-15,06,2024-06-15,FINANCE02,MIRO,Invoice for PO 4500000196,USD,1.00,,,RFBU,RMRP,51000001962024,USD,121504
100,1000,5000000197,2024,RE,2024-09-19,2024-09-19,09,2024-09-19,FINANCE02,MIRO,Invoice for PO 4500000197,USD,1.00,,,RFBU,RMRP,51000001972024,USD,090652
100,1000,5000000198,2024,RE,2024-11-24,2024-11-24,11,2024-11-24,FINANCE01,MIRO,Invoice for PO 4500000198,USD,1.00,,,RFBU,RMRP,51000001982024,USD,173128
100,1000,5000000199,2024,RE,2024-07-28,2024-07-28,07,2024-07-28,FINANCE01,MIRO,Invoice for PO 4500000199,USD,1.00,,,RFBU,RMRP,51000001992024,USD,142146
100,1000,5000000200,2024,RE,2024-08-06,2024-08-06,08,2024-08-06,FINANCE02,MIRO,Invoice for PO 4500000200,USD,1.00,,,RFBU,RMRP,51000002002024,USD,174632
100,1000,5000000201,2024,RE,2024-08-25,2024-08-25,08,2024-08-25,FINANCE02,MIRO,Invoice for PO 4500000201,USD,1.00,,,RFBU,RMRP,51000002012024,USD,091108
100,1000,5000000202,2024,RE,2024-11-20,2024-11-20,11,2024-11-20,FINANCE01,MIRO,Invoice for PO 4500000202,USD,1.00,,,RFBU,RMRP,51000002022024,USD,102235
100,1000,5000000203,2024,RE,2024-04-02,2024-04-02,04,2024-04-02,FINANCE02,MIRO,Invoice for PO 4500000203,USD,1.00,,,RFBU,RMRP,51000002032024,USD,110256
100,1000,5000000204,2024,RE,2024-04-15,2024-04-15,04,2024-04-15,FINANCE02,MIRO,Invoice for PO 4500000204,USD,1.00,,,RFBU,RMRP,51000002042024,USD,091946
100,1000,5000000204,2024,RE,2024-04-25,2024-04-25,04,2024-04-25,FINANCE01,MIRO,Invoice for PO 4500000204,USD,1.00,,,RFBU,RMRP,51000002042024,USD,133250
100,1000,5000000205,2024,RE,2024-04-04,2024-04-04,04,2024-04-04,FINANCE02,MIRO,Invoice for PO 4500000205,USD,1.00,,,RFBU,RMRP,51000002052024,USD,091342
100,1000,5000000206,2024,RE,2024-07-13,2024-07-13,07,2024-07-13,FINANCE02,MIRO,Invoice for PO 4500000206,USD,1.00,,,RFBU,RMRP,51000002062024,USD,153039
100,1000,5000000206,2024,RE,2024-07-13,2024-07-13,07,2024-07-13,FINANCE01,MIRO,Invoice for PO 4500000206,USD,1.00,,,RFBU,RMRP,51000002062024,USD,080130
100,1000,5000000207,2024,RE,2024-08-18,2024-08-18,08,2024-08-18,FINANCE02,MIRO,Invoice for PO 4500000207,USD,1.00,,,RFBU,RMRP,51000002072024,USD,140130
100,1000,5000000208,2024,RE,2024-03-12,2024-03-12,03,2024-03-12,FINANCE01,MIRO,Invoice for PO 4500000208,USD,1.00,,,RFBU,RMRP,51000002082024,USD,091831
100,1000,5000000208,2024,RE,2024-03-06,2024-03-06,03,2024-03-06,FINANCE01,MIRO,Invoice for PO 4500000208,USD,1.00,,,RFBU,RMRP,51000002082024,USD,091831
100,1000,5000000209,2024,RE,2024-04-12,2024-04-12,04,2024-04-12,FINANCE01,MIRO,Invoice for PO 4500000209,USD,1.00,,,RFBU,RMRP,51000002092024,USD,160923
100,1000,5000000210,2024,RE,2024-08-15,2024-08-15,08,2024-08-15,FINANCE01,MIRO,Invoice for PO 4500000210,USD,1.00,,,RFBU,RMRP,51000002102024,USD,151349
100,1000,5000000210,2024,RE,2024-08-21,2024-08-21,08,2024-08-21,FINANCE01,MIRO,Invoice for PO 4500000210,USD,1.00,,,RFBU,RMRP,51000002102024,USD,151349
100,1000,5000000211,2024,RE,2024-04-25,2024-04-25,04,2024-04-25,FINANCE01,MIRO,Invoice for PO 4500000211,USD,1.00,,,RFBU,RMRP,51000002112024,USD,155733
100,1000,5000000212,2024,RE,2024-12-05,2024-12-05,12,2024-12-05,FINANCE01,MIRO,Invoice for PO 4500000212,USD,1.00,,,RFBU,RMRP,51000002122024,USD,124755
100,1000,5000000213,2024,RE,2024-04-25,2024-04-25,04,2024-04-25,FINANCE02,MIRO,Invoice for PO 4500000213,USD,1.00,,,RFBU,RMRP,51000002132024,USD,150522
100,1000,5000000214,2024,RE,2024-08-06,2024-08-06,08,2024-08-06,FINANCE01,MIRO,Invoice for PO 4500000214,USD,1.00,,,RFBU,RMRP,51000002142024,USD,091616
100,1000,5000000215,2024,RE,2024-12-10,2024-12-10,12,2024-12-10,FINANCE02,MIRO,Invoice for PO 4500000215,USD,1.00,,,RFBU,RMRP,51000002152024,USD,113658
100,1000,5000000216,2024,RE,2024-08-10,2024-08-10,08,2024-08-10,FINANCE01,MIRO,Invoice for PO 4500000216,USD,1.00,,,RFBU,RMRP,51000002162024,USD,090804
100,1000,5000000216,2024,RE,2024-08-14,2024-08-14,08,2024-08-14,FINANCE01,MIRO,Invoice for PO 4500000216,USD,1.00,,,RFBU,RMRP,51000002162024,USD,090804
100,1000,5000000217,2024,RE,2024-08-27,2024-08-27,08,2024-08-27,FINANCE02,MIRO,Invoice for PO 4500000217,USD,1.00,,,RFBU,RMRP,51000002172024,USD,084343
100,1000,5000000218,2024,RE,2024-10-10,2024-10-10,10,2024-10-10,FINANCE02,MIRO,Invoice for PO 4500000218,USD,1.00,,,RFBU,RMRP,51000002182024,USD,140900
100,1000,5000000219,2024,RE,2024-07-13,2024-07-13,07,2024-07-13,FINANCE01,MIRO,Invoice for PO 4500000219,USD,1.00,,,RFBU,RMRP,51000002192024,USD,161646
100,1000,5000000220,2024,RE,2024-03-19,2024-03-19,03,2024-03-19,FINANCE01,MIRO,Invoice for PO 4500000220,USD,1.00,,,RFBU,RMRP,51000002202024,USD,090853
100,1000,5000000220,2024,RE,2024-03-12,2024-03-12,03,2024-03-12,FINANCE01,MIRO,Invoice for PO 4500000220,USD,1.00,,,RFBU,RMRP,51000002202024,USD,090853
100,1000,5000000221,2024,RE,2024-07-03,2024-07-03,07,2024-07-03,FINANCE01,MIRO,Invoice for PO 4500000221,USD,1.00,,,RFBU,RMRP,51000002212024,USD,140415
100,1000,5000000222,2024,RE,2024-03-19,2024-03-19,03,2024-03-19,FINANCE01,MIRO,Invoice for PO 4500000222,USD,1.00,,,RFBU,RMRP,51000002222024,USD,155352
100,1000,5000000223,2024,RE,2024-11-06,2024-11-06,11,2024-11-06,FINANCE02,MIRO,Invoice for PO 4500000223,USD,1.00,,,RFBU,RMRP,51000002232024,USD,152416
100,1000,5000000224,2024,RE,2024-07-15,2024-07-15,07,2024-07-15,FINANCE02,MIRO,Invoice for PO 4500000224,USD,1.00,,,RFBU,RMRP,51000002242024,USD,164444
100,1000,5000000224,2024,RE,2024-07-15,2024-07-15,07,2024-07-15,FINANCE01,MIRO,Invoice for PO 4500000224,USD,1.00,,,RFBU,RMRP,51000002242024,USD,120326
100,1000,5000000225,2024,RE,2024-02-20,2024-02-20,02,2024-02-20,FINANCE01,MIRO,Invoice for PO 4500000225,USD,1.00,,,RFBU,RMRP,51000002252024,USD,095318
100,1000,5000000226,2024,RE,2024-09-10,2024-09-10,09,2024-09-10,FINANCE02,MIRO,Invoice for PO 4500000226,USD,1.00,,,RFBU,RMRP,51000002262024,USD,150519
100,1000,5000000226,2024,RE,2024-09-05,2024-09-05,09,2024-09-05,FINANCE02,MIRO,Invoice for PO 4500000226,USD,1.00,,,RFBU,RMRP,51000002262024,USD,150519
100,1000,5000000227,2024,RE,2024-07-18,2024-07-18,07,2024-07-18,FINANCE01,MIRO,Invoice for PO 4500000227,USD,1.00,,,RFBU,RMRP,51000002272024,USD,163632
100,1000,5000000228,2024,RE,2024-02-12,2024-02-12,02,2024-02-12,FINANCE01,MIRO,Invoice for PO 4500000228,USD,1.00,,,RFBU,RMRP,51000002282024,USD,114959
100,1000,5000000229,2024,RE,2024-09-17,2024-09-17,09,2024-09-17,FINANCE02,MIRO,Invoice for PO 4500000229,USD,1.00,,,RFBU,RMRP,51000002292024,USD,081927
100,1000,5000000229,2024,RE,2024-09-10,2024-09-10,09,2024-09-10,FINANCE01,MIRO,Invoice for PO 4500000229,USD,1.00,,,RFBU,RMRP,51000002292024,USD,084925
100,1000,5000000230,2024,RE,2024-03-20,2024-03-20,03,2024-03-20,FINANCE01,MIRO,Invoice for PO 4500000230,USD,1.00,,,RFBU,RMRP,51000002302024,USD,145248
100,1000,5000000231,2024,RE,2024-07-10,2024-07-10,07,2024-07-10,FINANCE01,MIRO,Invoice for PO 4500000231,USD,1.00,,,RFBU,RMRP,51000002312024,USD,171415
100,1000,5000000231,2024,RE,2024-07-10,2024-07-10,07,2024-07-10,FINANCE01,MIRO,Invoice for PO 4500000231,USD,1.00,,,RFBU,RMRP,51000002312024,USD,171415
100,1000,5000000232,2024,RE,2024-10-12,2024-10-12,10,2024-10-12,FINANCE01,MIRO,Invoice for PO 4500000232,USD,1.00,,,RFBU,RMRP,51000002322024,USD,144013
100,1000,5000000233,2024,RE,2024-06-11,2024-06-11,06,2024-06-11,FINANCE01,MIRO,Invoice for PO 4500000233,USD,1.00,,,RFBU,RMRP,51000002332024,USD,103224
100,1000,5000000234,2024,RE,2024-05-22,2024-05-22,05,2024-05-22,FINANCE01,MIRO,Invoice for PO 4500000234,USD,1.00,,,RFBU,RMRP,51000002342024,USD,110600
100,1000,5000000235,2024,RE,2024-07-13,2024-07-13,07,2024-07-13,FINANCE02,MIRO,Invoice for PO 4500000235,USD,1.00,,,RFBU,RMRP,51000002352024,USD,122431
100,1000,5000000236,2024,RE,2024-05-25,2024-05-25,05,2024-05-25,FINANCE02,MIRO,Invoice for PO 4500000236,USD,1.00,,,RFBU,RMRP,51000002362024,USD,165956
100,1000,5000000236,2024,RE,2024-06-10,2024-06-10,06,2024-06-10,FINANCE01,MIRO,Invoice for PO 4500000236,USD,1.00,,,RFBU,RMRP,51000002362024,USD,114228
100,1000,5000000237,2024,RE,2024-06-25,2024-06-25,06,2024-06-25,FINANCE02,MIRO,Invoice for PO 4500000237,USD,1.00,,,RFBU,RMRP,51000002372024,USD,081549
100,1000,5000000238,2024,RE,2024-05-19,2024-05-19,05,2024-05-19,FINANCE02,MIRO,Invoice for PO 4500000238,USD,1.00,,,RFBU,RMRP,51000002382024,USD,145006
100,1000,5000000239,2024,RE,2024-06-24,2024-06-24,06,2024-06-24,FINANCE01,MIRO,Invoice for PO 4500000239,USD,1.00,,,RFBU,RMRP,51000002392024,USD,081304
100,1000,5000000239,2024,RE,2024-07-02,2024-07-02,07,2024-07-02,FINANCE02,MIRO,Invoice for PO 4500000239,USD,1.00,,,RFBU,RMRP,51000002392024,USD,085225
100,1000,5000000240,2024,RE,2024-04-17,2024-04-17,04,2024-04-17,FINANCE01,MIRO,Invoice for PO 4500000240,USD,1.00,,,RFBU,RMRP,51000002402024,USD,092654
100,1000,5000000241,2024,RE,2024-04-24,2024-04-24,04,2024-04-24,FINANCE01,MIRO,Invoice for PO 4500000241,USD,1.00,,,RFBU,RMRP,51000002412024,USD,090853
100,1000,5000000242,2024,RE,2024-06-22,2024-06-22,06,2024-06-22,FINANCE01,MIRO,Invoice for PO 4500000242,USD,1.00,,,RFBU,RMRP,51000002422024,USD,123554
100,1000,5000000242,2024,RE,2024-06-23,2024-06-23,06,2024-06-23,FINANCE02,MIRO,Invoice for PO 4500000242,USD,1.00,,,RFBU,RMRP,51000002422024,USD,115218
100,1000,5000000243,2024,RE,2024-09-01,2024-09-01,09,2024-09-01,FINANCE01,MIRO,Invoice for PO 4500000243,USD,1.00,,,RFBU,RMRP,51000002432024,USD,113709
100,1000,5000000244,2024,RE,2024-11-27,2024-11-27,11,2024-11-27,FINANCE01,MIRO,Invoice for PO 4500000244,USD,1.00,,,RFBU,RMRP,51000002442024,USD,171330
100,1000,5000000245,2024,RE,2024-08-24,2024-08-24,08,2024-08-24,FINANCE02,MIRO,Invoice for PO 4500000245,USD,1.00,,,RFBU,RMRP,51000002452024,USD,112042
100,1000,5000000246,2024,RE,2024-05-12,2024-05-12,05,2024-05-12,FINANCE01,MIRO,Invoice for PO 4500000246,USD,1.00,,,RFBU,RMRP,51000002462024,USD,104158
100,1000,5000000247,2024,RE,2024-06-07,2024-06-07,06,2024-06-07,FINANCE02,MIRO,Invoice for PO 4500000247,USD,1.00,,,RFBU,RMRP,51000002472024,USD,085833
100,1000,5000000248,2024,RE,2024-11-18,2024-11-18,11,2024-11-18,FINANCE02,MIRO,Invoice for PO 4500000248,USD,1.00,,,RFBU,RMRP,51000002482024,USD,102516
100,1000,5000000248,2024,RE,2024-11-14,2024-11-14,11,2024-11-14,FINANCE01,MIRO,Invoice for PO 4500000248,USD,1.00,,,RFBU,RMRP,51000002482024,USD,111238
100,1000,5000000249,2024,RE,2024-05-29,2024-05-29,05,2024-05-29,FINANCE02,MIRO,Invoice for PO 4500000249,USD,1.00,,,RFBU,RMRP,51000002492024,USD,125818
100,1000,5000000250,2024,RE,2024-10-22,2024-10-22,10,2024-10-22,FINANCE02,MIRO,Invoice for PO 4500000250,USD,1.00,,,RFBU,RMRP,51000002502024,USD,094818
100,1000,5000000251,2024,RE,2024-04-24,2024-04-24,04,2024-04-24,FINANCE01,MIRO,Invoice for PO 4500000251,USD,1.00,,,RFBU,RMRP,51000002512024,USD,143628
100,1000,5000000252,2024,RE,2024-08-26,2024-08-26,08,2024-08-26,FINANCE02,MIRO,Invoice for PO 4500000252,USD,1.00,,,RFBU,RMRP,51000002522024,USD,083324
100,1000,5000000253,2024,RE,2024-11-04,2024-11-04,11,2024-11-04,FINANCE01,MIRO,Invoice for PO 4500000253,USD,1.00,,,RFBU,RMRP,51000002532024,USD,081612
100,1000,5000000254,2024,RE,2024-07-05,2024-07-05,07,2024-07-05,FINANCE01,MIRO,Invoice for PO 4500000254,USD,1.00,,,RFBU,RMRP,51000002542024,USD,153050
100,1000,5000000255,2024,RE,2024-03-30,2024-03-30,03,2024-03-30,FINANCE01,MIRO,Invoice for PO 4500000255,USD,1.00,,,RFBU,RMRP,51000002552024,USD,110500
100,1000,5000000256,2024,RE,2024-04-06,2024-04-06,04,2024-04-06,FINANCE02,MIRO,Invoice for PO 4500000256,USD,1.00,,,RFBU,RMRP,51000002562024,USD,174906
100,1000,5000000257,2024,RE,2024-07-29,2024-07-29,07,2024-07-29,FINANCE02,MIRO,Invoice for PO 4500000257,USD,1.00,,,RFBU,RMRP,51000002572024,USD,140600
100,1000,5000000258,2024,RE,2024-10-10,2024-10-10,10,2024-10-10,FINANCE01,MIRO,Invoice for PO 4500000258,USD,1.00,,,RFBU,RMRP,51000002582024,USD,123517
100,1000,5000000259,2024,RE,2024-06-07,2024-06-07,06,2024-06-07,FINANCE02,MIRO,Invoice for PO 4500000259,USD,1.00,,,RFBU,RMRP,51000002592024,USD,162635
100,1000,5000000260,2024,RE,2024-10-10,2024-10-10,10,2024-10-10,FINANCE02,MIRO,Invoice for PO 4500000260,USD,1.00,,,RFBU,RMRP,51000002602024,USD,102308
100,1000,5000000261,2024,RE,2024-05-01,2024-05-01,05,2024-05-01,FINANCE01,MIRO,Invoice for PO 4500000261,USD,1.00,,,RFBU,RMRP,51000002612024,USD,171030
100,1000,5000000262,2024,RE,2024-04-20,2024-04-20,04,2024-04-20,FINANCE02,MIRO,Invoice for PO 4500000262,USD,1.00,,,RFBU,RMRP,51000002622024,USD,082146
100,1000,5000000263,2024,RE,2024-06-14,2024-06-14,06,2024-06-14,FINANCE02,MIRO,Invoice for PO 4500000263,USD,1.00,,,RFBU,RMRP,51000002632024,USD,102335
100,1000,5000000263,2024,RE,2024-06-26,2024-06-26,06,2024-06-26,FINANCE01,MIRO,Invoice for PO 4500000263,USD,1.00,,,RFBU,RMRP,51000002632024,USD,110741
100,1000,5000000264,2024,RE,2024-07-30,2024-07-30,07,2024-07-30,FINANCE01,MIRO,Invoice for PO 4500000264,USD,1.00,,,RFBU,RMRP,51000002642024,USD,080656
100,1000,5000000264,2024,RE,2024-08-03,2024-08-03,08,2024-08-03,FINANCE01,MIRO,Invoice for PO 4500000264,USD,1.00,,,RFBU,RMRP,51000002642024,USD,080656
100,1000,5000000265,2024,RE,2024-10-01,2024-10-01,10,2024-10-01,FINANCE02,MIRO,Invoice for PO 4500000265,USD,1.00,,,RFBU,RMRP,51000002652024,USD,151156
100,1000,5000000266,2024,RE,2024-06-04,2024-06-04,06,2024-06-04,FINANCE02,MIRO,Invoice for PO 4500000266,USD,1.00,,,RFBU,RMRP,51000002662024,USD,110719
100,1000,5000000267,2024,RE,2024-06-29,2024-06-29,06,2024-06-29,FINANCE02,MIRO,Invoice for PO 4500000267,USD,1.00,,,RFBU,RMRP,51000002672024,USD,114821
100,1000,5000000268,2024,RE,2024-07-10,2024-07-10,07,2024-07-10,FINANCE02,MIRO,Invoice for PO 4500000268,USD,1.00,,,RFBU,RMRP,51000002682024,USD,095929
100,1000,5000000269,2024,RE,2024-09-03,2024-09-03,09,2024-09-03,FINANCE01,MIRO,Invoice for PO 4500000269,USD,1.00,,,RFBU,RMRP,51000002692024,USD,175055
100,1000,5000000270,2024,RE,2024-03-24,2024-03-24,03,2024-03-24,FINANCE02,MIRO,Invoice for PO 4500000270,USD,1.00,,,RFBU,RMRP,51000002702024,USD,114906
100,1000,5000000270,2024,RE,2024-03-20,2024-03-20,03,2024-03-20,FINANCE01,MIRO,Invoice for PO 4500000270,USD,1.00,,,RFBU,RMRP,51000002702024,USD,092958
100,1000,5000000271,2024,RE,2024-09-27,2024-09-27,09,2024-09-27,FINANCE01,MIRO,Invoice for PO 4500000271,USD,1.00,,,RFBU,RMRP,51000002712024,USD,153713
100,1000,5000000272,2024,RE,2024-06-01,2024-06-01,06,2024-06-01,FINANCE01,MIRO,Invoice for PO 4500000272,USD,1.00,,,RFBU,RMRP,51000002722024,USD,175852
100,1000,5000000273,2024,RE,2024-10-04,2024-10-04,10,2024-10-04,FINANCE02,MIRO,Invoice for PO 4500000273,USD,1.00,,,RFBU,RMRP,51000002732024,USD,143721
100,1000,5000000274,2024,RE,2024-11-23,2024-11-23,11,2024-11-23,FINANCE01,MIRO,Invoice for PO 4500000274,USD,1.00,,,RFBU,RMRP,51000002742024,USD,172138
100,1000,5000000274,2024,RE,2024-11-15,2024-11-15,11,2024-11-15,FINANCE01,MIRO,Invoice for PO 4500000274,USD,1.00,,,RFBU,RMRP,51000002742024,USD,172138
100,1000,5000000275,2024,RE,2024-06-17,2024-06-17,06,2024-06-17,FINANCE01,MIRO,Invoice for PO 4500000275,USD,1.00,,,RFBU,RMRP,51000002752024,USD,082516
100,1000,5000000276,2024,RE,2024-06-01,2024-06-01,06,2024-06-01,FINANCE02,MIRO,Invoice for PO 4500000276,USD,1.00,,,RFBU,RMRP,51000002762024,USD,125933
100,1000,5000000276,2024,RE,2024-06-01,2024-06-01,06,2024-06-01,FINANCE02,MIRO,Invoice for PO 4500000276,USD,1.00,,,RFBU,RMRP,51000002762024,USD,125933
100,1000,5000000277,2024,RE,2024-08-06,2024-08-06,08,2024-08-06,FINANCE01,MIRO,Invoice for PO 4500000277,USD,1.00,,,RFBU,RMRP,51000002772024,USD,130522
100,1000,5000000278,2024,RE,2024-05-25,2024-05-25,05,2024-05-25,FINANCE01,MIRO,Invoice for PO 4500000278,USD,1.00,,,RFBU,RMRP,51000002782024,USD,084213
100,1000,5000000279,2024,RE,2024-11-03,2024-11-03,11,2024-11-03,FINANCE02,MIRO,Invoice for PO 4500000279,USD,1.00,,,RFBU,RMRP,51000002792024,USD,152320
100,1000,5000000280,2024,RE,2024-06-18,2024-06-18,06,2024-06-18,FINANCE01,MIRO,Invoice for PO 4500000280,USD,1.00,,,RFBU,RMRP,51000002802024,USD,091141
100,1000,5000000281,2024,RE,2024-09-29,2024-09-29,09,2024-09-29,FINANCE02,MIRO,Invoice for PO 4500000281,USD,1.00,,,RFBU,RMRP,51000002812024,USD,095933
100,1000,5000000281,2024,RE,2024-10-02,2024-10-02,10,2024-10-02,FINANCE01,MIRO,Invoice for PO 4500000281,USD,1.00,,,RFBU,RMRP,51000002812024,USD,102242
100,1000,5000000282,2024,RE,2024-07-23,2024-07-23,07,2024-07-23,FINANCE02,MIRO,Invoice for PO 4500000282,USD,1.00,,,RFBU,RMRP,51000002822024,USD,092201
100,1000,5000000283,2024,RE,2024-06-17,2024-06-17,06,2024-06-17,FINANCE02,MIRO,Invoice for PO 4500000283,USD,1.00,,,RFBU,RMRP,51000002832024,USD,123224
100,1000,5000000283,2024,RE,2024-06-04,2024-06-04,06,2024-06-04,FINANCE01,MIRO,Invoice for PO 4500000283,USD,1.00,,,RFBU,RMRP,51000002832024,USD,134110
100,1000,5000000284,2024,RE,2024-06-04,2024-06-04,06,2024-06-04,FINANCE02,MIRO,Invoice for PO 4500000284,USD,1.00,,,RFBU,RMRP,51000002842024,USD,103539
100,1000,5000000285,2024,RE,2024-11-16,2024-11-16,11,2024-11-16,FINANCE01,MIRO,Invoice for PO 4500000285,USD,1.00,,,RFBU,RMRP,51000002852024,USD,174825
100,1000,5000000286,2024,RE,2024-11-30,2024-11-30,11,2024-11-30,FINANCE01,MIRO,Invoice for PO 4500000286,USD,1.00,,,RFBU,RMRP,51000002862024,USD,120641
100,1000,5000000287,2024,RE,2024-09-11,2024-09-11,09,2024-09-11,FINANCE02,MIRO,Invoice for PO 4500000287,USD,1.00,,,RFBU,RMRP,51000002872024,USD,162220
100,1000,5000000288,2024,RE,2024-05-20,2024-05-20,05,2024-05-20,FINANCE02,MIRO,Invoice for PO 4500000288,USD,1.00,,,RFBU,RMRP,51000002882024,USD,174306
100,1000,5000000289,2024,RE,2024-03-28,2024-03-28,03,2024-03-28,FINANCE01,MIRO,Invoice for PO 4500000289,USD,1.00,,,RFBU,RMRP,51000002892024,USD,165503
100,1000,5000000290,2024,RE,2024-05-13,2024-05-13,05,2024-05-13,FINANCE02,MIRO,Invoice for PO 4500000290,USD,1.00,,,RFBU,RMRP,51000002902024,USD,083458
100,1000,5000000291,2024,RE,2024-05-05,2024-05-05,05,2024-05-05,FINANCE02,MIRO,Invoice for PO 4500000291,USD,1.00,,,RFBU,RMRP,51000002912024,USD,082301
100,1000,5000000292,2024,RE,2024-04-23,2024-04-23,04,2024-04-23,FINANCE02,MIRO,Invoice for PO 4500000292,USD,1.00,,,RFBU,RMRP,51000002922024,USD,085718
100,1000,5000000292,2024,RE,2024-04-28,2024-04-28,04,2024-04-28,FINANCE01,MIRO,Invoice for PO 4500000292,USD,1.00,,,RFBU,RMRP,51000002922024,USD,170926
100,1000,5000000293,2024,RE,2024-07-01,2024-07-01,07,2024-07-01,FINANCE02,MIRO,Invoice for PO 4500000293,USD,1.00,,,RFBU,RMRP,51000002932024,USD,080115
100,1000,5000000294,2024,RE,2024-02-20,2024-02-20,02,2024-02-20,FINANCE02,MIRO,Invoice for PO 4500000294,USD,1.00,,,RFBU,RMRP,51000002942024,USD,124914
100,1000,5000000295,2024,RE,2024-04-06,2024-04-06,04,2024-04-06,FINANCE02,MIRO,Invoice for PO 4500000295,USD,1.00,,,RFBU,RMRP,51000002952024,USD,160315
100,1000,5000000295,2024,RE,2024-03-29,2024-03-29,03,2024-03-29,FINANCE02,MIRO,Invoice for PO 4500000295,USD,1.00,,,RFBU,RMRP,51000002952024,USD,160315
100,1000,5000000296,2024,RE,2024-05-07,2024-05-07,05,2024-05-07,FINANCE02,MIRO,Invoice for PO 4500000296,USD,1.00,,,RFBU,RMRP,51000002962024,USD,093632
100,1000,5000000297,2024,RE,2024-07-23,2024-07-23,07,2024-07-23,FINANCE02,MIRO,Invoice for PO 4500000297,USD,1.00,,,RFBU,RMRP,51000002972024,USD,171442
100,1000,5000000298,2024,RE,2024-10-25,2024-10-25,10,2024-10-25,FINANCE01,MIRO,Invoice for PO 4500000298,USD,1.00,,,RFBU,RMRP,51000002982024,USD,094459
100,1000,5000000299,2024,RE,2024-03-25,2024-03-25,03,2024-03-25,FINANCE02,MIRO,Invoice for PO 4500000299,USD,1.00,,,RFBU,RMRP,51000002992024,USD,101011
100,1000,5000000300,2024,RE,2024-03-18,2024-03-18,03,2024-03-18,FINANCE02,MIRO,Invoice for PO 4500000300,USD,1.00,,,RFBU,RMRP,51000003002024,USD,104951
100,1000,5000000301,2024,RE,2024-09-20,2024-09-20,09,2024-09-20,FINANCE02,MIRO,Invoice for PO 4500000301,USD,1.00,,,RFBU,RMRP,51000003012024,USD,123624
100,1000,5000000301,2024,RE,2024-09-13,2024-09-13,09,2024-09-13,FINANCE01,MIRO,Invoice for PO 4500000301,USD,1.00,,,RFBU,RMRP,51000003012024,USD,173154
100,1000,5000000302,2024,RE,2024-10-25,2024-10-25,10,2024-10-25,FINANCE02,MIRO,Invoice for PO 4500000302,USD,1.00,,,RFBU,RMRP,51000003022024,USD,161134
100,1000,5000000303,2024,RE,2024-03-21,2024-03-21,03,2024-03-21,FINANCE02,MIRO,Invoice for PO 4500000303,USD,1.00,,,RFBU,RMRP,51000003032024,USD,140607
100,1000,5000000304,2024,RE,2024-09-02,2024-09-02,09,2024-09-02,FINANCE01,MIRO,Invoice for PO 4500000304,USD,1.00,,,RFBU,RMRP,51000003042024,USD,080649
100,1000,5000000305,2024,RE,2024-06-16,2024-06-16,06,2024-06-16,FINANCE02,MIRO,Invoice for PO 4500000305,USD,1.00,,,RFBU,RMRP,51000003052024,USD,131931
100,1000,5000000306,2024,RE,2024-06-23,2024-06-23,06,2024-06-23,FINANCE01,MIRO,Invoice for PO 4500000306,USD,1.00,,,RFBU,RMRP,51000003062024,USD,122220
100,1000,5000000307,2024,RE,2024-04-02,2024-04-02,04,2024-04-02,FINANCE01,MIRO,Invoice for PO 4500000307,USD,1.00,,,RFBU,RMRP,51000003072024,USD,094632
100,1000,5000000308,2024,RE,2024-09-19,2024-09-19,09,2024-09-19,FINANCE01,MIRO,Invoice for PO 4500000308,USD,1.00,,,RFBU,RMRP,51000003082024,USD,104243
100,1000,5000000309,2024,RE,2024-06-20,2024-06-20,06,2024-06-20,FINANCE01,MIRO,Invoice for PO 4500000309,USD,1.00,,,RFBU,RMRP,51000003092024,USD,115333
100,1000,5000000310,2024,RE,2024-09-15,2024-09-15,09,2024-09-15,FINANCE02,MIRO,Invoice for PO 4500000310,USD,1.00,,,RFBU,RMRP,51000003102024,USD,161716
100,1000,5000000310,2024,RE,2024-09-22,2024-09-22,09,2024-09-22,FINANCE01,MIRO,Invoice for PO 4500000310,USD,1.00,,,RFBU,RMRP,51000003102024,USD,115733
100,1000,5000000311,2024,RE,2024-11-19,2024-11-19,11,2024-11-19,FINANCE01,MIRO,Invoice for PO 4500000311,USD,1.00,,,RFBU,RMRP,51000003112024,USD,162346
100,1000,5000000312,2024,RE,2024-03-28,2024-03-28,03,2024-03-28,FINANCE02,MIRO,Invoice for PO 4500000312,USD,1.00,,,RFBU,RMRP,51000003122024,USD,164136
100,1000,5000000313,2024,RE,2024-06-09,2024-06-09,06,2024-06-09,FINANCE01,MIRO,Invoice for PO 4500000313,USD,1.00,,,RFBU,RMRP,51000003132024,USD,113035
100,1000,5000000314,2024,RE,2024-07-05,2024-07-05,07,2024-07-05,FINANCE01,MIRO,Invoice for PO 4500000314,USD,1.00,,,RFBU,RMRP,51000003142024,USD,163409
100,1000,5000000315,2024,RE,2024-03-16,2024-03-16,03,2024-03-16,FINANCE01,MIRO,Invoice for PO 4500000315,USD,1.00,,,RFBU,RMRP,51000003152024,USD,101215
100,1000,5000000316,2024,RE,2024-12-05,2024-12-05,12,2024-12-05,FINANCE02,MIRO,Invoice for PO 4500000316,USD,1.00,,,RFBU,RMRP,51000003162024,USD,125437
100,1000,5000000317,2024,RE,2024-06-26,2024-06-26,06,2024-06-26,FINANCE01,MIRO,Invoice for PO 4500000317,USD,1.00,,,RFBU,RMRP,51000003172024,USD,100033
100,1000,5000000318,2024,RE,2024-10-23,2024-10-23,10,2024-10-23,FINANCE01,MIRO,Invoice for PO 4500000318,USD,1.00,,,RFBU,RMRP,51000003182024,USD,133001
100,1000,5000000319,2024,RE,2024-03-24,2024-03-24,03,2024-03-24,FINANCE02,MIRO,Invoice for PO 4500000319,USD,1.00,,,RFBU,RMRP,51000003192024,USD,143817
100,1000,5000000320,2024,RE,2024-11-15,2024-11-15,11,2024-11-15,FINANCE01,MIRO,Invoice for PO 4500000320,USD,1.00,,,RFBU,RMRP,51000003202024,USD,094818
100,1000,5000000321,2024,RE,2024-05-01,2024-05-01,05,2024-05-01,FINANCE01,MIRO,Invoice for PO 4500000321,USD,1.00,,,RFBU,RMRP,51000003212024,USD,141853
100,1000,5000000322,2024,RE,2024-05-16,2024-05-16,05,2024-05-16,FINANCE01,MIRO,Invoice for PO 4500000322,USD,1.00,,,RFBU,RMRP,51000003222024,USD,175218
100,1000,5000000323,2024,RE,2024-07-10,2024-07-10,07,2024-07-10,FINANCE02,MIRO,Invoice for PO 4500000323,USD,1.00,,,RFBU,RMRP,51000003232024,USD,113651
100,1000,5000000323,2024,RE,2024-07-18,2024-07-18,07,2024-07-18,FINANCE02,MIRO,Invoice for PO 4500000323,USD,1.00,,,RFBU,RMRP,51000003232024,USD,113651
100,1000,5000000324,2024,RE,2024-09-04,2024-09-04,09,2024-09-04,FINANCE02,MIRO,Invoice for PO 4500000324,USD,1.00,,,RFBU,RMRP,51000003242024,USD,102731
100,1000,5000000325,2024,RE,2024-10-31,2024-10-31,10,2024-10-31,FINANCE01,MIRO,Invoice for PO 4500000325,USD,1.00,,,RFBU,RMRP,51000003252024,USD,143628
100,1000,5000000326,2024,RE,2024-10-06,2024-10-06,10,2024-10-06,FINANCE01,MIRO,Invoice for PO 4500000326,USD,1.00,,,RFBU,RMRP,51000003262024,USD,170726
100,1000,5000000327,2024,RE,2024-10-23,2024-10-23,10,2024-10-23,FINANCE01,MIRO,Invoice for PO 4500000327,USD,1.00,,,RFBU,RMRP,51000003272024,USD,092746
100,1000,5000000328,2024,RE,2024-07-11,2024-07-11,07,2024-07-11,FINANCE01,MIRO,Invoice for PO 4500000328,USD,1.00,,,RFBU,RMRP,51000003282024,USD,170611
100,1000,5000000329,2024,RE,2024-09-07,2024-09-07,09,2024-09-07,FINANCE02,MIRO,Invoice for PO 4500000329,USD,1.00,,,RFBU,RMRP,51000003292024,USD,085948
100,1000,5000000330,2024,RE,2024-08-10,2024-08-10,08,2024-08-10,FINANCE01,MIRO,Invoice for PO 4500000330,USD,1.00,,,RFBU,RMRP,51000003302024,USD,114544
100,1000,5000000330,2024,RE,2024-07-31,2024-07-31,07,2024-07-31,FINANCE01,MIRO,Invoice for PO 4500000330,USD,1.00,,,RFBU,RMRP,51000003302024,USD,114544
100,1000,5000000331,2024,RE,2024-06-02,2024-06-02,06,2024-06-02,FINANCE02,MIRO,Invoice for PO 4500000331,USD,1.00,,,RFBU,RMRP,51000003312024,USD,105559
100,1000,5000000332,2024,RE,2024-08-25,2024-08-25,08,2024-08-25,FINANCE01,MIRO,Invoice for PO 4500000332,USD,1.00,,,RFBU,RMRP,51000003322024,USD,171953
100,1000,5000000332,2024,RE,2024-08-15,2024-08-15,08,2024-08-15,FINANCE01,MIRO,Invoice for PO 4500000332,USD,1.00,,,RFBU,RMRP,51000003322024,USD,171953
100,1000,5000000333,2024,RE,2024-08-02,2024-08-02,08,2024-08-02,FINANCE02,MIRO,Invoice for PO 4500000333,USD,1.00,,,RFBU,RMRP,51000003332024,USD,100530
100,1000,5000000334,2024,RE,2024-08-11,2024-08-11,08,2024-08-11,FINANCE01,MIRO,Invoice for PO 4500000334,USD,1.00,,,RFBU,RMRP,51000003342024,USD,145151
100,1000,5000000334,2024,RE,2024-08-14,2024-08-14,08,2024-08-14,FINANCE02,MIRO,Invoice for PO 4500000334,USD,1.00,,,RFBU,RMRP,51000003342024,USD,103851
100,1000,5000000335,2024,RE,2024-05-27,2024-05-27,05,2024-05-27,FINANCE01,MIRO,Invoice for PO 4500000335,USD,1.00,,,RFBU,RMRP,51000003352024,USD,082050
100,1000,5000000336,2024,RE,2024-10-07,2024-10-07,10,2024-10-07,FINANCE01,MIRO,Invoice for PO 4500000336,USD,1.00,,,RFBU,RMRP,51000003362024,USD,120400
100,1000,5000000337,2024,RE,2024-08-09,2024-08-09,08,2024-08-09,FINANCE02,MIRO,Invoice for PO 4500000337,USD,1.00,,,RFBU,RMRP,51000003372024,USD,083558
100,1000,5000000337,2024,RE,2024-08-14,2024-08-14,08,2024-08-14,FINANCE02,MIRO,Invoice for PO 4500000337,USD,1.00,,,RFBU,RMRP,51000003372024,USD,083558
100,1000,5000000338,2024,RE,2024-06-01,2024-06-01,06,2024-06-01,FINANCE01,MIRO,Invoice for PO 4500000338,USD,1.00,,,RFBU,RMRP,51000003382024,USD,104151
100,1000,5000000339,2024,RE,2024-03-10,2024-03-10,03,2024-03-10,FINANCE02,MIRO,Invoice for PO 4500000339,USD,1.00,,,RFBU,RMRP,51000003392024,USD,114944
100,1000,5000000340,2024,RE,2024-03-21,2024-03-21,03,2024-03-21,FINANCE02,MIRO,Invoice for PO 4500000340,USD,1.00,,,RFBU,RMRP,51000003402024,USD,171412
100,1000,5000000341,2024,RE,2024-08-07,2024-08-07,08,2024-08-07,FINANCE01,MIRO,Invoice for PO 4500000341,USD,1.00,,,RFBU,RMRP,51000003412024,USD,141627
100,1000,5000000342,2024,RE,2024-10-30,2024-10-30,10,2024-10-30,FINANCE01,MIRO,Invoice for PO 4500000342,USD,1.00,,,RFBU,RMRP,51000003422024,USD,090322
100,1000,5000000342,2024,RE,2024-10-23,2024-10-23,10,2024-10-23,FINANCE02,MIRO,Invoice for PO 4500000342,USD,1.00,,,RFBU,RMRP,51000003422024,USD,103209
100,1000,5000000343,2024,RE,2024-09-05,2024-09-05,09,2024-09-05,FINANCE01,MIRO,Invoice for PO 4500000343,USD,1.00,,,RFBU,RMRP,51000003432024,USD,111657
100,1000,5000000343,2024,RE,2024-09-03,2024-09-03,09,2024-09-03,FINANCE01,MIRO,Invoice for PO 4500000343,USD,1.00,,,RFBU,RMRP,51000003432024,USD,111657
100,1000,5000000344,2024,RE,2024-06-10,2024-06-10,06,2024-06-10,FINANCE01,MIRO,Invoice for PO 4500000344,USD,1.00,,,RFBU,RMRP,51000003442024,USD,155948
100,1000,5000000344,2024,RE,2024-06-21,2024-06-21,06,2024-06-21,FINANCE02,MIRO,Invoice for PO 4500000344,USD,1.00,,,RFBU,RMRP,51000003442024,USD,162353
100,1000,5000000345,2024,RE,2024-11-06,2024-11-06,11,2024-11-06,FINANCE02,MIRO,Invoice for PO 4500000345,USD,1.00,,,RFBU,RMRP,51000003452024,USD,130415
100,1000,5000000346,2024,RE,2024-04-13,2024-04-13,04,2024-04-13,FINANCE01,MIRO,Invoice for PO 4500000346,USD,1.00,,,RFBU,RMRP,51000003462024,USD,105933
100,1000,5000000347,2024,RE,2024-05-10,2024-05-10,05,2024-05-10,FINANCE02,MIRO,Invoice for PO 4500000347,USD,1.00,,,RFBU,RMRP,51000003472024,USD,121523
100,1000,5000000348,2024,RE,2024-06-05,2024-06-05,06,2024-06-05,FINANCE01,MIRO,Invoice for PO 4500000348,USD,1.00,,,RFBU,RMRP,51000003482024,USD,082727
100,1000,5000000349,2024,RE,2024-07-08,2024-07-08,07,2024-07-08,FINANCE01,MIRO,Invoice for PO 4500000349,USD,1.00,,,RFBU,RMRP,51000003492024,USD,172639
100,1000,5000000350,2024,RE,2024-06-03,2024-06-03,06,2024-06-03,FINANCE02,MIRO,Invoice for PO 4500000350,USD,1.00,,,RFBU,RMRP,51000003502024,USD,163217
100,1000,5000000351,2024,RE,2024-02-24,2024-02-24,02,2024-02-24,FINANCE01,MIRO,Invoice for PO 4500000351,USD,1.00,,,RFBU,RMRP,51000003512024,USD,130000
100,1000,5000000352,2024,RE,2024-09-12,2024-09-12,09,2024-09-12,FINANCE02,MIRO,Invoice for PO 4500000352,USD,1.00,,,RFBU,RMRP,51000003522024,USD,142627
100,1000,5000000353,2024,RE,2024-09-17,2024-09-17,09,2024-09-17,FINANCE01,MIRO,Invoice for PO 4500000353,USD,1.00,,,RFBU,RMRP,51000003532024,USD,110452
100,1000,5000000353,2024,RE,2024-09-25,2024-09-25,09,2024-09-25,FINANCE01,MIRO,Invoice for PO 4500000353,USD,1.00,,,RFBU,RMRP,51000003532024,USD,110452
100,1000,5000000354,2024,RE,2024-11-10,2024-11-10,11,2024-11-10,FINANCE02,MIRO,Invoice for PO 4500000354,USD,1.00,,,RFBU,RMRP,51000003542024,USD,162650
100,1000,5000000355,2024,RE,2024-09-06,2024-09-06,09,2024-09-06,FINANCE01,MIRO,Invoice for PO 4500000355,USD,1.00,,,RFBU,RMRP,51000003552024,USD,081442
100,1000,5000000356,2024,RE,2024-06-08,2024-06-08,06,2024-06-08,FINANCE01,MIRO,Invoice for PO 4500000356,USD,1.00,,,RFBU,RMRP,51000003562024,USD,101734
100,1000,5000000357,2024,RE,2024-10-27,2024-10-27,10,2024-10-27,FINANCE02,MIRO,Invoice for PO 4500000357,USD,1.00,,,RFBU,RMRP,51000003572024,USD,082913
100,1000,5000000358,2024,RE,2024-07-15,2024-07-15,07,2024-07-15,FINANCE02,MIRO,Invoice for PO 4500000358,USD,1.00,,,RFBU,RMRP,51000003582024,USD,080715
100,1000,5000000359,2024,RE,2024-09-20,2024-09-20,09,2024-09-20,FINANCE02,MIRO,Invoice for PO 4500000359,USD,1.00,,,RFBU,RMRP,51000003592024,USD,125440
100,1000,5000000360,2024,RE,2024-09-29,2024-09-29,09,2024-09-29,FINANCE02,MIRO,Invoice for PO 4500000360,USD,1.00,,,RFBU,RMRP,51000003602024,USD,152750
100,1000,5000000361,2024,RE,2024-11-25,2024-11-25,11,2024-11-25,FINANCE02,MIRO,Invoice for PO 4500000361,USD,1.00,,,RFBU,RMRP,51000003612024,USD,085914
100,1000,5000000362,2024,RE,2024-10-22,2024-10-22,10,2024-10-22,FINANCE02,MIRO,Invoice for PO 4500000362,USD,1.00,,,RFBU,RMRP,51000003622024,USD,150445
100,1000,5000000362,2024,RE,2024-10-18,2024-10-18,10,2024-10-18,FINANCE02,MIRO,Invoice for PO 4500000362,USD,1.00,,,RFBU,RMRP,51000003622024,USD,150445
100,1000,5000000363,2024,RE,2024-09-09,2024-09-09,09,2024-09-09,FINANCE01,MIRO,Invoice for PO 4500000363,USD,1.00,,,RFBU,RMRP,51000003632024,USD,103509
100,1000,5000000364,2024,RE,2024-03-15,2024-03-15,03,2024-03-15,FINANCE02,MIRO,Invoice for PO 4500000364,USD,1.00,,,RFBU,RMRP,51000003642024,USD,084347
100,1000,5000000365,2024,RE,2024-11-16,2024-11-16,11,2024-11-16,FINANCE02,MIRO,Invoice for PO 4500000365,USD,1.00,,,RFBU,RMRP,51000003652024,USD,145733
100,1000,5000000365,2024,RE,2024-11-30,2024-11-30,11,2024-11-30,FINANCE01,MIRO,Invoice for PO 4500000365,USD,1.00,,,RFBU,RMRP,51000003652024,USD,111053
100,1000,5000000366,2024,RE,2024-04-28,2024-04-28,04,2024-04-28,FINANCE01,MIRO,Invoice for PO 4500000366,USD,1.00,,,RFBU,RMRP,51000003662024,USD,140830
100,1000,5000000367,2024,RE,2024-11-02,2024-11-02,11,2024-11-02,FINANCE02,MIRO,Invoice for PO 4500000367,USD,1.00,,,RFBU,RMRP,51000003672024,USD,162353
100,1000,5000000368,2024,RE,2024-04-05,2024-04-05,04,2024-04-05,FINANCE01,MIRO,Invoice for PO 4500000368,USD,1.00,,,RFBU,RMRP,51000003682024,USD,090545
100,1000,5000000369,2024,RE,2024-07-15,2024-07-15,07,2024-07-15,FINANCE02,MIRO,Invoice for PO 4500000369,USD,1.00,,,RFBU,RMRP,51000003692024,USD,133116
100,1000,5000000370,2024,RE,2024-09-04,2024-09-04,09,2024-09-04,FINANCE01,MIRO,Invoice for PO 4500000370,USD,1.00,,,RFBU,RMRP,51000003702024,USD,153943
100,1000,5000000370,2024,RE,2024-09-07,2024-09-07,09,2024-09-07,FINANCE01,MIRO,Invoice for PO 4500000370,USD,1.00,,,RFBU,RMRP,51000003702024,USD,153943
100,1000,5000000371,2024,RE,2024-04-24,2024-04-24,04,2024-04-24,FINANCE01,MIRO,Invoice for PO 4500000371,USD,1.00,,,RFBU,RMRP,51000003712024,USD,132046
100,1000,5000000372,2024,RE,2024-11-18,2024-11-18,11,2024-11-18,FINANCE01,MIRO,Invoice for PO 4500000372,USD,1.00,,,RFBU,RMRP,51000003722024,USD,151623
100,1000,5000000372,2024,RE,2024-11-19,2024-11-19,11,2024-11-19,FINANCE01,MIRO,Invoice for PO 4500000372,USD,1.00,,,RFBU,RMRP,51000003722024,USD,151623
100,1000,5000000373,2024,RE,2024-07-21,2024-07-21,07,2024-07-21,FINANCE01,MIRO,Invoice for PO 4500000373,USD,1.00,,,RFBU,RMRP,51000003732024,USD,094032
100,1000,5000000373,2024,RE,2024-08-03,2024-08-03,08,2024-08-03,FINANCE02,MIRO,Invoice for PO 4500000373,USD,1.00,,,RFBU,RMRP,51000003732024,USD,143443
100,1000,5000000374,2024,RE,2024-08-22,2024-08-22,08,2024-08-22,FINANCE01,MIRO,Invoice for PO 4500000374,USD,1.00,,,RFBU,RMRP,51000003742024,USD,160830
100,1000,5000000375,2024,RE,2024-04-07,2024-04-07,04,2024-04-07,FINANCE01,MIRO,Invoice for PO 4500000375,USD,1.00,,,RFBU,RMRP,51000003752024,USD,095559
100,1000,5000000376,2024,RE,2024-09-14,2024-09-14,09,2024-09-14,FINANCE01,MIRO,Invoice for PO 4500000376,USD,1.00,,,RFBU,RMRP,51000003762024,USD,110545
100,1000,5000000377,2024,RE,2024-08-07,2024-08-07,08,2024-08-07,FINANCE01,MIRO,Invoice for PO 4500000377,USD,1.00,,,RFBU,RMRP,51000003772024,USD,083347
100,1000,5000000378,2024,RE,2024-12-01,2024-12-01,12,2024-12-01,FINANCE01,MIRO,Invoice for PO 4500000378,USD,1.00,,,RFBU,RMRP,51000003782024,USD,152757
100,1000,5000000379,2024,RE,2024-08-22,2024-08-22,08,2024-08-22,FINANCE02,MIRO,Invoice for PO 4500000379,USD,1.00,,,RFBU,RMRP,51000003792024,USD,144251
100,1000,5000000380,2024,RE,2024-05-20,2024-05-20,05,2024-05-20,FINANCE02,MIRO,Invoice for PO 4500000380,USD,1.00,,,RFBU,RMRP,51000003802024,USD,154536
100,1000,5000000381,2024,RE,2024-04-12,2024-04-12,04,2024-04-12,FINANCE02,MIRO,Invoice for PO 4500000381,USD,1.00,,,RFBU,RMRP,51000003812024,USD,143535
100,1000,5000000382,2024,RE,2024-04-20,2024-04-20,04,2024-04-20,FINANCE01,MIRO,Invoice for PO 4500000382,USD,1.00,,,RFBU,RMRP,51000003822024,USD,121453
100,1000,5000000383,2024,RE,2024-07-24,2024-07-24,07,2024-07-24,FINANCE02,MIRO,Invoice for PO 4500000383,USD,1.00,,,RFBU,RMRP,51000003832024,USD,152250
100,1000,5000000384,2024,RE,2024-11-25,2024-11-25,11,2024-11-25,FINANCE01,MIRO,Invoice for PO 4500000384,USD,1.00,,,RFBU,RMRP,51000003842024,USD,130303
100,1000,5000000385,2024,RE,2024-09-30,2024-09-30,09,2024-09-30,FINANCE02,MIRO,Invoice for PO 4500000385,USD,1.00,,,RFBU,RMRP,51000003852024,USD,100207
100,1000,5000000386,2024,RE,2024-03-17,2024-03-17,03,2024-03-17,FINANCE01,MIRO,Invoice for PO 4500000386,USD,1.00,,,RFBU,RMRP,51000003862024,USD,145707
100,1000,5000000386,2024,RE,2024-03-12,2024-03-12,03,2024-03-12,FINANCE02,MIRO,Invoice for PO 4500000386,USD,1.00,,,RFBU,RMRP,51000003862024,USD,172939
100,1000,5000000387,2024,RE,2024-10-23,2024-10-23,10,2024-10-23,FINANCE01,MIRO,Invoice for PO 4500000387,USD,1.00,,,RFBU,RMRP,51000003872024,USD,165425
100,1000,5000000388,2024,RE,2024-03-14,2024-03-14,03,2024-03-14,FINANCE02,MIRO,Invoice for PO 4500000388,USD,1.00,,,RFBU,RMRP,51000003882024,USD,172454
100,1000,5000000389,2024,RE,2024-11-01,2024-11-01,11,2024-11-01,FINANCE01,MIRO,Invoice for PO 4500000389,USD,1.00,,,RFBU,RMRP,51000003892024,USD,135407
100,1000,5000000390,2024,RE,2024-10-15,2024-10-15,10,2024-10-15,FINANCE02,MIRO,Invoice for PO 4500000390,USD,1.00,,,RFBU,RMRP,51000003902024,USD,161757
100,1000,5000000391,2024,RE,2024-07-04,2024-07-04,07,2024-07-04,FINANCE01,MIRO,Invoice for PO 4500000391,USD,1.00,,,RFBU,RMRP,51000003912024,USD,103947
100,1000,5000000392,2024,RE,2024-02-20,2024-02-20,02,2024-02-20,FINANCE02,MIRO,Invoice for PO 4500000392,USD,1.00,,,RFBU,RMRP,51000003922024,USD,133247
100,1000,5000000393,2024,RE,2024-08-16,2024-08-16,08,2024-08-16,FINANCE01,MIRO,Invoice for PO 4500000393,USD,1.00,,,RFBU,RMRP,51000003932024,USD,103154
100,1000,5000000394,2024,RE,2024-08-19,2024-08-19,08,2024-08-19,FINANCE01,MIRO,Invoice for PO 4500000394,USD,1.00,,,RFBU,RMRP,51000003942024,USD,155559
100,1000,5000000395,2024,RE,2024-11-13,2024-11-13,11,2024-11-13,FINANCE02,MIRO,Invoice for PO 4500000395,USD,1.00,,,RFBU,RMRP,51000003952024,USD,130434
100,1000,5000000396,2024,RE,2024-08-18,2024-08-18,08,2024-08-18,FINANCE02,MIRO,Invoice for PO 4500000396,USD,1.00,,,RFBU,RMRP,51000003962024,USD,164032
100,1000,5000000397,2024,RE,2024-07-16,2024-07-16,07,2024-07-16,FINANCE01,MIRO,Invoice for PO 4500000397,USD,1.00,,,RFBU,RMRP,51000003972024,USD,151430
100,1000,5000000398,2024,RE,2024-06-24,2024-06-24,06,2024-06-24,FINANCE02,MIRO,Invoice for PO 4500000398,USD,1.00,,,RFBU,RMRP,51000003982024,USD,154632
100,1000,5000000399,2024,RE,2024-04-22,2024-04-22,04,2024-04-22,FINANCE01,MIRO,Invoice for PO 4500000399,USD,1.00,,,RFBU,RMRP,51000003992024,USD,135440
100,1000,5000000400,2024,RE,2024-07-14,2024-07-14,07,2024-07-14,FINANCE01,MIRO,Invoice for PO 4500000400,USD,1.00,,,RFBU,RMRP,51000004002024,USD,123128
100,1000,5000000401,2024,RE,2024-08-04,2024-08-04,08,2024-08-04,FINANCE01,MIRO,Invoice for PO 4500000401,USD,1.00,,,RFBU,RMRP,51000004012024,USD,092157
100,1000,5000000401,2024,RE,2024-08-15,2024-08-15,08,2024-08-15,FINANCE01,MIRO,Invoice for PO 4500000401,USD,1.00,,,RFBU,RMRP,51000004012024,USD,092157
100,1000,5000000402,2024,RE,2024-05-20,2024-05-20,05,2024-05-20,FINANCE01,MIRO,Invoice for PO 4500000402,USD,1.00,,,RFBU,RMRP,51000004022024,USD,151904
100,1000,5000000403,2024,RE,2024-10-07,2024-10-07,10,2024-10-07,FINANCE02,MIRO,Invoice for PO 4500000403,USD,1.00,,,RFBU,RMRP,51000004032024,USD,144702
100,1000,5000000404,2024,RE,2024-07-13,2024-07-13,07,2024-07-13,FINANCE02,MIRO,Invoice for PO 4500000404,USD,1.00,,,RFBU,RMRP,51000004042024,USD,144147
100,1000,5000000405,2024,RE,2024-10-14,2024-10-14,10,2024-10-14,FINANCE01,MIRO,Invoice for PO 4500000405,USD,1.00,,,RFBU,RMRP,51000004052024,USD,110345
100,1000,5000000406,2024,RE,2024-10-01,2024-10-01,10,2024-10-01,FINANCE01,MIRO,Invoice for PO 4500000406,USD,1.00,,,RFBU,RMRP,51000004062024,USD,112208
100,1000,5000000407,2024,RE,2024-09-07,2024-09-07,09,2024-09-07,FINANCE01,MIRO,Invoice for PO 4500000407,USD,1.00,,,RFBU,RMRP,51000004072024,USD,164617
100,1000,5000000408,2024,RE,2024-09-17,2024-09-17,09,2024-09-17,FINANCE02,MIRO,Invoice for PO 4500000408,USD,1.00,,,RFBU,RMRP,51000004082024,USD,133921
100,1000,5000000409,2024,RE,2024-06-29,2024-06-29,06,2024-06-29,FINANCE02,MIRO,Invoice for PO 4500000409,USD,1.00,,,RFBU,RMRP,51000004092024,USD,092431
100,1000,5000000409,2024,RE,2024-06-16,2024-06-16,06,2024-06-16,FINANCE01,MIRO,Invoice for PO 4500000409,USD,1.00,,,RFBU,RMRP,51000004092024,USD,121504
100,1000,5000000410,2024,RE,2024-04-10,2024-04-10,04,2024-04-10,FINANCE02,MIRO,Invoice for PO 4500000410,USD,1.00,,,RFBU,RMRP,51000004102024,USD,082301
100,1000,5000000411,2024,RE,2024-11-25,2024-11-25,11,2024-11-25,FINANCE01,MIRO,Invoice for PO 4500000411,USD,1.00,,,RFBU,RMRP,51000004112024,USD,153243
100,1000,5000000412,2024,RE,2024-05-26,2024-05-26,05,2024-05-26,FINANCE02,MIRO,Invoice for PO 4500000412,USD,1.00,,,RFBU,RMRP,51000004122024,USD,120908
100,1000,5000000413,2024,RE,2024-05-23,2024-05-23,05,2024-05-23,FINANCE01,MIRO,Invoice for PO 4500000413,USD,1.00,,,RFBU,RMRP,51000004132024,USD,084347
100,1000,5000000413,2024,RE,2024-05-14,2024-05-14,05,2024-05-14,FINANCE02,MIRO,Invoice for PO 4500000413,USD,1.00,,,RFBU,RMRP,51000004132024,USD,081457
100,1000,5000000414,2024,RE,2024-05-13,2024-05-13,05,2024-05-13,FINANCE02,MIRO,Invoice for PO 4500000414,USD,1.00,,,RFBU,RMRP,51000004142024,USD,110245
100,1000,5000000414,2024,RE,2024-05-06,2024-05-06,05,2024-05-06,FINANCE01,MIRO,Invoice for PO 4500000414,USD,1.00,,,RFBU,RMRP,51000004142024,USD,134940
100,1000,5000000415,2024,RE,2024-04-29,2024-04-29,04,2024-04-29,FINANCE01,MIRO,Invoice for PO 4500000415,USD,1.00,,,RFBU,RMRP,51000004152024,USD,102057
100,1000,5000000416,2024,RE,2024-11-03,2024-11-03,11,2024-11-03,FINANCE02,MIRO,Invoice for PO 4500000416,USD,1.00,,,RFBU,RMRP,51000004162024,USD,133413
100,1000,5000000417,2024,RE,2024-10-28,2024-10-28,10,2024-10-28,FINANCE01,MIRO,Invoice for PO 4500000417,USD,1.00,,,RFBU,RMRP,51000004172024,USD,085010
100,1000,5000000418,2024,RE,2024-03-07,2024-03-07,03,2024-03-07,FINANCE01,MIRO,Invoice for PO 4500000418,USD,1.00,,,RFBU,RMRP,51000004182024,USD,143424
100,1000,5000000419,2024,RE,2024-04-15,2024-04-15,04,2024-04-15,FINANCE02,MIRO,Invoice for PO 4500000419,USD,1.00,,,RFBU,RMRP,51000004192024,USD,150426
100,1000,5000000420,2024,RE,2024-10-05,2024-10-05,10,2024-10-05,FINANCE01,MIRO,Invoice for PO 4500000420,USD,1.00,,,RFBU,RMRP,51000004202024,USD,125941
100,1000,5000000421,2024,RE,2024-11-30,2024-11-30,11,2024-11-30,FINANCE02,MIRO,Invoice for PO 4500000421,USD,1.00,,,RFBU,RMRP,51000004212024,USD,141604
100,1000,5000000421,2024,RE,2024-11-22,2024-11-22,11,2024-11-22,FINANCE02,MIRO,Invoice for PO 4500000421,USD,1.00,,,RFBU,RMRP,51000004212024,USD,141604
100,1000,5000000422,2024,RE,2024-10-24,2024-10-24,10,2024-10-24,FINANCE02,MIRO,Invoice for PO 4500000422,USD,1.00,,,RFBU,RMRP,51000004222024,USD,091808
100,1000,5000000423,2024,RE,2024-05-17,2024-05-17,05,2024-05-17,FINANCE01,MIRO,Invoice for PO 4500000423,USD,1.00,,,RFBU,RMRP,51000004232024,USD,123109
100,1000,5000000424,2024,RE,2024-04-22,2024-04-22,04,2024-04-22,FINANCE01,MIRO,Invoice for PO 4500000424,USD,1.00,,,RFBU,RMRP,51000004242024,USD,132338
100,1000,5000000425,2024,RE,2024-07-09,2024-07-09,07,2024-07-09,FINANCE02,MIRO,Invoice for PO 4500000425,USD,1.00,,,RFBU,RMRP,51000004252024,USD,112701
100,1000,5000000426,2024,RE,2024-04-19,2024-04-19,04,2024-04-19,FINANCE01,MIRO,Invoice for PO 4500000426,USD,1.00,,,RFBU,RMRP,51000004262024,USD,171608
100,1000,5000000427,2024,RE,2024-03-06,2024-03-06,03,2024-03-06,FINANCE01,MIRO,Invoice for PO 4500000427,USD,1.00,,,RFBU,RMRP,51000004272024,USD,174636
100,1000,5000000428,2024,RE,2024-10-06,2024-10-06,10,2024-10-06,FINANCE02,MIRO,Invoice for PO 4500000428,USD,1.00,,,RFBU,RMRP,51000004282024,USD,122705
100,1000,5000000429,2024,RE,2024-06-24,2024-06-24,06,2024-06-24,FINANCE02,MIRO,Invoice for PO 4500000429,USD,1.00,,,RFBU,RMRP,51000004292024,USD,152457
100,1000,5000000429,2024,RE,2024-07-05,2024-07-05,07,2024-07-05,FINANCE01,MIRO,Invoice for PO 4500000429,USD,1.00,,,RFBU,RMRP,51000004292024,USD,165741
100,1000,5000000430,2024,RE,2024-08-16,2024-08-16,08,2024-08-16,FINANCE02,MIRO,Invoice for PO 4500000430,USD,1.00,,,RFBU,RMRP,51000004302024,USD,140230
100,1000,5000000431,2024,RE,2024-05-24,2024-05-24,05,2024-05-24,FINANCE01,MIRO,Invoice for PO 4500000431,USD,1.00,,,RFBU,RMRP,51000004312024,USD,161901
100,1000,5000000432,2024,RE,2024-05-23,2024-05-23,05,2024-05-23,FINANCE01,MIRO,Invoice for PO 4500000432,USD,1.00,,,RFBU,RMRP,51000004322024,USD,092843
100,1000,5000000433,2024,RE,2024-09-21,2024-09-21,09,2024-09-21,FINANCE02,MIRO,Invoice for PO 4500000433,USD,1.00,,,RFBU,RMRP,51000004332024,USD,141119
100,1000,5000000434,2024,RE,2024-07-12,2024-07-12,07,2024-07-12,FINANCE02,MIRO,Invoice for PO 4500000434,USD,1.00,,,RFBU,RMRP,51000004342024,USD,160834
100,1000,5000000435,2024,RE,2024-07-31,2024-07-31,07,2024-07-31,FINANCE01,MIRO,Invoice for PO 4500000435,USD,1.00,,,RFBU,RMRP,51000004352024,USD,133517
100,1000,5000000435,2024,RE,2024-07-28,2024-07-28,07,2024-07-28,FINANCE02,MIRO,Invoice for PO 4500000435,USD,1.00,,,RFBU,RMRP,51000004352024,USD,144128
100,1000,5000000436,2024,RE,2024-03-24,2024-03-24,03,2024-03-24,FINANCE02,MIRO,Invoice for PO 4500000436,USD,1.00,,,RFBU,RMRP,51000004362024,USD,091612
100,1000,5000000437,2024,RE,2024-03-20,2024-03-20,03,2024-03-20,FINANCE01,MIRO,Invoice for PO 4500000437,USD,1.00,,,RFBU,RMRP,51000004372024,USD,092612
100,1000,5000000438,2024,RE,2024-05-15,2024-05-15,05,2024-05-15,FINANCE02,MIRO,Invoice for PO 4500000438,USD,1.00,,,RFBU,RMRP,51000004382024,USD,150845
100,1000,5000000439,2024,RE,2024-04-17,2024-04-17,04,2024-04-17,FINANCE02,MIRO,Invoice for PO 4500000439,USD,1.00,,,RFBU,RMRP,51000004392024,USD,104521
100,1000,5000000440,2024,RE,2024-09-29,2024-09-29,09,2024-09-29,FINANCE01,MIRO,Invoice for PO 4500000440,USD,1.00,,,RFBU,RMRP,51000004402024,USD,125036
100,1000,5000000440,2024,RE,2024-10-02,2024-10-02,10,2024-10-02,FINANCE01,MIRO,Invoice for PO 4500000440,USD,1.00,,,RFBU,RMRP,51000004402024,USD,125036
100,1000,5000000441,2024,RE,2024-11-04,2024-11-04,11,2024-11-04,FINANCE02,MIRO,Invoice for PO 4500000441,USD,1.00,,,RFBU,RMRP,51000004412024,USD,172657
100,1000,5000000441,2024,RE,2024-10-22,2024-10-22,10,2024-10-22,FINANCE02,MIRO,Invoice for PO 4500000441,USD,1.00,,,RFBU,RMRP,51000004412024,USD,172657
100,1000,5000000442,2024,RE,2024-05-09,2024-05-09,05,2024-05-09,FINANCE01,MIRO,Invoice for PO 4500000442,USD,1.00,,,RFBU,RMRP,51000004422024,USD,161838
100,1000,5000000443,2024,RE,2024-07-18,2024-07-18,07,2024-07-18,FINANCE01,MIRO,Invoice for PO 4500000443,USD,1.00,,,RFBU,RMRP,51000004432024,USD,113024
100,1000,5000000444,2024,RE,2024-08-12,2024-08-12,08,2024-08-12,FINANCE01,MIRO,Invoice for PO 4500000444,USD,1.00,,,RFBU,RMRP,51000004442024,USD,095422
100,1000,5000000445,2024,RE,2024-07-12,2024-07-12,07,2024-07-12,FINANCE01,MIRO,Invoice for PO 4500000445,USD,1.00,,,RFBU,RMRP,51000004452024,USD,165859
100,1000,5000000446,2024,RE,2024-10-10,2024-10-10,10,2024-10-10,FINANCE01,MIRO,Invoice for PO 4500000446,USD,1.00,,,RFBU,RMRP,51000004462024,USD,111312
100,1000,5000000446,2024,RE,2024-10-14,2024-10-14,10,2024-10-14,FINANCE01,MIRO,Invoice for PO 4500000446,USD,1.00,,,RFBU,RMRP,51000004462024,USD,111312
100,1000,5000000447,2024,RE,2024-09-22,2024-09-22,09,2024-09-22,FINANCE01,MIRO,Invoice for PO 4500000447,USD,1.00,,,RFBU,RMRP,51000004472024,USD,150330
100,1000,5000000448,2024,RE,2024-09-09,2024-09-09,09,2024-09-09,FINANCE02,MIRO,Invoice for PO 4500000448,USD,1.00,,,RFBU,RMRP,51000004482024,USD,152909
100,1000,5000000449,2024,RE,2024-09-23,2024-09-23,09,2024-09-23,FINANCE02,MIRO,Invoice for PO 4500000449,USD,1.00,,,RFBU,RMRP,51000004492024,USD,092142
100,1000,5000000450,2024,RE,2024-06-12,2024-06-12,06,2024-06-12,FINANCE01,MIRO,Invoice for PO 4500000450,USD,1.00,,,RFBU,RMRP,51000004502024,USD,094006
100,1000,5000000450,2024,RE,2024-06-05,2024-06-05,06,2024-06-05,FINANCE02,MIRO,Invoice for PO 4500000450,USD,1.00,,,RFBU,RMRP,51000004502024,USD,141557
100,1000,5000000451,2024,RE,2024-08-03,2024-08-03,08,2024-08-03,FINANCE02,MIRO,Invoice for PO 4500000451,USD,1.00,,,RFBU,RMRP,51000004512024,USD,121015
100,1000,5000000452,2024,RE,2024-04-01,2024-04-01,04,2024-04-01,FINANCE02,MIRO,Invoice for PO 4500000452,USD,1.00,,,RFBU,RMRP,51000004522024,USD,175914
100,1000,5000000453,2024,RE,2024-06-18,2024-06-18,06,2024-06-18,FINANCE01,MIRO,Invoice for PO 4500000453,USD,1.00,,,RFBU,RMRP,51000004532024,USD,092605
100,1000,5000000454,2024,RE,2024-07-06,2024-07-06,07,2024-07-06,FINANCE01,MIRO,Invoice for PO 4500000454,USD,1.00,,,RFBU,RMRP,51000004542024,USD,175325
100,1000,5000000455,2024,RE,2024-08-31,2024-08-31,08,2024-08-31,FINANCE01,MIRO,Invoice for PO 4500000455,USD,1.00,,,RFBU,RMRP,51000004552024,USD,135210
100,1000,5000000456,2024,RE,2024-05-15,2024-05-15,05,2024-05-15,FINANCE01,MIRO,Invoice for PO 4500000456,USD,1.00,,,RFBU,RMRP,51000004562024,USD,172238
100,1000,5000000457,2024,RE,2024-09-05,2024-09-05,09,2024-09-05,FINANCE01,MIRO,Invoice for PO 4500000457,USD,1.00,,,RFBU,RMRP,51000004572024,USD,130938
100,1000,5000000458,2024,RE,2024-12-03,2024-12-03,12,2024-12-03,FINANCE01,MIRO,Invoice for PO 4500000458,USD,1.00,,,RFBU,RMRP,51000004582024,USD,131041
100,1000,5000000459,2024,RE,2024-07-14,2024-07-14,07,2024-07-14,FINANCE02,MIRO,Invoice for PO 4500000459,USD,1.00,,,RFBU,RMRP,51000004592024,USD,091000
100,1000,5000000460,2024,RE,2024-07-30,2024-07-30,07,2024-07-30,FINANCE01,MIRO,Invoice for PO 4500000460,USD,1.00,,,RFBU,RMRP,51000004602024,USD,140941
100,1000,5000000460,2024,RE,2024-08-01,2024-08-01,08,2024-08-01,FINANCE02,MIRO,Invoice for PO 4500000460,USD,1.00,,,RFBU,RMRP,51000004602024,USD,164744
100,1000,5000000461,2024,RE,2024-04-01,2024-04-01,04,2024-04-01,FINANCE01,MIRO,Invoice for PO 4500000461,USD,1.00,,,RFBU,RMRP,51000004612024,USD,135310
100,1000,5000000462,2024,RE,2024-03-10,2024-03-10,03,2024-03-10,FINANCE02,MIRO,Invoice for PO 4500000462,USD,1.00,,,RFBU,RMRP,51000004622024,USD,081008
100,1000,5000000462,2024,RE,2024-03-13,2024-03-13,03,2024-03-13,FINANCE01,MIRO,Invoice for PO 4500000462,USD,1.00,,,RFBU,RMRP,51000004622024,USD,140407
100,1000,5000000463,2024,RE,2024-08-15,2024-08-15,08,2024-08-15,FINANCE01,MIRO,Invoice for PO 4500000463,USD,1.00,,,RFBU,RMRP,51000004632024,USD,104158
100,1000,5000000464,2024,RE,2024-05-21,2024-05-21,05,2024-05-21,FINANCE01,MIRO,Invoice for PO 4500000464,USD,1.00,,,RFBU,RMRP,51000004642024,USD,145207
100,1000,5000000465,2024,RE,2024-08-21,2024-08-21,08,2024-08-21,FINANCE02,MIRO,Invoice for PO 4500000465,USD,1.00,,,RFBU,RMRP,51000004652024,USD,082412
100,1000,5000000466,2024,RE,2024-06-08,2024-06-08,06,2024-06-08,FINANCE01,MIRO,Invoice for PO 4500000466,USD,1.00,,,RFBU,RMRP,51000004662024,USD,173643
100,1000,5000000466,2024,RE,2024-06-08,2024-06-08,06,2024-06-08,FINANCE02,MIRO,Invoice for PO 4500000466,USD,1.00,,,RFBU,RMRP,51000004662024,USD,114814
100,1000,5000000467,2024,RE,2024-11-01,2024-11-01,11,2024-11-01,FINANCE02,MIRO,Invoice for PO 4500000467,USD,1.00,,,RFBU,RMRP,51000004672024,USD,164702
100,1000,5000000468,2024,RE,2024-07-19,2024-07-19,07,2024-07-19,FINANCE01,MIRO,Invoice for PO 4500000468,USD,1.00,,,RFBU,RMRP,51000004682024,USD,134025
100,1000,5000000468,2024,RE,2024-07-28,2024-07-28,07,2024-07-28,FINANCE02,MIRO,Invoice for PO 4500000468,USD,1.00,,,RFBU,RMRP,51000004682024,USD,095310
100,1000,5000000469,2024,RE,2024-09-19,2024-09-19,09,2024-09-19,FINANCE01,MIRO,Invoice for PO 4500000469,USD,1.00,,,RFBU,RMRP,51000004692024,USD,103447
100,1000,5000000470,2024,RE,2024-07-01,2024-07-01,07,2024-07-01,FINANCE02,MIRO,Invoice for PO 4500000470,USD,1.00,,,RFBU,RMRP,51000004702024,USD,083350
100,1000,5000000470,2024,RE,2024-07-04,2024-07-04,07,2024-07-04,FINANCE01,MIRO,Invoice for PO 4500000470,USD,1.00,,,RFBU,RMRP,51000004702024,USD,152401
100,1000,5000000471,2024,RE,2024-11-27,2024-11-27,11,2024-11-27,FINANCE02,MIRO,Invoice for PO 4500000471,USD,1.00,,,RFBU,RMRP,51000004712024,USD,171931
100,1000,5000000472,2024,RE,2024-08-02,2024-08-02,08,2024-08-02,FINANCE01,MIRO,Invoice for PO 4500000472,USD,1.00,,,RFBU,RMRP,51000004722024,USD,084829
100,1000,5000000473,2024,RE,2024-10-25,2024-10-25,10,2024-10-25,FINANCE01,MIRO,Invoice for PO 4500000473,USD,1.00,,,RFBU,RMRP,51000004732024,USD,091126
100,1000,5000000474,2024,RE,2024-04-03,2024-04-03,04,2024-04-03,FINANCE01,MIRO,Invoice for PO 4500000474,USD,1.00,,,RFBU,RMRP,51000004742024,USD,173146
100,1000,5000000475,2024,RE,2024-07-29,2024-07-29,07,2024-07-29,FINANCE01,MIRO,Invoice for PO 4500000475,USD,1.00,,,RFBU,RMRP,51000004752024,USD,152409
100,1000,5000000475,2024,RE,2024-07-16,2024-07-16,07,2024-07-16,FINANCE02,MIRO,Invoice for PO 4500000475,USD,1.00,,,RFBU,RMRP,51000004752024,USD,144951
100,1000,5000000476,2024,RE,2024-04-03,2024-04-03,04,2024-04-03,FINANCE02,MIRO,Invoice for PO 4500000476,USD,1.00,,,RFBU,RMRP,51000004762024,USD,101030
100,1000,5000000477,2024,RE,2024-09-04,2024-09-04,09,2024-09-04,FINANCE02,MIRO,Invoice for PO 4500000477,USD,1.00,,,RFBU,RMRP,51000004772024,USD,163532
100,1000,5000000478,2024,RE,2024-09-10,2024-09-10,09,2024-09-10,FINANCE02,MIRO,Invoice for PO 4500000478,USD,1.00,,,RFBU,RMRP,51000004782024,USD,161604
100,1000,5000000479,2024,RE,2024-07-23,2024-07-23,07,2024-07-23,FINANCE02,MIRO,Invoice for PO 4500000479,USD,1.00,,,RFBU,RMRP,51000004792024,USD,102639
100,1000,5000000480,2024,RE,2024-08-24,2024-08-24,08,2024-08-24,FINANCE01,MIRO,Invoice for PO 4500000480,USD,1.00,,,RFBU,RMRP,51000004802024,USD,082038
100,1000,5000000481,2024,RE,2024-03-25,2024-03-25,03,2024-03-25,FINANCE01,MIRO,Invoice for PO 4500000481,USD,1.00,,,RFBU,RMRP,51000004812024,USD,115829
100,1000,5000000482,2024,RE,2024-10-09,2024-10-09,10,2024-10-09,FINANCE02,MIRO,Invoice for PO 4500000482,USD,1.00,,,RFBU,RMRP,51000004822024,USD,102520
100,1000,5000000483,2024,RE,2024-11-27,2024-11-27,11,2024-11-27,FINANCE01,MIRO,Invoice for PO 4500000483,USD,1.00,,,RFBU,RMRP,51000004832024,USD,133043
100,1000,5000000484,2024,RE,2024-08-17,2024-08-17,08,2024-08-17,FINANCE02,MIRO,Invoice for PO 4500000484,USD,1.00,,,RFBU,RMRP,51000004842024,USD,133813
100,1000,5000000484,2024,RE,2024-08-03,2024-08-03,08,2024-08-03,FINANCE02,MIRO,Invoice for PO 4500000484,USD,1.00,,,RFBU,RMRP,51000004842024,USD,133813
100,1000,5000000485,2024,RE,2024-08-26,2024-08-26,08,2024-08-26,FINANCE01,MIRO,Invoice for PO 4500000485,USD,1.00,,,RFBU,RMRP,51000004852024,USD,172138
100,1000,5000000486,2024,RE,2024-05-21,2024-05-21,05,2024-05-21,FINANCE01,MIRO,Invoice for PO 4500000486,USD,1.00,,,RFBU,RMRP,51000004862024,USD,081319
100,1000,5000000487,2024,RE,2024-11-26,2024-11-26,11,2024-11-26,FINANCE01,MIRO,Invoice for PO 4500000487,USD,1.00,,,RFBU,RMRP,51000004872024,USD,113932
100,1000,5000000487,2024,RE,2024-11-30,2024-11-30,11,2024-11-30,FINANCE01,MIRO,Invoice for PO 4500000487,USD,1.00,,,RFBU,RMRP,51000004872024,USD,113932
100,1000,5000000488,2024,RE,2024-06-26,2024-06-26,06,2024-06-26,FINANCE02,MIRO,Invoice for PO 4500000488,USD,1.00,,,RFBU,RMRP,51000004882024,USD,104606
100,1000,5000000489,2024,RE,2024-06-29,2024-06-29,06,2024-06-29,FINANCE02,MIRO,Invoice for PO 4500000489,USD,1.00,,,RFBU,RMRP,51000004892024,USD,154025
100,1000,5000000489,2024,RE,2024-06-23,2024-06-23,06,2024-06-23,FINANCE02,MIRO,Invoice for PO 4500000489,USD,1.00,,,RFBU,RMRP,51000004892024,USD,154025
100,1000,5000000490,2024,RE,2024-05-17,2024-05-17,05,2024-05-17,FINANCE01,MIRO,Invoice for PO 4500000490,USD,1.00,,,RFBU,RMRP,51000004902024,USD,113813
100,1000,5000000491,2024,RE,2024-06-28,2024-06-28,06,2024-06-28,FINANCE02,MIRO,Invoice for PO 4500000491,USD,1.00,,,RFBU,RMRP,51000004912024,USD,160537
100,1000,5000000492,2024,RE,2024-08-28,2024-08-28,08,2024-08-28,FINANCE02,MIRO,Invoice for PO 4500000492,USD,1.00,,,RFBU,RMRP,51000004922024,USD,110849
100,1000,5000000492,2024,RE,2024-08-27,2024-08-27,08,2024-08-27,FINANCE01,MIRO,Invoice for PO 4500000492,USD,1.00,,,RFBU,RMRP,51000004922024,USD,081438
100,1000,5000000493,2024,RE,2024-11-17,2024-11-17,11,2024-11-17,FINANCE02,MIRO,Invoice for PO 4500000493,USD,1.00,,,RFBU,RMRP,51000004932024,USD,163524
100,1000,5000000494,2024,RE,2024-09-18,2024-09-18,09,2024-09-18,FINANCE01,MIRO,Invoice for PO 4500000494,USD,1.00,,,RFBU,RMRP,51000004942024,USD,094017
100,1000,5000000495,2024,RE,2024-06-01,2024-06-01,06,2024-06-01,FINANCE02,MIRO,Invoice for PO 4500000495,USD,1.00,,,RFBU,RMRP,51000004952024,USD,173443
100,1000,5000000496,2024,RE,2024-10-09,2024-10-09,10,2024-10-09,FINANCE01,MIRO,Invoice for PO 4500000496,USD,1.00,,,RFBU,RMRP,51000004962024,USD,153428
100,1000,5000000497,2024,RE,2024-10-02,2024-10-02,10,2024-10-02,FINANCE02,MIRO,Invoice for PO 4500000497,USD,1.00,,,RFBU,RMRP,51000004972024,USD,172424
100,1000,5000000498,2024,RE,2024-11-19,2024-11-19,11,2024-11-19,FINANCE01,MIRO,Invoice for PO 4500000498,USD,1.00,,,RFBU,RMRP,51000004982024,USD,100030
100,1000,5000000498,2024,RE,2024-11-16,2024-11-16,11,2024-11-16,FINANCE02,MIRO,Invoice for PO 4500000498,USD,1.00,,,RFBU,RMRP,51000004982024,USD,163409
100,1000,5000000499,2024,RE,2024-09-28,2024-09-28,09,2024-09-28,FINANCE01,MIRO,Invoice for PO 4500000499,USD,1.00,,,RFBU,RMRP,51000004992024,USD,133717
