MANDT,BANFN,BNFPO,BSART,BSTYP,BSAKZ,LOEKZ,STATU,ESTKZ,FRGKZ,FRGZU,FRGST,EKGRP,ERNAM,ERDAT,AFNAM,TXZ01,MATNR,WERKS,LGORT,MENGE,MEINS,LFDAT,BADAT,LIFNR,EKORG,EBELN,EBELP,FRGRL,BWTAR,PSTYP,KNTTP
100,1000000000,00010,NB,B,,,N,B,R,,,100,BUYER03,2024-03-30,BUYER03,PR for material MAT00008,MAT00008,P003,SL01,115.0,EA,2024-05-18,2024-03-30,,1000,4500000000,00010,,,0,
100,1000000001,00010,NB,B,,,N,B,R,,,102,BUYER03,2024-04-11,BUYER03,PR for material MAT00005,MAT00005,P003,SL03,294.0,EA,2024-05-11,2024-04-11,,1000,4500000001,00010,,,0,
100,1000000002,00010,NB,B,,,N,B,R,,,102,BUYER03,2024-04-18,BUYER03,PR for material MAT00009,MAT00009,P001,SL02,127.0,EA,2024-06-22,2024-04-18,,1000,4500000002,00010,,,0,
100,1000000004,00010,NB,B,,,N,B,R,,,101,BUYER03,2024-08-10,BUYER03,PR for material MAT00018,MAT00018,P002,SL01,47.0,EA,2024-08-29,2024-08-10,,1000,4500000004,00010,,,0,
100,1000000005,00010,NB,B,,,N,B,R,,,101,BUYER01,2024-02-26,BUYER01,PR for material MAT00022,MAT00022,P002,SL01,209.0,EA,2024-04-18,2024-02-26,,1000,4500000005,00010,,,0,
100,1000000006,00010,NB,B,,,N,B,R,,,101,BUYER01,2024-04-16,BUYER01,PR for material MAT00008,MAT00008,P002,SL01,160.0,EA,2024-06-05,2024-04-16,,1000,4500000006,00010,,,0,
100,1000000007,00010,NB,B,,,N,B,R,,,102,BUYER03,2024-05-17,BUYER03,PR for material MAT00004,MAT00004,P003,SL02,29.0,EA,2024-07-09,2024-05-17,,1000,4500000007,00010,,,0,
100,1000000008,00010,NB,B,,,N,B,R,,,103,BUYER01,2024-03-08,BUYER01,PR for material MAT00022,MAT00022,P003,SL02,162.0,EA,2024-04-16,2024-03-08,,1000,4500000008,00010,,,0,
100,1000000009,00010,NB,B,,,N,B,R,,,101,BUYER02,2024-06-17,BUYER02,PR for material MAT00019,MAT00019,P002,SL01,341.0,EA,2024-08-02,2024-06-17,,1000,4500000009,00010,,,0,
100,1000000010,00010,NB,B,,,N,B,R,,,103,BUYER01,2024-08-04,BUYER01,PR for material MAT00015,MAT00015,P001,SL02,362.0,EA,2024-09-29,2024-08-04,,1000,4500000010,00010,,,0,
100,1000000010,00020,NB,B,,,N,B,R,,,101,BUYER01,2024-08-04,BUYER01,PR for material MAT00015,MAT00015,P001,SL02,362.0,EA,2024-09-29,2024-08-04,,1000,4500000010,00020,,,0,
100,1000000011,00010,NB,B,,,N,B,R,,,100,BUYER02,2024-05-25,BUYER02,PR for material MAT00021,MAT00021,P002,SL02,317.0,EA,2024-07-18,2024-05-25,,1000,4500000011,00010,,,0,
100,1000000014,00010,NB,B,,,N,B,R,,,103,BUYER01,2024-08-24,BUYER01,PR for material MAT00007,MAT00007,P002,SL02,441.0,EA,2024-10-01,2024-08-24,,1000,4500000014,00010,,,0,
100,1000000017,00010,NB,B,,,N,B,R,,,103,BUYER02,2024-05-09,BUYER02,PR for material MAT00011,MAT00011,P003,SL03,442.0,EA,2024-06-04,2024-05-09,,1000,4500000017,00010,,,0,
100,1000000018,00010,NB,B,,,N,B,R,,,101,BUYER03,2024-04-11,BUYER03,PR for material MAT00017,MAT00017,P002,SL03,209.0,EA,2024-05-11,2024-04-11,,1000,4500000018,00010,,,0,
100,1000000019,00010,NB,B,,,N,B,R,,,100,BUYER02,2024-06-22,BUYER02,PR for material MAT00014,MAT00014,P003,SL03,143.0,EA,2024-08-22,2024-06-22,,1000,4500000019,00010,,,0,
100,1000000020,00010,NB,B,,,N,B,R,,,100,BUYER02,2024-07-07,BUYER02,PR for material MAT00008,MAT00008,P001,SL01,357.0,EA,2024-08-11,2024-07-07,,1000,4500000020,00010,,,0,
100,1000000021,00010,NB,B,,,N,B,R,,,101,BUYER01,2024-07-28,BUYER01,PR for material MAT00003,MAT00003,P002,SL02,318.0,EA,2024-08-19,2024-07-28,,1000,4500000021,00010,,,0,
100,1000000023,00010,NB,B,,,N,B,R,,,102,BUYER02,2024-04-15,BUYER02,PR for material MAT00009,MAT00009,P001,SL03,120.0,EA,2024-05-10,2024-04-15,,1000,4500000023,00010,,,0,
100,1000000024,00010,NB,B,,,N,B,R,,,100,BUYER03,2024-01-25,BUYER03,PR for material MAT00003,MAT00003,P003,SL02,133.0,EA,2024-03-03,2024-01-25,,1000,4500000024,00010,,,0,
100,1000000025,00010,NB,B,,,N,B,R,,,100,BUYER02,2024-06-21,BUYER02,PR for material MAT00006,MAT00006,P002,SL03,151.0,EA,2024-08-22,2024-06-21,,1000,4500000025,00010,,,0,
100,1000000026,00010,NB,B,,,N,B,R,,,102,BUYER03,2024-08-18,BUYER03,PR for material MAT00021,MAT00021,P002,SL03,141.0,EA,2024-09-11,2024-08-18,,1000,4500000026,00010,,,0,
100,1000000027,00010,NB,B,,,N,B,R,,,103,BUYER01,2024-06-02,BUYER01,PR for material MAT00016,MAT00016,P002,SL01,214.0,EA,2024-08-05,2024-06-02,,1000,4500000027,00010,,,0,
100,1000000027,00020,NB,B,,,N,B,R,,,101,BUYER01,2024-06-02,BUYER01,PR for material MAT00016,MAT00016,P002,SL01,214.0,EA,2024-08-05,2024-06-02,,1000,4500000027,00020,,,0,
100,1000000028,00010,NB,B,,,N,B,R,,,102,BUYER03,2024-05-06,BUYER03,PR for material MAT00007,MAT00007,P002,SL02,429.0,EA,2024-06-18,2024-05-06,,1000,4500000028,00010,,,0,
100,1000000029,00010,NB,B,,,N,B,R,,,102,BUYER02,2024-03-18,BUYER02,PR for material MAT00001,MAT00001,P001,SL03,47.0,EA,2024-05-16,2024-03-18,,1000,4500000029,00010,,,0,
100,1000000030,00010,NB,B,,,N,B,R,,,100,BUYER03,2024-05-31,BUYER03,PR for material MAT00008,MAT00008,P001,SL03,489.0,EA,2024-06-21,2024-05-31,,1000,4500000030,00010,,,0,
100,1000000030,00020,NB,B,,,N,B,R,,,103,BUYER03,2024-05-31,BUYER03,PR for material MAT00008,MAT00008,P001,SL03,489.0,EA,2024-06-21,2024-05-31,,1000,4500000030,00020,,,0,
100,1000000031,00010,NB,B,,,N,B,R,,,101,BUYER01,2024-05-14,BUYER01,PR for material MAT00015,MAT00015,P002,SL03,238.0,EA,2024-06-03,2024-05-14,,1000,4500000031,00010,,,0,
100,1000000031,00020,NB,B,,,N,B,R,,,100,BUYER01,2024-05-14,BUYER01,PR for material MAT00015,MAT00015,P002,SL03,238.0,EA,2024-06-03,2024-05-14,,1000,4500000031,00020,,,0,
100,1000000032,00010,NB,B,,,N,B,R,,,101,BUYER01,2024-05-01,BUYER01,PR for material MAT00010,MAT00010,P003,SL03,322.0,EA,2024-06-11,2024-05-01,,1000,4500000032,00010,,,0,
100,1000000032,00020,NB,B,,,N,B,R,,,100,BUYER01,2024-05-01,BUYER01,PR for material MAT00010,MAT00010,P003,SL03,322.0,EA,2024-06-11,2024-05-01,,1000,4500000032,00020,,,0,
100,1000000033,00010,NB,B,,,N,B,R,,,102,BUYER01,2024-07-10,BUYER01,PR for material MAT00018,MAT00018,P003,SL03,140.0,EA,2024-08-19,2024-07-10,,1000,4500000033,00010,,,0,
100,1000000034,00010,NB,B,,,N,B,R,,,102,BUYER01,2024-06-07,BUYER01,PR for material MAT00023,MAT00023,P003,SL01,78.0,EA,2024-07-23,2024-06-07,,1000,4500000034,00010,,,0,
100,1000000034,00020,NB,B,,,N,B,R,,,103,BUYER01,2024-06-07,BUYER01,PR for material MAT00023,MAT00023,P003,SL01,78.0,EA,2024-07-23,2024-06-07,,1000,4500000034,00020,,,0,
100,1000000035,00010,NB,B,,,N,B,R,,,103,BUYER02,2024-07-06,BUYER02,PR for material MAT00018,MAT00018,P001,SL03,103.0,EA,2024-08-15,2024-07-06,,1000,4500000035,00010,,,0,
100,1000000036,00010,NB,B,,,N,B,R,,,101,BUYER03,2024-06-21,BUYER03,PR for material MAT00008,MAT00008,P001,SL03,451.0,EA,2024-07-21,2024-06-21,,1000,4500000036,00010,,,0,
100,1000000036,00020,NB,B,,,N,B,R,,,101,BUYER03,2024-06-21,BUYER03,PR for material MAT00008,MAT00008,P001,SL03,451.0,EA,2024-07-21,2024-06-21,,1000,4500000036,00020,,,0,
100,1000000037,00010,NB,B,,,N,B,R,,,103,BUYER01,2024-01-20,BUYER01,PR for material MAT00015,MAT00015,P003,SL03,207.0,EA,2024-03-05,2024-01-20,,1000,4500000037,00010,,,0,
100,1000000038,00010,NB,B,,,N,B,R,,,101,BUYER03,2024-08-12,BUYER03,PR for material MAT00017,MAT00017,P003,SL02,428.0,EA,2024-10-10,2024-08-12,,1000,4500000038,00010,,,0,
100,1000000038,00020,NB,B,,,N,B,R,,,103,BUYER03,2024-08-12,BUYER03,PR for material MAT00017,MAT00017,P003,SL02,428.0,EA,2024-10-10,2024-08-12,,1000,4500000038,00020,,,0,
100,1000000039,00010,NB,B,,,N,B,R,,,102,BUYER03,2024-08-08,BUYER03,PR for material MAT00022,MAT00022,P001,SL02,485.0,EA,2024-10-14,2024-08-08,,1000,4500000039,00010,,,0,
100,1000000040,00010,NB,B,,,N,B,R,,,102,BUYER03,2024-05-20,BUYER03,PR for material MAT00020,MAT00020,P003,SL03,354.0,EA,2024-06-15,2024-05-20,,1000,4500000040,00010,,,0,
100,1000000041,00010,NB,B,,,N,B,R,,,100,BUYER02,2024-02-17,BUYER02,PR for material MAT00011,MAT00011,P001,SL02,380.0,EA,2024-03-12,2024-02-17,,1000,4500000041,00010,,,0,
100,1000000042,00010,NB,B,,,N,B,R,,,101,BUYER03,2024-06-10,BUYER03,PR for material MAT00017,MAT00017,P003,SL03,492.0,EA,2024-07-09,2024-06-10,,1000,4500000042,00010,,,0,
100,1000000043,00010,NB,B,,,N,B,R,,,103,BUYER03,2024-08-15,BUYER03,PR for material MAT00002,MAT00002,P002,SL01,432.0,EA,2024-09-28,2024-08-15,,1000,4500000043,00010,,,0,
100,1000000045,00010,NB,B,,,N,B,R,,,100,BUYER03,2024-05-15,BUYER03,PR for material MAT00005,MAT00005,P001,SL01,85.0,EA,2024-06-11,2024-05-15,,1000,4500000045,00010,,,0,
100,1000000046,00010,NB,B,,,N,B,R,,,102,BUYER02,2024-02-11,BUYER02,PR for material MAT00017,MAT00017,P003,SL01,28.0,EA,2024-03-28,2024-02-11,,1000,4500000046,00010,,,0,
100,1000000048,00010,NB,B,,,N,B,R,,,101,BUYER01,2024-05-13,BUYER01,PR for material MAT00010,MAT00010,P002,SL01,438.0,EA,2024-07-14,2024-05-13,,1000,4500000048,00010,,,0,
100,1000000048,00020,NB,B,,,N,B,R,,,102,BUYER01,2024-05-13,BUYER01,PR for material MAT00010,MAT00010,P002,SL01,438.0,EA,2024-07-14,2024-05-13,,1000,4500000048,00020,,,0,
100,1000000050,00010,NB,B,,,N,B,R,,,101,BUYER02,2024-08-17,BUYER02,PR for material MAT00022,MAT00022,P002,SL01,197.0,EA,2024-09-22,2024-08-17,,1000,4500000050,00010,,,0,
100,1000000050,00020,NB,B,,,N,B,R,,,101,BUYER02,2024-08-17,BUYER02,PR for material MAT00022,MAT00022,P002,SL01,197.0,EA,2024-09-22,2024-08-17,,1000,4500000050,00020,,,0,
100,1000000051,00010,NB,B,,,N,B,R,,,103,BUYER02,2024-06-24,BUYER02,PR for material MAT00004,MAT00004,P001,SL01,29.0,EA,2024-07-24,2024-06-24,,1000,4500000051,00010,,,0,
100,1000000053,00010,NB,B,,,N,B,R,,,100,BUYER02,2024-07-07,BUYER02,PR for material MAT00017,MAT00017,P001,SL03,259.0,EA,2024-08-24,2024-07-07,,1000,4500000053,00010,,,0,
100,1000000054,00010,NB,B,,,N,B,R,,,103,BUYER03,2024-01-27,BUYER03,PR for material MAT00005,MAT00005,P001,SL03,409.0,EA,2024-03-18,2024-01-27,,1000,4500000054,00010,,,0,
100,1000000055,00010,NB,B,,,N,B,R,,,102,BUYER03,2024-04-11,BUYER03,PR for material MAT00021,MAT00021,P002,SL02,393.0,EA,2024-05-20,2024-04-11,,1000,4500000055,00010,,,0,
100,1000000055,00020,NB,B,,,N,B,R,,,102,BUYER03,2024-04-11,BUYER03,PR for material MAT00021,MAT00021,P002,SL02,393.0,EA,2024-05-20,2024-04-11,,1000,4500000055,00020,,,0,
100,1000000056,00010,NB,B,,,N,B,R,,,103,BUYER02,2024-08-19,BUYER02,PR for material MAT00006,MAT00006,P003,SL03,366.0,EA,2024-10-03,2024-08-19,,1000,4500000056,00010,,,0,
100,1000000058,00010,NB,B,,,N,B,R,,,103,BUYER02,2024-05-30,BUYER02,PR for material MAT00020,MAT00020,P003,SL02,70.0,EA,2024-07-20,2024-05-30,,1000,4500000058,00010,,,0,
100,1000000059,00010,NB,B,,,N,B,R,,,101,BUYER01,2024-07-07,BUYER01,PR for material MAT00001,MAT00001,P001,SL01,239.0,EA,2024-08-31,2024-07-07,,1000,4500000059,00010,,,0,
100,1000000060,00010,NB,B,,,N,B,R,,,100,BUYER01,2024-04-07,BUYER01,PR for material MAT00005,MAT00005,P002,SL02,256.0,EA,2024-05-06,2024-04-07,,1000,4500000060,00010,,,0,
100,1000000061,00010,NB,B,,,N,B,R,,,101,BUYER02,2024-02-21,BUYER02,PR for material MAT00020,MAT00020,P001,SL03,300.0,EA,2024-04-21,2024-02-21,,1000,4500000061,00010,,,0,
100,1000000061,00020,NB,B,,,N,B,R,,,102,BUYER02,2024-02-21,BUYER02,PR for material MAT00020,MAT00020,P001,SL03,300.0,EA,2024-04-21,2024-02-21,,1000,4500000061,00020,,,0,
100,1000000062,00010,NB,B,,,N,B,R,,,100,BUYER01,2024-06-16,BUYER01,PR for material MAT00011,MAT00011,P002,SL03,74.0,EA,2024-07-28,2024-06-16,,1000,4500000062,00010,,,0,
100,1000000064,00010,NB,B,,,N,B,R,,,102,BUYER03,2024-01-09,BUYER03,PR for material MAT00018,MAT00018,P003,SL02,76.0,EA,2024-02-05,2024-01-09,,1000,4500000064,00010,,,0,
100,1000000065,00010,NB,B,,,N,B,R,,,102,BUYER03,2024-02-23,BUYER03,PR for material MAT00005,MAT00005,P002,SL03,494.0,EA,2024-04-04,2024-02-23,,1000,4500000065,00010,,,0,
100,1000000066,00010,NB,B,,,N,B,R,,,102,BUYER01,2024-06-16,BUYER01,PR for material MAT00011,MAT00011,P003,SL03,372.0,EA,2024-07-27,2024-06-16,,1000,4500000066,00010,,,0,
100,1000000067,00010,NB,B,,,N,B,R,,,101,BUYER03,2024-09-03,BUYER03,PR for material MAT00020,MAT00020,P003,SL03,486.0,EA,2024-10-31,2024-09-03,,1000,4500000067,00010,,,0,
100,1000000067,00020,NB,B,,,N,B,R,,,100,BUYER03,2024-09-03,BUYER03,PR for material MAT00020,MAT00020,P003,SL03,486.0,EA,2024-10-31,2024-09-03,,1000,4500000067,00020,,,0,
100,1000000068,00010,NB,B,,,N,B,R,,,103,BUYER02,2024-07-04,BUYER02,PR for material MAT00018,MAT00018,P001,SL02,325.0,EA,2024-09-08,2024-07-04,,1000,4500000068,00010,,,0,
100,1000000069,00010,NB,B,,,N,B,R,,,102,BUYER02,2024-03-07,BUYER02,PR for material MAT00010,MAT00010,P003,SL03,196.0,EA,2024-05-08,2024-03-07,,1000,4500000069,00010,,,0,
100,1000000070,00010,NB,B,,,N,B,R,,,101,BUYER03,2024-05-06,BUYER03,PR for material MAT00004,MAT00004,P003,SL02,454.0,EA,2024-05-25,2024-05-06,,1000,4500000070,00010,,,0,
100,1000000072,00010,NB,B,,,N,B,R,,,100,BUYER02,2024-07-30,BUYER02,PR for material MAT00006,MAT00006,P002,SL03,171.0,EA,2024-09-16,2024-07-30,,1000,4500000072,00010,,,0,
100,1000000073,00010,NB,B,,,N,B,R,,,101,BUYER03,2024-07-07,BUYER03,PR for material MAT00009,MAT00009,P003,SL03,337.0,EA,2024-08-11,2024-07-07,,1000,4500000073,00010,,,0,
100,1000000074,00010,NB,B,,,N,B,R,,,100,BUYER03,2024-02-15,BUYER03,PR for material MAT00008,MAT00008,P003,SL02,355.0,EA,2024-04-02,2024-02-15,,1000,4500000074,00010,,,0,
100,1000000075,00010,NB,B,,,N,B,R,,,102,BUYER03,2024-09-23,BUYER03,PR for material MAT00005,MAT00005,P002,SL01,38.0,EA,2024-11-09,2024-09-23,,1000,4500000075,00010,,,0,
100,1000000076,00010,NB,B,,,N,B,R,,,103,BUYER01,2024-04-06,BUYER01,PR for material MAT00014,MAT00014,P002,SL01,324.0,EA,2024-05-05,2024-04-06,,1000,4500000076,00010,,,0,
100,1000000077,00010,NB,B,,,N,B,R,,,103,BUYER02,2024-01-16,BUYER02,PR for material MAT00001,MAT00001,P003,SL01,362.0,EA,2024-03-02,2024-01-16,,1000,4500000077,00010,,,0,
100,1000000078,00010,NB,B,,,N,B,R,,,100,BUYER01,2024-01-22,BUYER01,PR for material MAT00004,MAT00004,P001,SL01,355.0,EA,2024-03-18,2024-01-22,,1000,4500000078,00010,,,0,
100,1000000080,00010,NB,B,,,N,B,R,,,101,BUYER03,2024-08-03,BUYER03,PR for material MAT00018,MAT00018,P001,SL02,76.0,EA,2024-09-25,2024-08-03,,1000,4500000080,00010,,,0,
100,1000000082,00010,NB,B,,,N,B,R,,,101,BUYER02,2024-09-01,BUYER02,PR for material MAT00004,MAT00004,P003,SL02,192.0,EA,2024-10-12,2024-09-01,,1000,4500000082,00010,,,0,
100,1000000083,00010,NB,B,,,N,B,R,,,101,BUYER02,2024-03-31,BUYER02,PR for material MAT00015,MAT00015,P003,SL03,79.0,EA,2024-05-12,2024-03-31,,1000,4500000083,00010,,,0,
100,1000000084,00010,NB,B,,,N,B,R,,,100,BUYER01,2024-09-08,BUYER01,PR for material MAT00002,MAT00002,P003,SL02,13.0,EA,2024-10-29,2024-09-08,,1000,4500000084,00010,,,0,
100,1000000084,00020,NB,B,,,N,B,R,,,100,BUYER01,2024-09-08,BUYER01,PR for material MAT00002,MAT00002,P003,SL02,13.0,EA,2024-10-29,2024-09-08,,1000,4500000084,00020,,,0,
100,1000000085,00010,NB,B,,,N,B,R,,,101,BUYER01,2024-07-30,BUYER01,PR for material MAT00003,MAT00003,P003,SL03,243.0,EA,2024-09-10,2024-07-30,,1000,4500000085,00010,,,0,
100,1000000086,00010,NB,B,,,N,B,R,,,103,BUYER01,2024-01-21,BUYER01,PR for material MAT00018,MAT00018,P001,SL03,481.0,EA,2024-02-26,2024-01-21,,1000,4500000086,00010,,,0,
100,1000000087,00010,NB,B,,,N,B,R,,,102,BUYER01,2024-01-20,BUYER01,PR for material MAT00011,MAT00011,P002,SL03,496.0,EA,2024-02-26,2024-01-20,,1000,4500000087,00010,,,0,
100,1000000088,00010,NB,B,,,N,B,R,,,102,BUYER03,2024-07-07,BUYER03,PR for material MAT00011,MAT00011,P001,SL03,472.0,EA,2024-07-27,2024-07-07,,1000,4500000088,00010,,,0,
100,1000000089,00010,NB,B,,,N,B,R,,,101,BUYER03,2024-08-03,BUYER03,PR for material MAT00010,MAT00010,P002,SL02,452.0,EA,2024-08-26,2024-08-03,,1000,4500000089,00010,,,0,
100,1000000090,00010,NB,B,,,N,B,R,,,100,BUYER02,2024-05-10,BUYER02,PR for material MAT00009,MAT00009,P002,SL01,301.0,EA,2024-07-09,2024-05-10,,1000,4500000090,00010,,,0,
100,1000000091,00010,NB,B,,,N,B,R,,,102,BUYER03,2024-04-16,BUYER03,PR for material MAT00020,MAT00020,P001,SL02,483.0,EA,2024-05-24,2024-04-16,,1000,4500000091,00010,,,0,
100,1000000092,00010,NB,B,,,N,B,R,,,101,BUYER02,2024-02-09,BUYER02,PR for material MAT00010,MAT00010,P003,SL01,255.0,EA,2024-03-27,2024-02-09,,1000,4500000092,00010,,,0,
100,1000000093,00010,NB,B,,,N,B,R,,,100,BUYER03,2024-02-17,BUYER03,PR for material MAT00012,MAT00012,P002,SL03,336.0,EA,2024-03-18,2024-02-17,,1000,4500000093,00010,,,0,
100,1000000093,00020,NB,B,,,N,B,R,,,103,BUYER03,2024-02-17,BUYER03,PR for material MAT00012,MAT00012,P002,SL03,336.0,EA,2024-03-18,2024-02-17,,1000,4500000093,00020,,,0,
100,1000000094,00010,NB,B,,,N,B,R,,,103,BUYER01,2024-04-19,BUYER01,PR for material MAT00015,MAT00015,P002,SL02,243.0,EA,2024-06-07,2024-04-19,,1000,4500000094,00010,,,0,
100,1000000095,00010,NB,B,,,N,B,R,,,103,BUYER01,2024-08-10,BUYER01,PR for material MAT00011,MAT00011,P003,SL01,208.0,EA,2024-09-11,2024-08-10,,1000,4500000095,00010,,,0,
100,1000000096,00010,NB,B,,,N,B,R,,,102,BUYER01,2024-06-19,BUYER01,PR for material MAT00012,MAT00012,P003,SL01,139.0,EA,2024-08-03,2024-06-19,,1000,4500000096,00010,,,0,
100,1000000097,00010,NB,B,,,N,B,R,,,103,BUYER03,2024-03-05,BUYER03,PR for material MAT00011,MAT00011,P003,SL01,100.0,EA,2024-04-09,2024-03-05,,1000,4500000097,00010,,,0,
100,1000000097,00020,NB,B,,,N,B,R,,,103,BUYER03,2024-03-05,BUYER03,PR for material MAT00011,MAT00011,P003,SL01,100.0,EA,2024-04-09,2024-03-05,,1000,4500000097,00020,,,0,
100,1000000098,00010,NB,B,,,N,B,R,,,101,BUYER02,2024-08-19,BUYER02,PR for material MAT00023,MAT00023,P003,SL02,287.0,EA,2024-09-16,2024-08-19,,1000,4500000098,00010,,,0,
100,1000000098,00020,NB,B,,,N,B,R,,,102,BUYER02,2024-08-19,BUYER02,PR for material MAT00023,MAT00023,P003,SL02,287.0,EA,2024-09-16,2024-08-19,,1000,4500000098,00020,,,0,
100,1000000099,00010,NB,B,,,N,B,R,,,103,BUYER02,2024-04-21,BUYER02,PR for material MAT00008,MAT00008,P001,SL02,182.0,EA,2024-06-18,2024-04-21,,1000,4500000099,00010,,,0,
100,1000000100,00010,NB,B,,,N,B,R,,,101,BUYER02,2024-02-22,BUYER02,PR for material MAT00017,MAT00017,P002,SL03,496.0,EA,2024-04-04,2024-02-22,,1000,4500000100,00010,,,0,
100,1000000102,00010,NB,B,,,N,B,R,,,103,BUYER03,2024-02-24,BUYER03,PR for material MAT00002,MAT00002,P002,SL02,71.0,EA,2024-04-13,2024-02-24,,1000,4500000102,00010,,,0,
100,1000000102,00020,NB,B,,,N,B,R,,,103,BUYER03,2024-02-24,BUYER03,PR for material MAT00002,MAT00002,P002,SL02,71.0,EA,2024-04-13,2024-02-24,,1000,4500000102,00020,,,0,
100,1000000103,00010,NB,B,,,N,B,R,,,101,BUYER03,2024-01-09,BUYER03,PR for material MAT00001,MAT00001,P001,SL03,69.0,EA,2024-02-19,2024-01-09,,1000,4500000103,00010,,,0,
100,1000000104,00010,NB,B,,,N,B,R,,,101,BUYER01,2024-01-09,BUYER01,PR for material MAT00003,MAT00003,P003,SL03,226.0,EA,2024-03-09,2024-01-09,,1000,4500000104,00010,,,0,
100,1000000105,00010,NB,B,,,N,B,R,,,102,BUYER01,2024-05-29,BUYER01,PR for material MAT00008,MAT00008,P001,SL02,425.0,EA,2024-08-02,2024-05-29,,1000,4500000105,00010,,,0,
100,1000000106,00010,NB,B,,,N,B,R,,,103,BUYER01,2024-01-11,BUYER01,PR for material MAT00017,MAT00017,P001,SL02,200.0,EA,2024-02-17,2024-01-11,,1000,4500000106,00010,,,0,
100,1000000107,00010,NB,B,,,N,B,R,,,100,BUYER02,2024-07-28,BUYER02,PR for material MAT00014,MAT00014,P003,SL02,273.0,EA,2024-09-21,2024-07-28,,1000,4500000107,00010,,,0,
100,1000000108,00010,NB,B,,,N,B,R,,,101,BUYER01,2024-08-24,BUYER01,PR for material MAT00004,MAT00004,P001,SL01,162.0,EA,2024-10-20,2024-08-24,,1000,4500000108,00010,,,0,
100,1000000108,00020,NB,B,,,N,B,R,,,100,BUYER01,2024-08-24,BUYER01,PR for material MAT00004,MAT00004,P001,SL01,162.0,EA,2024-10-20,2024-08-24,,1000,4500000108,00020,,,0,
100,1000000109,00010,NB,B,,,N,B,R,,,100,BUYER02,2024-03-30,BUYER02,PR for material MAT00016,MAT00016,P003,SL02,389.0,EA,2024-04-26,2024-03-30,,1000,4500000109,00010,,,0,
100,1000000109,00020,NB,B,,,N,B,R,,,101,BUYER02,2024-03-30,BUYER02,PR for material MAT00016,MAT00016,P003,SL02,389.0,EA,2024-04-26,2024-03-30,,1000,4500000109,00020,,,0,
100,1000000113,00010,NB,B,,,N,B,R,,,100,BUYER02,2024-05-19,BUYER02,PR for material MAT00015,MAT00015,P001,SL02,87.0,EA,2024-06-16,2024-05-19,,1000,4500000113,00010,,,0,
100,1000000115,00010,NB,B,,,N,B,R,,,103,BUYER03,2024-03-07,BUYER03,PR for material MAT00011,MAT00011,P002,SL01,92.0,EA,2024-04-20,2024-03-07,,1000,4500000115,00010,,,0,
100,1000000115,00020,NB,B,,,N,B,R,,,103,BUYER03,2024-03-07,BUYER03,PR for material MAT00011,MAT00011,P002,SL01,92.0,EA,2024-04-20,2024-03-07,,1000,4500000115,00020,,,0,
100,1000000116,00010,NB,B,,,N,B,R,,,102,BUYER03,2024-07-06,BUYER03,PR for material MAT00013,MAT00013,P001,SL03,247.0,EA,2024-08-27,2024-07-06,,1000,4500000116,00010,,,0,
100,1000000117,00010,NB,B,,,N,B,R,,,101,BUYER03,2024-05-07,BUYER03,PR for material MAT00008,MAT00008,P001,SL01,459.0,EA,2024-06-27,2024-05-07,,1000,4500000117,00010,,,0,
100,1000000117,00020,NB,B,,,N,B,R,,,103,BUYER03,2024-05-07,BUYER03,PR for material MAT00008,MAT00008,P001,SL01,459.0,EA,2024-06-27,2024-05-07,,1000,4500000117,00020,,,0,
100,1000000118,00010,NB,B,,,N,B,R,,,100,BUYER02,2024-06-27,BUYER02,PR for material MAT00005,MAT00005,P001,SL02,424.0,EA,2024-07-28,2024-06-27,,1000,4500000118,00010,,,0,
100,1000000120,00010,NB,B,,,N,B,R,,,100,BUYER03,2024-04-27,BUYER03,PR for material MAT00020,MAT00020,P001,SL01,469.0,EA,2024-06-22,2024-04-27,,1000,4500000120,00010,,,0,
100,1000000121,00010,NB,B,,,N,B,R,,,101,BUYER02,2024-09-13,BUYER02,PR for material MAT00014,MAT00014,P003,SL02,194.0,EA,2024-10-23,2024-09-13,,1000,4500000121,00010,,,0,
100,1000000121,00020,NB,B,,,N,B,R,,,101,BUYER02,2024-09-13,BUYER02,PR for material MAT00014,MAT00014,P003,SL02,194.0,EA,2024-10-23,2024-09-13,,1000,4500000121,00020,,,0,
100,1000000122,00010,NB,B,,,N,B,R,,,103,BUYER03,2024-05-28,BUYER03,PR for material MAT00022,MAT00022,P003,SL03,34.0,EA,2024-06-29,2024-05-28,,1000,4500000122,00010,,,0,
100,1000000123,00010,NB,B,,,N,B,R,,,102,BUYER01,2024-09-03,BUYER01,PR for material MAT00003,MAT00003,P001,SL01,395.0,EA,2024-10-01,2024-09-03,,1000,4500000123,00010,,,0,
100,1000000124,00010,NB,B,,,N,B,R,,,101,BUYER02,2024-02-23,BUYER02,PR for material MAT00005,MAT00005,P001,SL02,406.0,EA,2024-04-20,2024-02-23,,1000,4500000124,00010,,,0,
100,1000000124,00020,NB,B,,,N,B,R,,,100,BUYER02,2024-02-23,BUYER02,PR for material MAT00005,MAT00005,P001,SL02,406.0,EA,2024-04-20,2024-02-23,,1000,4500000124,00020,,,0,
100,1000000126,00010,NB,B,,,N,B,R,,,103,BUYER01,2024-06-29,BUYER01,PR for material MAT00018,MAT00018,P003,SL01,331.0,EA,2024-08-02,2024-06-29,,1000,4500000126,00010,,,0,
100,1000000126,00020,NB,B,,,N,B,R,,,100,BUYER01,2024-06-29,BUYER01,PR for material MAT00018,MAT00018,P003,SL01,331.0,EA,2024-08-02,2024-06-29,,1000,4500000126,00020,,,0,
100,1000000127,00010,NB,B,,,N,B,R,,,101,BUYER01,2024-09-09,BUYER01,PR for material MAT00014,MAT00014,P001,SL02,193.0,EA,2024-11-02,2024-09-09,,1000,4500000127,00010,,,0,
100,1000000127,00020,NB,B,,,N,B,R,,,100,BUYER01,2024-09-09,BUYER01,PR for material MAT00014,MAT00014,P001,SL02,193.0,EA,2024-11-02,2024-09-09,,1000,4500000127,00020,,,0,
100,1000000128,00010,NB,B,,,N,B,R,,,100,BUYER02,2024-03-28,BUYER02,PR for material MAT00012,MAT00012,P003,SL03,417.0,EA,2024-05-04,2024-03-28,,1000,4500000128,00010,,,0,
100,1000000129,00010,NB,B,,,N,B,R,,,103,BUYER01,2024-05-13,BUYER01,PR for material MAT00008,MAT00008,P003,SL01,484.0,EA,2024-06-20,2024-05-13,,1000,4500000129,00010,,,0,
100,1000000130,00010,NB,B,,,N,B,R,,,102,BUYER02,2024-02-29,BUYER02,PR for material MAT00010,MAT00010,P003,SL03,494.0,EA,2024-03-22,2024-02-29,,1000,4500000130,00010,,,0,
100,1000000131,00010,NB,B,,,N,B,R,,,101,BUYER02,2024-07-21,BUYER02,PR for material MAT00013,MAT00013,P002,SL02,357.0,EA,2024-08-12,2024-07-21,,1000,4500000131,00010,,,0,
100,1000000132,00010,NB,B,,,N,B,R,,,102,BUYER02,2024-04-07,BUYER02,PR for material MAT00009,MAT00009,P001,SL02,54.0,EA,2024-05-18,2024-04-07,,1000,4500000132,00010,,,0,
100,1000000133,00010,NB,B,,,N,B,R,,,101,BUYER01,2024-07-18,BUYER01,PR for material MAT00022,MAT00022,P002,SL01,36.0,EA,2024-08-25,2024-07-18,,1000,4500000133,00010,,,0,
100,1000000134,00010,NB,B,,,N,B,R,,,100,BUYER02,2024-05-24,BUYER02,PR for material MAT00015,MAT00015,P003,SL01,385.0,EA,2024-06-19,2024-05-24,,1000,4500000134,00010,,,0,
100,1000000136,00010,NB,B,,,N,B,R,,,103,BUYER03,2024-02-29,BUYER03,PR for material MAT00022,MAT00022,P001,SL03,348.0,EA,2024-03-21,2024-02-29,,1000,4500000136,00010,,,0,
100,1000000137,00010,NB,B,,,N,B,R,,,102,BUYER01,2024-03-03,BUYER01,PR for material MAT00010,MAT00010,P003,SL03,107.0,EA,2024-03-30,2024-03-03,,1000,4500000137,00010,,,0,
100,1000000138,00010,NB,B,,,N,B,R,,,100,BUYER01,2024-09-13,BUYER01,PR for material MAT00004,MAT00004,P001,SL03,261.0,EA,2024-10-04,2024-09-13,,1000,4500000138,00010,,,0,
100,1000000139,00010,NB,B,,,N,B,R,,,100,BUYER01,2024-04-01,BUYER01,PR for material MAT00005,MAT00005,P001,SL01,478.0,EA,2024-05-10,2024-04-01,,1000,4500000139,00010,,,0,
100,1000000141,00010,NB,B,,,N,B,R,,,102,BUYER01,2024-09-29,BUYER01,PR for material MAT00001,MAT00001,P001,SL02,287.0,EA,2024-11-25,2024-09-29,,1000,4500000141,00010,,,0,
100,1000000143,00010,NB,B,,,N,B,R,,,103,BUYER02,2024-06-22,BUYER02,PR for material MAT00015,MAT00015,P002,SL01,242.0,EA,2024-08-19,2024-06-22,,1000,4500000143,00010,,,0,
100,1000000144,00010,NB,B,,,N,B,R,,,101,BUYER03,2024-04-14,BUYER03,PR for material MAT00009,MAT00009,P003,SL02,203.0,EA,2024-05-07,2024-04-14,,1000,4500000144,00010,,,0,
100,1000000145,00010,NB,B,,,N,B,R,,,102,BUYER02,2024-04-02,BUYER02,PR for material MAT00023,MAT00023,P003,SL02,200.0,EA,2024-04-30,2024-04-02,,1000,4500000145,00010,,,0,
100,1000000146,00010,NB,B,,,N,B,R,,,101,BUYER03,2024-04-25,BUYER03,PR for material MAT00023,MAT00023,P003,SL02,360.0,EA,2024-05-24,2024-04-25,,1000,4500000146,00010,,,0,
100,1000000147,00010,NB,B,,,N,B,R,,,101,BUYER03,2024-09-28,BUYER03,PR for material MAT00001,MAT00001,P003,SL02,81.0,EA,2024-10-14,2024-09-28,,1000,4500000147,00010,,,0,
100,1000000148,00010,NB,B,,,N,B,R,,,100,BUYER01,2024-07-22,BUYER01,PR for material MAT00021,MAT00021,P003,SL03,400.0,EA,2024-09-08,2024-07-22,,1000,4500000148,00010,,,0,
100,1000000149,00010,NB,B,,,N,B,R,,,100,BUYER01,2024-04-14,BUYER01,PR for material MAT00019,MAT00019,P003,SL03,154.0,EA,2024-06-20,2024-04-14,,1000,4500000149,00010,,,0,
100,1000000150,00010,NB,B,,,N,B,R,,,102,BUYER01,2024-03-23,BUYER01,PR for material MAT00002,MAT00002,P002,SL02,389.0,EA,2024-05-17,2024-03-23,,1000,4500000150,00010,,,0,
100,1000000151,00010,NB,B,,,N,B,R,,,103,BUYER01,2024-06-22,BUYER01,PR for material MAT00022,MAT00022,P002,SL01,117.0,EA,2024-08-01,2024-06-22,,1000,4500000151,00010,,,0,
100,1000000152,00010,NB,B,,,N,B,R,,,100,BUYER03,2024-01-27,BUYER03,PR for material MAT00016,MAT00016,P002,SL03,167.0,EA,2024-03-25,2024-01-27,,1000,4500000152,00010,,,0,
100,1000000153,00010,NB,B,,,N,B,R,,,102,BUYER02,2024-04-05,BUYER02,PR for material MAT00002,MAT00002,P001,SL01,45.0,EA,2024-05-12,2024-04-05,,1000,4500000153,00010,,,0,
100,1000000154,00010,NB,B,,,N,B,R,,,100,BUYER01,2024-02-11,BUYER01,PR for material MAT00023,MAT00023,P003,SL03,152.0,EA,2024-03-31,2024-02-11,,1000,4500000154,00010,,,0,
100,1000000155,00010,NB,B,,,N,B,R,,,100,BUYER02,2024-07-14,BUYER02,PR for material MAT00022,MAT00022,P003,SL01,282.0,EA,2024-09-02,2024-07-14,,1000,4500000155,00010,,,0,
100,1000000156,00010,NB,B,,,N,B,R,,,103,BUYER01,2024-03-03,BUYER01,PR for material MAT00007,MAT00007,P001,SL01,288.0,EA,2024-04-30,2024-03-03,,1000,4500000156,00010,,,0,
100,1000000157,00010,NB,B,,,N,B,R,,,101,BUYER01,2024-06-15,BUYER01,PR for material MAT00007,MAT00007,P002,SL03,312.0,EA,2024-07-31,2024-06-15,,1000,4500000157,00010,,,0,
100,1000000158,00010,NB,B,,,N,B,R,,,101,BUYER02,2024-08-28,BUYER02,PR for material MAT00016,MAT00016,P001,SL03,160.0,EA,2024-10-07,2024-08-28,,1000,4500000158,00010,,,0,
100,1000000159,00010,NB,B,,,N,B,R,,,103,BUYER01,2024-04-22,BUYER01,PR for material MAT00019,MAT00019,P003,SL03,276.0,EA,2024-06-11,2024-04-22,,1000,4500000159,00010,,,0,
100,1000000159,00020,NB,B,,,N,B,R,,,101,BUYER01,2024-04-22,BUYER01,PR for material MAT00019,MAT00019,P003,SL03,276.0,EA,2024-06-11,2024-04-22,,1000,4500000159,00020,,,0,
100,1000000160,00010,NB,B,,,N,B,R,,,100,BUYER03,2024-04-26,BUYER03,PR for material MAT00002,MAT00002,P003,SL02,41.0,EA,2024-06-17,2024-04-26,,1000,4500000160,00010,,,0,
100,1000000161,00010,NB,B,,,N,B,R,,,100,BUYER03,2024-04-03,BUYER03,PR for material MAT00019,MAT00019,P002,SL03,189.0,EA,2024-06-01,2024-04-03,,1000,4500000161,00010,,,0,
100,1000000162,00010,NB,B,,,N,B,R,,,100,BUYER01,2024-09-24,BUYER01,PR for material MAT00003,MAT00003,P002,SL01,84.0,EA,2024-10-31,2024-09-24,,1000,4500000162,00010,,,0,
100,1000000163,00010,NB,B,,,N,B,R,,,101,BUYER01,2024-09-23,BUYER01,PR for material MAT00005,MAT00005,P001,SL03,37.0,EA,2024-11-13,2024-09-23,,1000,4500000163,00010,,,0,
100,1000000164,00010,NB,B,,,N,B,R,,,100,BUYER02,2024-09-22,BUYER02,PR for material MAT00020,MAT00020,P003,SL01,346.0,EA,2024-10-19,2024-09-22,,1000,4500000164,00010,,,0,
100,1000000165,00010,NB,B,,,N,B,R,,,103,BUYER03,2024-09-07,BUYER03,PR for material MAT00003,MAT00003,P003,SL01,274.0,EA,2024-10-05,2024-09-07,,1000,4500000165,00010,,,0,
100,1000000166,00010,NB,B,,,N,B,R,,,103,BUYER03,2024-05-14,BUYER03,PR for material MAT00005,MAT00005,P003,SL01,149.0,EA,2024-06-15,2024-05-14,,1000,4500000166,00010,,,0,
100,1000000167,00010,NB,B,,,N,B,R,,,101,BUYER02,2024-08-08,BUYER02,PR for material MAT00009,MAT00009,P003,SL03,145.0,EA,2024-09-19,2024-08-08,,1000,4500000167,00010,,,0,
100,1000000168,00010,NB,B,,,N,B,R,,,102,BUYER02,2024-08-20,BUYER02,PR for material MAT00008,MAT00008,P003,SL01,59.0,EA,2024-10-24,2024-08-20,,1000,4500000168,00010,,,0,
100,1000000169,00010,NB,B,,,N,B,R,,,101,BUYER01,2024-09-27,BUYER01,PR for material MAT00020,MAT00020,P003,SL02,38.0,EA,2024-11-28,2024-09-27,,1000,4500000169,00010,,,0,
100,1000000169,00020,NB,B,,,N,B,R,,,103,BUYER01,2024-09-27,BUYER01,PR for material MAT00020,MAT00020,P003,SL02,38.0,EA,2024-11-28,2024-09-27,,1000,4500000169,00020,,,0,
100,1000000170,00010,NB,B,,,N,B,R,,,102,BUYER03,2024-04-29,BUYER03,PR for material MAT00009,MAT00009,P003,SL02,466.0,EA,2024-05-30,2024-04-29,,1000,4500000170,00010,,,0,
100,1000000171,00010,NB,B,,,N,B,R,,,103,BUYER03,2024-09-08,BUYER03,PR for material MAT00013,MAT00013,P002,SL03,176.0,EA,2024-10-14,2024-09-08,,1000,4500000171,00010,,,0,
100,1000000173,00010,NB,B,,,N,B,R,,,103,BUYER02,2024-07-05,BUYER02,PR for material MAT00008,MAT00008,P001,SL01,461.0,EA,2024-07-27,2024-07-05,,1000,4500000173,00010,,,0,
100,1000000173,00020,NB,B,,,N,B,R,,,100,BUYER02,2024-07-05,BUYER02,PR for material MAT00008,MAT00008,P001,SL01,461.0,EA,2024-07-27,2024-07-05,,1000,4500000173,00020,,,0,
100,1000000175,00010,NB,B,,,N,B,R,,,101,BUYER01,2024-05-22,BUYER01,PR for material MAT00004,MAT00004,P003,SL01,222.0,EA,2024-06-27,2024-05-22,,1000,4500000175,00010,,,0,
100,1000000177,00010,NB,B,,,N,B,R,,,100,BUYER03,2024-07-04,BUYER03,PR for material MAT00010,MAT00010,P003,SL03,249.0,EA,2024-09-02,2024-07-04,,1000,4500000177,00010,,,0,
100,1000000178,00010,NB,B,,,N,B,R,,,103,BUYER01,2024-06-13,BUYER01,PR for material MAT00008,MAT00008,P001,SL01,358.0,EA,2024-08-10,2024-06-13,,1000,4500000178,00010,,,0,
100,1000000179,00010,NB,B,,,N,B,R,,,100,BUYER03,2024-03-30,BUYER03,PR for material MAT00007,MAT00007,P003,SL03,41.0,EA,2024-04-23,2024-03-30,,1000,4500000179,00010,,,0,
100,1000000180,00010,NB,B,,,N,B,R,,,102,BUYER01,2024-03-09,BUYER01,PR for material MAT00021,MAT00021,P003,SL02,94.0,EA,2024-04-27,2024-03-09,,1000,4500000180,00010,,,0,
100,1000000181,00010,NB,B,,,N,B,R,,,103,BUYER03,2024-09-07,BUYER03,PR for material MAT00012,MAT00012,P002,SL03,54.0,EA,2024-10-10,2024-09-07,,1000,4500000181,00010,,,0,
100,1000000181,00020,NB,B,,,N,B,R,,,102,BUYER03,2024-09-07,BUYER03,PR for material MAT00012,MAT00012,P002,SL03,54.0,EA,2024-10-10,2024-09-07,,1000,4500000181,00020,,,0,
100,1000000182,00010,NB,B,,,N,B,R,,,102,BUYER01,2024-04-26,BUYER01,PR for material MAT00013,MAT00013,P003,SL03,316.0,EA,2024-05-18,2024-04-26,,1000,4500000182,00010,,,0,
100,1000000184,00010,NB,B,,,N,B,R,,,103,BUYER02,2024-02-15,BUYER02,PR for material MAT00011,MAT00011,P002,SL02,141.0,EA,2024-03-16,2024-02-15,,1000,4500000184,00010,,,0,
100,1000000185,00010,NB,B,,,N,B,R,,,101,BUYER01,2024-04-20,BUYER01,PR for material MAT00017,MAT00017,P002,SL03,481.0,EA,2024-06-01,2024-04-20,,1000,4500000185,00010,,,0,
100,1000000186,00010,NB,B,,,N,B,R,,,103,BUYER02,2024-03-06,BUYER02,PR for material MAT00019,MAT00019,P001,SL01,485.0,EA,2024-04-08,2024-03-06,,1000,4500000186,00010,,,0,
100,1000000187,00010,NB,B,,,N,B,R,,,103,BUYER02,2024-09-10,BUYER02,PR for material MAT00005,MAT00005,P003,SL01,396.0,EA,2024-10-16,2024-09-10,,1000,4500000187,00010,,,0,
100,1000000188,00010,NB,B,,,N,B,R,,,101,BUYER01,2024-08-31,BUYER01,PR for material MAT00011,MAT00011,P003,SL01,282.0,EA,2024-10-25,2024-08-31,,1000,4500000188,00010,,,0,
100,1000000189,00010,NB,B,,,N,B,R,,,102,BUYER03,2024-07-21,BUYER03,PR for material MAT00022,MAT00022,P001,SL02,254.0,EA,2024-09-08,2024-07-21,,1000,4500000189,00010,,,0,
100,1000000190,00010,NB,B,,,N,B,R,,,101,BUYER02,2024-07-10,BUYER02,PR for material MAT00002,MAT00002,P003,SL02,45.0,EA,2024-09-02,2024-07-10,,1000,4500000190,00010,,,0,
100,1000000191,00010,NB,B,,,N,B,R,,,101,BUYER01,2024-04-24,BUYER01,PR for material MAT00003,MAT00003,P003,SL01,365.0,EA,2024-05-19,2024-04-24,,1000,4500000191,00010,,,0,
100,1000000191,00020,NB,B,,,N,B,R,,,101,BUYER01,2024-04-24,BUYER01,PR for material MAT00003,MAT00003,P003,SL01,365.0,EA,2024-05-19,2024-04-24,,1000,4500000191,00020,,,0,
100,1000000192,00010,NB,B,,,N,B,R,,,103,BUYER02,2024-04-23,BUYER02,PR for material MAT00019,MAT00019,P003,SL02,135.0,EA,2024-06-15,2024-04-23,,1000,4500000192,00010,,,0,
100,1000000193,00010,NB,B,,,N,B,R,,,101,BUYER03,2024-01-24,BUYER03,PR for material MAT00004,MAT00004,P002,SL03,78.0,EA,2024-03-04,2024-01-24,,1000,4500000193,00010,,,0,
100,1000000195,00010,NB,B,,,N,B,R,,,100,BUYER01,2024-01-30,BUYER01,PR for material MAT00005,MAT00005,P002,SL03,486.0,EA,2024-04-05,2024-01-30,,1000,4500000195,00010,,,0,
100,1000000196,00010,NB,B,,,N,B,R,,,101,BUYER02,2024-04-15,BUYER02,PR for material MAT00016,MAT00016,P003,SL01,290.0,EA,2024-05-28,2024-04-15,,1000,4500000196,00010,,,0,
100,1000000197,00010,NB,B,,,N,B,R,,,101,BUYER03,2024-08-18,BUYER03,PR for material MAT00012,MAT00012,P001,SL02,32.0,EA,2024-09-15,2024-08-18,,1000,4500000197,00010,,,0,
100,1000000198,00010,NB,B,,,N,B,R,,,101,BUYER02,2024-09-28,BUYER02,PR for material MAT00007,MAT00007,P001,SL03,247.0,EA,2024-11-04,2024-09-28,,1000,4500000198,00010,,,0,
100,1000000199,00010,NB,B,,,N,B,R,,,103,BUYER02,2024-05-22,BUYER02,PR for material MAT00013,MAT00013,P003,SL01,433.0,EA,2024-07-23,2024-05-22,,1000,4500000199,00010,,,0,
100,1000000200,00010,NB,B,,,N,B,R,,,102,BUYER03,2024-06-09,BUYER03,PR for material MAT00017,MAT00017,P001,SL01,375.0,EA,2024-07-27,2024-06-09,,1000,4500000200,00010,,,0,
100,1000000201,00010,NB,B,,,N,B,R,,,101,BUYER03,2024-07-24,BUYER03,PR for material MAT00011,MAT00011,P002,SL01,368.0,EA,2024-08-21,2024-07-24,,1000,4500000201,00010,,,0,
100,1000000202,00010,NB,B,,,N,B,R,,,101,BUYER03,2024-09-29,BUYER03,PR for material MAT00010,MAT00010,P003,SL01,81.0,EA,2024-11-11,2024-09-29,,1000,4500000202,00010,,,0,
100,1000000203,00010,NB,B,,,N,B,R,,,102,BUYER03,2024-02-28,BUYER03,PR for material MAT00007,MAT00007,P003,SL02,384.0,EA,2024-03-26,2024-02-28,,1000,4500000203,00010,,,0,
100,1000000204,00010,NB,B,,,N,B,R,,,100,BUYER02,2024-03-15,BUYER02,PR for material MAT00016,MAT00016,P001,SL02,26.0,EA,2024-04-12,2024-03-15,,1000,4500000204,00010,,,0,
100,1000000204,00020,NB,B,,,N,B,R,,,102,BUYER02,2024-03-15,BUYER02,PR for material MAT00016,MAT00016,P001,SL02,26.0,EA,2024-04-12,2024-03-15,,1000,4500000204,00020,,,0,
100,1000000205,00010,NB,B,,,N,B,R,,,102,BUYER03,2024-01-30,BUYER03,PR for material MAT00017,MAT00017,P001,SL03,205.0,EA,2024-03-04,2024-01-30,,1000,4500000205,00010,,,0,
100,1000000206,00010,NB,B,,,N,B,R,,,101,BUYER03,2024-06-18,BUYER03,PR for material MAT00014,MAT00014,P003,SL01,232.0,EA,2024-07-07,2024-06-18,,1000,4500000206,00010,,,0,
100,1000000206,00020,NB,B,,,N,B,R,,,103,BUYER03,2024-06-18,BUYER03,PR for material MAT00014,MAT00014,P003,SL01,232.0,EA,2024-07-07,2024-06-18,,1000,4500000206,00020,,,0,
100,1000000207,00010,NB,B,,,N,B,R,,,101,BUYER01,2024-06-10,BUYER01,PR for material MAT00014,MAT00014,P001,SL01,481.0,EA,2024-08-12,2024-06-10,,1000,4500000207,00010,,,0,
100,1000000208,00010,NB,B,,,N,B,R,,,101,BUYER02,2024-01-08,BUYER02,PR for material MAT00003,MAT00003,P002,SL02,314.0,EA,2024-02-28,2024-01-08,,1000,4500000208,00010,,,0,
100,1000000208,00020,NB,B,,,N,B,R,,,100,BUYER02,2024-01-08,BUYER02,PR for material MAT00003,MAT00003,P002,SL02,314.0,EA,2024-02-28,2024-01-08,,1000,4500000208,00020,,,0,
100,1000000209,00010,NB,B,,,N,B,R,,,101,BUYER01,2024-02-08,BUYER01,PR for material MAT00013,MAT00013,P002,SL02,280.0,EA,2024-03-27,2024-02-08,,1000,4500000209,00010,,,0,
100,1000000210,00010,NB,B,,,N,B,R,,,101,BUYER03,2024-06-15,BUYER03,PR for material MAT00014,MAT00014,P001,SL02,498.0,EA,2024-08-04,2024-06-15,,1000,4500000210,00010,,,0,
100,1000000210,00020,NB,B,,,N,B,R,,,103,BUYER03,2024-06-15,BUYER03,PR for material MAT00014,MAT00014,P001,SL02,498.0,EA,2024-08-04,2024-06-15,,1000,4500000210,00020,,,0,
100,1000000211,00010,NB,B,,,N,B,R,,,100,BUYER01,2024-03-03,BUYER01,PR for material MAT00001,MAT00001,P002,SL02,204.0,EA,2024-04-13,2024-03-03,,1000,4500000211,00010,,,0,
100,1000000212,00010,NB,B,,,N,B,R,,,100,BUYER03,2024-09-27,BUYER03,PR for material MAT00002,MAT00002,P002,SL02,342.0,EA,2024-11-19,2024-09-27,,1000,4500000212,00010,,,0,
100,1000000213,00010,NB,B,,,N,B,R,,,102,BUYER03,2024-03-04,BUYER03,PR for material MAT00020,MAT00020,P003,SL02,430.0,EA,2024-04-13,2024-03-04,,1000,4500000213,00010,,,0,
100,1000000215,00010,NB,B,,,N,B,R,,,102,BUYER01,2024-09-27,BUYER01,PR for material MAT00004,MAT00004,P002,SL02,163.0,EA,2024-11-29,2024-09-27,,1000,4500000215,00010,,,0,
100,1000000217,00010,NB,B,,,N,B,R,,,101,BUYER01,2024-06-11,BUYER01,PR for material MAT00015,MAT00015,P003,SL02,386.0,EA,2024-08-11,2024-06-11,,1000,4500000217,00010,,,0,
100,1000000218,00010,NB,B,,,N,B,R,,,101,BUYER01,2024-08-28,BUYER01,PR for material MAT00016,MAT00016,P002,SL01,386.0,EA,2024-09-28,2024-08-28,,1000,4500000218,00010,,,0,
100,1000000219,00010,NB,B,,,N,B,R,,,102,BUYER01,2024-04-20,BUYER01,PR for material MAT00011,MAT00011,P002,SL02,221.0,EA,2024-06-24,2024-04-20,,1000,4500000219,00010,,,0,
100,1000000220,00010,NB,B,,,N,B,R,,,100,BUYER03,2024-02-05,BUYER03,PR for material MAT00021,MAT00021,P002,SL02,78.0,EA,2024-03-04,2024-02-05,,1000,4500000220,00010,,,0,
100,1000000220,00020,NB,B,,,N,B,R,,,101,BUYER03,2024-02-05,BUYER03,PR for material MAT00021,MAT00021,P002,SL02,78.0,EA,2024-03-04,2024-02-05,,1000,4500000220,00020,,,0,
100,1000000221,00010,NB,B,,,N,B,R,,,102,BUYER01,2024-05-28,BUYER01,PR for material MAT00004,MAT00004,P003,SL03,222.0,EA,2024-06-19,2024-05-28,,1000,4500000221,00010,,,0,
100,1000000222,00010,NB,B,,,N,B,R,,,103,BUYER02,2024-01-10,BUYER02,PR for material MAT00005,MAT00005,P001,SL02,81.0,EA,2024-03-06,2024-01-10,,1000,4500000222,00010,,,0,
100,1000000223,00010,NB,B,,,N,B,R,,,100,BUYER03,2024-09-17,BUYER03,PR for material MAT00008,MAT00008,P001,SL03,292.0,EA,2024-10-30,2024-09-17,,1000,4500000223,00010,,,0,
100,1000000224,00010,NB,B,,,N,B,R,,,103,BUYER01,2024-06-12,BUYER01,PR for material MAT00022,MAT00022,P002,SL03,272.0,EA,2024-07-04,2024-06-12,,1000,4500000224,00010,,,0,
100,1000000224,00020,NB,B,,,N,B,R,,,103,BUYER01,2024-06-12,BUYER01,PR for material MAT00022,MAT00022,P002,SL03,272.0,EA,2024-07-04,2024-06-12,,1000,4500000224,00020,,,0,
100,1000000225,00010,NB,B,,,N,B,R,,,101,BUYER01,2024-01-12,BUYER01,PR for material MAT00009,MAT00009,P003,SL02,96.0,EA,2024-02-08,2024-01-12,,1000,4500000225,00010,,,0,
100,1000000226,00010,NB,B,,,N,B,R,,,101,BUYER01,2024-06-29,BUYER01,PR for material MAT00007,MAT00007,P003,SL02,380.0,EA,2024-08-24,2024-06-29,,1000,4500000226,00010,,,0,
100,1000000226,00020,NB,B,,,N,B,R,,,103,BUYER01,2024-06-29,BUYER01,PR for material MAT00007,MAT00007,P003,SL02,380.0,EA,2024-08-24,2024-06-29,,1000,4500000226,00020,,,0,
100,1000000227,00010,NB,B,,,N,B,R,,,101,BUYER02,2024-05-14,BUYER02,PR for material MAT00004,MAT00004,P002,SL02,236.0,EA,2024-07-10,2024-05-14,,1000,4500000227,00010,,,0,
100,1000000228,00010,NB,B,,,N,B,R,,,101,BUYER03,2024-01-17,BUYER03,PR for material MAT00002,MAT00002,P002,SL02,470.0,EA,2024-02-10,2024-01-17,,1000,4500000228,00010,,,0,
100,1000000230,00010,NB,B,,,N,B,R,,,103,BUYER02,2024-01-05,BUYER02,PR for material MAT00021,MAT00021,P001,SL02,141.0,EA,2024-03-02,2024-01-05,,1000,4500000230,00010,,,0,
100,1000000231,00010,NB,B,,,N,B,R,,,102,BUYER02,2024-06-08,BUYER02,PR for material MAT00011,MAT00011,P001,SL03,499.0,EA,2024-06-29,2024-06-08,,1000,4500000231,00010,,,0,
100,1000000231,00020,NB,B,,,N,B,R,,,102,BUYER02,2024-06-08,BUYER02,PR for material MAT00011,MAT00011,P001,SL03,499.0,EA,2024-06-29,2024-06-08,,1000,4500000231,00020,,,0,
100,1000000232,00010,NB,B,,,N,B,R,,,100,BUYER03,2024-08-22,BUYER03,PR for material MAT00018,MAT00018,P003,SL02,37.0,EA,2024-09-08,2024-08-22,,1000,4500000232,00010,,,0,
100,1000000233,00010,NB,B,,,N,B,R,,,103,BUYER01,2024-04-01,BUYER01,PR for material MAT00020,MAT00020,P002,SL01,411.0,EA,2024-05-29,2024-04-01,,1000,4500000233,00010,,,0,
100,1000000234,00010,NB,B,,,N,B,R,,,100,BUYER01,2024-03-31,BUYER01,PR for material MAT00014,MAT00014,P001,SL02,91.0,EA,2024-05-13,2024-03-31,,1000,4500000234,00010,,,0,
100,1000000236,00010,NB,B,,,N,B,R,,,103,BUYER03,2024-04-20,BUYER03,PR for material MAT00021,MAT00021,P003,SL01,65.0,EA,2024-05-10,2024-04-20,,1000,4500000236,00010,,,0,
100,1000000236,00020,NB,B,,,N,B,R,,,103,BUYER03,2024-04-20,BUYER03,PR for material MAT00021,MAT00021,P003,SL01,65.0,EA,2024-05-10,2024-04-20,,1000,4500000236,00020,,,0,
100,1000000237,00010,NB,B,,,N,B,R,,,101,BUYER02,2024-04-15,BUYER02,PR for material MAT00014,MAT00014,P003,SL03,123.0,EA,2024-06-17,2024-04-15,,1000,4500000237,00010,,,0,
100,1000000238,00010,NB,B,,,N,B,R,,,101,BUYER03,2024-03-14,BUYER03,PR for material MAT00012,MAT00012,P002,SL01,320.0,EA,2024-05-17,2024-03-14,,1000,4500000238,00010,,,0,
100,1000000239,00010,NB,B,,,N,B,R,,,101,BUYER02,2024-05-01,BUYER02,PR for material MAT00019,MAT00019,P003,SL01,266.0,EA,2024-06-11,2024-05-01,,1000,4500000239,00010,,,0,
100,1000000239,00020,NB,B,,,N,B,R,,,103,BUYER02,2024-05-01,BUYER02,PR for material MAT00019,MAT00019,P003,SL01,266.0,EA,2024-06-11,2024-05-01,,1000,4500000239,00020,,,0,
100,1000000240,00010,NB,B,,,N,B,R,,,103,BUYER03,2024-03-12,BUYER03,PR for material MAT00007,MAT00007,P001,SL03,327.0,EA,2024-04-16,2024-03-12,,1000,4500000240,00010,,,0,
100,1000000241,00010,NB,B,,,N,B,R,,,102,BUYER03,2024-02-10,BUYER03,PR for material MAT00021,MAT00021,P002,SL03,270.0,EA,2024-04-12,2024-02-10,,1000,4500000241,00010,,,0,
100,1000000242,00010,NB,B,,,N,B,R,,,101,BUYER03,2024-05-06,BUYER03,PR for material MAT00011,MAT00011,P003,SL01,244.0,EA,2024-06-01,2024-05-06,,1000,4500000242,00010,,,0,
100,1000000242,00020,NB,B,,,N,B,R,,,101,BUYER03,2024-05-06,BUYER03,PR for material MAT00011,MAT00011,P003,SL01,244.0,EA,2024-06-01,2024-05-06,,1000,4500000242,00020,,,0,
100,1000000243,00010,NB,B,,,N,B,R,,,101,BUYER01,2024-07-23,BUYER01,PR for material MAT00003,MAT00003,P001,SL02,64.0,EA,2024-08-26,2024-07-23,,1000,4500000243,00010,,,0,
100,1000000244,00010,NB,B,,,N,B,R,,,102,BUYER02,2024-09-27,BUYER02,PR for material MAT00008,MAT00008,P001,SL01,294.0,EA,2024-11-07,2024-09-27,,1000,4500000244,00010,,,0,
100,1000000245,00010,NB,B,,,N,B,R,,,102,BUYER02,2024-07-03,BUYER02,PR for material MAT00005,MAT00005,P002,SL02,313.0,EA,2024-08-18,2024-07-03,,1000,4500000245,00010,,,0,
100,1000000246,00010,NB,B,,,N,B,R,,,100,BUYER03,2024-03-20,BUYER03,PR for material MAT00012,MAT00012,P003,SL01,488.0,EA,2024-05-04,2024-03-20,,1000,4500000246,00010,,,0,
100,1000000247,00010,NB,B,,,N,B,R,,,100,BUYER03,2024-03-20,BUYER03,PR for material MAT00019,MAT00019,P002,SL02,454.0,EA,2024-05-16,2024-03-20,,1000,4500000247,00010,,,0,
100,1000000248,00010,NB,B,,,N,B,R,,,103,BUYER01,2024-09-30,BUYER01,PR for material MAT00019,MAT00019,P003,SL03,21.0,EA,2024-11-02,2024-09-30,,1000,4500000248,00010,,,0,
100,1000000248,00020,NB,B,,,N,B,R,,,100,BUYER01,2024-09-30,BUYER01,PR for material MAT00019,MAT00019,P003,SL03,21.0,EA,2024-11-02,2024-09-30,,1000,4500000248,00020,,,0,
100,1000000249,00010,NB,B,,,N,B,R,,,103,BUYER02,2024-03-16,BUYER02,PR for material MAT00014,MAT00014,P002,SL01,52.0,EA,2024-05-13,2024-03-16,,1000,4500000249,00010,,,0,
100,1000000250,00010,NB,B,,,N,B,R,,,103,BUYER01,2024-09-12,BUYER01,PR for material MAT00010,MAT00010,P001,SL01,297.0,EA,2024-10-16,2024-09-12,,1000,4500000250,00010,,,0,
100,1000000251,00010,NB,B,,,N,B,R,,,102,BUYER02,2024-03-06,BUYER02,PR for material MAT00001,MAT00001,P003,SL03,497.0,EA,2024-04-13,2024-03-06,,1000,4500000251,00010,,,0,
100,1000000252,00010,NB,B,,,N,B,R,,,101,BUYER01,2024-07-05,BUYER01,PR for material MAT00021,MAT00021,P002,SL02,270.0,EA,2024-08-07,2024-07-05,,1000,4500000252,00010,,,0,
100,1000000253,00010,NB,B,,,N,B,R,,,101,BUYER01,2024-09-09,BUYER01,PR for material MAT00012,MAT00012,P001,SL01,60.0,EA,2024-10-18,2024-09-09,,1000,4500000253,00010,,,0,
100,1000000254,00010,NB,B,,,N,B,R,,,101,BUYER02,2024-06-08,BUYER02,PR for material MAT00006,MAT00006,P003,SL03,73.0,EA,2024-06-30,2024-06-08,,1000,4500000254,00010,,,0,
100,1000000255,00010,NB,B,,,N,B,R,,,100,BUYER01,2024-03-05,BUYER01,PR for material MAT00016,MAT00016,P001,SL01,158.0,EA,2024-03-24,2024-03-05,,1000,4500000255,00010,,,0,
100,1000000256,00010,NB,B,,,N,B,R,,,101,BUYER03,2024-02-08,BUYER03,PR for material MAT00017,MAT00017,P003,SL03,17.0,EA,2024-03-31,2024-02-08,,1000,4500000256,00010,,,0,
100,1000000257,00010,NB,B,,,N,B,R,,,102,BUYER01,2024-06-13,BUYER01,PR for material MAT00004,MAT00004,P003,SL01,265.0,EA,2024-07-27,2024-06-13,,1000,4500000257,00010,,,0,
100,1000000259,00010,NB,B,,,N,B,R,,,103,BUYER01,2024-04-16,BUYER01,PR for material MAT00011,MAT00011,P001,SL02,124.0,EA,2024-05-30,2024-04-16,,1000,4500000259,00010,,,0,
100,1000000260,00010,NB,B,,,N,B,R,,,101,BUYER01,2024-09-16,BUYER01,PR for material MAT00003,MAT00003,P001,SL03,197.0,EA,2024-10-07,2024-09-16,,1000,4500000260,00010,,,0,
100,1000000261,00010,NB,B,,,N,B,R,,,100,BUYER03,2024-03-05,BUYER03,PR for material MAT00014,MAT00014,P003,SL01,428.0,EA,2024-04-20,2024-03-05,,1000,4500000261,00010,,,0,
100,1000000262,00010,NB,B,,,N,B,R,,,103,BUYER03,2024-03-25,BUYER03,PR for material MAT00016,MAT00016,P002,SL03,139.0,EA,2024-04-16,2024-03-25,,1000,4500000262,00010,,,0,
100,1000000263,00010,NB,B,,,N,B,R,,,100,BUYER02,2024-05-09,BUYER02,PR for material MAT00022,MAT00022,P002,SL02,163.0,EA,2024-06-09,2024-05-09,,1000,4500000263,00010,,,0,
100,1000000263,00020,NB,B,,,N,B,R,,,102,BUYER02,2024-05-09,BUYER02,PR for material MAT00022,MAT00022,P002,SL02,163.0,EA,2024-06-09,2024-05-09,,1000,4500000263,00020,,,0,
100,1000000264,00010,NB,B,,,N,B,R,,,100,BUYER02,2024-06-06,BUYER02,PR for material MAT00006,MAT00006,P003,SL03,254.0,EA,2024-07-20,2024-06-06,,1000,4500000264,00010,,,0,
100,1000000264,00020,NB,B,,,N,B,R,,,101,BUYER02,2024-06-06,BUYER02,PR for material MAT00006,MAT00006,P003,SL03,254.0,EA,2024-07-20,2024-06-06,,1000,4500000264,00020,,,0,
100,1000000265,00010,NB,B,,,N,B,R,,,101,BUYER03,2024-07-28,BUYER03,PR for material MAT00014,MAT00014,P003,SL02,232.0,EA,2024-09-22,2024-07-28,,1000,4500000265,00010,,,0,
100,1000000266,00010,NB,B,,,N,B,R,,,102,BUYER02,2024-04-16,BUYER02,PR for material MAT00017,MAT00017,P003,SL03,128.0,EA,2024-06-01,2024-04-16,,1000,4500000266,00010,,,0,
100,1000000267,00010,NB,B,,,N,B,R,,,103,BUYER01,2024-05-09,BUYER01,PR for material MAT00001,MAT00001,P001,SL01,248.0,EA,2024-06-18,2024-05-09,,1000,4500000267,00010,,,0,
100,1000000268,00010,NB,B,,,N,B,R,,,100,BUYER02,2024-06-05,BUYER02,PR for material MAT00011,MAT00011,P001,SL01,449.0,EA,2024-06-30,2024-06-05,,1000,4500000268,00010,,,0,
100,1000000269,00010,NB,B,,,N,B,R,,,103,BUYER02,2024-08-08,BUYER02,PR for material MAT00008,MAT00008,P002,SL03,96.0,EA,2024-09-02,2024-08-08,,1000,4500000269,00010,,,0,
100,1000000270,00010,NB,B,,,N,B,R,,,100,BUYER01,2024-01-15,BUYER01,PR for material MAT00010,MAT00010,P002,SL02,422.0,EA,2024-03-13,2024-01-15,,1000,4500000270,00010,,,0,
100,1000000270,00020,NB,B,,,N,B,R,,,101,BUYER01,2024-01-15,BUYER01,PR for material MAT00010,MAT00010,P002,SL02,422.0,EA,2024-03-13,2024-01-15,,1000,4500000270,00020,,,0,
100,1000000271,00010,NB,B,,,N,B,R,,,100,BUYER02,2024-08-08,BUYER02,PR for material MAT00011,MAT00011,P002,SL03,89.0,EA,2024-09-04,2024-08-08,,1000,4500000271,00010,,,0,
100,1000000272,00010,NB,B,,,N,B,R,,,101,BUYER03,2024-03-25,BUYER03,PR for material MAT00004,MAT00004,P002,SL02,485.0,EA,2024-05-13,2024-03-25,,1000,4500000272,00010,,,0,
100,1000000273,00010,NB,B,,,N,B,R,,,101,BUYER01,2024-07-16,BUYER01,PR for material MAT00013,MAT00013,P002,SL02,20.0,EA,2024-09-11,2024-07-16,,1000,4500000273,00010,,,0,
100,1000000275,00010,NB,B,,,N,B,R,,,100,BUYER01,2024-04-22,BUYER01,PR for material MAT00022,MAT00022,P002,SL03,217.0,EA,2024-06-05,2024-04-22,,1000,4500000275,00010,,,0,
100,1000000276,00010,NB,B,,,N,B,R,,,102,BUYER01,2024-03-31,BUYER01,PR for material MAT00009,MAT00009,P003,SL01,440.0,EA,2024-05-20,2024-03-31,,1000,4500000276,00010,,,0,
100,1000000276,00020,NB,B,,,N,B,R,,,103,BUYER01,2024-03-31,BUYER01,PR for material MAT00009,MAT00009,P003,SL01,440.0,EA,2024-05-20,2024-03-31,,1000,4500000276,00020,,,0,
100,1000000277,00010,NB,B,,,N,B,R,,,103,BUYER01,2024-05-17,BUYER01,PR for material MAT00016,MAT00016,P001,SL01,224.0,EA,2024-07-17,2024-05-17,,1000,4500000277,00010,,,0,
100,1000000278,00010,NB,B,,,N,B,R,,,100,BUYER01,2024-04-22,BUYER01,PR for material MAT00019,MAT00019,P003,SL03,386.0,EA,2024-05-11,2024-04-22,,1000,4500000278,00010,,,0,
100,1000000280,00010,NB,B,,,N,B,R,,,101,BUYER01,2024-04-20,BUYER01,PR for material MAT00001,MAT00001,P001,SL02,207.0,EA,2024-05-30,2024-04-20,,1000,4500000280,00010,,,0,
100,1000000281,00010,NB,B,,,N,B,R,,,100,BUYER02,2024-08-08,BUYER02,PR for material MAT00003,MAT00003,P002,SL02,101.0,EA,2024-09-21,2024-08-08,,1000,4500000281,00010,,,0,
100,1000000281,00020,NB,B,,,N,B,R,,,100,BUYER02,2024-08-08,BUYER02,PR for material MAT00003,MAT00003,P002,SL02,101.0,EA,2024-09-21,2024-08-08,,1000,4500000281,00020,,,0,
100,1000000282,00010,NB,B,,,N,B,R,,,100,BUYER02,2024-05-13,BUYER02,PR for material MAT00022,MAT00022,P002,SL01,50.0,EA,2024-06-15,2024-05-13,,1000,4500000282,00010,,,0,
100,1000000283,00010,NB,B,,,N,B,R,,,100,BUYER03,2024-04-08,BUYER03,PR for material MAT00007,MAT00007,P002,SL02,437.0,EA,2024-05-31,2024-04-08,,1000,4500000283,00010,,,0,
100,1000000283,00020,NB,B,,,N,B,R,,,100,BUYER03,2024-04-08,BUYER03,PR for material MAT00007,MAT00007,P002,SL02,437.0,EA,2024-05-31,2024-04-08,,1000,4500000283,00020,,,0,
100,1000000284,00010,NB,B,,,N,B,R,,,100,BUYER01,2024-04-11,BUYER01,PR for material MAT00021,MAT00021,P003,SL01,237.0,EA,2024-05-15,2024-04-11,,1000,4500000284,00010,,,0,
100,1000000285,00010,NB,B,,,N,B,R,,,102,BUYER02,2024-08-13,BUYER02,PR for material MAT00004,MAT00004,P001,SL02,294.0,EA,2024-10-01,2024-08-13,,1000,4500000285,00010,,,0,
100,1000000286,00010,NB,B,,,N,B,R,,,101,BUYER02,2024-09-14,BUYER02,PR for material MAT00004,MAT00004,P003,SL02,230.0,EA,2024-11-13,2024-09-14,,1000,4500000286,00010,,,0,
100,1000000288,00010,NB,B,,,N,B,R,,,100,BUYER01,2024-03-26,BUYER01,PR for material MAT00012,MAT00012,P001,SL02,405.0,EA,2024-05-13,2024-03-26,,1000,4500000288,00010,,,0,
100,1000000289,00010,NB,B,,,N,B,R,,,100,BUYER01,2024-01-30,BUYER01,PR for material MAT00023,MAT00023,P003,SL03,380.0,EA,2024-03-17,2024-01-30,,1000,4500000289,00010,,,0,
100,1000000290,00010,NB,B,,,N,B,R,,,100,BUYER03,2024-03-15,BUYER03,PR for material MAT00011,MAT00011,P001,SL01,485.0,EA,2024-04-11,2024-03-15,,1000,4500000290,00010,,,0,
100,1000000291,00010,NB,B,,,N,B,R,,,102,BUYER01,2024-03-15,BUYER01,PR for material MAT00008,MAT00008,P001,SL03,460.0,EA,2024-05-02,2024-03-15,,1000,4500000291,00010,,,0,
100,1000000292,00010,NB,B,,,N,B,R,,,102,BUYER01,2024-02-03,BUYER01,PR for material MAT00019,MAT00019,P003,SL03,334.0,EA,2024-04-08,2024-02-03,,1000,4500000292,00010,,,0,
100,1000000292,00020,NB,B,,,N,B,R,,,103,BUYER01,2024-02-03,BUYER01,PR for material MAT00019,MAT00019,P003,SL03,334.0,EA,2024-04-08,2024-02-03,,1000,4500000292,00020,,,0,
100,1000000293,00010,NB,B,,,N,B,R,,,101,BUYER03,2024-05-29,BUYER03,PR for material MAT00017,MAT00017,P003,SL03,280.0,EA,2024-06-19,2024-05-29,,1000,4500000293,00010,,,0,
100,1000000294,00010,NB,B,,,N,B,R,,,101,BUYER01,2024-01-07,BUYER01,PR for material MAT00010,MAT00010,P003,SL01,405.0,EA,2024-02-15,2024-01-07,,1000,4500000294,00010,,,0,
100,1000000295,00010,NB,B,,,N,B,R,,,103,BUYER01,2024-02-15,BUYER01,PR for material MAT00014,MAT00014,P001,SL03,445.0,EA,2024-03-04,2024-02-15,,1000,4500000295,00010,,,0,
100,1000000295,00020,NB,B,,,N,B,R,,,100,BUYER01,2024-02-15,BUYER01,PR for material MAT00014,MAT00014,P001,SL03,445.0,EA,2024-03-04,2024-02-15,,1000,4500000295,00020,,,0,
100,1000000296,00010,NB,B,,,N,B,R,,,100,BUYER03,2024-03-25,BUYER03,PR for material MAT00002,MAT00002,P001,SL02,305.0,EA,2024-05-06,2024-03-25,,1000,4500000296,00010,,,0,
100,1000000297,00010,NB,B,,,N,B,R,,,100,BUYER01,2024-06-09,BUYER01,PR for material MAT00002,MAT00002,P001,SL03,411.0,EA,2024-07-09,2024-06-09,,1000,4500000297,00010,,,0,
100,1000000298,00010,NB,B,,,N,B,R,,,103,BUYER03,2024-08-21,BUYER03,PR for material MAT00015,MAT00015,P001,SL01,54.0,EA,2024-10-22,2024-08-21,,1000,4500000298,00010,,,0,
100,1000000299,00010,NB,B,,,N,B,R,,,100,BUYER01,2024-02-01,BUYER01,PR for material MAT00007,MAT00007,P003,SL03,378.0,EA,2024-03-24,2024-02-01,,1000,4500000299,00010,,,0,
100,1000000300,00010,NB,B,,,N,B,R,,,100,BUYER01,2024-01-17,BUYER01,PR for material MAT00014,MAT00014,P002,SL02,197.0,EA,2024-03-11,2024-01-17,,1000,4500000300,00010,,,0,
100,1000000303,00010,NB,B,,,N,B,R,,,102,BUYER03,2024-02-09,BUYER03,PR for material MAT00018,MAT00018,P002,SL01,352.0,EA,2024-03-02,2024-02-09,,1000,4500000303,00010,,,0,
100,1000000304,00010,NB,B,,,N,B,R,,,103,BUYER02,2024-06-21,BUYER02,PR for material MAT00020,MAT00020,P002,SL01,327.0,EA,2024-08-19,2024-06-21,,1000,4500000304,00010,,,0,
100,1000000305,00010,NB,B,,,N,B,R,,,101,BUYER02,2024-04-04,BUYER02,PR for material MAT00013,MAT00013,P002,SL03,71.0,EA,2024-06-08,2024-04-04,,1000,4500000305,00010,,,0,
100,1000000306,00010,NB,B,,,N,B,R,,,103,BUYER03,2024-04-14,BUYER03,PR for material MAT00001,MAT00001,P003,SL03,64.0,EA,2024-06-14,2024-04-14,,1000,4500000306,00010,,,0,
100,1000000307,00010,NB,B,,,N,B,R,,,103,BUYER01,2024-01-16,BUYER01,PR for material MAT00007,MAT00007,P003,SL03,311.0,EA,2024-03-19,2024-01-16,,1000,4500000307,00010,,,0,
100,1000000310,00010,NB,B,,,N,B,R,,,103,BUYER01,2024-08-13,BUYER01,PR for material MAT00020,MAT00020,P002,SL01,37.0,EA,2024-09-03,2024-08-13,,1000,4500000310,00010,,,0,
100,1000000310,00020,NB,B,,,N,B,R,,,103,BUYER01,2024-08-13,BUYER01,PR for material MAT00020,MAT00020,P002,SL01,37.0,EA,2024-09-03,2024-08-13,,1000,4500000310,00020,,,0,
100,1000000311,00010,NB,B,,,N,B,R,,,100,BUYER01,2024-08-07,BUYER01,PR for material MAT00012,MAT00012,P003,SL01,228.0,EA,2024-10-10,2024-08-07,,1000,4500000311,00010,,,0,
100,1000000312,00010,NB,B,,,N,B,R,,,101,BUYER03,2024-02-01,BUYER03,PR for material MAT00017,MAT00017,P001,SL01,488.0,EA,2024-03-12,2024-02-01,,1000,4500000312,00010,,,0,
100,1000000313,00010,NB,B,,,N,B,R,,,102,BUYER01,2024-04-28,BUYER01,PR for material MAT00021,MAT00021,P002,SL01,316.0,EA,2024-06-01,2024-04-28,,1000,4500000313,00010,,,0,
100,1000000314,00010,NB,B,,,N,B,R,,,101,BUYER02,2024-05-29,BUYER02,PR for material MAT00007,MAT00007,P001,SL01,362.0,EA,2024-06-28,2024-05-29,,1000,4500000314,00010,,,0,
100,1000000315,00010,NB,B,,,N,B,R,,,103,BUYER02,2024-02-07,BUYER02,PR for material MAT00023,MAT00023,P003,SL01,400.0,EA,2024-03-02,2024-02-07,,1000,4500000315,00010,,,0,
100,1000000316,00010,NB,B,,,N,B,R,,,102,BUYER03,2024-09-01,BUYER03,PR for material MAT00003,MAT00003,P003,SL02,42.0,EA,2024-11-03,2024-09-01,,1000,4500000316,00010,,,0,
100,1000000317,00010,NB,B,,,N,B,R,,,103,BUYER03,2024-04-26,BUYER03,PR for material MAT00007,MAT00007,P003,SL03,125.0,EA,2024-06-09,2024-04-26,,1000,4500000317,00010,,,0,
100,1000000318,00010,NB,B,,,N,B,R,,,102,BUYER02,2024-08-22,BUYER02,PR for material MAT00014,MAT00014,P003,SL03,190.0,EA,2024-10-06,2024-08-22,,1000,4500000318,00010,,,0,
100,1000000319,00010,NB,B,,,N,B,R,,,101,BUYER03,2024-02-24,BUYER03,PR for material MAT00008,MAT00008,P003,SL01,29.0,EA,2024-03-14,2024-02-24,,1000,4500000319,00010,,,0,
100,1000000320,00010,NB,B,,,N,B,R,,,101,BUYER02,2024-09-23,BUYER02,PR for material MAT00016,MAT00016,P002,SL03,205.0,EA,2024-10-23,2024-09-23,,1000,4500000320,00010,,,0,
100,1000000321,00010,NB,B,,,N,B,R,,,102,BUYER03,2024-03-10,BUYER03,PR for material MAT00019,MAT00019,P001,SL02,407.0,EA,2024-03-27,2024-03-10,,1000,4500000321,00010,,,0,
100,1000000322,00010,NB,B,,,N,B,R,,,102,BUYER03,2024-04-18,BUYER03,PR for material MAT00013,MAT00013,P003,SL03,199.0,EA,2024-05-10,2024-04-18,,1000,4500000322,00010,,,0,
100,1000000323,00010,NB,B,,,N,B,R,,,100,BUYER01,2024-05-03,BUYER01,PR for material MAT00007,MAT00007,P001,SL02,44.0,EA,2024-07-01,2024-05-03,,1000,4500000323,00010,,,0,
100,1000000323,00020,NB,B,,,N,B,R,,,101,BUYER01,2024-05-03,BUYER01,PR for material MAT00007,MAT00007,P001,SL02,44.0,EA,2024-07-01,2024-05-03,,1000,4500000323,00020,,,0,
100,1000000324,00010,NB,B,,,N,B,R,,,103,BUYER01,2024-07-27,BUYER01,PR for material MAT00003,MAT00003,P001,SL01,171.0,EA,2024-08-30,2024-07-27,,1000,4500000324,00010,,,0,
100,1000000325,00010,NB,B,,,N,B,R,,,103,BUYER03,2024-08-13,BUYER03,PR for material MAT00006,MAT00006,P001,SL02,100.0,EA,2024-09-24,2024-08-13,,1000,4500000325,00010,,,0,
100,1000000326,00010,NB,B,,,N,B,R,,,100,BUYER02,2024-08-22,BUYER02,PR for material MAT00014,MAT00014,P001,SL01,258.0,EA,2024-09-23,2024-08-22,,1000,4500000326,00010,,,0,
100,1000000328,00010,NB,B,,,N,B,R,,,101,BUYER03,2024-06-10,BUYER03,PR for material MAT00013,MAT00013,P001,SL03,12.0,EA,2024-07-01,2024-06-10,,1000,4500000328,00010,,,0,
100,1000000329,00010,NB,B,,,N,B,R,,,101,BUYER03,2024-08-04,BUYER03,PR for material MAT00002,MAT00002,P001,SL03,170.0,EA,2024-08-29,2024-08-04,,1000,4500000329,00010,,,0,
100,1000000330,00010,NB,B,,,N,B,R,,,103,BUYER01,2024-07-11,BUYER01,PR for material MAT00021,MAT00021,P001,SL03,211.0,EA,2024-07-30,2024-07-11,,1000,4500000330,00010,,,0,
100,1000000330,00020,NB,B,,,N,B,R,,,100,BUYER01,2024-07-11,BUYER01,PR for material MAT00021,MAT00021,P001,SL03,211.0,EA,2024-07-30,2024-07-11,,1000,4500000330,00020,,,0,
100,1000000331,00010,NB,B,,,N,B,R,,,100,BUYER03,2024-03-15,BUYER03,PR for material MAT00002,MAT00002,P002,SL01,109.0,EA,2024-05-02,2024-03-15,,1000,4500000331,00010,,,0,
100,1000000333,00010,NB,B,,,N,B,R,,,103,BUYER01,2024-05-30,BUYER01,PR for material MAT00010,MAT00010,P002,SL01,109.0,EA,2024-07-16,2024-05-30,,1000,4500000333,00010,,,0,
100,1000000334,00010,NB,B,,,N,B,R,,,103,BUYER02,2024-06-06,BUYER02,PR for material MAT00003,MAT00003,P001,SL02,281.0,EA,2024-07-29,2024-06-06,,1000,4500000334,00010,,,0,
100,1000000334,00020,NB,B,,,N,B,R,,,103,BUYER02,2024-06-06,BUYER02,PR for material MAT00003,MAT00003,P001,SL02,281.0,EA,2024-07-29,2024-06-06,,1000,4500000334,00020,,,0,
100,1000000335,00010,NB,B,,,N,B,R,,,102,BUYER02,2024-03-28,BUYER02,PR for material MAT00019,MAT00019,P001,SL01,388.0,EA,2024-05-10,2024-03-28,,1000,4500000335,00010,,,0,
100,1000000336,00010,NB,B,,,N,B,R,,,101,BUYER03,2024-08-25,BUYER03,PR for material MAT00009,MAT00009,P003,SL01,131.0,EA,2024-09-23,2024-08-25,,1000,4500000336,00010,,,0,
100,1000000337,00010,NB,B,,,N,B,R,,,100,BUYER02,2024-06-10,BUYER02,PR for material MAT00019,MAT00019,P003,SL03,439.0,EA,2024-07-26,2024-06-10,,1000,4500000337,00010,,,0,
100,1000000337,00020,NB,B,,,N,B,R,,,100,BUYER02,2024-06-10,BUYER02,PR for material MAT00019,MAT00019,P003,SL03,439.0,EA,2024-07-26,2024-06-10,,1000,4500000337,00020,,,0,
100,1000000338,00010,NB,B,,,N,B,R,,,101,BUYER02,2024-04-22,BUYER02,PR for material MAT00015,MAT00015,P001,SL03,377.0,EA,2024-05-20,2024-04-22,,1000,4500000338,00010,,,0,
100,1000000339,00010,NB,B,,,N,B,R,,,100,BUYER01,2024-02-05,BUYER01,PR for material MAT00001,MAT00001,P002,SL02,295.0,EA,2024-02-22,2024-02-05,,1000,4500000339,00010,,,0,
100,1000000340,00010,NB,B,,,N,B,R,,,103,BUYER02,2024-02-03,BUYER02,PR for material MAT00013,MAT00013,P001,SL02,59.0,EA,2024-03-12,2024-02-03,,1000,4500000340,00010,,,0,
100,1000000341,00010,NB,B,,,N,B,R,,,101,BUYER03,2024-07-07,BUYER03,PR for material MAT00001,MAT00001,P001,SL01,371.0,EA,2024-07-30,2024-07-07,,1000,4500000341,00010,,,0,
100,1000000342,00010,NB,B,,,N,B,R,,,103,BUYER03,2024-09-15,BUYER03,PR for material MAT00005,MAT00005,P003,SL03,418.0,EA,2024-10-11,2024-09-15,,1000,4500000342,00010,,,0,
100,1000000342,00020,NB,B,,,N,B,R,,,101,BUYER03,2024-09-15,BUYER03,PR for material MAT00005,MAT00005,P003,SL03,418.0,EA,2024-10-11,2024-09-15,,1000,4500000342,00020,,,0,
100,1000000343,00010,NB,B,,,N,B,R,,,102,BUYER01,2024-06-23,BUYER01,PR for material MAT00003,MAT00003,P003,SL03,386.0,EA,2024-07-28,2024-06-23,,1000,4500000343,00010,,,0,
100,1000000343,00020,NB,B,,,N,B,R,,,103,BUYER01,2024-06-23,BUYER01,PR for material MAT00003,MAT00003,P003,SL03,386.0,EA,2024-07-28,2024-06-23,,1000,4500000343,00020,,,0,
100,1000000344,00010,NB,B,,,N,B,R,,,101,BUYER02,2024-04-27,BUYER02,PR for material MAT00017,MAT00017,P002,SL02,274.0,EA,2024-06-06,2024-04-27,,1000,4500000344,00010,,,0,
100,1000000344,00020,NB,B,,,N,B,R,,,102,BUYER02,2024-04-27,BUYER02,PR for material MAT00017,MAT00017,P002,SL02,274.0,EA,2024-06-06,2024-04-27,,1000,4500000344,00020,,,0,
100,1000000345,00010,NB,B,,,N,B,R,,,101,BUYER01,2024-09-10,BUYER01,PR for material MAT00006,MAT00006,P003,SL01,492.0,EA,2024-10-25,2024-09-10,,1000,4500000345,00010,,,0,
100,1000000347,00010,NB,B,,,N,B,R,,,100,BUYER02,2024-03-20,BUYER02,PR for material MAT00022,MAT00022,P003,SL03,422.0,EA,2024-05-04,2024-03-20,,1000,4500000347,00010,,,0,
100,1000000348,00010,NB,B,,,N,B,R,,,100,BUYER01,2024-04-02,BUYER01,PR for material MAT00010,MAT00010,P001,SL02,349.0,EA,2024-05-16,2024-04-02,,1000,4500000348,00010,,,0,
100,1000000349,00010,NB,B,,,N,B,R,,,101,BUYER03,2024-04-06,BUYER03,PR for material MAT00019,MAT00019,P002,SL02,354.0,EA,2024-05-24,2024-04-06,,1000,4500000349,00010,,,0,
100,1000000350,00010,NB,B,,,N,B,R,,,102,BUYER03,2024-03-05,BUYER03,PR for material MAT00007,MAT00007,P003,SL03,98.0,EA,2024-04-28,2024-03-05,,1000,4500000350,00010,,,0,
100,1000000351,00010,NB,B,,,N,B,R,,,102,BUYER02,2024-01-05,BUYER02,PR for material MAT00014,MAT00014,P002,SL03,474.0,EA,2024-02-09,2024-01-05,,1000,4500000351,00010,,,0,
100,1000000352,00010,NB,B,,,N,B,R,,,102,BUYER01,2024-07-06,BUYER01,PR for material MAT00019,MAT00019,P001,SL03,315.0,EA,2024-07-31,2024-07-06,,1000,4500000352,00010,,,0,
100,1000000353,00010,NB,B,,,N,B,R,,,103,BUYER03,2024-07-13,BUYER03,PR for material MAT00023,MAT00023,P002,SL03,412.0,EA,2024-09-12,2024-07-13,,1000,4500000353,00010,,,0,
100,1000000353,00020,NB,B,,,N,B,R,,,101,BUYER03,2024-07-13,BUYER03,PR for material MAT00023,MAT00023,P002,SL03,412.0,EA,2024-09-12,2024-07-13,,1000,4500000353,00020,,,0,
100,1000000354,00010,NB,B,,,N,B,R,,,102,BUYER01,2024-09-11,BUYER01,PR for material MAT00019,MAT00019,P001,SL03,353.0,EA,2024-10-29,2024-09-11,,1000,4500000354,00010,,,0,
100,1000000355,00010,NB,B,,,N,B,R,,,101,BUYER01,2024-07-12,BUYER01,PR for material MAT00002,MAT00002,P002,SL03,308.0,EA,2024-08-16,2024-07-12,,1000,4500000355,00010,,,0,
100,1000000356,00010,NB,B,,,N,B,R,,,103,BUYER02,2024-05-06,BUYER02,PR for material MAT00003,MAT00003,P001,SL03,38.0,EA,2024-05-31,2024-05-06,,1000,4500000356,00010,,,0,
100,1000000358,00010,NB,B,,,N,B,R,,,103,BUYER03,2024-06-06,BUYER03,PR for material MAT00010,MAT00010,P001,SL03,114.0,EA,2024-07-12,2024-06-06,,1000,4500000358,00010,,,0,
100,1000000360,00010,NB,B,,,N,B,R,,,101,BUYER01,2024-08-16,BUYER01,PR for material MAT00015,MAT00015,P003,SL02,376.0,EA,2024-09-09,2024-08-16,,1000,4500000360,00010,,,0,
100,1000000361,00010,NB,B,,,N,B,R,,,103,BUYER03,2024-09-14,BUYER03,PR for material MAT00016,MAT00016,P002,SL01,72.0,EA,2024-11-17,2024-09-14,,1000,4500000361,00010,,,0,
100,1000000362,00010,NB,B,,,N,B,R,,,101,BUYER02,2024-09-06,BUYER02,PR for material MAT00014,MAT00014,P002,SL03,50.0,EA,2024-10-11,2024-09-06,,1000,4500000362,00010,,,0,
100,1000000362,00020,NB,B,,,N,B,R,,,101,BUYER02,2024-09-06,BUYER02,PR for material MAT00014,MAT00014,P002,SL03,50.0,EA,2024-10-11,2024-09-06,,1000,4500000362,00020,,,0,
100,1000000363,00010,NB,B,,,N,B,R,,,101,BUYER01,2024-07-17,BUYER01,PR for material MAT00002,MAT00002,P003,SL01,353.0,EA,2024-09-06,2024-07-17,,1000,4500000363,00010,,,0,
100,1000000364,00010,NB,B,,,N,B,R,,,102,BUYER01,2024-01-05,BUYER01,PR for material MAT00002,MAT00002,P002,SL01,168.0,EA,2024-03-02,2024-01-05,,1000,4500000364,00010,,,0,
100,1000000365,00010,NB,B,,,N,B,R,,,103,BUYER01,2024-10-01,BUYER01,PR for material MAT00019,MAT00019,P002,SL02,329.0,EA,2024-11-12,2024-10-01,,1000,4500000365,00010,,,0,
100,1000000365,00020,NB,B,,,N,B,R,,,100,BUYER01,2024-10-01,BUYER01,PR for material MAT00019,MAT00019,P002,SL02,329.0,EA,2024-11-12,2024-10-01,,1000,4500000365,00020,,,0,
100,1000000367,00010,NB,B,,,N,B,R,,,102,BUYER02,2024-08-16,BUYER02,PR for material MAT00006,MAT00006,P003,SL03,286.0,EA,2024-10-08,2024-08-16,,1000,4500000367,00010,,,0,
100,1000000368,00010,NB,B,,,N,B,R,,,101,BUYER01,2024-03-05,BUYER01,PR for material MAT00018,MAT00018,P002,SL03,271.0,EA,2024-04-04,2024-03-05,,1000,4500000368,00010,,,0,
100,1000000369,00010,NB,B,,,N,B,R,,,101,BUYER03,2024-06-03,BUYER03,PR for material MAT00014,MAT00014,P002,SL03,410.0,EA,2024-06-23,2024-06-03,,1000,4500000369,00010,,,0,
100,1000000370,00010,NB,B,,,N,B,R,,,101,BUYER02,2024-07-11,BUYER02,PR for material MAT00014,MAT00014,P001,SL02,253.0,EA,2024-08-26,2024-07-11,,1000,4500000370,00010,,,0,
100,1000000370,00020,NB,B,,,N,B,R,,,101,BUYER02,2024-07-11,BUYER02,PR for material MAT00014,MAT00014,P001,SL02,253.0,EA,2024-08-26,2024-07-11,,1000,4500000370,00020,,,0,
100,1000000371,00010,NB,B,,,N,B,R,,,103,BUYER01,2024-02-28,BUYER01,PR for material MAT00001,MAT00001,P002,SL01,357.0,EA,2024-04-08,2024-02-28,,1000,4500000371,00010,,,0,
100,1000000372,00010,NB,B,,,N,B,R,,,101,BUYER01,2024-09-22,BUYER01,PR for material MAT00004,MAT00004,P001,SL03,11.0,EA,2024-11-08,2024-09-22,,1000,4500000372,00010,,,0,
100,1000000372,00020,NB,B,,,N,B,R,,,103,BUYER01,2024-09-22,BUYER01,PR for material MAT00004,MAT00004,P001,SL03,11.0,EA,2024-11-08,2024-09-22,,1000,4500000372,00020,,,0,
100,1000000374,00010,NB,B,,,N,B,R,,,103,BUYER02,2024-06-23,BUYER02,PR for material MAT00020,MAT00020,P002,SL02,198.0,EA,2024-08-19,2024-06-23,,1000,4500000374,00010,,,0,
100,1000000375,00010,NB,B,,,N,B,R,,,101,BUYER02,2024-02-04,BUYER02,PR for material MAT00004,MAT00004,P003,SL02,426.0,EA,2024-03-15,2024-02-04,,1000,4500000375,00010,,,0,
100,1000000376,00010,NB,B,,,N,B,R,,,103,BUYER01,2024-08-09,BUYER01,PR for material MAT00023,MAT00023,P002,SL03,62.0,EA,2024-08-29,2024-08-09,,1000,4500000376,00010,,,0,
100,1000000378,00010,NB,B,,,N,B,R,,,100,BUYER02,2024-09-17,BUYER02,PR for material MAT00019,MAT00019,P003,SL03,218.0,EA,2024-11-18,2024-09-17,,1000,4500000378,00010,,,0,
100,1000000380,00010,NB,B,,,N,B,R,,,100,BUYER01,2024-04-17,BUYER01,PR for material MAT00007,MAT00007,P003,SL01,142.0,EA,2024-05-09,2024-04-17,,1000,4500000380,00010,,,0,
100,1000000381,00010,NB,B,,,N,B,R,,,101,BUYER02,2024-02-23,BUYER02,PR for material MAT00023,MAT00023,P003,SL02,257.0,EA,2024-04-06,2024-02-23,,1000,4500000381,00010,,,0,
100,1000000382,00010,NB,B,,,N,B,R,,,100,BUYER01,2024-03-12,BUYER01,PR for material MAT00015,MAT00015,P003,SL03,316.0,EA,2024-04-16,2024-03-12,,1000,4500000382,00010,,,0,
100,1000000383,00010,NB,B,,,N,B,R,,,103,BUYER02,2024-05-27,BUYER02,PR for material MAT00003,MAT00003,P001,SL02,54.0,EA,2024-07-08,2024-05-27,,1000,4500000383,00010,,,0,
100,1000000384,00010,NB,B,,,N,B,R,,,103,BUYER03,2024-09-23,BUYER03,PR for material MAT00012,MAT00012,P003,SL01,193.0,EA,2024-11-22,2024-09-23,,1000,4500000384,00010,,,0,
100,1000000385,00010,NB,B,,,N,B,R,,,103,BUYER03,2024-08-30,BUYER03,PR for material MAT00015,MAT00015,P001,SL02,369.0,EA,2024-09-19,2024-08-30,,1000,4500000385,00010,,,0,
100,1000000386,00010,NB,B,,,N,B,R,,,103,BUYER01,2024-01-21,BUYER01,PR for material MAT00019,MAT00019,P003,SL01,469.0,EA,2024-03-04,2024-01-21,,1000,4500000386,00010,,,0,
100,1000000386,00020,NB,B,,,N,B,R,,,103,BUYER01,2024-01-21,BUYER01,PR for material MAT00019,MAT00019,P003,SL01,469.0,EA,2024-03-04,2024-01-21,,1000,4500000386,00020,,,0,
100,1000000387,00010,NB,B,,,N,B,R,,,101,BUYER02,2024-08-15,BUYER02,PR for material MAT00023,MAT00023,P003,SL03,201.0,EA,2024-10-15,2024-08-15,,1000,4500000387,00010,,,0,
100,1000000389,00010,NB,B,,,N,B,R,,,103,BUYER02,2024-09-18,BUYER02,PR for material MAT00010,MAT00010,P002,SL01,255.0,EA,2024-10-16,2024-09-18,,1000,4500000389,00010,,,0,
100,1000000391,00010,NB,B,,,N,B,R,,,103,BUYER01,2024-04-28,BUYER01,PR for material MAT00007,MAT00007,P003,SL02,197.0,EA,2024-06-17,2024-04-28,,1000,4500000391,00010,,,0,
100,1000000392,00010,NB,B,,,N,B,R,,,102,BUYER02,2024-01-21,BUYER02,PR for material MAT00014,MAT00014,P003,SL01,397.0,EA,2024-02-06,2024-01-21,,1000,4500000392,00010,,,0,
100,1000000393,00010,NB,B,,,N,B,R,,,101,BUYER03,2024-06-15,BUYER03,PR for material MAT00013,MAT00013,P002,SL03,123.0,EA,2024-07-14,2024-06-15,,1000,4500000393,00010,,,0,
100,1000000394,00010,NB,B,,,N,B,R,,,101,BUYER03,2024-07-06,BUYER03,PR for material MAT00021,MAT00021,P003,SL01,450.0,EA,2024-08-06,2024-07-06,,1000,4500000394,00010,,,0,
100,1000000395,00010,NB,B,,,N,B,R,,,100,BUYER02,2024-09-14,BUYER02,PR for material MAT00003,MAT00003,P002,SL01,201.0,EA,2024-10-28,2024-09-14,,1000,4500000395,00010,,,0,
100,1000000396,00010,NB,B,,,N,B,R,,,102,BUYER01,2024-06-28,BUYER01,PR for material MAT00004,MAT00004,P001,SL03,304.0,EA,2024-08-14,2024-06-28,,1000,4500000396,00010,,,0,
100,1000000397,00010,NB,B,,,N,B,R,,,102,BUYER01,2024-05-24,BUYER01,PR for material MAT00009,MAT00009,P003,SL03,181.0,EA,2024-06-23,2024-05-24,,1000,4500000397,00010,,,0,
100,1000000398,00010,NB,B,,,N,B,R,,,102,BUYER01,2024-04-19,BUYER01,PR for material MAT00006,MAT00006,P003,SL03,443.0,EA,2024-06-09,2024-04-19,,1000,4500000398,00010,,,0,
100,1000000399,00010,NB,B,,,N,B,R,,,100,BUYER03,2024-03-03,BUYER03,PR for material MAT00001,MAT00001,P003,SL02,398.0,EA,2024-04-08,2024-03-03,,1000,4500000399,00010,,,0,
100,1000000400,00010,NB,B,,,N,B,R,,,100,BUYER03,2024-05-29,BUYER03,PR for material MAT00013,MAT00013,P002,SL01,117.0,EA,2024-06-30,2024-05-29,,1000,4500000400,00010,,,0,
100,1000000401,00010,NB,B,,,N,B,R,,,100,BUYER01,2024-06-20,BUYER01,PR for material MAT00020,MAT00020,P001,SL02,292.0,EA,2024-08-02,2024-06-20,,1000,4500000401,00010,,,0,
100,1000000401,00020,NB,B,,,N,B,R,,,103,BUYER01,2024-06-20,BUYER01,PR for material MAT00020,MAT00020,P001,SL02,292.0,EA,2024-08-02,2024-06-20,,1000,4500000401,00020,,,0,
100,1000000402,00010,NB,B,,,N,B,R,,,103,BUYER03,2024-04-28,BUYER03,PR for material MAT00001,MAT00001,P001,SL02,62.0,EA,2024-05-13,2024-04-28,,1000,4500000402,00010,,,0,
100,1000000403,00010,NB,B,,,N,B,R,,,103,BUYER03,2024-08-27,BUYER03,PR for material MAT00005,MAT00005,P002,SL02,432.0,EA,2024-09-19,2024-08-27,,1000,4500000403,00010,,,0,
100,1000000404,00010,NB,B,,,N,B,R,,,100,BUYER01,2024-05-08,BUYER01,PR for material MAT00012,MAT00012,P002,SL02,429.0,EA,2024-07-08,2024-05-08,,1000,4500000404,00010,,,0,
100,1000000405,00010,NB,B,,,N,B,R,,,101,BUYER03,2024-08-24,BUYER03,PR for material MAT00023,MAT00023,P003,SL02,257.0,EA,2024-09-22,2024-08-24,,1000,4500000405,00010,,,0,
100,1000000406,00010,NB,B,,,N,B,R,,,102,BUYER01,2024-08-27,BUYER01,PR for material MAT00001,MAT00001,P003,SL01,243.0,EA,2024-09-29,2024-08-27,,1000,4500000406,00010,,,0,
100,1000000407,00010,NB,B,,,N,B,R,,,102,BUYER02,2024-07-18,BUYER02,PR for material MAT00021,MAT00021,P002,SL01,154.0,EA,2024-09-03,2024-07-18,,1000,4500000407,00010,,,0,
100,1000000408,00010,NB,B,,,N,B,R,,,102,BUYER01,2024-07-30,BUYER01,PR for material MAT00008,MAT00008,P003,SL01,118.0,EA,2024-09-11,2024-07-30,,1000,4500000408,00010,,,0,
100,1000000409,00010,NB,B,,,N,B,R,,,103,BUYER03,2024-05-06,BUYER03,PR for material MAT00023,MAT00023,P002,SL03,44.0,EA,2024-06-11,2024-05-06,,1000,4500000409,00010,,,0,
100,1000000409,00020,NB,B,,,N,B,R,,,101,BUYER03,2024-05-06,BUYER03,PR for material MAT00023,MAT00023,P002,SL03,44.0,EA,2024-06-11,2024-05-06,,1000,4500000409,00020,,,0,
100,1000000410,00010,NB,B,,,N,B,R,,,102,BUYER01,2024-02-22,BUYER01,PR for material MAT00005,MAT00005,P003,SL03,371.0,EA,2024-03-27,2024-02-22,,1000,4500000410,00010,,,0,
100,1000000411,00010,NB,B,,,N,B,R,,,101,BUYER03,2024-09-26,BUYER03,PR for material MAT00022,MAT00022,P002,SL01,82.0,EA,2024-11-25,2024-09-26,,1000,4500000411,00010,,,0,
100,1000000415,00010,NB,B,,,N,B,R,,,102,BUYER02,2024-02-23,BUYER02,PR for material MAT00014,MAT00014,P003,SL01,350.0,EA,2024-04-12,2024-02-23,,1000,4500000415,00010,,,0,
100,1000000416,00010,NB,B,,,N,B,R,,,102,BUYER01,2024-09-23,BUYER01,PR for material MAT00019,MAT00019,P003,SL02,276.0,EA,2024-10-18,2024-09-23,,1000,4500000416,00010,,,0,
100,1000000417,00010,NB,B,,,N,B,R,,,100,BUYER01,2024-09-07,BUYER01,PR for material MAT00010,MAT00010,P002,SL03,40.0,EA,2024-10-18,2024-09-07,,1000,4500000417,00010,,,0,
100,1000000418,00010,NB,B,,,N,B,R,,,101,BUYER02,2024-02-08,BUYER02,PR for material MAT00004,MAT00004,P003,SL03,441.0,EA,2024-03-03,2024-02-08,,1000,4500000418,00010,,,0,
100,1000000419,00010,NB,B,,,N,B,R,,,101,BUYER03,2024-03-08,BUYER03,PR for material MAT00022,MAT00022,P002,SL03,21.0,EA,2024-04-04,2024-03-08,,1000,4500000419,00010,,,0,
100,1000000420,00010,NB,B,,,N,B,R,,,103,BUYER02,2024-08-05,BUYER02,PR for material MAT00015,MAT00015,P002,SL02,24.0,EA,2024-09-22,2024-08-05,,1000,4500000420,00010,,,0,
100,1000000421,00010,NB,B,,,N,B,R,,,102,BUYER02,2024-09-29,BUYER02,PR for material MAT00012,MAT00012,P003,SL03,96.0,EA,2024-11-18,2024-09-29,,1000,4500000421,00010,,,0,
100,1000000421,00020,NB,B,,,N,B,R,,,103,BUYER02,2024-09-29,BUYER02,PR for material MAT00012,MAT00012,P003,SL03,96.0,EA,2024-11-18,2024-09-29,,1000,4500000421,00020,,,0,
100,1000000422,00010,NB,B,,,N,B,R,,,101,BUYER01,2024-09-04,BUYER01,PR for material MAT00022,MAT00022,P003,SL01,406.0,EA,2024-10-05,2024-09-04,,1000,4500000422,00010,,,0,
100,1000000423,00010,NB,B,,,N,B,R,,,103,BUYER02,2024-03-13,BUYER02,PR for material MAT00013,MAT00013,P001,SL03,108.0,EA,2024-05-08,2024-03-13,,1000,4500000423,00010,,,0,
100,1000000424,00010,NB,B,,,N,B,R,,,103,BUYER01,2024-02-10,BUYER01,PR for material MAT00019,MAT00019,P001,SL02,368.0,EA,2024-03-09,2024-02-10,,1000,4500000424,00010,,,0,
100,1000000425,00010,NB,B,,,N,B,R,,,102,BUYER01,2024-06-05,BUYER01,PR for material MAT00017,MAT00017,P003,SL01,123.0,EA,2024-06-27,2024-06-05,,1000,4500000425,00010,,,0,
100,1000000426,00010,NB,B,,,N,B,R,,,102,BUYER03,2024-02-03,BUYER03,PR for material MAT00013,MAT00013,P003,SL01,296.0,EA,2024-04-06,2024-02-03,,1000,4500000426,00010,,,0,
100,1000000427,00010,NB,B,,,N,B,R,,,100,BUYER03,2024-01-23,BUYER03,PR for material MAT00003,MAT00003,P001,SL01,303.0,EA,2024-02-13,2024-01-23,,1000,4500000427,00010,,,0,
100,1000000428,00010,NB,B,,,N,B,R,,,103,BUYER01,2024-07-17,BUYER01,PR for material MAT00007,MAT00007,P001,SL01,19.0,EA,2024-09-18,2024-07-17,,1000,4500000428,00010,,,0,
100,1000000429,00010,NB,B,,,N,B,R,,,100,BUYER01,2024-05-02,BUYER01,PR for material MAT00008,MAT00008,P002,SL02,121.0,EA,2024-06-23,2024-05-02,,1000,4500000429,00010,,,0,
100,1000000429,00020,NB,B,,,N,B,R,,,100,BUYER01,2024-05-02,BUYER01,PR for material MAT00008,MAT00008,P002,SL02,121.0,EA,2024-06-23,2024-05-02,,1000,4500000429,00020,,,0,
100,1000000430,00010,NB,B,,,N,B,R,,,102,BUYER03,2024-06-07,BUYER03,PR for material MAT00023,MAT00023,P002,SL01,436.0,EA,2024-07-29,2024-06-07,,1000,4500000430,00010,,,0,
100,1000000431,00010,NB,B,,,N,B,R,,,100,BUYER03,2024-03-17,BUYER03,PR for material MAT00012,MAT00012,P003,SL01,226.0,EA,2024-04-16,2024-03-17,,1000,4500000431,00010,,,0,
100,1000000432,00010,NB,B,,,N,B,R,,,102,BUYER02,2024-04-19,BUYER02,PR for material MAT00008,MAT00008,P002,SL02,221.0,EA,2024-05-18,2024-04-19,,1000,4500000432,00010,,,0,
100,1000000434,00010,NB,B,,,N,B,R,,,100,BUYER02,2024-05-21,BUYER02,PR for material MAT00012,MAT00012,P001,SL03,330.0,EA,2024-06-26,2024-05-21,,1000,4500000434,00010,,,0,
100,1000000435,00010,NB,B,,,N,B,R,,,102,BUYER01,2024-06-13,BUYER01,PR for material MAT00020,MAT00020,P003,SL01,136.0,EA,2024-07-26,2024-06-13,,1000,4500000435,00010,,,0,
100,1000000435,00020,NB,B,,,N,B,R,,,103,BUYER01,2024-06-13,BUYER01,PR for material MAT00020,MAT00020,P003,SL01,136.0,EA,2024-07-26,2024-06-13,,1000,4500000435,00020,,,0,
100,1000000436,00010,NB,B,,,N,B,R,,,103,BUYER01,2024-02-13,BUYER01,PR for material MAT00017,MAT00017,P003,SL02,289.0,EA,2024-03-13,2024-02-13,,1000,4500000436,00010,,,0,
100,1000000437,00010,NB,B,,,N,B,R,,,102,BUYER02,2024-01-27,BUYER02,PR for material MAT00012,MAT00012,P003,SL01,23.0,EA,2024-02-22,2024-01-27,,1000,4500000437,00010,,,0,
100,1000000438,00010,NB,B,,,N,B,R,,,103,BUYER03,2024-03-07,BUYER03,PR for material MAT00018,MAT00018,P003,SL03,35.0,EA,2024-04-30,2024-03-07,,1000,4500000438,00010,,,0,
100,1000000439,00010,NB,B,,,N,B,R,,,103,BUYER01,2024-02-14,BUYER01,PR for material MAT00012,MAT00012,P002,SL03,47.0,EA,2024-04-06,2024-02-14,,1000,4500000439,00010,,,0,
100,1000000440,00010,NB,B,,,N,B,R,,,101,BUYER02,2024-08-01,BUYER02,PR for material MAT00003,MAT00003,P002,SL02,292.0,EA,2024-09-20,2024-08-01,,1000,4500000440,00010,,,0,
100,1000000440,00020,NB,B,,,N,B,R,,,101,BUYER02,2024-08-01,BUYER02,PR for material MAT00003,MAT00003,P002,SL02,292.0,EA,2024-09-20,2024-08-01,,1000,4500000440,00020,,,0,
100,1000000441,00010,NB,B,,,N,B,R,,,103,BUYER03,2024-08-01,BUYER03,PR for material MAT00015,MAT00015,P001,SL01,419.0,EA,2024-09-18,2024-08-01,,1000,4500000441,00010,,,0,
100,1000000441,00020,NB,B,,,N,B,R,,,101,BUYER03,2024-08-01,BUYER03,PR for material MAT00015,MAT00015,P001,SL01,419.0,EA,2024-09-18,2024-08-01,,1000,4500000441,00020,,,0,
100,1000000442,00010,NB,B,,,N,B,R,,,101,BUYER02,2024-04-05,BUYER02,PR for material MAT00011,MAT00011,P002,SL02,473.0,EA,2024-04-23,2024-04-05,,1000,4500000442,00010,,,0,
100,1000000443,00010,NB,B,,,N,B,R,,,101,BUYER01,2024-05-26,BUYER01,PR for material MAT00008,MAT00008,P002,SL02,281.0,EA,2024-06-17,2024-05-26,,1000,4500000443,00010,,,0,
100,1000000444,00010,NB,B,,,N,B,R,,,103,BUYER03,2024-06-04,BUYER03,PR for material MAT00015,MAT00015,P002,SL03,460.0,EA,2024-08-03,2024-06-04,,1000,4500000444,00010,,,0,
100,1000000446,00010,NB,B,,,N,B,R,,,100,BUYER03,2024-08-14,BUYER03,PR for material MAT00001,MAT00001,P001,SL03,309.0,EA,2024-09-29,2024-08-14,,1000,4500000446,00010,,,0,
100,1000000446,00020,NB,B,,,N,B,R,,,103,BUYER03,2024-08-14,BUYER03,PR for material MAT00001,MAT00001,P001,SL03,309.0,EA,2024-09-29,2024-08-14,,1000,4500000446,00020,,,0,
100,1000000447,00010,NB,B,,,N,B,R,,,102,BUYER02,2024-08-09,BUYER02,PR for material MAT00022,MAT00022,P002,SL02,479.0,EA,2024-09-04,2024-08-09,,1000,4500000447,00010,,,0,
100,1000000448,00010,NB,B,,,N,B,R,,,100,BUYER02,2024-06-15,BUYER02,PR for material MAT00009,MAT00009,P001,SL03,227.0,EA,2024-07-28,2024-06-15,,1000,4500000448,00010,,,0,
100,1000000449,00010,NB,B,,,N,B,R,,,100,BUYER01,2024-07-17,BUYER01,PR for material MAT00001,MAT00001,P003,SL03,457.0,EA,2024-09-15,2024-07-17,,1000,4500000449,00010,,,0,
100,1000000450,00010,NB,B,,,N,B,R,,,100,BUYER02,2024-05-11,BUYER02,PR for material MAT00018,MAT00018,P002,SL02,20.0,EA,2024-05-28,2024-05-11,,1000,4500000450,00010,,,0,
100,1000000450,00020,NB,B,,,N,B,R,,,103,BUYER02,2024-05-11,BUYER02,PR for material MAT00018,MAT00018,P002,SL02,20.0,EA,2024-05-28,2024-05-11,,1000,4500000450,00020,,,0,
100,1000000451,00010,NB,B,,,N,B,R,,,102,BUYER01,2024-06-12,BUYER01,PR for material MAT00007,MAT00007,P001,SL03,261.0,EA,2024-07-23,2024-06-12,,1000,4500000451,00010,,,0,
100,1000000452,00010,NB,B,,,N,B,R,,,100,BUYER02,2024-01-13,BUYER02,PR for material MAT00013,MAT00013,P003,SL03,476.0,EA,2024-03-17,2024-01-13,,1000,4500000452,00010,,,0,
100,1000000453,00010,NB,B,,,N,B,R,,,101,BUYER01,2024-03-17,BUYER01,PR for material MAT00003,MAT00003,P001,SL02,266.0,EA,2024-05-13,2024-03-17,,1000,4500000453,00010,,,0,
100,1000000454,00010,NB,B,,,N,B,R,,,100,BUYER02,2024-05-04,BUYER02,PR for material MAT00021,MAT00021,P003,SL02,247.0,EA,2024-06-19,2024-05-04,,1000,4500000454,00010,,,0,
100,1000000455,00010,NB,B,,,N,B,R,,,102,BUYER02,2024-08-06,BUYER02,PR for material MAT00005,MAT00005,P002,SL01,68.0,EA,2024-08-24,2024-08-06,,1000,4500000455,00010,,,0,
100,1000000457,00010,NB,B,,,N,B,R,,,101,BUYER01,2024-07-02,BUYER01,PR for material MAT00003,MAT00003,P003,SL02,179.0,EA,2024-08-26,2024-07-02,,1000,4500000457,00010,,,0,
100,1000000458,00010,NB,B,,,N,B,R,,,102,BUYER01,2024-09-28,BUYER01,PR for material MAT00005,MAT00005,P002,SL03,198.0,EA,2024-11-27,2024-09-28,,1000,4500000458,00010,,,0,
100,1000000459,00010,NB,B,,,N,B,R,,,103,BUYER02,2024-06-07,BUYER02,PR for material MAT00011,MAT00011,P002,SL03,284.0,EA,2024-07-03,2024-06-07,,1000,4500000459,00010,,,0,
100,1000000460,00010,NB,B,,,N,B,R,,,102,BUYER02,2024-07-01,BUYER02,PR for material MAT00021,MAT00021,P003,SL01,189.0,EA,2024-07-18,2024-07-01,,1000,4500000460,00010,,,0,
100,1000000460,00020,NB,B,,,N,B,R,,,103,BUYER02,2024-07-01,BUYER02,PR for material MAT00021,MAT00021,P003,SL01,189.0,EA,2024-07-18,2024-07-01,,1000,4500000460,00020,,,0,
100,1000000461,00010,NB,B,,,N,B,R,,,103,BUYER02,2024-01-20,BUYER02,PR for material MAT00019,MAT00019,P002,SL03,499.0,EA,2024-03-26,2024-01-20,,1000,4500000461,00010,,,0,
100,1000000462,00010,NB,B,,,N,B,R,,,101,BUYER02,2024-02-05,BUYER02,PR for material MAT00021,MAT00021,P001,SL01,277.0,EA,2024-02-28,2024-02-05,,1000,4500000462,00010,,,0,
100,1000000462,00020,NB,B,,,N,B,R,,,100,BUYER02,2024-02-05,BUYER02,PR for material MAT00021,MAT00021,P001,SL01,277.0,EA,2024-02-28,2024-02-05,,1000,4500000462,00020,,,0,
100,1000000463,00010,NB,B,,,N,B,R,,,103,BUYER03,2024-07-02,BUYER03,PR for material MAT00009,MAT00009,P003,SL01,288.0,EA,2024-08-07,2024-07-02,,1000,4500000463,00010,,,0,
100,1000000464,00010,NB,B,,,N,B,R,,,101,BUYER02,2024-04-11,BUYER02,PR for material MAT00010,MAT00010,P001,SL03,36.0,EA,2024-05-09,2024-04-11,,1000,4500000464,00010,,,0,
100,1000000465,00010,NB,B,,,N,B,R,,,101,BUYER03,2024-07-04,BUYER03,PR for material MAT00016,MAT00016,P002,SL02,388.0,EA,2024-08-15,2024-07-04,,1000,4500000465,00010,,,0,
100,1000000466,00010,NB,B,,,N,B,R,,,101,BUYER03,2024-04-25,BUYER03,PR for material MAT00009,MAT00009,P002,SL01,462.0,EA,2024-05-29,2024-04-25,,1000,4500000466,00010,,,0,
100,1000000466,00020,NB,B,,,N,B,R,,,103,BUYER03,2024-04-25,BUYER03,PR for material MAT00009,MAT00009,P002,SL01,462.0,EA,2024-05-29,2024-04-25,,1000,4500000466,00020,,,0,
100,1000000467,00010,NB,B,,,N,B,R,,,103,BUYER02,2024-09-03,BUYER02,PR for material MAT00013,MAT00013,P003,SL02,364.0,EA,2024-10-09,2024-09-03,,1000,4500000467,00010,,,0,
100,1000000468,00010,NB,B,,,N,B,R,,,103,BUYER01,2024-06-11,BUYER01,PR for material MAT00003,MAT00003,P003,SL02,180.0,EA,2024-07-11,2024-06-11,,1000,4500000468,00010,,,0,
100,1000000468,00020,NB,B,,,N,B,R,,,100,BUYER01,2024-06-11,BUYER01,PR for material MAT00003,MAT00003,P003,SL02,180.0,EA,2024-07-11,2024-06-11,,1000,4500000468,00020,,,0,
100,1000000469,00010,NB,B,,,N,B,R,,,103,BUYER01,2024-07-27,BUYER01,PR for material MAT00005,MAT00005,P002,SL01,412.0,EA,2024-09-06,2024-07-27,,1000,4500000469,00010,,,0,
100,1000000470,00010,NB,B,,,N,B,R,,,100,BUYER01,2024-05-01,BUYER01,PR for material MAT00003,MAT00003,P003,SL03,32.0,EA,2024-06-17,2024-05-01,,1000,4500000470,00010,,,0,
100,1000000470,00020,NB,B,,,N,B,R,,,102,BUYER01,2024-05-01,BUYER01,PR for material MAT00003,MAT00003,P003,SL03,32.0,EA,2024-06-17,2024-05-01,,1000,4500000470,00020,,,0,
100,1000000471,00010,NB,B,,,N,B,R,,,103,BUYER03,2024-09-09,BUYER03,PR for material MAT00001,MAT00001,P003,SL02,217.0,EA,2024-11-10,2024-09-09,,1000,4500000471,00010,,,0,
100,1000000472,00010,NB,B,,,N,B,R,,,100,BUYER03,2024-05-16,BUYER03,PR for material MAT00011,MAT00011,P001,SL01,367.0,EA,2024-07-03,2024-05-16,,1000,4500000472,00010,,,0,
100,1000000473,00010,NB,B,,,N,B,R,,,100,BUYER01,2024-08-20,BUYER01,PR for material MAT00001,MAT00001,P002,SL02,27.0,EA,2024-09-25,2024-08-20,,1000,4500000473,00010,,,0,
100,1000000474,00010,NB,B,,,N,B,R,,,100,BUYER03,2024-02-13,BUYER03,PR for material MAT00002,MAT00002,P003,SL01,82.0,EA,2024-03-24,2024-02-13,,1000,4500000474,00010,,,0,
100,1000000475,00010,NB,B,,,N,B,R,,,100,BUYER01,2024-05-17,BUYER01,PR for material MAT00019,MAT00019,P002,SL01,274.0,EA,2024-07-12,2024-05-17,,1000,4500000475,00010,,,0,
100,1000000475,00020,NB,B,,,N,B,R,,,102,BUYER01,2024-05-17,BUYER01,PR for material MAT00019,MAT00019,P002,SL01,274.0,EA,2024-07-12,2024-05-17,,1000,4500000475,00020,,,0,
100,1000000476,00010,NB,B,,,N,B,R,,,103,BUYER01,2024-02-06,BUYER01,PR for material MAT00008,MAT00008,P001,SL01,359.0,EA,2024-03-14,2024-02-06,,1000,4500000476,00010,,,0,
100,1000000477,00010,NB,B,,,N,B,R,,,100,BUYER02,2024-07-22,BUYER02,PR for material MAT00022,MAT00022,P001,SL03,334.0,EA,2024-09-02,2024-07-22,,1000,4500000477,00010,,,0,
100,1000000478,00010,NB,B,,,N,B,R,,,103,BUYER03,2024-08-12,BUYER03,PR for material MAT00019,MAT00019,P003,SL01,487.0,EA,2024-08-31,2024-08-12,,1000,4500000478,00010,,,0,
100,1000000479,00010,NB,B,,,N,B,R,,,100,BUYER01,2024-04-25,BUYER01,PR for material MAT00012,MAT00012,P003,SL02,167.0,EA,2024-06-20,2024-04-25,,1000,4500000479,00010,,,0,
100,1000000480,00010,NB,B,,,N,B,R,,,103,BUYER01,2024-06-24,BUYER01,PR for material MAT00001,MAT00001,P001,SL02,94.0,EA,2024-08-13,2024-06-24,,1000,4500000480,00010,,,0,
100,1000000481,00010,NB,B,,,N,B,R,,,103,BUYER03,2024-02-20,BUYER03,PR for material MAT00022,MAT00022,P001,SL01,305.0,EA,2024-03-09,2024-02-20,,1000,4500000481,00010,,,0,
100,1000000482,00010,NB,B,,,N,B,R,,,102,BUYER03,2024-08-19,BUYER03,PR for material MAT00022,MAT00022,P002,SL02,255.0,EA,2024-09-15,2024-08-19,,1000,4500000482,00010,,,0,
100,1000000483,00010,NB,B,,,N,B,R,,,100,BUYER03,2024-09-07,BUYER03,PR for material MAT00015,MAT00015,P003,SL01,154.0,EA,2024-11-13,2024-09-07,,1000,4500000483,00010,,,0,
100,1000000484,00010,NB,B,,,N,B,R,,,102,BUYER01,2024-06-26,BUYER01,PR for material MAT00014,MAT00014,P003,SL01,246.0,EA,2024-07-27,2024-06-26,,1000,4500000484,00010,,,0,
100,1000000484,00020,NB,B,,,N,B,R,,,100,BUYER01,2024-06-26,BUYER01,PR for material MAT00014,MAT00014,P003,SL01,246.0,EA,2024-07-27,2024-06-26,,1000,4500000484,00020,,,0,
100,1000000485,00010,NB,B,,,N,B,R,,,101,BUYER02,2024-06-09,BUYER02,PR for material MAT00019,MAT00019,P002,SL03,340.0,EA,2024-08-11,2024-06-09,,1000,4500000485,00010,,,0,
100,1000000486,00010,NB,B,,,N,B,R,,,103,BUYER03,2024-03-24,BUYER03,PR for material MAT00012,MAT00012,P002,SL02,266.0,EA,2024-05-14,2024-03-24,,1000,4500000486,00010,,,0,
100,1000000487,00010,NB,B,,,N,B,R,,,101,BUYER03,2024-09-16,BUYER03,PR for material MAT00012,MAT00012,P003,SL01,454.0,EA,2024-11-09,2024-09-16,,1000,4500000487,00010,,,0,
100,1000000487,00020,NB,B,,,N,B,R,,,101,BUYER03,2024-09-16,BUYER03,PR for material MAT00012,MAT00012,P003,SL01,454.0,EA,2024-11-09,2024-09-16,,1000,4500000487,00020,,,0,
100,1000000488,00010,NB,B,,,N,B,R,,,100,BUYER03,2024-05-20,BUYER03,PR for material MAT00020,MAT00020,P002,SL01,374.0,EA,2024-06-25,2024-05-20,,1000,4500000488,00010,,,0,
100,1000000489,00010,NB,B,,,N,B,R,,,100,BUYER02,2024-04-24,BUYER02,PR for material MAT00004,MAT00004,P001,SL02,289.0,EA,2024-06-13,2024-04-24,,1000,4500000489,00010,,,0,
100,1000000489,00020,NB,B,,,N,B,R,,,103,BUYER02,2024-04-24,BUYER02,PR for material MAT00004,MAT00004,P001,SL02,289.0,EA,2024-06-13,2024-04-24,,1000,4500000489,00020,,,0,
100,1000000491,00010,NB,B,,,N,B,R,,,103,BUYER02,2024-04-21,BUYER02,PR for material MAT00020,MAT00020,P001,SL03,169.0,EA,2024-06-22,2024-04-21,,1000,4500000491,00010,,,0,
100,1000000492,00010,NB,B,,,N,B,R,,,103,BUYER02,2024-07-04,BUYER02,PR for material MAT00011,MAT00011,P002,SL01,161.0,EA,2024-08-14,2024-07-04,,1000,4500000492,00010,,,0,
100,1000000492,00020,NB,B,,,N,B,R,,,100,BUYER02,2024-07-04,BUYER02,PR for material MAT00011,MAT00011,P002,SL01,161.0,EA,2024-08-14,2024-07-04,,1000,4500000492,00020,,,0,
100,1000000493,00010,NB,B,,,N,B,R,,,103,BUYER01,2024-09-06,BUYER01,PR for material MAT00011,MAT00011,P001,SL01,477.0,EA,2024-11-02,2024-09-06,,1000,4500000493,00010,,,0,
100,1000000494,00010,NB,B,,,N,B,R,,,101,BUYER02,2024-08-03,BUYER02,PR for material MAT00011,MAT00011,P001,SL03,84.0,EA,2024-09-02,2024-08-03,,1000,4500000494,00010,,,0,
100,1000000495,00010,NB,B,,,N,B,R,,,101,BUYER03,2024-04-23,BUYER03,PR for material MAT00015,MAT00015,P003,SL02,122.0,EA,2024-05-29,2024-04-23,,1000,4500000495,00010,,,0,
100,1000000496,00010,NB,B,,,N,B,R,,,103,BUYER03,2024-08-15,BUYER03,PR for material MAT00001,MAT00001,P001,SL03,401.0,EA,2024-10-01,2024-08-15,,1000,4500000496,00010,,,0,
100,1000000497,00010,NB,B,,,N,B,R,,,101,BUYER03,2024-08-12,BUYER03,PR for material MAT00003,MAT00003,P002,SL03,231.0,EA,2024-09-19,2024-08-12,,1000,4500000497,00010,,,0,
100,1000000498,00010,NB,B,,,N,B,R,,,102,BUYER01,2024-08-26,BUYER01,PR for material MAT00018,MAT00018,P003,SL03,387.0,EA,2024-10-27,2024-08-26,,1000,4500000498,00010,,,0,
100,1000000498,00020,NB,B,,,N,B,R,,,101,BUYER01,2024-08-26,BUYER01,PR for material MAT00018,MAT00018,P003,SL03,387.0,EA,2024-10-27,2024-08-26,,1000,4500000498,00020,,,0,
100,1000000499,00010,NB,B,,,N,B,R,,,101,BUYER01,2024-08-19,BUYER01,PR for material MAT00001,MAT00001,P002,SL01,34.0,EA,2024-09-22,2024-08-19,,1000,4500000499,00010,,,0,
