MANDT,EBELN,EBELP,ETENR,EINDT,SLFDT,LPEIN,MENGE,AMENG,WEMNG,WAMNG,BANFN,BNFPO,FIXKZ,GLMNG,DABMG
100,4500000000,00010,0001,2024-05-18,2024-05-18,T,115.0,0,0,0,1000000000,00010,X,115.0,0
100,4500000001,00010,0001,2024-05-11,2024-05-11,T,294.0,0,294.0,294.0,1000000001,00010,X,294.0,0
100,4500000002,00010,0001,2024-06-22,2024-06-22,T,127.0,0,127.0,127.0,1000000002,00010,X,127.0,0
100,4500000003,00010,0001,2024-06-16,2024-06-16,T,410.0,0,410.0,410.0,,00010,X,410.0,0
100,4500000003,00020,0001,2024-06-16,2024-06-16,T,139.0,0,139.0,139.0,,00020,X,139.0,0
100,4500000004,00010,0001,2024-08-29,2024-08-29,T,47.0,0,47.0,47.0,1000000004,00010,X,47.0,0
100,4500000005,00010,0001,2024-04-18,2024-04-18,T,209.0,0,209.0,209.0,1000000005,00010,X,209.0,0
100,4500000006,00010,0001,2024-06-05,2024-06-05,T,160.0,0,160.0,160.0,1000000006,00010,X,160.0,0
100,4500000007,00010,0001,2024-07-09,2024-07-09,T,29.0,0,29.0,29.0,1000000007,00010,X,29.0,0
100,4500000008,00010,0001,2024-04-16,2024-04-16,T,162.0,0,162.0,162.0,1000000008,00010,X,162.0,0
100,4500000009,00010,0001,2024-08-02,2024-08-02,T,341.0,0,0,0,1000000009,00010,X,341.0,0
100,4500000010,00010,0001,2024-09-29,2024-09-29,T,362.0,0,362.0,362.0,1000000010,00010,X,362.0,0
100,4500000010,00020,0001,2024-09-29,2024-09-29,T,29.0,0,29.0,29.0,1000000010,00020,X,29.0,0
100,4500000011,00010,0001,2024-07-18,2024-07-18,T,317.0,0,317.0,317.0,1000000011,00010,X,317.0,0
100,4500000012,00010,0001,2024-03-10,2024-03-10,T,296.0,0,296.0,296.0,,00010,X,296.0,0
100,4500000013,00010,0001,2024-10-10,2024-10-10,T,343.0,0,343.0,343.0,,00010,X,343.0,0
100,4500000014,00010,0001,2024-10-01,2024-10-01,T,441.0,0,441.0,441.0,1000000014,00010,X,441.0,0
100,4500000015,00010,0001,2024-04-27,2024-04-27,T,238.0,0,238.0,238.0,,00010,X,238.0,0
100,4500000016,00010,0001,2024-07-01,2024-07-01,T,405.0,0,405.0,405.0,,00010,X,405.0,0
100,4500000016,00020,0001,2024-07-01,2024-07-01,T,26.0,0,26.0,26.0,,00020,X,26.0,0
100,4500000017,00010,0001,2024-06-04,2024-06-04,T,442.0,0,442.0,442.0,1000000017,00010,X,442.0,0
100,4500000018,00010,0001,2024-05-11,2024-05-11,T,209.0,0,209.0,209.0,1000000018,00010,X,209.0,0
100,4500000019,00010,0001,2024-08-22,2024-08-22,T,143.0,0,143.0,143.0,1000000019,00010,X,143.0,0
100,4500000020,00010,0001,2024-08-11,2024-08-11,T,357.0,0,357.0,357.0,1000000020,00010,X,357.0,0
100,4500000021,00010,0001,2024-08-19,2024-08-19,T,318.0,0,318.0,318.0,1000000021,00010,X,318.0,0
100,4500000022,00010,0001,2024-04-16,2024-04-16,T,140.0,0,140.0,140.0,,00010,X,140.0,0
100,4500000023,00010,0001,2024-05-10,2024-05-10,T,120.0,0,120.0,120.0,1000000023,00010,X,120.0,0
100,4500000024,00010,0001,2024-03-03,2024-03-03,T,133.0,0,133.0,133.0,1000000024,00010,X,133.0,0
100,4500000025,00010,0001,2024-08-22,2024-08-22,T,151.0,0,151.0,151.0,1000000025,00010,X,151.0,0
100,4500000026,00010,0001,2024-09-11,2024-09-11,T,141.0,0,141.0,141.0,1000000026,00010,X,141.0,0
100,4500000027,00010,0001,2024-08-05,2024-08-05,T,214.0,0,214.0,214.0,1000000027,00010,X,214.0,0
100,4500000027,00020,0001,2024-08-05,2024-08-05,T,71.0,0,71.0,71.0,1000000027,00020,X,71.0,0
100,4500000028,00010,0001,2024-06-18,2024-06-18,T,429.0,0,429.0,429.0,1000000028,00010,X,429.0,0
100,4500000029,00010,0001,2024-05-16,2024-05-16,T,47.0,0,0,0,1000000029,00010,X,47.0,0
100,4500000030,00010,0001,2024-06-21,2024-06-21,T,489.0,0,489.0,489.0,1000000030,00010,X,489.0,0
100,4500000030,00020,0001,2024-06-21,2024-06-21,T,53.0,0,53.0,53.0,1000000030,00020,X,53.0,0
100,4500000031,00010,0001,2024-06-03,2024-06-03,T,238.0,0,238.0,238.0,1000000031,00010,X,238.0,0
100,4500000031,00020,0001,2024-06-03,2024-06-03,T,26.0,0,26.0,26.0,1000000031,00020,X,26.0,0
100,4500000032,00010,0001,2024-06-11,2024-06-11,T,322.0,0,322.0,322.0,1000000032,00010,X,322.0,0
100,4500000032,00020,0001,2024-06-11,2024-06-11,T,158.0,0,158.0,158.0,1000000032,00020,X,158.0,0
100,4500000033,00010,0001,2024-08-19,2024-08-19,T,140.0,0,140.0,140.0,1000000033,00010,X,140.0,0
100,4500000034,00010,0001,2024-07-23,2024-07-23,T,78.0,0,78.0,78.0,1000000034,00010,X,78.0,0
100,4500000034,00020,0001,2024-07-23,2024-07-23,T,87.0,0,87.0,87.0,1000000034,00020,X,87.0,0
100,4500000035,00010,0001,2024-08-15,2024-08-15,T,103.0,0,0,0,1000000035,00010,X,103.0,0
100,4500000036,00010,0001,2024-07-21,2024-07-21,T,451.0,0,451.0,451.0,1000000036,00010,X,451.0,0
100,4500000036,00020,0001,2024-07-21,2024-07-21,T,15.0,0,15.0,15.0,1000000036,00020,X,15.0,0
100,4500000037,00010,0001,2024-03-05,2024-03-05,T,207.0,0,207.0,207.0,1000000037,00010,X,207.0,0
100,4500000038,00010,0001,2024-10-10,2024-10-10,T,428.0,0,428.0,428.0,1000000038,00010,X,428.0,0
100,4500000038,00020,0001,2024-10-10,2024-10-10,T,78.0,0,78.0,78.0,1000000038,00020,X,78.0,0
100,4500000039,00010,0001,2024-10-14,2024-10-14,T,485.0,0,485.0,485.0,1000000039,00010,X,485.0,0
100,4500000040,00010,0001,2024-06-15,2024-06-15,T,354.0,0,0,0,1000000040,00010,X,354.0,0
100,4500000041,00010,0001,2024-03-12,2024-03-12,T,380.0,0,380.0,380.0,1000000041,00010,X,380.0,0
100,4500000042,00010,0001,2024-07-09,2024-07-09,T,492.0,0,492.0,492.0,1000000042,00010,X,492.0,0
100,4500000043,00010,0001,2024-09-28,2024-09-28,T,432.0,0,0,0,1000000043,00010,X,432.0,0
100,4500000044,00010,0001,2024-09-27,2024-09-27,T,204.0,0,204.0,204.0,,00010,X,204.0,0
100,4500000045,00010,0001,2024-06-11,2024-06-11,T,85.0,0,85.0,85.0,1000000045,00010,X,85.0,0
100,4500000046,00010,0001,2024-03-28,2024-03-28,T,28.0,0,28.0,28.0,1000000046,00010,X,28.0,0
100,4500000047,00010,0001,2024-03-02,2024-03-02,T,357.0,0,357.0,357.0,,00010,X,357.0,0
100,4500000048,00010,0001,2024-07-14,2024-07-14,T,438.0,0,438.0,438.0,1000000048,00010,X,438.0,0
100,4500000048,00020,0001,2024-07-14,2024-07-14,T,136.0,0,136.0,136.0,1000000048,00020,X,136.0,0
100,4500000049,00010,0001,2024-03-29,2024-03-29,T,274.0,0,274.0,274.0,,00010,X,274.0,0
100,4500000049,00020,0001,2024-03-29,2024-03-29,T,181.0,0,181.0,181.0,,00020,X,181.0,0
100,4500000050,00010,0001,2024-09-22,2024-09-22,T,197.0,0,197.0,197.0,1000000050,00010,X,197.0,0
100,4500000050,00020,0001,2024-09-22,2024-09-22,T,93.0,0,93.0,93.0,1000000050,00020,X,93.0,0
100,4500000051,00010,0001,2024-07-24,2024-07-24,T,29.0,0,29.0,29.0,1000000051,00010,X,29.0,0
100,4500000052,00010,0001,2024-07-05,2024-07-05,T,323.0,0,323.0,323.0,,00010,X,323.0,0
100,4500000053,00010,0001,2024-08-24,2024-08-24,T,259.0,0,259.0,259.0,1000000053,00010,X,259.0,0
100,4500000054,00010,0001,2024-03-18,2024-03-18,T,409.0,0,409.0,409.0,1000000054,00010,X,409.0,0
100,4500000055,00010,0001,2024-05-20,2024-05-20,T,393.0,0,393.0,393.0,1000000055,00010,X,393.0,0
100,4500000055,00020,0001,2024-05-20,2024-05-20,T,160.0,0,160.0,160.0,1000000055,00020,X,160.0,0
100,4500000056,00010,0001,2024-10-03,2024-10-03,T,366.0,0,366.0,366.0,1000000056,00010,X,366.0,0
100,4500000057,00010,0001,2024-03-16,2024-03-16,T,475.0,0,0,0,,00010,X,475.0,0
100,4500000058,00010,0001,2024-07-20,2024-07-20,T,70.0,0,70.0,70.0,1000000058,00010,X,70.0,0
100,4500000059,00010,0001,2024-08-31,2024-08-31,T,239.0,0,239.0,239.0,1000000059,00010,X,239.0,0
100,4500000060,00010,0001,2024-05-06,2024-05-06,T,256.0,0,256.0,256.0,1000000060,00010,X,256.0,0
100,4500000061,00010,0001,2024-04-21,2024-04-21,T,300.0,0,300.0,300.0,1000000061,00010,X,300.0,0
100,4500000061,00020,0001,2024-04-21,2024-04-21,T,127.0,0,127.0,127.0,1000000061,00020,X,127.0,0
100,4500000062,00010,0001,2024-07-28,2024-07-28,T,74.0,0,74.0,74.0,1000000062,00010,X,74.0,0
100,4500000063,00010,0001,2024-07-26,2024-07-26,T,239.0,0,239.0,239.0,,00010,X,239.0,0
100,4500000064,00010,0001,2024-02-05,2024-02-05,T,76.0,0,0,0,1000000064,00010,X,76.0,0
100,4500000065,00010,0001,2024-04-04,2024-04-04,T,494.0,0,0,0,1000000065,00010,X,494.0,0
100,4500000066,00010,0001,2024-07-27,2024-07-27,T,372.0,0,372.0,372.0,1000000066,00010,X,372.0,0
100,4500000067,00010,0001,2024-10-31,2024-10-31,T,486.0,0,486.0,486.0,1000000067,00010,X,486.0,0
100,4500000067,00020,0001,2024-10-31,2024-10-31,T,35.0,0,35.0,35.0,1000000067,00020,X,35.0,0
100,4500000068,00010,0001,2024-09-08,2024-09-08,T,325.0,0,325.0,325.0,1000000068,00010,X,325.0,0
100,4500000069,00010,0001,2024-05-08,2024-05-08,T,196.0,0,196.0,196.0,1000000069,00010,X,196.0,0
100,4500000070,00010,0001,2024-05-25,2024-05-25,T,454.0,0,454.0,454.0,1000000070,00010,X,454.0,0
100,4500000071,00010,0001,2024-05-26,2024-05-26,T,442.0,0,442.0,442.0,,00010,X,442.0,0
100,4500000071,00020,0001,2024-05-26,2024-05-26,T,198.0,0,198.0,198.0,,00020,X,198.0,0
100,4500000072,00010,0001,2024-09-16,2024-09-16,T,171.0,0,171.0,171.0,1000000072,00010,X,171.0,0
100,4500000073,00010,0001,2024-08-11,2024-08-11,T,337.0,0,337.0,337.0,1000000073,00010,X,337.0,0
100,4500000074,00010,0001,2024-04-02,2024-04-02,T,355.0,0,355.0,355.0,1000000074,00010,X,355.0,0
100,4500000075,00010,0001,2024-11-09,2024-11-09,T,38.0,0,38.0,38.0,1000000075,00010,X,38.0,0
100,4500000076,00010,0001,2024-05-05,2024-05-05,T,324.0,0,324.0,324.0,1000000076,00010,X,324.0,0
100,4500000077,00010,0001,2024-03-02,2024-03-02,T,362.0,0,362.0,362.0,1000000077,00010,X,362.0,0
100,4500000078,00010,0001,2024-03-18,2024-03-18,T,355.0,0,355.0,355.0,1000000078,00010,X,355.0,0
100,4500000079,00010,0001,2024-08-23,2024-08-23,T,471.0,0,471.0,471.0,,00010,X,471.0,0
100,4500000080,00010,0001,2024-09-25,2024-09-25,T,76.0,0,76.0,76.0,1000000080,00010,X,76.0,0
100,4500000081,00010,0001,2024-05-20,2024-05-20,T,114.0,0,114.0,114.0,,00010,X,114.0,0
100,4500000082,00010,0001,2024-10-12,2024-10-12,T,192.0,0,192.0,192.0,1000000082,00010,X,192.0,0
100,4500000083,00010,0001,2024-05-12,2024-05-12,T,79.0,0,79.0,79.0,1000000083,00010,X,79.0,0
100,4500000084,00010,0001,2024-10-29,2024-10-29,T,13.0,0,13.0,13.0,1000000084,00010,X,13.0,0
100,4500000084,00020,0001,2024-10-29,2024-10-29,T,108.0,0,108.0,108.0,1000000084,00020,X,108.0,0
100,4500000085,00010,0001,2024-09-10,2024-09-10,T,243.0,0,243.0,243.0,1000000085,00010,X,243.0,0
100,4500000086,00010,0001,2024-02-26,2024-02-26,T,481.0,0,481.0,481.0,1000000086,00010,X,481.0,0
100,4500000087,00010,0001,2024-02-26,2024-02-26,T,496.0,0,496.0,496.0,1000000087,00010,X,496.0,0
100,4500000088,00010,0001,2024-07-27,2024-07-27,T,472.0,0,472.0,472.0,1000000088,00010,X,472.0,0
100,4500000089,00010,0001,2024-08-26,2024-08-26,T,452.0,0,452.0,452.0,1000000089,00010,X,452.0,0
100,4500000090,00010,0001,2024-07-09,2024-07-09,T,301.0,0,301.0,301.0,1000000090,00010,X,301.0,0
100,4500000091,00010,0001,2024-05-24,2024-05-24,T,483.0,0,483.0,483.0,1000000091,00010,X,483.0,0
100,4500000092,00010,0001,2024-03-27,2024-03-27,T,255.0,0,255.0,255.0,1000000092,00010,X,255.0,0
100,4500000093,00010,0001,2024-03-18,2024-03-18,T,336.0,0,336.0,336.0,1000000093,00010,X,336.0,0
100,4500000093,00020,0001,2024-03-18,2024-03-18,T,138.0,0,138.0,138.0,1000000093,00020,X,138.0,0
100,4500000094,00010,0001,2024-06-07,2024-06-07,T,243.0,0,243.0,243.0,1000000094,00010,X,243.0,0
100,4500000095,00010,0001,2024-09-11,2024-09-11,T,208.0,0,208.0,208.0,1000000095,00010,X,208.0,0
100,4500000096,00010,0001,2024-08-03,2024-08-03,T,139.0,0,139.0,139.0,1000000096,00010,X,139.0,0
100,4500000097,00010,0001,2024-04-09,2024-04-09,T,100.0,0,100.0,100.0,1000000097,00010,X,100.0,0
100,4500000097,00020,0001,2024-04-09,2024-04-09,T,41.0,0,41.0,41.0,1000000097,00020,X,41.0,0
100,4500000098,00010,0001,2024-09-16,2024-09-16,T,287.0,0,287.0,287.0,1000000098,00010,X,287.0,0
100,4500000098,00020,0001,2024-09-16,2024-09-16,T,112.0,0,112.0,112.0,1000000098,00020,X,112.0,0
100,4500000099,00010,0001,2024-06-18,2024-06-18,T,182.0,0,182.0,182.0,1000000099,00010,X,182.0,0
100,4500000100,00010,0001,2024-04-04,2024-04-04,T,496.0,0,496.0,496.0,1000000100,00010,X,496.0,0
100,4500000101,00010,0001,2024-07-05,2024-07-05,T,170.0,0,170.0,170.0,,00010,X,170.0,0
100,4500000102,00010,0001,2024-04-13,2024-04-13,T,71.0,0,71.0,71.0,1000000102,00010,X,71.0,0
100,4500000102,00020,0001,2024-04-13,2024-04-13,T,78.0,0,78.0,78.0,1000000102,00020,X,78.0,0
100,4500000103,00010,0001,2024-02-19,2024-02-19,T,69.0,0,69.0,69.0,1000000103,00010,X,69.0,0
100,4500000104,00010,0001,2024-03-09,2024-03-09,T,226.0,0,226.0,226.0,1000000104,00010,X,226.0,0
100,4500000105,00010,0001,2024-08-02,2024-08-02,T,425.0,0,425.0,425.0,1000000105,00010,X,425.0,0
100,4500000106,00010,0001,2024-02-17,2024-02-17,T,200.0,0,200.0,200.0,1000000106,00010,X,200.0,0
100,4500000107,00010,0001,2024-09-21,2024-09-21,T,273.0,0,273.0,273.0,1000000107,00010,X,273.0,0
100,4500000108,00010,0001,2024-10-20,2024-10-20,T,162.0,0,162.0,162.0,1000000108,00010,X,162.0,0
100,4500000108,00020,0001,2024-10-20,2024-10-20,T,175.0,0,175.0,175.0,1000000108,00020,X,175.0,0
100,4500000109,00010,0001,2024-04-26,2024-04-26,T,389.0,0,389.0,389.0,1000000109,00010,X,389.0,0
100,4500000109,00020,0001,2024-04-26,2024-04-26,T,12.0,0,12.0,12.0,1000000109,00020,X,12.0,0
100,4500000110,00010,0001,2024-03-10,2024-03-10,T,148.0,0,148.0,148.0,,00010,X,148.0,0
100,4500000111,00010,0001,2024-06-17,2024-06-17,T,124.0,0,124.0,124.0,,00010,X,124.0,0
100,4500000112,00010,0001,2024-11-06,2024-11-06,T,52.0,0,52.0,52.0,,00010,X,52.0,0
100,4500000112,00020,0001,2024-11-06,2024-11-06,T,82.0,0,82.0,82.0,,00020,X,82.0,0
100,4500000113,00010,0001,2024-06-16,2024-06-16,T,87.0,0,87.0,87.0,1000000113,00010,X,87.0,0
100,4500000114,00010,0001,2024-09-16,2024-09-16,T,40.0,0,40.0,40.0,,00010,X,40.0,0
100,4500000115,00010,0001,2024-04-20,2024-04-20,T,92.0,0,92.0,92.0,1000000115,00010,X,92.0,0
100,4500000115,00020,0001,2024-04-20,2024-04-20,T,125.0,0,125.0,125.0,1000000115,00020,X,125.0,0
100,4500000116,00010,0001,2024-08-27,2024-08-27,T,247.0,0,247.0,247.0,1000000116,00010,X,247.0,0
100,4500000117,00010,0001,2024-06-27,2024-06-27,T,459.0,0,459.0,459.0,1000000117,00010,X,459.0,0
100,4500000117,00020,0001,2024-06-27,2024-06-27,T,115.0,0,115.0,115.0,1000000117,00020,X,115.0,0
100,4500000118,00010,0001,2024-07-28,2024-07-28,T,424.0,0,424.0,424.0,1000000118,00010,X,424.0,0
100,4500000119,00010,0001,2024-08-07,2024-08-07,T,396.0,0,396.0,396.0,,00010,X,396.0,0
100,4500000120,00010,0001,2024-06-22,2024-06-22,T,469.0,0,469.0,469.0,1000000120,00010,X,469.0,0
100,4500000121,00010,0001,2024-10-23,2024-10-23,T,194.0,0,194.0,194.0,1000000121,00010,X,194.0,0
100,4500000121,00020,0001,2024-10-23,2024-10-23,T,36.0,0,36.0,36.0,1000000121,00020,X,36.0,0
100,4500000122,00010,0001,2024-06-29,2024-06-29,T,34.0,0,0,0,1000000122,00010,X,34.0,0
100,4500000123,00010,0001,2024-10-01,2024-10-01,T,395.0,0,0,0,1000000123,00010,X,395.0,0
100,4500000124,00010,0001,2024-04-20,2024-04-20,T,406.0,0,406.0,406.0,1000000124,00010,X,406.0,0
100,4500000124,00020,0001,2024-04-20,2024-04-20,T,12.0,0,12.0,12.0,1000000124,00020,X,12.0,0
100,4500000125,00010,0001,2024-03-24,2024-03-24,T,281.0,0,281.0,281.0,,00010,X,281.0,0
100,4500000126,00010,0001,2024-08-02,2024-08-02,T,331.0,0,331.0,331.0,1000000126,00010,X,331.0,0
100,4500000126,00020,0001,2024-08-02,2024-08-02,T,180.0,0,180.0,180.0,1000000126,00020,X,180.0,0
100,4500000127,00010,0001,2024-11-02,2024-11-02,T,193.0,0,193.0,193.0,1000000127,00010,X,193.0,0
100,4500000127,00020,0001,2024-11-02,2024-11-02,T,54.0,0,54.0,54.0,1000000127,00020,X,54.0,0
100,4500000128,00010,0001,2024-05-04,2024-05-04,T,417.0,0,417.0,417.0,1000000128,00010,X,417.0,0
100,4500000129,00010,0001,2024-06-20,2024-06-20,T,484.0,0,484.0,484.0,1000000129,00010,X,484.0,0
100,4500000130,00010,0001,2024-03-22,2024-03-22,T,494.0,0,494.0,494.0,1000000130,00010,X,494.0,0
100,4500000131,00010,0001,2024-08-12,2024-08-12,T,357.0,0,357.0,357.0,1000000131,00010,X,357.0,0
100,4500000132,00010,0001,2024-05-18,2024-05-18,T,54.0,0,54.0,54.0,1000000132,00010,X,54.0,0
100,4500000133,00010,0001,2024-08-25,2024-08-25,T,36.0,0,36.0,36.0,1000000133,00010,X,36.0,0
100,4500000134,00010,0001,2024-06-19,2024-06-19,T,385.0,0,385.0,385.0,1000000134,00010,X,385.0,0
100,4500000135,00010,0001,2024-07-17,2024-07-17,T,257.0,0,257.0,257.0,,00010,X,257.0,0
100,4500000135,00020,0001,2024-07-17,2024-07-17,T,151.0,0,151.0,151.0,,00020,X,151.0,0
100,4500000136,00010,0001,2024-03-21,2024-03-21,T,348.0,0,348.0,348.0,1000000136,00010,X,348.0,0
100,4500000137,00010,0001,2024-03-30,2024-03-30,T,107.0,0,107.0,107.0,1000000137,00010,X,107.0,0
100,4500000138,00010,0001,2024-10-04,2024-10-04,T,261.0,0,261.0,261.0,1000000138,00010,X,261.0,0
100,4500000139,00010,0001,2024-05-10,2024-05-10,T,478.0,0,478.0,478.0,1000000139,00010,X,478.0,0
100,4500000140,00010,0001,2024-02-22,2024-02-22,T,457.0,0,457.0,457.0,,00010,X,457.0,0
100,4500000141,00010,0001,2024-11-25,2024-11-25,T,287.0,0,287.0,287.0,1000000141,00010,X,287.0,0
100,4500000142,00010,0001,2024-05-21,2024-05-21,T,119.0,0,119.0,119.0,,00010,X,119.0,0
100,4500000142,00020,0001,2024-05-21,2024-05-21,T,150.0,0,150.0,150.0,,00020,X,150.0,0
100,4500000143,00010,0001,2024-08-19,2024-08-19,T,242.0,0,242.0,242.0,1000000143,00010,X,242.0,0
100,4500000144,00010,0001,2024-05-07,2024-05-07,T,203.0,0,203.0,203.0,1000000144,00010,X,203.0,0
100,4500000145,00010,0001,2024-04-30,2024-04-30,T,200.0,0,200.0,200.0,1000000145,00010,X,200.0,0
100,4500000146,00010,0001,2024-05-24,2024-05-24,T,360.0,0,360.0,360.0,1000000146,00010,X,360.0,0
100,4500000147,00010,0001,2024-10-14,2024-10-14,T,81.0,0,81.0,81.0,1000000147,00010,X,81.0,0
100,4500000148,00010,0001,2024-09-08,2024-09-08,T,400.0,0,400.0,400.0,1000000148,00010,X,400.0,0
100,4500000149,00010,0001,2024-06-20,2024-06-20,T,154.0,0,154.0,154.0,1000000149,00010,X,154.0,0
100,4500000150,00010,0001,2024-05-17,2024-05-17,T,389.0,0,389.0,389.0,1000000150,00010,X,389.0,0
100,4500000151,00010,0001,2024-08-01,2024-08-01,T,117.0,0,117.0,117.0,1000000151,00010,X,117.0,0
100,4500000152,00010,0001,2024-03-25,2024-03-25,T,167.0,0,167.0,167.0,1000000152,00010,X,167.0,0
100,4500000153,00010,0001,2024-05-12,2024-05-12,T,45.0,0,45.0,45.0,1000000153,00010,X,45.0,0
100,4500000154,00010,0001,2024-03-31,2024-03-31,T,152.0,0,152.0,152.0,1000000154,00010,X,152.0,0
100,4500000155,00010,0001,2024-09-02,2024-09-02,T,282.0,0,282.0,282.0,1000000155,00010,X,282.0,0
100,4500000156,00010,0001,2024-04-30,2024-04-30,T,288.0,0,288.0,288.0,1000000156,00010,X,288.0,0
100,4500000157,00010,0001,2024-07-31,2024-07-31,T,312.0,0,0,0,1000000157,00010,X,312.0,0
100,4500000158,00010,0001,2024-10-07,2024-10-07,T,160.0,0,160.0,160.0,1000000158,00010,X,160.0,0
100,4500000159,00010,0001,2024-06-11,2024-06-11,T,276.0,0,276.0,276.0,1000000159,00010,X,276.0,0
100,4500000159,00020,0001,2024-06-11,2024-06-11,T,52.0,0,52.0,52.0,1000000159,00020,X,52.0,0
100,4500000160,00010,0001,2024-06-17,2024-06-17,T,41.0,0,41.0,41.0,1000000160,00010,X,41.0,0
100,4500000161,00010,0001,2024-06-01,2024-06-01,T,189.0,0,189.0,189.0,1000000161,00010,X,189.0,0
100,4500000162,00010,0001,2024-10-31,2024-10-31,T,84.0,0,84.0,84.0,1000000162,00010,X,84.0,0
100,4500000163,00010,0001,2024-11-13,2024-11-13,T,37.0,0,37.0,37.0,1000000163,00010,X,37.0,0
100,4500000164,00010,0001,2024-10-19,2024-10-19,T,346.0,0,346.0,346.0,1000000164,00010,X,346.0,0
100,4500000165,00010,0001,2024-10-05,2024-10-05,T,274.0,0,0,0,1000000165,00010,X,274.0,0
100,4500000166,00010,0001,2024-06-15,2024-06-15,T,149.0,0,149.0,149.0,1000000166,00010,X,149.0,0
100,4500000167,00010,0001,2024-09-19,2024-09-19,T,145.0,0,145.0,145.0,1000000167,00010,X,145.0,0
100,4500000168,00010,0001,2024-10-24,2024-10-24,T,59.0,0,59.0,59.0,1000000168,00010,X,59.0,0
100,4500000169,00010,0001,2024-11-28,2024-11-28,T,38.0,0,38.0,38.0,1000000169,00010,X,38.0,0
100,4500000169,00020,0001,2024-11-28,2024-11-28,T,52.0,0,52.0,52.0,1000000169,00020,X,52.0,0
100,4500000170,00010,0001,2024-05-30,2024-05-30,T,466.0,0,466.0,466.0,1000000170,00010,X,466.0,0
100,4500000171,00010,0001,2024-10-14,2024-10-14,T,176.0,0,176.0,176.0,1000000171,00010,X,176.0,0
100,4500000172,00010,0001,2024-07-23,2024-07-23,T,412.0,0,412.0,412.0,,00010,X,412.0,0
100,4500000173,00010,0001,2024-07-27,2024-07-27,T,461.0,0,461.0,461.0,1000000173,00010,X,461.0,0
100,4500000173,00020,0001,2024-07-27,2024-07-27,T,83.0,0,83.0,83.0,1000000173,00020,X,83.0,0
100,4500000174,00010,0001,2024-02-14,2024-02-14,T,59.0,0,59.0,59.0,,00010,X,59.0,0
100,4500000175,00010,0001,2024-06-27,2024-06-27,T,222.0,0,222.0,222.0,1000000175,00010,X,222.0,0
100,4500000176,00010,0001,2024-06-04,2024-06-04,T,319.0,0,319.0,319.0,,00010,X,319.0,0
100,4500000177,00010,0001,2024-09-02,2024-09-02,T,249.0,0,249.0,249.0,1000000177,00010,X,249.0,0
100,4500000178,00010,0001,2024-08-10,2024-08-10,T,358.0,0,358.0,358.0,1000000178,00010,X,358.0,0
100,4500000179,00010,0001,2024-04-23,2024-04-23,T,41.0,0,41.0,41.0,1000000179,00010,X,41.0,0
100,4500000180,00010,0001,2024-04-27,2024-04-27,T,94.0,0,94.0,94.0,1000000180,00010,X,94.0,0
100,4500000181,00010,0001,2024-10-10,2024-10-10,T,54.0,0,54.0,54.0,1000000181,00010,X,54.0,0
100,4500000181,00020,0001,2024-10-10,2024-10-10,T,190.0,0,190.0,190.0,1000000181,00020,X,190.0,0
100,4500000182,00010,0001,2024-05-18,2024-05-18,T,316.0,0,316.0,316.0,1000000182,00010,X,316.0,0
100,4500000183,00010,0001,2024-07-02,2024-07-02,T,21.0,0,21.0,21.0,,00010,X,21.0,0
100,4500000184,00010,0001,2024-03-16,2024-03-16,T,141.0,0,141.0,141.0,1000000184,00010,X,141.0,0
100,4500000185,00010,0001,2024-06-01,2024-06-01,T,481.0,0,0,0,1000000185,00010,X,481.0,0
100,4500000186,00010,0001,2024-04-08,2024-04-08,T,485.0,0,485.0,485.0,1000000186,00010,X,485.0,0
100,4500000187,00010,0001,2024-10-16,2024-10-16,T,396.0,0,396.0,396.0,1000000187,00010,X,396.0,0
100,4500000188,00010,0001,2024-10-25,2024-10-25,T,282.0,0,282.0,282.0,1000000188,00010,X,282.0,0
100,4500000189,00010,0001,2024-09-08,2024-09-08,T,254.0,0,254.0,254.0,1000000189,00010,X,254.0,0
100,4500000190,00010,0001,2024-09-02,2024-09-02,T,45.0,0,45.0,45.0,1000000190,00010,X,45.0,0
100,4500000191,00010,0001,2024-05-19,2024-05-19,T,365.0,0,365.0,365.0,1000000191,00010,X,365.0,0
100,4500000191,00020,0001,2024-05-19,2024-05-19,T,177.0,0,177.0,177.0,1000000191,00020,X,177.0,0
100,4500000192,00010,0001,2024-06-15,2024-06-15,T,135.0,0,135.0,135.0,1000000192,00010,X,135.0,0
100,4500000193,00010,0001,2024-03-04,2024-03-04,T,78.0,0,78.0,78.0,1000000193,00010,X,78.0,0
100,4500000194,00010,0001,2024-07-09,2024-07-09,T,392.0,0,392.0,392.0,,00010,X,392.0,0
100,4500000195,00010,0001,2024-04-05,2024-04-05,T,486.0,0,486.0,486.0,1000000195,00010,X,486.0,0
100,4500000196,00010,0001,2024-05-28,2024-05-28,T,290.0,0,290.0,290.0,1000000196,00010,X,290.0,0
100,4500000197,00010,0001,2024-09-15,2024-09-15,T,32.0,0,32.0,32.0,1000000197,00010,X,32.0,0
100,4500000198,00010,0001,2024-11-04,2024-11-04,T,247.0,0,247.0,247.0,1000000198,00010,X,247.0,0
100,4500000199,00010,0001,2024-07-23,2024-07-23,T,433.0,0,433.0,433.0,1000000199,00010,X,433.0,0
100,4500000200,00010,0001,2024-07-27,2024-07-27,T,375.0,0,375.0,375.0,1000000200,00010,X,375.0,0
100,4500000201,00010,0001,2024-08-21,2024-08-21,T,368.0,0,368.0,368.0,1000000201,00010,X,368.0,0
100,4500000202,00010,0001,2024-11-11,2024-11-11,T,81.0,0,81.0,81.0,1000000202,00010,X,81.0,0
100,4500000203,00010,0001,2024-03-26,2024-03-26,T,384.0,0,384.0,384.0,1000000203,00010,X,384.0,0
100,4500000204,00010,0001,2024-04-12,2024-04-12,T,26.0,0,26.0,26.0,1000000204,00010,X,26.0,0
100,4500000204,00020,0001,2024-04-12,2024-04-12,T,53.0,0,53.0,53.0,1000000204,00020,X,53.0,0
100,4500000205,00010,0001,2024-03-04,2024-03-04,T,205.0,0,205.0,205.0,1000000205,00010,X,205.0,0
100,4500000206,00010,0001,2024-07-07,2024-07-07,T,232.0,0,232.0,232.0,1000000206,00010,X,232.0,0
100,4500000206,00020,0001,2024-07-07,2024-07-07,T,80.0,0,80.0,80.0,1000000206,00020,X,80.0,0
100,4500000207,00010,0001,2024-08-12,2024-08-12,T,481.0,0,481.0,481.0,1000000207,00010,X,481.0,0
100,4500000208,00010,0001,2024-02-28,2024-02-28,T,314.0,0,314.0,314.0,1000000208,00010,X,314.0,0
100,4500000208,00020,0001,2024-02-28,2024-02-28,T,70.0,0,70.0,70.0,1000000208,00020,X,70.0,0
100,4500000209,00010,0001,2024-03-27,2024-03-27,T,280.0,0,280.0,280.0,1000000209,00010,X,280.0,0
100,4500000210,00010,0001,2024-08-04,2024-08-04,T,498.0,0,498.0,498.0,1000000210,00010,X,498.0,0
100,4500000210,00020,0001,2024-08-04,2024-08-04,T,149.0,0,149.0,149.0,1000000210,00020,X,149.0,0
100,4500000211,00010,0001,2024-04-13,2024-04-13,T,204.0,0,204.0,204.0,1000000211,00010,X,204.0,0
100,4500000212,00010,0001,2024-11-19,2024-11-19,T,342.0,0,342.0,342.0,1000000212,00010,X,342.0,0
100,4500000213,00010,0001,2024-04-13,2024-04-13,T,430.0,0,430.0,430.0,1000000213,00010,X,430.0,0
100,4500000214,00010,0001,2024-07-25,2024-07-25,T,170.0,0,170.0,170.0,,00010,X,170.0,0
100,4500000215,00010,0001,2024-11-29,2024-11-29,T,163.0,0,163.0,163.0,1000000215,00010,X,163.0,0
100,4500000216,00010,0001,2024-07-30,2024-07-30,T,472.0,0,472.0,472.0,,00010,X,472.0,0
100,4500000216,00020,0001,2024-07-30,2024-07-30,T,80.0,0,80.0,80.0,,00020,X,80.0,0
100,4500000217,00010,0001,2024-08-11,2024-08-11,T,386.0,0,386.0,386.0,1000000217,00010,X,386.0,0
100,4500000218,00010,0001,2024-09-28,2024-09-28,T,386.0,0,386.0,386.0,1000000218,00010,X,386.0,0
100,4500000219,00010,0001,2024-06-24,2024-06-24,T,221.0,0,221.0,221.0,1000000219,00010,X,221.0,0
100,4500000220,00010,0001,2024-03-04,2024-03-04,T,78.0,0,78.0,78.0,1000000220,00010,X,78.0,0
100,4500000220,00020,0001,2024-03-04,2024-03-04,T,160.0,0,160.0,160.0,1000000220,00020,X,160.0,0
100,4500000221,00010,0001,2024-06-19,2024-06-19,T,222.0,0,222.0,222.0,1000000221,00010,X,222.0,0
100,4500000222,00010,0001,2024-03-06,2024-03-06,T,81.0,0,81.0,81.0,1000000222,00010,X,81.0,0
100,4500000223,00010,0001,2024-10-30,2024-10-30,T,292.0,0,292.0,292.0,1000000223,00010,X,292.0,0
100,4500000224,00010,0001,2024-07-04,2024-07-04,T,272.0,0,272.0,272.0,1000000224,00010,X,272.0,0
100,4500000224,00020,0001,2024-07-04,2024-07-04,T,128.0,0,128.0,128.0,1000000224,00020,X,128.0,0
100,4500000225,00010,0001,2024-02-08,2024-02-08,T,96.0,0,96.0,96.0,1000000225,00010,X,96.0,0
100,4500000226,00010,0001,2024-08-24,2024-08-24,T,380.0,0,380.0,380.0,1000000226,00010,X,380.0,0
100,4500000226,00020,0001,2024-08-24,2024-08-24,T,90.0,0,90.0,90.0,1000000226,00020,X,90.0,0
100,4500000227,00010,0001,2024-07-10,2024-07-10,T,236.0,0,236.0,236.0,1000000227,00010,X,236.0,0
100,4500000228,00010,0001,2024-02-10,2024-02-10,T,470.0,0,470.0,470.0,1000000228,00010,X,470.0,0
100,4500000229,00010,0001,2024-09-06,2024-09-06,T,393.0,0,393.0,393.0,,00010,X,393.0,0
100,4500000229,00020,0001,2024-09-06,2024-09-06,T,44.0,0,44.0,44.0,,00020,X,44.0,0
100,4500000230,00010,0001,2024-03-02,2024-03-02,T,141.0,0,141.0,141.0,1000000230,00010,X,141.0,0
100,4500000231,00010,0001,2024-06-29,2024-06-29,T,499.0,0,499.0,499.0,1000000231,00010,X,499.0,0
100,4500000231,00020,0001,2024-06-29,2024-06-29,T,128.0,0,128.0,128.0,1000000231,00020,X,128.0,0
100,4500000232,00010,0001,2024-09-08,2024-09-08,T,37.0,0,37.0,37.0,1000000232,00010,X,37.0,0
100,4500000233,00010,0001,2024-05-29,2024-05-29,T,411.0,0,411.0,411.0,1000000233,00010,X,411.0,0
100,4500000234,00010,0001,2024-05-13,2024-05-13,T,91.0,0,91.0,91.0,1000000234,00010,X,91.0,0
100,4500000235,00010,0001,2024-06-27,2024-06-27,T,470.0,0,470.0,470.0,,00010,X,470.0,0
100,4500000236,00010,0001,2024-05-10,2024-05-10,T,65.0,0,65.0,65.0,1000000236,00010,X,65.0,0
100,4500000236,00020,0001,2024-05-10,2024-05-10,T,153.0,0,153.0,153.0,1000000236,00020,X,153.0,0
100,4500000237,00010,0001,2024-06-17,2024-06-17,T,123.0,0,123.0,123.0,1000000237,00010,X,123.0,0
100,4500000238,00010,0001,2024-05-17,2024-05-17,T,320.0,0,320.0,320.0,1000000238,00010,X,320.0,0
100,4500000239,00010,0001,2024-06-11,2024-06-11,T,266.0,0,266.0,266.0,1000000239,00010,X,266.0,0
100,4500000239,00020,0001,2024-06-11,2024-06-11,T,183.0,0,183.0,183.0,1000000239,00020,X,183.0,0
100,4500000240,00010,0001,2024-04-16,2024-04-16,T,327.0,0,327.0,327.0,1000000240,00010,X,327.0,0
100,4500000241,00010,0001,2024-04-12,2024-04-12,T,270.0,0,270.0,270.0,1000000241,00010,X,270.0,0
100,4500000242,00010,0001,2024-06-01,2024-06-01,T,244.0,0,244.0,244.0,1000000242,00010,X,244.0,0
100,4500000242,00020,0001,2024-06-01,2024-06-01,T,108.0,0,108.0,108.0,1000000242,00020,X,108.0,0
100,4500000243,00010,0001,2024-08-26,2024-08-26,T,64.0,0,0,0,1000000243,00010,X,64.0,0
100,4500000244,00010,0001,2024-11-07,2024-11-07,T,294.0,0,294.0,294.0,1000000244,00010,X,294.0,0
100,4500000245,00010,0001,2024-08-18,2024-08-18,T,313.0,0,313.0,313.0,1000000245,00010,X,313.0,0
100,4500000246,00010,0001,2024-05-04,2024-05-04,T,488.0,0,488.0,488.0,1000000246,00010,X,488.0,0
100,4500000247,00010,0001,2024-05-16,2024-05-16,T,454.0,0,454.0,454.0,1000000247,00010,X,454.0,0
100,4500000248,00010,0001,2024-11-02,2024-11-02,T,21.0,0,0,0,1000000248,00010,X,21.0,0
100,4500000248,00020,0001,2024-11-02,2024-11-02,T,77.0,0,0,0,1000000248,00020,X,77.0,0
100,4500000249,00010,0001,2024-05-13,2024-05-13,T,52.0,0,52.0,52.0,1000000249,00010,X,52.0,0
100,4500000250,00010,0001,2024-10-16,2024-10-16,T,297.0,0,0,0,1000000250,00010,X,297.0,0
100,4500000251,00010,0001,2024-04-13,2024-04-13,T,497.0,0,497.0,497.0,1000000251,00010,X,497.0,0
100,4500000252,00010,0001,2024-08-07,2024-08-07,T,270.0,0,270.0,270.0,1000000252,00010,X,270.0,0
100,4500000253,00010,0001,2024-10-18,2024-10-18,T,60.0,0,60.0,60.0,1000000253,00010,X,60.0,0
100,4500000254,00010,0001,2024-06-30,2024-06-30,T,73.0,0,73.0,73.0,1000000254,00010,X,73.0,0
100,4500000255,00010,0001,2024-03-24,2024-03-24,T,158.0,0,158.0,158.0,1000000255,00010,X,158.0,0
100,4500000256,00010,0001,2024-03-31,2024-03-31,T,17.0,0,17.0,17.0,1000000256,00010,X,17.0,0
100,4500000257,00010,0001,2024-07-27,2024-07-27,T,265.0,0,265.0,265.0,1000000257,00010,X,265.0,0
100,4500000258,00010,0001,2024-09-23,2024-09-23,T,190.0,0,190.0,190.0,,00010,X,190.0,0
100,4500000259,00010,0001,2024-05-30,2024-05-30,T,124.0,0,124.0,124.0,1000000259,00010,X,124.0,0
100,4500000260,00010,0001,2024-10-07,2024-10-07,T,197.0,0,197.0,197.0,1000000260,00010,X,197.0,0
100,4500000261,00010,0001,2024-04-20,2024-04-20,T,428.0,0,428.0,428.0,1000000261,00010,X,428.0,0
100,4500000262,00010,0001,2024-04-16,2024-04-16,T,139.0,0,139.0,139.0,1000000262,00010,X,139.0,0
100,4500000263,00010,0001,2024-06-09,2024-06-09,T,163.0,0,163.0,163.0,1000000263,00010,X,163.0,0
100,4500000263,00020,0001,2024-06-09,2024-06-09,T,9.0,0,9.0,9.0,1000000263,00020,X,9.0,0
100,4500000264,00010,0001,2024-07-20,2024-07-20,T,254.0,0,254.0,254.0,1000000264,00010,X,254.0,0
100,4500000264,00020,0001,2024-07-20,2024-07-20,T,71.0,0,71.0,71.0,1000000264,00020,X,71.0,0
100,4500000265,00010,0001,2024-09-22,2024-09-22,T,232.0,0,232.0,232.0,1000000265,00010,X,232.0,0
100,4500000266,00010,0001,2024-06-01,2024-06-01,T,128.0,0,128.0,128.0,1000000266,00010,X,128.0,0
100,4500000267,00010,0001,2024-06-18,2024-06-18,T,248.0,0,248.0,248.0,1000000267,00010,X,248.0,0
100,4500000268,00010,0001,2024-06-30,2024-06-30,T,449.0,0,449.0,449.0,1000000268,00010,X,449.0,0
100,4500000269,00010,0001,2024-09-02,2024-09-02,T,96.0,0,96.0,96.0,1000000269,00010,X,96.0,0
100,4500000270,00010,0001,2024-03-13,2024-03-13,T,422.0,0,422.0,422.0,1000000270,00010,X,422.0,0
100,4500000270,00020,0001,2024-03-13,2024-03-13,T,186.0,0,186.0,186.0,1000000270,00020,X,186.0,0
100,4500000271,00010,0001,2024-09-04,2024-09-04,T,89.0,0,89.0,89.0,1000000271,00010,X,89.0,0
100,4500000272,00010,0001,2024-05-13,2024-05-13,T,485.0,0,0,0,1000000272,00010,X,485.0,0
100,4500000273,00010,0001,2024-09-11,2024-09-11,T,20.0,0,20.0,20.0,1000000273,00010,X,20.0,0
100,4500000274,00010,0001,2024-11-10,2024-11-10,T,103.0,0,103.0,103.0,,00010,X,103.0,0
100,4500000274,00020,0001,2024-11-10,2024-11-10,T,147.0,0,147.0,147.0,,00020,X,147.0,0
100,4500000275,00010,0001,2024-06-05,2024-06-05,T,217.0,0,217.0,217.0,1000000275,00010,X,217.0,0
100,4500000276,00010,0001,2024-05-20,2024-05-20,T,440.0,0,440.0,440.0,1000000276,00010,X,440.0,0
100,4500000276,00020,0001,2024-05-20,2024-05-20,T,181.0,0,181.0,181.0,1000000276,00020,X,181.0,0
100,4500000277,00010,0001,2024-07-17,2024-07-17,T,224.0,0,224.0,224.0,1000000277,00010,X,224.0,0
100,4500000278,00010,0001,2024-05-11,2024-05-11,T,386.0,0,386.0,386.0,1000000278,00010,X,386.0,0
100,4500000279,00010,0001,2024-10-25,2024-10-25,T,13.0,0,13.0,13.0,,00010,X,13.0,0
100,4500000280,00010,0001,2024-05-30,2024-05-30,T,207.0,0,207.0,207.0,1000000280,00010,X,207.0,0
100,4500000281,00010,0001,2024-09-21,2024-09-21,T,101.0,0,101.0,101.0,1000000281,00010,X,101.0,0
100,4500000281,00020,0001,2024-09-21,2024-09-21,T,64.0,0,64.0,64.0,1000000281,00020,X,64.0,0
100,4500000282,00010,0001,2024-06-15,2024-06-15,T,50.0,0,50.0,50.0,1000000282,00010,X,50.0,0
100,4500000283,00010,0001,2024-05-31,2024-05-31,T,437.0,0,437.0,437.0,1000000283,00010,X,437.0,0
100,4500000283,00020,0001,2024-05-31,2024-05-31,T,75.0,0,75.0,75.0,1000000283,00020,X,75.0,0
100,4500000284,00010,0001,2024-05-15,2024-05-15,T,237.0,0,237.0,237.0,1000000284,00010,X,237.0,0
100,4500000285,00010,0001,2024-10-01,2024-10-01,T,294.0,0,294.0,294.0,1000000285,00010,X,294.0,0
100,4500000286,00010,0001,2024-11-13,2024-11-13,T,230.0,0,230.0,230.0,1000000286,00010,X,230.0,0
100,4500000287,00010,0001,2024-09-01,2024-09-01,T,486.0,0,486.0,486.0,,00010,X,486.0,0
100,4500000288,00010,0001,2024-05-13,2024-05-13,T,405.0,0,405.0,405.0,1000000288,00010,X,405.0,0
100,4500000289,00010,0001,2024-03-17,2024-03-17,T,380.0,0,380.0,380.0,1000000289,00010,X,380.0,0
100,4500000290,00010,0001,2024-04-11,2024-04-11,T,485.0,0,0,0,1000000290,00010,X,485.0,0
100,4500000291,00010,0001,2024-05-02,2024-05-02,T,460.0,0,460.0,460.0,1000000291,00010,X,460.0,0
100,4500000292,00010,0001,2024-04-08,2024-04-08,T,334.0,0,334.0,334.0,1000000292,00010,X,334.0,0
100,4500000292,00020,0001,2024-04-08,2024-04-08,T,142.0,0,142.0,142.0,1000000292,00020,X,142.0,0
100,4500000293,00010,0001,2024-06-19,2024-06-19,T,280.0,0,280.0,280.0,1000000293,00010,X,280.0,0
100,4500000294,00010,0001,2024-02-15,2024-02-15,T,405.0,0,405.0,405.0,1000000294,00010,X,405.0,0
100,4500000295,00010,0001,2024-03-04,2024-03-04,T,445.0,0,445.0,445.0,1000000295,00010,X,445.0,0
100,4500000295,00020,0001,2024-03-04,2024-03-04,T,187.0,0,187.0,187.0,1000000295,00020,X,187.0,0
100,4500000296,00010,0001,2024-05-06,2024-05-06,T,305.0,0,305.0,305.0,1000000296,00010,X,305.0,0
100,4500000297,00010,0001,2024-07-09,2024-07-09,T,411.0,0,411.0,411.0,1000000297,00010,X,411.0,0
100,4500000298,00010,0001,2024-10-22,2024-10-22,T,54.0,0,54.0,54.0,1000000298,00010,X,54.0,0
100,4500000299,00010,0001,2024-03-24,2024-03-24,T,378.0,0,378.0,378.0,1000000299,00010,X,378.0,0
100,4500000300,00010,0001,2024-03-11,2024-03-11,T,197.0,0,197.0,197.0,1000000300,00010,X,197.0,0
100,4500000301,00010,0001,2024-09-07,2024-09-07,T,451.0,0,451.0,451.0,,00010,X,451.0,0
100,4500000301,00020,0001,2024-09-07,2024-09-07,T,18.0,0,18.0,18.0,,00020,X,18.0,0
100,4500000302,00010,0001,2024-10-04,2024-10-04,T,314.0,0,314.0,314.0,,00010,X,314.0,0
100,4500000303,00010,0001,2024-03-02,2024-03-02,T,352.0,0,352.0,352.0,1000000303,00010,X,352.0,0
100,4500000304,00010,0001,2024-08-19,2024-08-19,T,327.0,0,327.0,327.0,1000000304,00010,X,327.0,0
100,4500000305,00010,0001,2024-06-08,2024-06-08,T,71.0,0,71.0,71.0,1000000305,00010,X,71.0,0
100,4500000306,00010,0001,2024-06-14,2024-06-14,T,64.0,0,0,0,1000000306,00010,X,64.0,0
100,4500000307,00010,0001,2024-03-19,2024-03-19,T,311.0,0,311.0,311.0,1000000307,00010,X,311.0,0
100,4500000308,00010,0001,2024-09-06,2024-09-06,T,202.0,0,202.0,202.0,,00010,X,202.0,0
100,4500000309,00010,0001,2024-06-04,2024-06-04,T,418.0,0,418.0,418.0,,00010,X,418.0,0
100,4500000310,00010,0001,2024-09-03,2024-09-03,T,37.0,0,37.0,37.0,1000000310,00010,X,37.0,0
100,4500000310,00020,0001,2024-09-03,2024-09-03,T,25.0,0,25.0,25.0,1000000310,00020,X,25.0,0
100,4500000311,00010,0001,2024-10-10,2024-10-10,T,228.0,0,228.0,228.0,1000000311,00010,X,228.0,0
100,4500000312,00010,0001,2024-03-12,2024-03-12,T,488.0,0,488.0,488.0,1000000312,00010,X,488.0,0
100,4500000313,00010,0001,2024-06-01,2024-06-01,T,316.0,0,316.0,316.0,1000000313,00010,X,316.0,0
100,4500000314,00010,0001,2024-06-28,2024-06-28,T,362.0,0,362.0,362.0,1000000314,00010,X,362.0,0
100,4500000315,00010,0001,2024-03-02,2024-03-02,T,400.0,0,400.0,400.0,1000000315,00010,X,400.0,0
100,4500000316,00010,0001,2024-11-03,2024-11-03,T,42.0,0,42.0,42.0,1000000316,00010,X,42.0,0
100,4500000317,00010,0001,2024-06-09,2024-06-09,T,125.0,0,125.0,125.0,1000000317,00010,X,125.0,0
100,4500000318,00010,0001,2024-10-06,2024-10-06,T,190.0,0,190.0,190.0,1000000318,00010,X,190.0,0
100,4500000319,00010,0001,2024-03-14,2024-03-14,T,29.0,0,29.0,29.0,1000000319,00010,X,29.0,0
100,4500000320,00010,0001,2024-10-23,2024-10-23,T,205.0,0,205.0,205.0,1000000320,00010,X,205.0,0
100,4500000321,00010,0001,2024-03-27,2024-03-27,T,407.0,0,407.0,407.0,1000000321,00010,X,407.0,0
100,4500000322,00010,0001,2024-05-10,2024-05-10,T,199.0,0,199.0,199.0,1000000322,00010,X,199.0,0
100,4500000323,00010,0001,2024-07-01,2024-07-01,T,44.0,0,44.0,44.0,1000000323,00010,X,44.0,0
100,4500000323,00020,0001,2024-07-01,2024-07-01,T,174.0,0,174.0,174.0,1000000323,00020,X,174.0,0
100,4500000324,00010,0001,2024-08-30,2024-08-30,T,171.0,0,171.0,171.0,1000000324,00010,X,171.0,0
100,4500000325,00010,0001,2024-09-24,2024-09-24,T,100.0,0,100.0,100.0,1000000325,00010,X,100.0,0
100,4500000326,00010,0001,2024-09-23,2024-09-23,T,258.0,0,258.0,258.0,1000000326,00010,X,258.0,0
100,4500000327,00010,0001,2024-09-23,2024-09-23,T,421.0,0,421.0,421.0,,00010,X,421.0,0
100,4500000328,00010,0001,2024-07-01,2024-07-01,T,12.0,0,12.0,12.0,1000000328,00010,X,12.0,0
100,4500000329,00010,0001,2024-08-29,2024-08-29,T,170.0,0,170.0,170.0,1000000329,00010,X,170.0,0
100,4500000330,00010,0001,2024-07-30,2024-07-30,T,211.0,0,211.0,211.0,1000000330,00010,X,211.0,0
100,4500000330,00020,0001,2024-07-30,2024-07-30,T,196.0,0,196.0,196.0,1000000330,00020,X,196.0,0
100,4500000331,00010,0001,2024-05-02,2024-05-02,T,109.0,0,109.0,109.0,1000000331,00010,X,109.0,0
100,4500000332,00010,0001,2024-08-13,2024-08-13,T,454.0,0,454.0,454.0,,00010,X,454.0,0
100,4500000332,00020,0001,2024-08-13,2024-08-13,T,15.0,0,15.0,15.0,,00020,X,15.0,0
100,4500000333,00010,0001,2024-07-16,2024-07-16,T,109.0,0,109.0,109.0,1000000333,00010,X,109.0,0
100,4500000334,00010,0001,2024-07-29,2024-07-29,T,281.0,0,281.0,281.0,1000000334,00010,X,281.0,0
100,4500000334,00020,0001,2024-07-29,2024-07-29,T,42.0,0,42.0,42.0,1000000334,00020,X,42.0,0
100,4500000335,00010,0001,2024-05-10,2024-05-10,T,388.0,0,388.0,388.0,1000000335,00010,X,388.0,0
100,4500000336,00010,0001,2024-09-23,2024-09-23,T,131.0,0,131.0,131.0,1000000336,00010,X,131.0,0
100,4500000337,00010,0001,2024-07-26,2024-07-26,T,439.0,0,0,0,1000000337,00010,X,439.0,0
100,4500000337,00020,0001,2024-07-26,2024-07-26,T,5.0,0,0,0,1000000337,00020,X,5.0,0
100,4500000338,00010,0001,2024-05-20,2024-05-20,T,377.0,0,377.0,377.0,1000000338,00010,X,377.0,0
100,4500000339,00010,0001,2024-02-22,2024-02-22,T,295.0,0,295.0,295.0,1000000339,00010,X,295.0,0
100,4500000340,00010,0001,2024-03-12,2024-03-12,T,59.0,0,59.0,59.0,1000000340,00010,X,59.0,0
100,4500000341,00010,0001,2024-07-30,2024-07-30,T,371.0,0,371.0,371.0,1000000341,00010,X,371.0,0
100,4500000342,00010,0001,2024-10-11,2024-10-11,T,418.0,0,418.0,418.0,1000000342,00010,X,418.0,0
100,4500000342,00020,0001,2024-10-11,2024-10-11,T,26.0,0,26.0,26.0,1000000342,00020,X,26.0,0
100,4500000343,00010,0001,2024-07-28,2024-07-28,T,386.0,0,386.0,386.0,1000000343,00010,X,386.0,0
100,4500000343,00020,0001,2024-07-28,2024-07-28,T,149.0,0,149.0,149.0,1000000343,00020,X,149.0,0
100,4500000344,00010,0001,2024-06-06,2024-06-06,T,274.0,0,274.0,274.0,1000000344,00010,X,274.0,0
100,4500000344,00020,0001,2024-06-06,2024-06-06,T,29.0,0,29.0,29.0,1000000344,00020,X,29.0,0
100,4500000345,00010,0001,2024-10-25,2024-10-25,T,492.0,0,492.0,492.0,1000000345,00010,X,492.0,0
100,4500000346,00010,0001,2024-03-24,2024-03-24,T,468.0,0,468.0,468.0,,00010,X,468.0,0
100,4500000347,00010,0001,2024-05-04,2024-05-04,T,422.0,0,422.0,422.0,1000000347,00010,X,422.0,0
100,4500000348,00010,0001,2024-05-16,2024-05-16,T,349.0,0,349.0,349.0,1000000348,00010,X,349.0,0
100,4500000349,00010,0001,2024-05-24,2024-05-24,T,354.0,0,354.0,354.0,1000000349,00010,X,354.0,0
100,4500000350,00010,0001,2024-04-28,2024-04-28,T,98.0,0,98.0,98.0,1000000350,00010,X,98.0,0
100,4500000351,00010,0001,2024-02-09,2024-02-09,T,474.0,0,474.0,474.0,1000000351,00010,X,474.0,0
100,4500000352,00010,0001,2024-07-31,2024-07-31,T,315.0,0,315.0,315.0,1000000352,00010,X,315.0,0
100,4500000353,00010,0001,2024-09-12,2024-09-12,T,412.0,0,412.0,412.0,1000000353,00010,X,412.0,0
100,4500000353,00020,0001,2024-09-12,2024-09-12,T,18.0,0,18.0,18.0,1000000353,00020,X,18.0,0
100,4500000354,00010,0001,2024-10-29,2024-10-29,T,353.0,0,353.0,353.0,1000000354,00010,X,353.0,0
100,4500000355,00010,0001,2024-08-16,2024-08-16,T,308.0,0,308.0,308.0,1000000355,00010,X,308.0,0
100,4500000356,00010,0001,2024-05-31,2024-05-31,T,38.0,0,38.0,38.0,1000000356,00010,X,38.0,0
100,4500000357,00010,0001,2024-10-12,2024-10-12,T,230.0,0,230.0,230.0,,00010,X,230.0,0
100,4500000358,00010,0001,2024-07-12,2024-07-12,T,114.0,0,114.0,114.0,1000000358,00010,X,114.0,0
100,4500000359,00010,0001,2024-08-13,2024-08-13,T,107.0,0,107.0,107.0,,00010,X,107.0,0
100,4500000360,00010,0001,2024-09-09,2024-09-09,T,376.0,0,376.0,376.0,1000000360,00010,X,376.0,0
100,4500000361,00010,0001,2024-11-17,2024-11-17,T,72.0,0,72.0,72.0,1000000361,00010,X,72.0,0
100,4500000362,00010,0001,2024-10-11,2024-10-11,T,50.0,0,50.0,50.0,1000000362,00010,X,50.0,0
100,4500000362,00020,0001,2024-10-11,2024-10-11,T,147.0,0,147.0,147.0,1000000362,00020,X,147.0,0
100,4500000363,00010,0001,2024-09-06,2024-09-06,T,353.0,0,353.0,353.0,1000000363,00010,X,353.0,0
100,4500000364,00010,0001,2024-03-02,2024-03-02,T,168.0,0,168.0,168.0,1000000364,00010,X,168.0,0
100,4500000365,00010,0001,2024-11-12,2024-11-12,T,329.0,0,329.0,329.0,1000000365,00010,X,329.0,0
100,4500000365,00020,0001,2024-11-12,2024-11-12,T,126.0,0,126.0,126.0,1000000365,00020,X,126.0,0
100,4500000366,00010,0001,2024-04-17,2024-04-17,T,267.0,0,267.0,267.0,,00010,X,267.0,0
100,4500000367,00010,0001,2024-10-08,2024-10-08,T,286.0,0,286.0,286.0,1000000367,00010,X,286.0,0
100,4500000368,00010,0001,2024-04-04,2024-04-04,T,271.0,0,271.0,271.0,1000000368,00010,X,271.0,0
100,4500000369,00010,0001,2024-06-23,2024-06-23,T,410.0,0,410.0,410.0,1000000369,00010,X,410.0,0
100,4500000370,00010,0001,2024-08-26,2024-08-26,T,253.0,0,253.0,253.0,1000000370,00010,X,253.0,0
100,4500000370,00020,0001,2024-08-26,2024-08-26,T,19.0,0,19.0,19.0,1000000370,00020,X,19.0,0
100,4500000371,00010,0001,2024-04-08,2024-04-08,T,357.0,0,357.0,357.0,1000000371,00010,X,357.0,0
100,4500000372,00010,0001,2024-11-08,2024-11-08,T,11.0,0,11.0,11.0,1000000372,00010,X,11.0,0
100,4500000372,00020,0001,2024-11-08,2024-11-08,T,25.0,0,25.0,25.0,1000000372,00020,X,25.0,0
100,4500000373,00010,0001,2024-07-10,2024-07-10,T,143.0,0,143.0,143.0,,00010,X,143.0,0
100,4500000373,00020,0001,2024-07-10,2024-07-10,T,195.0,0,195.0,195.0,,00020,X,195.0,0
100,4500000374,00010,0001,2024-08-19,2024-08-19,T,198.0,0,0,0,1000000374,00010,X,198.0,0
100,4500000375,00010,0001,2024-03-15,2024-03-15,T,426.0,0,426.0,426.0,1000000375,00010,X,426.0,0
100,4500000376,00010,0001,2024-08-29,2024-08-29,T,62.0,0,62.0,62.0,1000000376,00010,X,62.0,0
100,4500000377,00010,0001,2024-08-01,2024-08-01,T,228.0,0,228.0,228.0,,00010,X,228.0,0
100,4500000378,00010,0001,2024-11-18,2024-11-18,T,218.0,0,218.0,218.0,1000000378,00010,X,218.0,0
100,4500000379,00010,0001,2024-08-19,2024-08-19,T,404.0,0,404.0,404.0,,00010,X,404.0,0
100,4500000380,00010,0001,2024-05-09,2024-05-09,T,142.0,0,142.0,142.0,1000000380,00010,X,142.0,0
100,4500000381,00010,0001,2024-04-06,2024-04-06,T,257.0,0,257.0,257.0,1000000381,00010,X,257.0,0
100,4500000382,00010,0001,2024-04-16,2024-04-16,T,316.0,0,316.0,316.0,1000000382,00010,X,316.0,0
100,4500000383,00010,0001,2024-07-08,2024-07-08,T,54.0,0,54.0,54.0,1000000383,00010,X,54.0,0
100,4500000384,00010,0001,2024-11-22,2024-11-22,T,193.0,0,193.0,193.0,1000000384,00010,X,193.0,0
100,4500000385,00010,0001,2024-09-19,2024-09-19,T,369.0,0,369.0,369.0,1000000385,00010,X,369.0,0
100,4500000386,00010,0001,2024-03-04,2024-03-04,T,469.0,0,469.0,469.0,1000000386,00010,X,469.0,0
100,4500000386,00020,0001,2024-03-04,2024-03-04,T,21.0,0,21.0,21.0,1000000386,00020,X,21.0,0
100,4500000387,00010,0001,2024-10-15,2024-10-15,T,201.0,0,201.0,201.0,1000000387,00010,X,201.0,0
100,4500000388,00010,0001,2024-02-27,2024-02-27,T,323.0,0,323.0,323.0,,00010,X,323.0,0
100,4500000389,00010,0001,2024-10-16,2024-10-16,T,255.0,0,0,0,1000000389,00010,X,255.0,0
100,4500000390,00010,0001,2024-10-09,2024-10-09,T,470.0,0,470.0,470.0,,00010,X,470.0,0
100,4500000391,00010,0001,2024-06-17,2024-06-17,T,197.0,0,197.0,197.0,1000000391,00010,X,197.0,0
100,4500000392,00010,0001,2024-02-06,2024-02-06,T,397.0,0,0,0,1000000392,00010,X,397.0,0
100,4500000393,00010,0001,2024-07-14,2024-07-14,T,123.0,0,123.0,123.0,1000000393,00010,X,123.0,0
100,4500000394,00010,0001,2024-08-06,2024-08-06,T,450.0,0,450.0,450.0,1000000394,00010,X,450.0,0
100,4500000395,00010,0001,2024-10-28,2024-10-28,T,201.0,0,201.0,201.0,1000000395,00010,X,201.0,0
100,4500000396,00010,0001,2024-08-14,2024-08-14,T,304.0,0,304.0,304.0,1000000396,00010,X,304.0,0
100,4500000397,00010,0001,2024-06-23,2024-06-23,T,181.0,0,181.0,181.0,1000000397,00010,X,181.0,0
100,4500000398,00010,0001,2024-06-09,2024-06-09,T,443.0,0,443.0,443.0,1000000398,00010,X,443.0,0
100,4500000399,00010,0001,2024-04-08,2024-04-08,T,398.0,0,398.0,398.0,1000000399,00010,X,398.0,0
100,4500000400,00010,0001,2024-06-30,2024-06-30,T,117.0,0,117.0,117.0,1000000400,00010,X,117.0,0
100,4500000401,00010,0001,2024-08-02,2024-08-02,T,292.0,0,292.0,292.0,1000000401,00010,X,292.0,0
100,4500000401,00020,0001,2024-08-02,2024-08-02,T,86.0,0,86.0,86.0,1000000401,00020,X,86.0,0
100,4500000402,00010,0001,2024-05-13,2024-05-13,T,62.0,0,62.0,62.0,1000000402,00010,X,62.0,0
100,4500000403,00010,0001,2024-09-19,2024-09-19,T,432.0,0,432.0,432.0,1000000403,00010,X,432.0,0
100,4500000404,00010,0001,2024-07-08,2024-07-08,T,429.0,0,429.0,429.0,1000000404,00010,X,429.0,0
100,4500000405,00010,0001,2024-09-22,2024-09-22,T,257.0,0,257.0,257.0,1000000405,00010,X,257.0,0
100,4500000406,00010,0001,2024-09-29,2024-09-29,T,243.0,0,243.0,243.0,1000000406,00010,X,243.0,0
100,4500000407,00010,0001,2024-09-03,2024-09-03,T,154.0,0,154.0,154.0,1000000407,00010,X,154.0,0
100,4500000408,00010,0001,2024-09-11,2024-09-11,T,118.0,0,118.0,118.0,1000000408,00010,X,118.0,0
100,4500000409,00010,0001,2024-06-11,2024-06-11,T,44.0,0,44.0,44.0,1000000409,00010,X,44.0,0
100,4500000409,00020,0001,2024-06-11,2024-06-11,T,171.0,0,171.0,171.0,1000000409,00020,X,171.0,0
100,4500000410,00010,0001,2024-03-27,2024-03-27,T,371.0,0,371.0,371.0,1000000410,00010,X,371.0,0
100,4500000411,00010,0001,2024-11-25,2024-11-25,T,82.0,0,82.0,82.0,1000000411,00010,X,82.0,0
100,4500000412,00010,0001,2024-05-05,2024-05-05,T,299.0,0,299.0,299.0,,00010,X,299.0,0
100,4500000413,00010,0001,2024-05-10,2024-05-10,T,336.0,0,0,0,,00010,X,336.0,0
100,4500000413,00020,0001,2024-05-10,2024-05-10,T,100.0,0,0,0,,00020,X,100.0,0
100,4500000414,00010,0001,2024-04-28,2024-04-28,T,117.0,0,117.0,117.0,,00010,X,117.0,0
100,4500000414,00020,0001,2024-04-28,2024-04-28,T,137.0,0,137.0,137.0,,00020,X,137.0,0
100,4500000415,00010,0001,2024-04-12,2024-04-12,T,350.0,0,350.0,350.0,1000000415,00010,X,350.0,0
100,4500000416,00010,0001,2024-10-18,2024-10-18,T,276.0,0,276.0,276.0,1000000416,00010,X,276.0,0
100,4500000417,00010,0001,2024-10-18,2024-10-18,T,40.0,0,0,0,1000000417,00010,X,40.0,0
100,4500000418,00010,0001,2024-03-03,2024-03-03,T,441.0,0,441.0,441.0,1000000418,00010,X,441.0,0
100,4500000419,00010,0001,2024-04-04,2024-04-04,T,21.0,0,21.0,21.0,1000000419,00010,X,21.0,0
100,4500000420,00010,0001,2024-09-22,2024-09-22,T,24.0,0,24.0,24.0,1000000420,00010,X,24.0,0
100,4500000421,00010,0001,2024-11-18,2024-11-18,T,96.0,0,96.0,96.0,1000000421,00010,X,96.0,0
100,4500000421,00020,0001,2024-11-18,2024-11-18,T,186.0,0,186.0,186.0,1000000421,00020,X,186.0,0
100,4500000422,00010,0001,2024-10-05,2024-10-05,T,406.0,0,406.0,406.0,1000000422,00010,X,406.0,0
100,4500000423,00010,0001,2024-05-08,2024-05-08,T,108.0,0,108.0,108.0,1000000423,00010,X,108.0,0
100,4500000424,00010,0001,2024-03-09,2024-03-09,T,368.0,0,368.0,368.0,1000000424,00010,X,368.0,0
100,4500000425,00010,0001,2024-06-27,2024-06-27,T,123.0,0,0,0,1000000425,00010,X,123.0,0
100,4500000426,00010,0001,2024-04-06,2024-04-06,T,296.0,0,296.0,296.0,1000000426,00010,X,296.0,0
100,4500000427,00010,0001,2024-02-13,2024-02-13,T,303.0,0,303.0,303.0,1000000427,00010,X,303.0,0
100,4500000428,00010,0001,2024-09-18,2024-09-18,T,19.0,0,19.0,19.0,1000000428,00010,X,19.0,0
100,4500000429,00010,0001,2024-06-23,2024-06-23,T,121.0,0,121.0,121.0,1000000429,00010,X,121.0,0
100,4500000429,00020,0001,2024-06-23,2024-06-23,T,179.0,0,179.0,179.0,1000000429,00020,X,179.0,0
100,4500000430,00010,0001,2024-07-29,2024-07-29,T,436.0,0,436.0,436.0,1000000430,00010,X,436.0,0
100,4500000431,00010,0001,2024-04-16,2024-04-16,T,226.0,0,226.0,226.0,1000000431,00010,X,226.0,0
100,4500000432,00010,0001,2024-05-18,2024-05-18,T,221.0,0,221.0,221.0,1000000432,00010,X,221.0,0
100,4500000433,00010,0001,2024-09-04,2024-09-04,T,218.0,0,218.0,218.0,,00010,X,218.0,0
100,4500000434,00010,0001,2024-06-26,2024-06-26,T,330.0,0,330.0,330.0,1000000434,00010,X,330.0,0
100,4500000435,00010,0001,2024-07-26,2024-07-26,T,136.0,0,136.0,136.0,1000000435,00010,X,136.0,0
100,4500000435,00020,0001,2024-07-26,2024-07-26,T,118.0,0,118.0,118.0,1000000435,00020,X,118.0,0
100,4500000436,00010,0001,2024-03-13,2024-03-13,T,289.0,0,289.0,289.0,1000000436,00010,X,289.0,0
100,4500000437,00010,0001,2024-02-22,2024-02-22,T,23.0,0,23.0,23.0,1000000437,00010,X,23.0,0
100,4500000438,00010,0001,2024-04-30,2024-04-30,T,35.0,0,35.0,35.0,1000000438,00010,X,35.0,0
100,4500000439,00010,0001,2024-04-06,2024-04-06,T,47.0,0,47.0,47.0,1000000439,00010,X,47.0,0
100,4500000440,00010,0001,2024-09-20,2024-09-20,T,292.0,0,292.0,292.0,1000000440,00010,X,292.0,0
100,4500000440,00020,0001,2024-09-20,2024-09-20,T,198.0,0,198.0,198.0,1000000440,00020,X,198.0,0
100,4500000441,00010,0001,2024-09-18,2024-09-18,T,419.0,0,419.0,419.0,1000000441,00010,X,419.0,0
100,4500000441,00020,0001,2024-09-18,2024-09-18,T,91.0,0,91.0,91.0,1000000441,00020,X,91.0,0
100,4500000442,00010,0001,2024-04-23,2024-04-23,T,473.0,0,473.0,473.0,1000000442,00010,X,473.0,0
100,4500000443,00010,0001,2024-06-17,2024-06-17,T,281.0,0,281.0,281.0,1000000443,00010,X,281.0,0
100,4500000444,00010,0001,2024-08-03,2024-08-03,T,460.0,0,460.0,460.0,1000000444,00010,X,460.0,0
100,4500000445,00010,0001,2024-06-30,2024-06-30,T,399.0,0,399.0,399.0,,00010,X,399.0,0
100,4500000446,00010,0001,2024-09-29,2024-09-29,T,309.0,0,309.0,309.0,1000000446,00010,X,309.0,0
100,4500000446,00020,0001,2024-09-29,2024-09-29,T,62.0,0,62.0,62.0,1000000446,00020,X,62.0,0
100,4500000447,00010,0001,2024-09-04,2024-09-04,T,479.0,0,479.0,479.0,1000000447,00010,X,479.0,0
100,4500000448,00010,0001,2024-07-28,2024-07-28,T,227.0,0,227.0,227.0,1000000448,00010,X,227.0,0
100,4500000449,00010,0001,2024-09-15,2024-09-15,T,457.0,0,0,0,1000000449,00010,X,457.0,0
100,4500000450,00010,0001,2024-05-28,2024-05-28,T,20.0,0,20.0,20.0,1000000450,00010,X,20.0,0
100,4500000450,00020,0001,2024-05-28,2024-05-28,T,158.0,0,158.0,158.0,1000000450,00020,X,158.0,0
100,4500000451,00010,0001,2024-07-23,2024-07-23,T,261.0,0,261.0,261.0,1000000451,00010,X,261.0,0
100,4500000452,00010,0001,2024-03-17,2024-03-17,T,476.0,0,476.0,476.0,1000000452,00010,X,476.0,0
100,4500000453,00010,0001,2024-05-13,2024-05-13,T,266.0,0,266.0,266.0,1000000453,00010,X,266.0,0
100,4500000454,00010,0001,2024-06-19,2024-06-19,T,247.0,0,247.0,247.0,1000000454,00010,X,247.0,0
100,4500000455,00010,0001,2024-08-24,2024-08-24,T,68.0,0,68.0,68.0,1000000455,00010,X,68.0,0
100,4500000456,00010,0001,2024-05-07,2024-05-07,T,242.0,0,242.0,242.0,,00010,X,242.0,0
100,4500000457,00010,0001,2024-08-26,2024-08-26,T,179.0,0,179.0,179.0,1000000457,00010,X,179.0,0
100,4500000458,00010,0001,2024-11-27,2024-11-27,T,198.0,0,198.0,198.0,1000000458,00010,X,198.0,0
100,4500000459,00010,0001,2024-07-03,2024-07-03,T,284.0,0,284.0,284.0,1000000459,00010,X,284.0,0
100,4500000460,00010,0001,2024-07-18,2024-07-18,T,189.0,0,189.0,189.0,1000000460,00010,X,189.0,0
100,4500000460,00020,0001,2024-07-18,2024-07-18,T,6.0,0,6.0,6.0,1000000460,00020,X,6.0,0
100,4500000461,00010,0001,2024-03-26,2024-03-26,T,499.0,0,499.0,499.0,1000000461,00010,X,499.0,0
100,4500000462,00010,0001,2024-02-28,2024-02-28,T,277.0,0,277.0,277.0,1000000462,00010,X,277.0,0
100,4500000462,00020,0001,2024-02-28,2024-02-28,T,18.0,0,18.0,18.0,1000000462,00020,X,18.0,0
100,4500000463,00010,0001,2024-08-07,2024-08-07,T,288.0,0,288.0,288.0,1000000463,00010,X,288.0,0
100,4500000464,00010,0001,2024-05-09,2024-05-09,T,36.0,0,36.0,36.0,1000000464,00010,X,36.0,0
100,4500000465,00010,0001,2024-08-15,2024-08-15,T,388.0,0,388.0,388.0,1000000465,00010,X,388.0,0
100,4500000466,00010,0001,2024-05-29,2024-05-29,T,462.0,0,462.0,462.0,1000000466,00010,X,462.0,0
100,4500000466,00020,0001,2024-05-29,2024-05-29,T,175.0,0,175.0,175.0,1000000466,00020,X,175.0,0
100,4500000467,00010,0001,2024-10-09,2024-10-09,T,364.0,0,364.0,364.0,1000000467,00010,X,364.0,0
100,4500000468,00010,0001,2024-07-11,2024-07-11,T,180.0,0,180.0,180.0,1000000468,00010,X,180.0,0
100,4500000468,00020,0001,2024-07-11,2024-07-11,T,139.0,0,139.0,139.0,1000000468,00020,X,139.0,0
100,4500000469,00010,0001,2024-09-06,2024-09-06,T,412.0,0,412.0,412.0,1000000469,00010,X,412.0,0
100,4500000470,00010,0001,2024-06-17,2024-06-17,T,32.0,0,32.0,32.0,1000000470,00010,X,32.0,0
100,4500000470,00020,0001,2024-06-17,2024-06-17,T,192.0,0,192.0,192.0,1000000470,00020,X,192.0,0
100,4500000471,00010,0001,2024-11-10,2024-11-10,T,217.0,0,217.0,217.0,1000000471,00010,X,217.0,0
100,4500000472,00010,0001,2024-07-03,2024-07-03,T,367.0,0,367.0,367.0,1000000472,00010,X,367.0,0
100,4500000473,00010,0001,2024-09-25,2024-09-25,T,27.0,0,27.0,27.0,1000000473,00010,X,27.0,0
100,4500000474,00010,0001,2024-03-24,2024-03-24,T,82.0,0,82.0,82.0,1000000474,00010,X,82.0,0
100,4500000475,00010,0001,2024-07-12,2024-07-12,T,274.0,0,0,0,1000000475,00010,X,274.0,0
100,4500000475,00020,0001,2024-07-12,2024-07-12,T,61.0,0,0,0,1000000475,00020,X,61.0,0
100,4500000476,00010,0001,2024-03-14,2024-03-14,T,359.0,0,359.0,359.0,1000000476,00010,X,359.0,0
100,4500000477,00010,0001,2024-09-02,2024-09-02,T,334.0,0,334.0,334.0,1000000477,00010,X,334.0,0
100,4500000478,00010,0001,2024-08-31,2024-08-31,T,487.0,0,487.0,487.0,1000000478,00010,X,487.0,0
100,4500000479,00010,0001,2024-06-20,2024-06-20,T,167.0,0,167.0,167.0,1000000479,00010,X,167.0,0
100,4500000480,00010,0001,2024-08-13,2024-08-13,T,94.0,0,94.0,94.0,1000000480,00010,X,94.0,0
100,4500000481,00010,0001,2024-03-09,2024-03-09,T,305.0,0,305.0,305.0,1000000481,00010,X,305.0,0
100,4500000482,00010,0001,2024-09-15,2024-09-15,T,255.0,0,255.0,255.0,1000000482,00010,X,255.0,0
100,4500000483,00010,0001,2024-11-13,2024-11-13,T,154.0,0,154.0,154.0,1000000483,00010,X,154.0,0
100,4500000484,00010,0001,2024-07-27,2024-07-27,T,246.0,0,0,0,1000000484,00010,X,246.0,0
100,4500000484,00020,0001,2024-07-27,2024-07-27,T,141.0,0,0,0,1000000484,00020,X,141.0,0
100,4500000485,00010,0001,2024-08-11,2024-08-11,T,340.0,0,340.0,340.0,1000000485,00010,X,340.0,0
100,4500000486,00010,0001,2024-05-14,2024-05-14,T,266.0,0,266.0,266.0,1000000486,00010,X,266.0,0
100,4500000487,00010,0001,2024-11-09,2024-11-09,T,454.0,0,454.0,454.0,1000000487,00010,X,454.0,0
100,4500000487,00020,0001,2024-11-09,2024-11-09,T,150.0,0,150.0,150.0,1000000487,00020,X,150.0,0
100,4500000488,00010,0001,2024-06-25,2024-06-25,T,374.0,0,374.0,374.0,1000000488,00010,X,374.0,0
100,4500000489,00010,0001,2024-06-13,2024-06-13,T,289.0,0,289.0,289.0,1000000489,00010,X,289.0,0
100,4500000489,00020,0001,2024-06-13,2024-06-13,T,69.0,0,69.0,69.0,1000000489,00020,X,69.0,0
100,4500000490,00010,0001,2024-05-07,2024-05-07,T,159.0,0,159.0,159.0,,00010,X,159.0,0
100,4500000491,00010,0001,2024-06-22,2024-06-22,T,169.0,0,169.0,169.0,1000000491,00010,X,169.0,0
100,4500000492,00010,0001,2024-08-14,2024-08-14,T,161.0,0,161.0,161.0,1000000492,00010,X,161.0,0
100,4500000492,00020,0001,2024-08-14,2024-08-14,T,134.0,0,134.0,134.0,1000000492,00020,X,134.0,0
100,4500000493,00010,0001,2024-11-02,2024-11-02,T,477.0,0,477.0,477.0,1000000493,00010,X,477.0,0
100,4500000494,00010,0001,2024-09-02,2024-09-02,T,84.0,0,84.0,84.0,1000000494,00010,X,84.0,0
100,4500000495,00010,0001,2024-05-29,2024-05-29,T,122.0,0,122.0,122.0,1000000495,00010,X,122.0,0
100,4500000496,00010,0001,2024-10-01,2024-10-01,T,401.0,0,401.0,401.0,1000000496,00010,X,401.0,0
100,4500000497,00010,0001,2024-09-19,2024-09-19,T,231.0,0,231.0,231.0,1000000497,00010,X,231.0,0
100,4500000498,00010,0001,2024-10-27,2024-10-27,T,387.0,0,387.0,387.0,1000000498,00010,X,387.0,0
100,4500000498,00020,0001,2024-10-27,2024-10-27,T,69.0,0,69.0,69.0,1000000498,00020,X,69.0,0
100,4500000499,00010,0001,2024-09-22,2024-09-22,T,34.0,0,34.0,34.0,1000000499,00010,X,34.0,0
