MANDT,EBELN,BUKRS,BSTYP,BSART,BSAKZ,LOEKZ,STATU,AEDAT,ERNAM,PINCR,LPONR,LIFNR,SPRAS,ZTERM,ZBD1T,ZBD2T,ZBD3T,ZBD1P,ZBD2P,EKORG,EKGRP,WAERS,WKURS,BEDAT,KDATB,KDATE,KNUMV,KALSM,STAFO,LIFRE,AUTLF,WEAKT,INCO1,INCO2,MEMORY,PROCSTAT,PROCESS_INDICATOR
100,4500000000,1000,F,NB,,,,2024-04-03,BUYER03,,,V0001,E,N030,30,,,2.000,,1000,101,USD,1.00,2024-04-03,,,5600000000,RM0000,,,X,X,DAP,Plant,,,
100,4500000001,1000,F,NB,,,,2024-04-14,BUYER03,,,V0013,E,2/10N30,30,,,2.000,,1000,100,USD,1.00,2024-04-14,,,5600000001,RM0000,,,X,X,DAP,Plant,,,
100,4500000002,1000,F,NB,,,,2024-04-24,BUYER03,,,V0001,E,N014,30,,,2.000,,1000,103,USD,1.00,2024-04-24,,,5600000002,RM0000,,,X,X,DAP,Plant,,,
100,4500000003,1000,F,NB,,,,2024-06-02,BUYER01,,,V0002,E,N060,30,,,2.000,,1000,100,USD,1.00,2024-06-02,,,5600000003,RM0000,,,X,X,DAP,Plant,,,
100,4500000004,1000,F,NB,,,,2024-08-15,BUYER03,,,V0003,E,2/10N30,30,,,2.000,,1000,100,USD,1.00,2024-08-15,,,5600000004,RM0000,,,X,X,DAP,Plant,,,
100,4500000005,1000,F,NB,,,,2024-02-29,BUYER01,,,V0014,E,N060,30,,,2.000,,1000,101,USD,1.00,2024-02-29,,,5600000005,RM0000,,,X,X,DAP,Plant,,,
100,4500000006,1000,F,NB,,,,2024-04-23,BUYER01,,,V0012,E,2/10N30,30,,,2.000,,1000,101,USD,1.00,2024-04-23,,,5600000006,RM0000,,,X,X,DAP,Plant,,,
100,4500000007,1000,F,NB,,,,2024-05-19,BUYER03,,,V0007,E,N030,30,,,2.000,,1000,102,USD,1.00,2024-05-19,,,5600000007,RM0000,,,X,X,DAP,Plant,,,
100,4500000008,1000,F,NB,,,,2024-03-14,BUYER01,,,V0007,E,N014,30,,,2.000,,1000,102,USD,1.00,2024-03-14,,,5600000008,RM0000,,,X,X,DAP,Plant,,,
100,4500000009,1000,F,NB,,,,2024-06-21,BUYER02,,,V0001,E,2/10N30,30,,,2.000,,1000,100,USD,1.00,2024-06-21,,,5600000009,RM0000,,,X,X,DAP,Plant,,,
100,4500000010,1000,F,NB,,,,2024-08-10,BUYER01,,,V0001,E,N030,30,,,2.000,,1000,101,USD,1.00,2024-08-10,,,5600000010,RM0000,,,X,X,DAP,Plant,,,
100,4500000011,1000,F,NB,,,,2024-06-01,BUYER02,,,V0012,E,N060,30,,,2.000,,1000,102,USD,1.00,2024-06-01,,,5600000011,RM0000,,,X,X,DAP,Plant,,,
100,4500000012,1000,F,NB,,,,2024-02-01,BUYER02,,,V0002,E,2/10N30,30,,,2.000,,1000,103,USD,1.00,2024-02-01,,,5600000012,RM0000,,,X,X,DAP,Plant,,,
100,4500000013,1000,F,NB,,,,2024-09-05,BUYER01,,,V0015,E,N014,30,,,2.000,,1000,101,USD,1.00,2024-09-05,,,5600000013,RM0000,,,X,X,DAP,Plant,,,
100,4500000014,1000,F,NB,,,,2024-08-27,BUYER01,,,V0003,E,N014,30,,,2.000,,1000,102,USD,1.00,2024-08-27,,,5600000014,RM0000,,,X,X,DAP,Plant,,,
100,4500000015,1000,F,NB,,,,2024-03-08,BUYER01,,,V0004,E,N060,30,,,2.000,,1000,102,USD,1.00,2024-03-08,,,5600000015,RM0000,,,X,X,DAP,Plant,,,
100,4500000016,1000,F,NB,,,,2024-05-05,BUYER02,,,V0007,E,N030,30,,,2.000,,1000,100,USD,1.00,2024-05-05,,,5600000016,RM0000,,,X,X,DAP,Plant,,,
100,4500000017,1000,F,NB,,,,2024-05-16,BUYER02,,,V0008,E,N014,30,,,2.000,,1000,103,USD,1.00,2024-05-16,,,5600000017,RM0000,,,X,X,DAP,Plant,,,
100,4500000018,1000,F,NB,,,,2024-04-12,BUYER03,,,V0010,E,N030,30,,,2.000,,1000,103,USD,1.00,2024-04-12,,,5600000018,RM0000,,,X,X,DAP,Plant,,,
100,4500000019,1000,F,NB,,,,2024-06-25,BUYER02,,,V0006,E,N014,30,,,2.000,,1000,101,USD,1.00,2024-06-25,,,5600000019,RM0000,,,X,X,DAP,Plant,,,
100,4500000020,1000,F,NB,,,,2024-07-09,BUYER02,,,V0010,E,N014,30,,,2.000,,1000,100,USD,1.00,2024-07-09,,,5600000020,RM0000,,,X,X,DAP,Plant,,,
100,4500000021,1000,F,NB,,,,2024-08-01,BUYER01,,,V0003,E,N030,30,,,2.000,,1000,102,USD,1.00,2024-08-01,,,5600000021,RM0000,,,X,X,DAP,Plant,,,
100,4500000022,1000,F,NB,,,,2024-02-22,BUYER02,,,V0007,E,N030,30,,,2.000,,1000,101,USD,1.00,2024-02-22,,,5600000022,RM0000,,,X,X,DAP,Plant,,,
100,4500000023,1000,F,NB,,,,2024-04-19,BUYER02,,,V0014,E,N060,30,,,2.000,,1000,101,USD,1.00,2024-04-19,,,5600000023,RM0000,,,X,X,DAP,Plant,,,
100,4500000024,1000,F,NB,,,,2024-01-29,BUYER03,,,V0005,E,2/10N30,30,,,2.000,,1000,102,USD,1.00,2024-01-29,,,5600000024,RM0000,,,X,X,DAP,Plant,,,
100,4500000025,1000,F,NB,,,,2024-06-25,BUYER02,,,V0007,E,N030,30,,,2.000,,1000,103,USD,1.00,2024-06-25,,,5600000025,RM0000,,,X,X,DAP,Plant,,,
100,4500000026,1000,F,NB,,,,2024-08-25,BUYER03,,,V0004,E,2/10N30,30,,,2.000,,1000,103,USD,1.00,2024-08-25,,,5600000026,RM0000,,,X,X,DAP,Plant,,,
100,4500000027,1000,F,NB,,,,2024-06-07,BUYER01,,,V0004,E,N060,30,,,2.000,,1000,103,USD,1.00,2024-06-07,,,5600000027,RM0000,,,X,X,DAP,Plant,,,
100,4500000028,1000,F,NB,,,,2024-05-11,BUYER03,,,V0013,E,N014,30,,,2.000,,1000,103,USD,1.00,2024-05-11,,,5600000028,RM0000,,,X,X,DAP,Plant,,,
100,4500000029,1000,F,NB,,,,2024-03-22,BUYER02,,,V0014,E,2/10N30,30,,,2.000,,1000,102,USD,1.00,2024-03-22,,,5600000029,RM0000,,,X,X,DAP,Plant,,,
100,4500000030,1000,F,NB,,,,2024-06-02,BUYER03,,,V0008,E,N030,30,,,2.000,,1000,101,USD,1.00,2024-06-02,,,5600000030,RM0000,,,X,X,DAP,Plant,,,
100,4500000031,1000,F,NB,,,,2024-05-20,BUYER01,,,V0003,E,N014,30,,,2.000,,1000,103,USD,1.00,2024-05-20,,,5600000031,RM0000,,,X,X,DAP,Plant,,,
100,4500000032,1000,F,NB,,,,2024-05-06,BUYER01,,,V0012,E,2/10N30,30,,,2.000,,1000,100,USD,1.00,2024-05-06,,,5600000032,RM0000,,,X,X,DAP,Plant,,,
100,4500000033,1000,F,NB,,,,2024-07-11,BUYER01,,,V0003,E,2/10N30,30,,,2.000,,1000,102,USD,1.00,2024-07-11,,,5600000033,RM0000,,,X,X,DAP,Plant,,,
100,4500000034,1000,F,NB,,,,2024-06-13,BUYER01,,,V0010,E,2/10N30,30,,,2.000,,1000,100,USD,1.00,2024-06-13,,,5600000034,RM0000,,,X,X,DAP,Plant,,,
100,4500000035,1000,F,NB,,,,2024-07-07,BUYER02,,,V0004,E,N014,30,,,2.000,,1000,100,USD,1.00,2024-07-07,,,5600000035,RM0000,,,X,X,DAP,Plant,,,
100,4500000036,1000,F,NB,,,,2024-06-28,BUYER03,,,V0002,E,N060,30,,,2.000,,1000,102,USD,1.00,2024-06-28,,,5600000036,RM0000,,,X,X,DAP,Plant,,,
100,4500000037,1000,F,NB,,,,2024-01-21,BUYER01,,,V0010,E,N014,30,,,2.000,,1000,103,USD,1.00,2024-01-21,,,5600000037,RM0000,,,X,X,DAP,Plant,,,
100,4500000038,1000,F,NB,,,,2024-08-13,BUYER03,,,V0007,E,2/10N30,30,,,2.000,,1000,103,USD,1.00,2024-08-13,,,5600000038,RM0000,,,X,X,DAP,Plant,,,
100,4500000039,1000,F,NB,,,,2024-08-15,BUYER03,,,V0006,E,N014,30,,,2.000,,1000,100,USD,1.00,2024-08-15,,,5600000039,RM0000,,,X,X,DAP,Plant,,,
100,4500000040,1000,F,NB,,,,2024-05-21,BUYER03,,,V0007,E,N030,30,,,2.000,,1000,102,USD,1.00,2024-05-21,,,5600000040,RM0000,,,X,X,DAP,Plant,,,
100,4500000041,1000,F,NB,,,,2024-02-18,BUYER02,,,V0008,E,N014,30,,,2.000,,1000,102,USD,1.00,2024-02-18,,,5600000041,RM0000,,,X,X,DAP,Plant,,,
100,4500000042,1000,F,NB,,,,2024-06-11,BUYER03,,,V0005,E,2/10N30,30,,,2.000,,1000,102,USD,1.00,2024-06-11,,,5600000042,RM0000,,,X,X,DAP,Plant,,,
100,4500000043,1000,F,NB,,,,2024-08-16,BUYER03,,,V0009,E,2/10N30,30,,,2.000,,1000,103,USD,1.00,2024-08-16,,,5600000043,RM0000,,,X,X,DAP,Plant,,,
100,4500000044,1000,F,NB,,,,2024-08-11,BUYER02,,,V0015,E,N030,30,,,2.000,,1000,102,USD,1.00,2024-08-11,,,5600000044,RM0000,,,X,X,DAP,Plant,,,
100,4500000045,1000,F,NB,,,,2024-05-17,BUYER03,,,V0014,E,N030,30,,,2.000,,1000,101,USD,1.00,2024-05-17,,,5600000045,RM0000,,,X,X,DAP,Plant,,,
100,4500000046,1000,F,NB,,,,2024-02-14,BUYER02,,,V0005,E,N014,30,,,2.000,,1000,100,USD,1.00,2024-02-14,,,5600000046,RM0000,,,X,X,DAP,Plant,,,
100,4500000047,1000,F,NB,,,,2024-02-15,BUYER01,,,V0009,E,N030,30,,,2.000,,1000,101,USD,1.00,2024-02-15,,,5600000047,RM0000,,,X,X,DAP,Plant,,,
100,4500000048,1000,F,NB,,,,2024-05-19,BUYER01,,,V0006,E,2/10N30,30,,,2.000,,1000,102,USD,1.00,2024-05-19,,,5600000048,RM0000,,,X,X,DAP,Plant,,,
100,4500000049,1000,F,NB,,,,2024-02-12,BUYER02,,,V0013,E,N060,30,,,2.000,,1000,100,USD,1.00,2024-02-12,,,5600000049,RM0000,,,X,X,DAP,Plant,,,
100,4500000050,1000,F,NB,,,,2024-08-21,BUYER02,,,V0004,E,N014,30,,,2.000,,1000,101,USD,1.00,2024-08-21,,,5600000050,RM0000,,,X,X,DAP,Plant,,,
100,4500000051,1000,F,NB,,,,2024-07-01,BUYER02,,,V0002,E,N014,30,,,2.000,,1000,101,USD,1.00,2024-07-01,,,5600000051,RM0000,,,X,X,DAP,Plant,,,
100,4500000052,1000,F,NB,,,,2024-06-06,BUYER03,,,V0010,E,N014,30,,,2.000,,1000,100,USD,1.00,2024-06-06,,,5600000052,RM0000,,,X,X,DAP,Plant,,,
100,4500000053,1000,F,NB,,,,2024-07-08,BUYER02,,,V0010,E,N030,30,,,2.000,,1000,103,USD,1.00,2024-07-08,,,5600000053,RM0000,,,X,X,DAP,Plant,,,
100,4500000054,1000,F,NB,,,,2024-01-30,BUYER03,,,V0011,E,N014,30,,,2.000,,1000,103,USD,1.00,2024-01-30,,,5600000054,RM0000,,,X,X,DAP,Plant,,,
100,4500000055,1000,F,NB,,,,2024-04-14,BUYER03,,,V0014,E,N030,30,,,2.000,,1000,100,USD,1.00,2024-04-14,,,5600000055,RM0000,,,X,X,DAP,Plant,,,
100,4500000056,1000,F,NB,,,,2024-08-22,BUYER02,,,V0005,E,2/10N30,30,,,2.000,,1000,102,USD,1.00,2024-08-22,,,5600000056,RM0000,,,X,X,DAP,Plant,,,
100,4500000057,1000,F,NB,,,,2024-01-19,BUYER03,,,V0004,E,2/10N30,30,,,2.000,,1000,100,USD,1.00,2024-01-19,,,5600000057,RM0000,,,X,X,DAP,Plant,,,
100,4500000058,1000,F,NB,,,,2024-06-05,BUYER02,,,V0005,E,N060,30,,,2.000,,1000,101,USD,1.00,2024-06-05,,,5600000058,RM0000,,,X,X,DAP,Plant,,,
100,4500000059,1000,F,NB,,,,2024-07-12,BUYER01,,,V0002,E,2/10N30,30,,,2.000,,1000,100,USD,1.00,2024-07-12,,,5600000059,RM0000,,,X,X,DAP,Plant,,,
100,4500000060,1000,F,NB,,,,2024-04-14,BUYER01,,,V0011,E,N014,30,,,2.000,,1000,101,USD,1.00,2024-04-14,,,5600000060,RM0000,,,X,X,DAP,Plant,,,
100,4500000061,1000,F,NB,,,,2024-02-26,BUYER02,,,V0009,E,N014,30,,,2.000,,1000,100,USD,1.00,2024-02-26,,,5600000061,RM0000,,,X,X,DAP,Plant,,,
100,4500000062,1000,F,NB,,,,2024-06-22,BUYER01,,,V0008,E,N060,30,,,2.000,,1000,102,USD,1.00,2024-06-22,,,5600000062,RM0000,,,X,X,DAP,Plant,,,
100,4500000063,1000,F,NB,,,,2024-06-11,BUYER02,,,V0010,E,N014,30,,,2.000,,1000,103,USD,1.00,2024-06-11,,,5600000063,RM0000,,,X,X,DAP,Plant,,,
100,4500000064,1000,F,NB,,,,2024-01-16,BUYER03,,,V0014,E,N014,30,,,2.000,,1000,103,USD,1.00,2024-01-16,,,5600000064,RM0000,,,X,X,DAP,Plant,,,
100,4500000065,1000,F,NB,,,,2024-02-27,BUYER03,,,V0008,E,N030,30,,,2.000,,1000,101,USD,1.00,2024-02-27,,,5600000065,RM0000,,,X,X,DAP,Plant,,,
100,4500000066,1000,F,NB,,,,2024-06-18,BUYER01,,,V0008,E,N060,30,,,2.000,,1000,103,USD,1.00,2024-06-18,,,5600000066,RM0000,,,X,X,DAP,Plant,,,
100,4500000067,1000,F,NB,,,,2024-09-06,BUYER03,,,V0013,E,N030,30,,,2.000,,1000,103,USD,1.00,2024-09-06,,,5600000067,RM0000,,,X,X,DAP,Plant,,,
100,4500000068,1000,F,NB,,,,2024-07-10,BUYER02,,,V0007,E,N014,30,,,2.000,,1000,101,USD,1.00,2024-07-10,,,5600000068,RM0000,,,X,X,DAP,Plant,,,
100,4500000069,1000,F,NB,,,,2024-03-12,BUYER02,,,V0008,E,N014,30,,,2.000,,1000,101,USD,1.00,2024-03-12,,,5600000069,RM0000,,,X,X,DAP,Plant,,,
100,4500000070,1000,F,NB,,,,2024-05-08,BUYER03,,,V0005,E,N060,30,,,2.000,,1000,100,USD,1.00,2024-05-08,,,5600000070,RM0000,,,X,X,DAP,Plant,,,
100,4500000071,1000,F,NB,,,,2024-05-01,BUYER02,,,V0005,E,N030,30,,,2.000,,1000,100,USD,1.00,2024-05-01,,,5600000071,RM0000,,,X,X,DAP,Plant,,,
100,4500000072,1000,F,NB,,,,2024-08-06,BUYER02,,,V0012,E,N060,30,,,2.000,,1000,101,USD,1.00,2024-08-06,,,5600000072,RM0000,,,X,X,DAP,Plant,,,
100,4500000073,1000,F,NB,,,,2024-07-13,BUYER03,,,V0005,E,N030,30,,,2.000,,1000,103,USD,1.00,2024-07-13,,,5600000073,RM0000,,,X,X,DAP,Plant,,,
100,4500000074,1000,F,NB,,,,2024-02-20,BUYER03,,,V0007,E,N060,30,,,2.000,,1000,100,USD,1.00,2024-02-20,,,5600000074,RM0000,,,X,X,DAP,Plant,,,
100,4500000075,1000,F,NB,,,,2024-09-27,BUYER03,,,V0002,E,2/10N30,30,,,2.000,,1000,100,USD,1.00,2024-09-27,,,5600000075,RM0000,,,X,X,DAP,Plant,,,
100,4500000076,1000,F,NB,,,,2024-04-13,BUYER01,,,V0015,E,N014,30,,,2.000,,1000,102,USD,1.00,2024-04-13,,,5600000076,RM0000,,,X,X,DAP,Plant,,,
100,4500000077,1000,F,NB,,,,2024-01-19,BUYER02,,,V0009,E,N060,30,,,2.000,,1000,101,USD,1.00,2024-01-19,,,5600000077,RM0000,,,X,X,DAP,Plant,,,
100,4500000078,1000,F,NB,,,,2024-01-26,BUYER01,,,V0015,E,N030,30,,,2.000,,1000,103,USD,1.00,2024-01-26,,,5600000078,RM0000,,,X,X,DAP,Plant,,,
100,4500000079,1000,F,NB,,,,2024-08-06,BUYER01,,,V0005,E,N060,30,,,2.000,,1000,102,USD,1.00,2024-08-06,,,5600000079,RM0000,,,X,X,DAP,Plant,,,
100,4500000080,1000,F,NB,,,,2024-08-07,BUYER03,,,V0005,E,N030,30,,,2.000,,1000,102,USD,1.00,2024-08-07,,,5600000080,RM0000,,,X,X,DAP,Plant,,,
100,4500000081,1000,F,NB,,,,2024-04-17,BUYER03,,,V0013,E,N060,30,,,2.000,,1000,100,USD,1.00,2024-04-17,,,5600000081,RM0000,,,X,X,DAP,Plant,,,
100,4500000082,1000,F,NB,,,,2024-09-08,BUYER02,,,V0005,E,2/10N30,30,,,2.000,,1000,101,USD,1.00,2024-09-08,,,5600000082,RM0000,,,X,X,DAP,Plant,,,
100,4500000083,1000,F,NB,,,,2024-04-06,BUYER02,,,V0014,E,2/10N30,30,,,2.000,,1000,100,USD,1.00,2024-04-06,,,5600000083,RM0000,,,X,X,DAP,Plant,,,
100,4500000084,1000,F,NB,,,,2024-09-14,BUYER01,,,V0001,E,N014,30,,,2.000,,1000,102,USD,1.00,2024-09-14,,,5600000084,RM0000,,,X,X,DAP,Plant,,,
100,4500000085,1000,F,NB,,,,2024-08-03,BUYER01,,,V0014,E,N030,30,,,2.000,,1000,100,USD,1.00,2024-08-03,,,5600000085,RM0000,,,X,X,DAP,Plant,,,
100,4500000086,1000,F,NB,,,,2024-01-23,BUYER01,,,V0005,E,N014,30,,,2.000,,1000,100,USD,1.00,2024-01-23,,,5600000086,RM0000,,,X,X,DAP,Plant,,,
100,4500000087,1000,F,NB,,,,2024-01-26,BUYER01,,,V0004,E,2/10N30,30,,,2.000,,1000,103,USD,1.00,2024-01-26,,,5600000087,RM0000,,,X,X,DAP,Plant,,,
100,4500000088,1000,F,NB,,,,2024-07-08,BUYER03,,,V0012,E,2/10N30,30,,,2.000,,1000,100,USD,1.00,2024-07-08,,,5600000088,RM0000,,,X,X,DAP,Plant,,,
100,4500000089,1000,F,NB,,,,2024-08-07,BUYER03,,,V0010,E,N030,30,,,2.000,,1000,101,USD,1.00,2024-08-07,,,5600000089,RM0000,,,X,X,DAP,Plant,,,
100,4500000090,1000,F,NB,,,,2024-05-16,BUYER02,,,V0007,E,N014,30,,,2.000,,1000,101,USD,1.00,2024-05-16,,,5600000090,RM0000,,,X,X,DAP,Plant,,,
100,4500000091,1000,F,NB,,,,2024-04-20,BUYER03,,,V0011,E,N014,30,,,2.000,,1000,103,USD,1.00,2024-04-20,,,5600000091,RM0000,,,X,X,DAP,Plant,,,
100,4500000092,1000,F,NB,,,,2024-02-16,BUYER02,,,V0012,E,2/10N30,30,,,2.000,,1000,102,USD,1.00,2024-02-16,,,5600000092,RM0000,,,X,X,DAP,Plant,,,
100,4500000093,1000,F,NB,,,,2024-02-18,BUYER03,,,V0014,E,N030,30,,,2.000,,1000,102,USD,1.00,2024-02-18,,,5600000093,RM0000,,,X,X,DAP,Plant,,,
100,4500000094,1000,F,NB,,,,2024-04-24,BUYER01,,,V0012,E,N014,30,,,2.000,,1000,102,USD,1.00,2024-04-24,,,5600000094,RM0000,,,X,X,DAP,Plant,,,
100,4500000095,1000,F,NB,,,,2024-08-14,BUYER01,,,V0012,E,N060,30,,,2.000,,1000,103,USD,1.00,2024-08-14,,,5600000095,RM0000,,,X,X,DAP,Plant,,,
100,4500000096,1000,F,NB,,,,2024-06-21,BUYER01,,,V0013,E,N060,30,,,2.000,,1000,103,USD,1.00,2024-06-21,,,5600000096,RM0000,,,X,X,DAP,Plant,,,
100,4500000097,1000,F,NB,,,,2024-03-07,BUYER03,,,V0005,E,N060,30,,,2.000,,1000,101,USD,1.00,2024-03-07,,,5600000097,RM0000,,,X,X,DAP,Plant,,,
100,4500000098,1000,F,NB,,,,2024-08-23,BUYER02,,,V0008,E,2/10N30,30,,,2.000,,1000,100,USD,1.00,2024-08-23,,,5600000098,RM0000,,,X,X,DAP,Plant,,,
100,4500000099,1000,F,NB,,,,2024-04-28,BUYER02,,,V0005,E,N030,30,,,2.000,,1000,101,USD,1.00,2024-04-28,,,5600000099,RM0000,,,X,X,DAP,Plant,,,
100,4500000100,1000,F,NB,,,,2024-02-24,BUYER02,,,V0012,E,N014,30,,,2.000,,1000,101,USD,1.00,2024-02-24,,,5600000100,RM0000,,,X,X,DAP,Plant,,,
100,4500000101,1000,F,NB,,,,2024-05-23,BUYER01,,,V0008,E,2/10N30,30,,,2.000,,1000,100,USD,1.00,2024-05-23,,,5600000101,RM0000,,,X,X,DAP,Plant,,,
100,4500000102,1000,F,NB,,,,2024-03-01,BUYER03,,,V0003,E,N030,30,,,2.000,,1000,100,USD,1.00,2024-03-01,,,5600000102,RM0000,,,X,X,DAP,Plant,,,
100,4500000103,1000,F,NB,,,,2024-01-15,BUYER03,,,V0003,E,2/10N30,30,,,2.000,,1000,103,USD,1.00,2024-01-15,,,5600000103,RM0000,,,X,X,DAP,Plant,,,
100,4500000104,1000,F,NB,,,,2024-01-14,BUYER01,,,V0014,E,N060,30,,,2.000,,1000,103,USD,1.00,2024-01-14,,,5600000104,RM0000,,,X,X,DAP,Plant,,,
100,4500000105,1000,F,NB,,,,2024-06-05,BUYER01,,,V0006,E,N030,30,,,2.000,,1000,101,USD,1.00,2024-06-05,,,5600000105,RM0000,,,X,X,DAP,Plant,,,
100,4500000106,1000,F,NB,,,,2024-01-14,BUYER01,,,V0007,E,N030,30,,,2.000,,1000,102,USD,1.00,2024-01-14,,,5600000106,RM0000,,,X,X,DAP,Plant,,,
100,4500000107,1000,F,NB,,,,2024-07-29,BUYER02,,,V0013,E,2/10N30,30,,,2.000,,1000,102,USD,1.00,2024-07-29,,,5600000107,RM0000,,,X,X,DAP,Plant,,,
100,4500000108,1000,F,NB,,,,2024-08-29,BUYER01,,,V0004,E,2/10N30,30,,,2.000,,1000,100,USD,1.00,2024-08-29,,,5600000108,RM0000,,,X,X,DAP,Plant,,,
100,4500000109,1000,F,NB,,,,2024-04-02,BUYER02,,,V0008,E,N030,30,,,2.000,,1000,100,USD,1.00,2024-04-02,,,5600000109,RM0000,,,X,X,DAP,Plant,,,
100,4500000110,1000,F,NB,,,,2024-01-27,BUYER03,,,V0009,E,N060,30,,,2.000,,1000,102,USD,1.00,2024-01-27,,,5600000110,RM0000,,,X,X,DAP,Plant,,,
100,4500000111,1000,F,NB,,,,2024-05-08,BUYER02,,,V0008,E,N060,30,,,2.000,,1000,100,USD,1.00,2024-05-08,,,5600000111,RM0000,,,X,X,DAP,Plant,,,
100,4500000112,1000,F,NB,,,,2024-09-24,BUYER03,,,V0003,E,N030,30,,,2.000,,1000,101,USD,1.00,2024-09-24,,,5600000112,RM0000,,,X,X,DAP,Plant,,,
100,4500000113,1000,F,NB,,,,2024-05-26,BUYER02,,,V0009,E,N014,30,,,2.000,,1000,101,USD,1.00,2024-05-26,,,5600000113,RM0000,,,X,X,DAP,Plant,,,
100,4500000114,1000,F,NB,,,,2024-08-26,BUYER02,,,V0001,E,N060,30,,,2.000,,1000,101,USD,1.00,2024-08-26,,,5600000114,RM0000,,,X,X,DAP,Plant,,,
100,4500000115,1000,F,NB,,,,2024-03-08,BUYER03,,,V0004,E,N030,30,,,2.000,,1000,100,USD,1.00,2024-03-08,,,5600000115,RM0000,,,X,X,DAP,Plant,,,
100,4500000116,1000,F,NB,,,,2024-07-10,BUYER03,,,V0015,E,N030,30,,,2.000,,1000,103,USD,1.00,2024-07-10,,,5600000116,RM0000,,,X,X,DAP,Plant,,,
100,4500000117,1000,F,NB,,,,2024-05-10,BUYER03,,,V0013,E,N030,30,,,2.000,,1000,102,USD,1.00,2024-05-10,,,5600000117,RM0000,,,X,X,DAP,Plant,,,
100,4500000118,1000,F,NB,,,,2024-07-03,BUYER02,,,V0009,E,N060,30,,,2.000,,1000,101,USD,1.00,2024-07-03,,,5600000118,RM0000,,,X,X,DAP,Plant,,,
100,4500000119,1000,F,NB,,,,2024-06-10,BUYER03,,,V0003,E,2/10N30,30,,,2.000,,1000,101,USD,1.00,2024-06-10,,,5600000119,RM0000,,,X,X,DAP,Plant,,,
100,4500000120,1000,F,NB,,,,2024-05-03,BUYER03,,,V0013,E,N014,30,,,2.000,,1000,101,USD,1.00,2024-05-03,,,5600000120,RM0000,,,X,X,DAP,Plant,,,
100,4500000121,1000,F,NB,,,,2024-09-17,BUYER02,,,V0007,E,N060,30,,,2.000,,1000,103,USD,1.00,2024-09-17,,,5600000121,RM0000,,,X,X,DAP,Plant,,,
100,4500000122,1000,F,NB,,,,2024-05-31,BUYER03,,,V0012,E,N014,30,,,2.000,,1000,101,USD,1.00,2024-05-31,,,5600000122,RM0000,,,X,X,DAP,Plant,,,
100,4500000123,1000,F,NB,,,,2024-09-10,BUYER01,,,V0002,E,N014,30,,,2.000,,1000,100,USD,1.00,2024-09-10,,,5600000123,RM0000,,,X,X,DAP,Plant,,,
100,4500000124,1000,F,NB,,,,2024-02-24,BUYER02,,,V0008,E,N030,30,,,2.000,,1000,103,USD,1.00,2024-02-24,,,5600000124,RM0000,,,X,X,DAP,Plant,,,
100,4500000125,1000,F,NB,,,,2024-02-04,BUYER03,,,V0014,E,N014,30,,,2.000,,1000,103,USD,1.00,2024-02-04,,,5600000125,RM0000,,,X,X,DAP,Plant,,,
100,4500000126,1000,F,NB,,,,2024-07-03,BUYER01,,,V0002,E,N014,30,,,2.000,,1000,101,USD,1.00,2024-07-03,,,5600000126,RM0000,,,X,X,DAP,Plant,,,
100,4500000127,1000,F,NB,,,,2024-09-16,BUYER01,,,V0011,E,N060,30,,,2.000,,1000,102,USD,1.00,2024-09-16,,,5600000127,RM0000,,,X,X,DAP,Plant,,,
100,4500000128,1000,F,NB,,,,2024-04-04,BUYER02,,,V0003,E,N014,30,,,2.000,,1000,103,USD,1.00,2024-04-04,,,5600000128,RM0000,,,X,X,DAP,Plant,,,
100,4500000129,1000,F,NB,,,,2024-05-18,BUYER01,,,V0015,E,N030,30,,,2.000,,1000,103,USD,1.00,2024-05-18,,,5600000129,RM0000,,,X,X,DAP,Plant,,,
100,4500000130,1000,F,NB,,,,2024-03-04,BUYER02,,,V0014,E,N014,30,,,2.000,,1000,102,USD,1.00,2024-03-04,,,5600000130,RM0000,,,X,X,DAP,Plant,,,
100,4500000131,1000,F,NB,,,,2024-07-27,BUYER02,,,V0011,E,2/10N30,30,,,2.000,,1000,102,USD,1.00,2024-07-27,,,5600000131,RM0000,,,X,X,DAP,Plant,,,
100,4500000132,1000,F,NB,,,,2024-04-13,BUYER02,,,V0003,E,N060,30,,,2.000,,1000,103,USD,1.00,2024-04-13,,,5600000132,RM0000,,,X,X,DAP,Plant,,,
100,4500000133,1000,F,NB,,,,2024-07-23,BUYER01,,,V0010,E,N030,30,,,2.000,,1000,101,USD,1.00,2024-07-23,,,5600000133,RM0000,,,X,X,DAP,Plant,,,
100,4500000134,1000,F,NB,,,,2024-05-26,BUYER02,,,V0003,E,N030,30,,,2.000,,1000,101,USD,1.00,2024-05-26,,,5600000134,RM0000,,,X,X,DAP,Plant,,,
100,4500000135,1000,F,NB,,,,2024-06-27,BUYER03,,,V0001,E,N060,30,,,2.000,,1000,100,USD,1.00,2024-06-27,,,5600000135,RM0000,,,X,X,DAP,Plant,,,
100,4500000136,1000,F,NB,,,,2024-03-06,BUYER03,,,V0009,E,N030,30,,,2.000,,1000,100,USD,1.00,2024-03-06,,,5600000136,RM0000,,,X,X,DAP,Plant,,,
100,4500000137,1000,F,NB,,,,2024-03-10,BUYER01,,,V0015,E,N030,30,,,2.000,,1000,101,USD,1.00,2024-03-10,,,5600000137,RM0000,,,X,X,DAP,Plant,,,
100,4500000138,1000,F,NB,,,,2024-09-15,BUYER01,,,V0004,E,N030,30,,,2.000,,1000,102,USD,1.00,2024-09-15,,,5600000138,RM0000,,,X,X,DAP,Plant,,,
100,4500000139,1000,F,NB,,,,2024-04-04,BUYER01,,,V0012,E,N030,30,,,2.000,,1000,102,USD,1.00,2024-04-04,,,5600000139,RM0000,,,X,X,DAP,Plant,,,
100,4500000140,1000,F,NB,,,,2024-02-02,BUYER03,,,V0007,E,N060,30,,,2.000,,1000,103,USD,1.00,2024-02-02,,,5600000140,RM0000,,,X,X,DAP,Plant,,,
100,4500000141,1000,F,NB,,,,2024-10-06,BUYER01,,,V0008,E,N014,30,,,2.000,,1000,100,USD,1.00,2024-10-06,,,5600000141,RM0000,,,X,X,DAP,Plant,,,
100,4500000142,1000,F,NB,,,,2024-05-04,BUYER02,,,V0008,E,2/10N30,30,,,2.000,,1000,103,USD,1.00,2024-05-04,,,5600000142,RM0000,,,X,X,DAP,Plant,,,
100,4500000143,1000,F,NB,,,,2024-06-27,BUYER02,,,V0008,E,N060,30,,,2.000,,1000,100,USD,1.00,2024-06-27,,,5600000143,RM0000,,,X,X,DAP,Plant,,,
100,4500000144,1000,F,NB,,,,2024-04-16,BUYER03,,,V0012,E,N030,30,,,2.000,,1000,102,USD,1.00,2024-04-16,,,5600000144,RM0000,,,X,X,DAP,Plant,,,
100,4500000145,1000,F,NB,,,,2024-04-08,BUYER02,,,V0009,E,N060,30,,,2.000,,1000,103,USD,1.00,2024-04-08,,,5600000145,RM0000,,,X,X,DAP,Plant,,,
100,4500000146,1000,F,NB,,,,2024-04-27,BUYER03,,,V0012,E,N014,30,,,2.000,,1000,101,USD,1.00,2024-04-27,,,5600000146,RM0000,,,X,X,DAP,Plant,,,
100,4500000147,1000,F,NB,,,,2024-09-29,BUYER03,,,V0011,E,2/10N30,30,,,2.000,,1000,102,USD,1.00,2024-09-29,,,5600000147,RM0000,,,X,X,DAP,Plant,,,
100,4500000148,1000,F,NB,,,,2024-07-24,BUYER01,,,V0008,E,N060,30,,,2.000,,1000,103,USD,1.00,2024-07-24,,,5600000148,RM0000,,,X,X,DAP,Plant,,,
100,4500000149,1000,F,NB,,,,2024-04-21,BUYER01,,,V0008,E,N014,30,,,2.000,,1000,101,USD,1.00,2024-04-21,,,5600000149,RM0000,,,X,X,DAP,Plant,,,
100,4500000150,1000,F,NB,,,,2024-03-26,BUYER01,,,V0005,E,N060,30,,,2.000,,1000,103,USD,1.00,2024-03-26,,,5600000150,RM0000,,,X,X,DAP,Plant,,,
100,4500000151,1000,F,NB,,,,2024-06-25,BUYER01,,,V0007,E,N060,30,,,2.000,,1000,100,USD,1.00,2024-06-25,,,5600000151,RM0000,,,X,X,DAP,Plant,,,
100,4500000152,1000,F,NB,,,,2024-01-30,BUYER03,,,V0015,E,2/10N30,30,,,2.000,,1000,101,USD,1.00,2024-01-30,,,5600000152,RM0000,,,X,X,DAP,Plant,,,
100,4500000153,1000,F,NB,,,,2024-04-12,BUYER02,,,V0012,E,N030,30,,,2.000,,1000,103,USD,1.00,2024-04-12,,,5600000153,RM0000,,,X,X,DAP,Plant,,,
100,4500000154,1000,F,NB,,,,2024-02-14,BUYER01,,,V0010,E,N030,30,,,2.000,,1000,102,USD,1.00,2024-02-14,,,5600000154,RM0000,,,X,X,DAP,Plant,,,
100,4500000155,1000,F,NB,,,,2024-07-15,BUYER02,,,V0009,E,N014,30,,,2.000,,1000,103,USD,1.00,2024-07-15,,,5600000155,RM0000,,,X,X,DAP,Plant,,,
100,4500000156,1000,F,NB,,,,2024-03-05,BUYER01,,,V0003,E,N014,30,,,2.000,,1000,100,USD,1.00,2024-03-05,,,5600000156,RM0000,,,X,X,DAP,Plant,,,
100,4500000157,1000,F,NB,,,,2024-06-19,BUYER01,,,V0004,E,N030,30,,,2.000,,1000,102,USD,1.00,2024-06-19,,,5600000157,RM0000,,,X,X,DAP,Plant,,,
100,4500000158,1000,F,NB,,,,2024-09-01,BUYER02,,,V0005,E,N014,30,,,2.000,,1000,100,USD,1.00,2024-09-01,,,5600000158,RM0000,,,X,X,DAP,Plant,,,
100,4500000159,1000,F,NB,,,,2024-04-23,BUYER01,,,V0011,E,2/10N30,30,,,2.000,,1000,102,USD,1.00,2024-04-23,,,5600000159,RM0000,,,X,X,DAP,Plant,,,
100,4500000160,1000,F,NB,,,,2024-05-03,BUYER03,,,V0003,E,N014,30,,,2.000,,1000,101,USD,1.00,2024-05-03,,,5600000160,RM0000,,,X,X,DAP,Plant,,,
100,4500000161,1000,F,NB,,,,2024-04-07,BUYER03,,,V0009,E,N014,30,,,2.000,,1000,102,USD,1.00,2024-04-07,,,5600000161,RM0000,,,X,X,DAP,Plant,,,
100,4500000162,1000,F,NB,,,,2024-09-30,BUYER01,,,V0009,E,N060,30,,,2.000,,1000,101,USD,1.00,2024-09-30,,,5600000162,RM0000,,,X,X,DAP,Plant,,,
100,4500000163,1000,F,NB,,,,2024-09-24,BUYER01,,,V0004,E,N060,30,,,2.000,,1000,103,USD,1.00,2024-09-24,,,5600000163,RM0000,,,X,X,DAP,Plant,,,
100,4500000164,1000,F,NB,,,,2024-09-25,BUYER02,,,V0004,E,N060,30,,,2.000,,1000,101,USD,1.00,2024-09-25,,,5600000164,RM0000,,,X,X,DAP,Plant,,,
100,4500000165,1000,F,NB,,,,2024-09-13,BUYER03,,,V0015,E,N030,30,,,2.000,,1000,103,USD,1.00,2024-09-13,,,5600000165,RM0000,,,X,X,DAP,Plant,,,
100,4500000166,1000,F,NB,,,,2024-05-18,BUYER03,,,V0012,E,2/10N30,30,,,2.000,,1000,102,USD,1.00,2024-05-18,,,5600000166,RM0000,,,X,X,DAP,Plant,,,
100,4500000167,1000,F,NB,,,,2024-08-13,BUYER02,,,V0003,E,N014,30,,,2.000,,1000,103,USD,1.00,2024-08-13,,,5600000167,RM0000,,,X,X,DAP,Plant,,,
100,4500000168,1000,F,NB,,,,2024-08-27,BUYER02,,,V0012,E,N030,30,,,2.000,,1000,100,USD,1.00,2024-08-27,,,5600000168,RM0000,,,X,X,DAP,Plant,,,
100,4500000169,1000,F,NB,,,,2024-09-30,BUYER01,,,V0010,E,2/10N30,30,,,2.000,,1000,103,USD,1.00,2024-09-30,,,5600000169,RM0000,,,X,X,DAP,Plant,,,
100,4500000170,1000,F,NB,,,,2024-05-04,BUYER03,,,V0012,E,N014,30,,,2.000,,1000,101,USD,1.00,2024-05-04,,,5600000170,RM0000,,,X,X,DAP,Plant,,,
100,4500000171,1000,F,NB,,,,2024-09-15,BUYER03,,,V0014,E,2/10N30,30,,,2.000,,1000,100,USD,1.00,2024-09-15,,,5600000171,RM0000,,,X,X,DAP,Plant,,,
100,4500000172,1000,F,NB,,,,2024-05-27,BUYER03,,,V0006,E,N014,30,,,2.000,,1000,101,USD,1.00,2024-05-27,,,5600000172,RM0000,,,X,X,DAP,Plant,,,
100,4500000173,1000,F,NB,,,,2024-07-07,BUYER02,,,V0014,E,N060,30,,,2.000,,1000,100,USD,1.00,2024-07-07,,,5600000173,RM0000,,,X,X,DAP,Plant,,,
100,4500000174,1000,F,NB,,,,2024-01-07,BUYER02,,,V0003,E,2/10N30,30,,,2.000,,1000,102,USD,1.00,2024-01-07,,,5600000174,RM0000,,,X,X,DAP,Plant,,,
100,4500000175,1000,F,NB,,,,2024-05-29,BUYER01,,,V0008,E,N060,30,,,2.000,,1000,101,USD,1.00,2024-05-29,,,5600000175,RM0000,,,X,X,DAP,Plant,,,
100,4500000176,1000,F,NB,,,,2024-04-21,BUYER01,,,V0010,E,N060,30,,,2.000,,1000,102,USD,1.00,2024-04-21,,,5600000176,RM0000,,,X,X,DAP,Plant,,,
100,4500000177,1000,F,NB,,,,2024-07-07,BUYER03,,,V0004,E,N060,30,,,2.000,,1000,103,USD,1.00,2024-07-07,,,5600000177,RM0000,,,X,X,DAP,Plant,,,
100,4500000178,1000,F,NB,,,,2024-06-16,BUYER01,,,V0015,E,N014,30,,,2.000,,1000,102,USD,1.00,2024-06-16,,,5600000178,RM0000,,,X,X,DAP,Plant,,,
100,4500000179,1000,F,NB,,,,2024-04-03,BUYER03,,,V0005,E,N030,30,,,2.000,,1000,100,USD,1.00,2024-04-03,,,5600000179,RM0000,,,X,X,DAP,Plant,,,
100,4500000180,1000,F,NB,,,,2024-03-11,BUYER01,,,V0004,E,2/10N30,30,,,2.000,,1000,102,USD,1.00,2024-03-11,,,5600000180,RM0000,,,X,X,DAP,Plant,,,
100,4500000181,1000,F,NB,,,,2024-09-12,BUYER03,,,V0015,E,N014,30,,,2.000,,1000,101,USD,1.00,2024-09-12,,,5600000181,RM0000,,,X,X,DAP,Plant,,,
100,4500000182,1000,F,NB,,,,2024-04-29,BUYER01,,,V0004,E,2/10N30,30,,,2.000,,1000,102,USD,1.00,2024-04-29,,,5600000182,RM0000,,,X,X,DAP,Plant,,,
100,4500000183,1000,F,NB,,,,2024-06-15,BUYER02,,,V0010,E,2/10N30,30,,,2.000,,1000,102,USD,1.00,2024-06-15,,,5600000183,RM0000,,,X,X,DAP,Plant,,,
100,4500000184,1000,F,NB,,,,2024-02-22,BUYER02,,,V0013,E,N030,30,,,2.000,,1000,101,USD,1.00,2024-02-22,,,5600000184,RM0000,,,X,X,DAP,Plant,,,
100,4500000185,1000,F,NB,,,,2024-04-24,BUYER01,,,V0001,E,N030,30,,,2.000,,1000,100,USD,1.00,2024-04-24,,,5600000185,RM0000,,,X,X,DAP,Plant,,,
100,4500000186,1000,F,NB,,,,2024-03-10,BUYER02,,,V0007,E,N014,30,,,2.000,,1000,101,USD,1.00,2024-03-10,,,5600000186,RM0000,,,X,X,DAP,Plant,,,
100,4500000187,1000,F,NB,,,,2024-09-12,BUYER02,,,V0001,E,N030,30,,,2.000,,1000,101,USD,1.00,2024-09-12,,,5600000187,RM0000,,,X,X,DAP,Plant,,,
100,4500000188,1000,F,NB,,,,2024-09-03,BUYER01,,,V0008,E,N014,30,,,2.000,,1000,103,USD,1.00,2024-09-03,,,5600000188,RM0000,,,X,X,DAP,Plant,,,
100,4500000189,1000,F,NB,,,,2024-07-23,BUYER03,,,V0006,E,N030,30,,,2.000,,1000,102,USD,1.00,2024-07-23,,,5600000189,RM0000,,,X,X,DAP,Plant,,,
100,4500000190,1000,F,NB,,,,2024-07-12,BUYER02,,,V0011,E,N014,30,,,2.000,,1000,103,USD,1.00,2024-07-12,,,5600000190,RM0000,,,X,X,DAP,Plant,,,
100,4500000191,1000,F,NB,,,,2024-04-29,BUYER01,,,V0009,E,N014,30,,,2.000,,1000,101,USD,1.00,2024-04-29,,,5600000191,RM0000,,,X,X,DAP,Plant,,,
100,4500000192,1000,F,NB,,,,2024-04-27,BUYER02,,,V0011,E,N060,30,,,2.000,,1000,103,USD,1.00,2024-04-27,,,5600000192,RM0000,,,X,X,DAP,Plant,,,
100,4500000193,1000,F,NB,,,,2024-01-28,BUYER03,,,V0001,E,N060,30,,,2.000,,1000,101,USD,1.00,2024-01-28,,,5600000193,RM0000,,,X,X,DAP,Plant,,,
100,4500000194,1000,F,NB,,,,2024-06-01,BUYER03,,,V0014,E,N030,30,,,2.000,,1000,102,USD,1.00,2024-06-01,,,5600000194,RM0000,,,X,X,DAP,Plant,,,
100,4500000195,1000,F,NB,,,,2024-02-05,BUYER01,,,V0010,E,N060,30,,,2.000,,1000,101,USD,1.00,2024-02-05,,,5600000195,RM0000,,,X,X,DAP,Plant,,,
100,4500000196,1000,F,NB,,,,2024-04-19,BUYER02,,,V0009,E,N060,30,,,2.000,,1000,101,USD,1.00,2024-04-19,,,5600000196,RM0000,,,X,X,DAP,Plant,,,
100,4500000197,1000,F,NB,,,,2024-08-23,BUYER03,,,V0010,E,N060,30,,,2.000,,1000,102,USD,1.00,2024-08-23,,,5600000197,RM0000,,,X,X,DAP,Plant,,,
100,4500000198,1000,F,NB,,,,2024-10-05,BUYER02,,,V0001,E,N060,30,,,2.000,,1000,100,USD,1.00,2024-10-05,,,5600000198,RM0000,,,X,X,DAP,Plant,,,
100,4500000199,1000,F,NB,,,,2024-05-28,BUYER02,,,V0001,E,N030,30,,,2.000,,1000,101,USD,1.00,2024-05-28,,,5600000199,RM0000,,,X,X,DAP,Plant,,,
100,4500000200,1000,F,NB,,,,2024-06-12,BUYER03,,,V0015,E,N060,30,,,2.000,,1000,102,USD,1.00,2024-06-12,,,5600000200,RM0000,,,X,X,DAP,Plant,,,
100,4500000201,1000,F,NB,,,,2024-07-30,BUYER03,,,V0001,E,N060,30,,,2.000,,1000,103,USD,1.00,2024-07-30,,,5600000201,RM0000,,,X,X,DAP,Plant,,,
100,4500000202,1000,F,NB,,,,2024-10-01,BUYER03,,,V0010,E,N060,30,,,2.000,,1000,102,USD,1.00,2024-10-01,,,5600000202,RM0000,,,X,X,DAP,Plant,,,
100,4500000203,1000,F,NB,,,,2024-03-01,BUYER03,,,V0012,E,N060,30,,,2.000,,1000,101,USD,1.00,2024-03-01,,,5600000203,RM0000,,,X,X,DAP,Plant,,,
100,4500000204,1000,F,NB,,,,2024-03-17,BUYER02,,,V0011,E,2/10N30,30,,,2.000,,1000,103,USD,1.00,2024-03-17,,,5600000204,RM0000,,,X,X,DAP,Plant,,,
100,4500000205,1000,F,NB,,,,2024-02-01,BUYER03,,,V0007,E,2/10N30,30,,,2.000,,1000,103,USD,1.00,2024-02-01,,,5600000205,RM0000,,,X,X,DAP,Plant,,,
100,4500000206,1000,F,NB,,,,2024-06-22,BUYER03,,,V0010,E,2/10N30,30,,,2.000,,1000,100,USD,1.00,2024-06-22,,,5600000206,RM0000,,,X,X,DAP,Plant,,,
100,4500000207,1000,F,NB,,,,2024-06-13,BUYER01,,,V0003,E,N030,30,,,2.000,,1000,100,USD,1.00,2024-06-13,,,5600000207,RM0000,,,X,X,DAP,Plant,,,
100,4500000208,1000,F,NB,,,,2024-01-10,BUYER02,,,V0011,E,2/10N30,30,,,2.000,,1000,101,USD,1.00,2024-01-10,,,5600000208,RM0000,,,X,X,DAP,Plant,,,
100,4500000209,1000,F,NB,,,,2024-02-15,BUYER01,,,V0001,E,N014,30,,,2.000,,1000,100,USD,1.00,2024-02-15,,,5600000209,RM0000,,,X,X,DAP,Plant,,,
100,4500000210,1000,F,NB,,,,2024-06-18,BUYER03,,,V0011,E,N014,30,,,2.000,,1000,103,USD,1.00,2024-06-18,,,5600000210,RM0000,,,X,X,DAP,Plant,,,
100,4500000211,1000,F,NB,,,,2024-03-09,BUYER01,,,V0013,E,N014,30,,,2.000,,1000,101,USD,1.00,2024-03-09,,,5600000211,RM0000,,,X,X,DAP,Plant,,,
100,4500000212,1000,F,NB,,,,2024-09-30,BUYER03,,,V0015,E,2/10N30,30,,,2.000,,1000,101,USD,1.00,2024-09-30,,,5600000212,RM0000,,,X,X,DAP,Plant,,,
100,4500000213,1000,F,NB,,,,2024-03-11,BUYER03,,,V0003,E,N060,30,,,2.000,,1000,103,USD,1.00,2024-03-11,,,5600000213,RM0000,,,X,X,DAP,Plant,,,
100,4500000214,1000,F,NB,,,,2024-06-22,BUYER01,,,V0009,E,N060,30,,,2.000,,1000,100,USD,1.00,2024-06-22,,,5600000214,RM0000,,,X,X,DAP,Plant,,,
100,4500000215,1000,F,NB,,,,2024-10-04,BUYER01,,,V0010,E,N030,30,,,2.000,,1000,101,USD,1.00,2024-10-04,,,5600000215,RM0000,,,X,X,DAP,Plant,,,
100,4500000216,1000,F,NB,,,,2024-06-29,BUYER02,,,V0003,E,N030,30,,,2.000,,1000,101,USD,1.00,2024-06-29,,,5600000216,RM0000,,,X,X,DAP,Plant,,,
100,4500000217,1000,F,NB,,,,2024-06-17,BUYER01,,,V0003,E,N030,30,,,2.000,,1000,101,USD,1.00,2024-06-17,,,5600000217,RM0000,,,X,X,DAP,Plant,,,
100,4500000218,1000,F,NB,,,,2024-09-04,BUYER01,,,V0001,E,N014,30,,,2.000,,1000,100,USD,1.00,2024-09-04,,,5600000218,RM0000,,,X,X,DAP,Plant,,,
100,4500000219,1000,F,NB,,,,2024-04-27,BUYER01,,,V0009,E,N030,30,,,2.000,,1000,101,USD,1.00,2024-04-27,,,5600000219,RM0000,,,X,X,DAP,Plant,,,
100,4500000220,1000,F,NB,,,,2024-02-06,BUYER03,,,V0011,E,2/10N30,30,,,2.000,,1000,101,USD,1.00,2024-02-06,,,5600000220,RM0000,,,X,X,DAP,Plant,,,
100,4500000221,1000,F,NB,,,,2024-06-04,BUYER01,,,V0001,E,N014,30,,,2.000,,1000,103,USD,1.00,2024-06-04,,,5600000221,RM0000,,,X,X,DAP,Plant,,,
100,4500000222,1000,F,NB,,,,2024-01-11,BUYER02,,,V0014,E,N060,30,,,2.000,,1000,101,USD,1.00,2024-01-11,,,5600000222,RM0000,,,X,X,DAP,Plant,,,
100,4500000223,1000,F,NB,,,,2024-09-20,BUYER03,,,V0007,E,2/10N30,30,,,2.000,,1000,103,USD,1.00,2024-09-20,,,5600000223,RM0000,,,X,X,DAP,Plant,,,
100,4500000224,1000,F,NB,,,,2024-06-17,BUYER01,,,V0002,E,N030,30,,,2.000,,1000,102,USD,1.00,2024-06-17,,,5600000224,RM0000,,,X,X,DAP,Plant,,,
100,4500000225,1000,F,NB,,,,2024-01-18,BUYER01,,,V0005,E,N014,30,,,2.000,,1000,103,USD,1.00,2024-01-18,,,5600000225,RM0000,,,X,X,DAP,Plant,,,
100,4500000226,1000,F,NB,,,,2024-06-30,BUYER01,,,V0007,E,N060,30,,,2.000,,1000,103,USD,1.00,2024-06-30,,,5600000226,RM0000,,,X,X,DAP,Plant,,,
100,4500000227,1000,F,NB,,,,2024-05-20,BUYER02,,,V0014,E,N014,30,,,2.000,,1000,101,USD,1.00,2024-05-20,,,5600000227,RM0000,,,X,X,DAP,Plant,,,
100,4500000228,1000,F,NB,,,,2024-01-22,BUYER03,,,V0004,E,N060,30,,,2.000,,1000,100,USD,1.00,2024-01-22,,,5600000228,RM0000,,,X,X,DAP,Plant,,,
100,4500000229,1000,F,NB,,,,2024-08-07,BUYER03,,,V0008,E,2/10N30,30,,,2.000,,1000,100,USD,1.00,2024-08-07,,,5600000229,RM0000,,,X,X,DAP,Plant,,,
100,4500000230,1000,F,NB,,,,2024-01-06,BUYER02,,,V0005,E,N060,30,,,2.000,,1000,100,USD,1.00,2024-01-06,,,5600000230,RM0000,,,X,X,DAP,Plant,,,
100,4500000231,1000,F,NB,,,,2024-06-12,BUYER02,,,V0014,E,N014,30,,,2.000,,1000,100,USD,1.00,2024-06-12,,,5600000231,RM0000,,,X,X,DAP,Plant,,,
100,4500000232,1000,F,NB,,,,2024-08-23,BUYER03,,,V0002,E,2/10N30,30,,,2.000,,1000,103,USD,1.00,2024-08-23,,,5600000232,RM0000,,,X,X,DAP,Plant,,,
100,4500000233,1000,F,NB,,,,2024-04-08,BUYER01,,,V0011,E,2/10N30,30,,,2.000,,1000,101,USD,1.00,2024-04-08,,,5600000233,RM0000,,,X,X,DAP,Plant,,,
100,4500000234,1000,F,NB,,,,2024-04-06,BUYER01,,,V0006,E,N060,30,,,2.000,,1000,101,USD,1.00,2024-04-06,,,5600000234,RM0000,,,X,X,DAP,Plant,,,
100,4500000235,1000,F,NB,,,,2024-05-18,BUYER02,,,V0013,E,N060,30,,,2.000,,1000,100,USD,1.00,2024-05-18,,,5600000235,RM0000,,,X,X,DAP,Plant,,,
100,4500000236,1000,F,NB,,,,2024-04-23,BUYER03,,,V0014,E,2/10N30,30,,,2.000,,1000,101,USD,1.00,2024-04-23,,,5600000236,RM0000,,,X,X,DAP,Plant,,,
100,4500000237,1000,F,NB,,,,2024-04-21,BUYER02,,,V0012,E,N014,30,,,2.000,,1000,100,USD,1.00,2024-04-21,,,5600000237,RM0000,,,X,X,DAP,Plant,,,
100,4500000238,1000,F,NB,,,,2024-03-18,BUYER03,,,V0004,E,2/10N30,30,,,2.000,,1000,102,USD,1.00,2024-03-18,,,5600000238,RM0000,,,X,X,DAP,Plant,,,
100,4500000239,1000,F,NB,,,,2024-05-02,BUYER02,,,V0015,E,N060,30,,,2.000,,1000,103,USD,1.00,2024-05-02,,,5600000239,RM0000,,,X,X,DAP,Plant,,,
100,4500000240,1000,F,NB,,,,2024-03-15,BUYER03,,,V0002,E,2/10N30,30,,,2.000,,1000,102,USD,1.00,2024-03-15,,,5600000240,RM0000,,,X,X,DAP,Plant,,,
100,4500000241,1000,F,NB,,,,2024-02-14,BUYER03,,,V0006,E,N030,30,,,2.000,,1000,101,USD,1.00,2024-02-14,,,5600000241,RM0000,,,X,X,DAP,Plant,,,
100,4500000242,1000,F,NB,,,,2024-05-11,BUYER03,,,V0002,E,N060,30,,,2.000,,1000,102,USD,1.00,2024-05-11,,,5600000242,RM0000,,,X,X,DAP,Plant,,,
100,4500000243,1000,F,NB,,,,2024-07-25,BUYER01,,,V0015,E,N030,30,,,2.000,,1000,103,USD,1.00,2024-07-25,,,5600000243,RM0000,,,X,X,DAP,Plant,,,
100,4500000244,1000,F,NB,,,,2024-10-03,BUYER02,,,V0001,E,N030,30,,,2.000,,1000,103,USD,1.00,2024-10-03,,,5600000244,RM0000,,,X,X,DAP,Plant,,,
100,4500000245,1000,F,NB,,,,2024-07-06,BUYER02,,,V0004,E,N030,30,,,2.000,,1000,101,USD,1.00,2024-07-06,,,5600000245,RM0000,,,X,X,DAP,Plant,,,
100,4500000246,1000,F,NB,,,,2024-03-23,BUYER03,,,V0004,E,N014,30,,,2.000,,1000,100,USD,1.00,2024-03-23,,,5600000246,RM0000,,,X,X,DAP,Plant,,,
100,4500000247,1000,F,NB,,,,2024-03-27,BUYER03,,,V0011,E,N014,30,,,2.000,,1000,103,USD,1.00,2024-03-27,,,5600000247,RM0000,,,X,X,DAP,Plant,,,
100,4500000248,1000,F,NB,,,,2024-10-02,BUYER01,,,V0006,E,N060,30,,,2.000,,1000,103,USD,1.00,2024-10-02,,,5600000248,RM0000,,,X,X,DAP,Plant,,,
100,4500000249,1000,F,NB,,,,2024-03-23,BUYER02,,,V0007,E,2/10N30,30,,,2.000,,1000,102,USD,1.00,2024-03-23,,,5600000249,RM0000,,,X,X,DAP,Plant,,,
100,4500000250,1000,F,NB,,,,2024-09-13,BUYER01,,,V0013,E,2/10N30,30,,,2.000,,1000,101,USD,1.00,2024-09-13,,,5600000250,RM0000,,,X,X,DAP,Plant,,,
100,4500000251,1000,F,NB,,,,2024-03-13,BUYER02,,,V0003,E,N060,30,,,2.000,,1000,103,USD,1.00,2024-03-13,,,5600000251,RM0000,,,X,X,DAP,Plant,,,
100,4500000252,1000,F,NB,,,,2024-07-06,BUYER01,,,V0003,E,2/10N30,30,,,2.000,,1000,101,USD,1.00,2024-07-06,,,5600000252,RM0000,,,X,X,DAP,Plant,,,
100,4500000253,1000,F,NB,,,,2024-09-13,BUYER01,,,V0006,E,N014,30,,,2.000,,1000,101,USD,1.00,2024-09-13,,,5600000253,RM0000,,,X,X,DAP,Plant,,,
100,4500000254,1000,F,NB,,,,2024-06-09,BUYER02,,,V0014,E,N014,30,,,2.000,,1000,102,USD,1.00,2024-06-09,,,5600000254,RM0000,,,X,X,DAP,Plant,,,
100,4500000255,1000,F,NB,,,,2024-03-08,BUYER01,,,V0001,E,N030,30,,,2.000,,1000,100,USD,1.00,2024-03-08,,,5600000255,RM0000,,,X,X,DAP,Plant,,,
100,4500000256,1000,F,NB,,,,2024-02-09,BUYER03,,,V0003,E,N060,30,,,2.000,,1000,102,USD,1.00,2024-02-09,,,5600000256,RM0000,,,X,X,DAP,Plant,,,
100,4500000257,1000,F,NB,,,,2024-06-14,BUYER01,,,V0007,E,2/10N30,30,,,2.000,,1000,102,USD,1.00,2024-06-14,,,5600000257,RM0000,,,X,X,DAP,Plant,,,
100,4500000258,1000,F,NB,,,,2024-08-10,BUYER02,,,V0014,E,2/10N30,30,,,2.000,,1000,103,USD,1.00,2024-08-10,,,5600000258,RM0000,,,X,X,DAP,Plant,,,
100,4500000259,1000,F,NB,,,,2024-04-21,BUYER01,,,V0012,E,N060,30,,,2.000,,1000,102,USD,1.00,2024-04-21,,,5600000259,RM0000,,,X,X,DAP,Plant,,,
100,4500000260,1000,F,NB,,,,2024-09-22,BUYER01,,,V0003,E,N030,30,,,2.000,,1000,102,USD,1.00,2024-09-22,,,5600000260,RM0000,,,X,X,DAP,Plant,,,
100,4500000261,1000,F,NB,,,,2024-03-09,BUYER03,,,V0014,E,N030,30,,,2.000,,1000,100,USD,1.00,2024-03-09,,,5600000261,RM0000,,,X,X,DAP,Plant,,,
100,4500000262,1000,F,NB,,,,2024-03-30,BUYER03,,,V0010,E,2/10N30,30,,,2.000,,1000,102,USD,1.00,2024-03-30,,,5600000262,RM0000,,,X,X,DAP,Plant,,,
100,4500000263,1000,F,NB,,,,2024-05-11,BUYER02,,,V0006,E,N030,30,,,2.000,,1000,100,USD,1.00,2024-05-11,,,5600000263,RM0000,,,X,X,DAP,Plant,,,
100,4500000264,1000,F,NB,,,,2024-06-09,BUYER02,,,V0006,E,N014,30,,,2.000,,1000,102,USD,1.00,2024-06-09,,,5600000264,RM0000,,,X,X,DAP,Plant,,,
100,4500000265,1000,F,NB,,,,2024-07-31,BUYER03,,,V0007,E,N060,30,,,2.000,,1000,100,USD,1.00,2024-07-31,,,5600000265,RM0000,,,X,X,DAP,Plant,,,
100,4500000266,1000,F,NB,,,,2024-04-19,BUYER02,,,V0014,E,N030,30,,,2.000,,1000,103,USD,1.00,2024-04-19,,,5600000266,RM0000,,,X,X,DAP,Plant,,,
100,4500000267,1000,F,NB,,,,2024-05-16,BUYER01,,,V0007,E,N060,30,,,2.000,,1000,100,USD,1.00,2024-05-16,,,5600000267,RM0000,,,X,X,DAP,Plant,,,
100,4500000268,1000,F,NB,,,,2024-06-12,BUYER02,,,V0012,E,N030,30,,,2.000,,1000,103,USD,1.00,2024-06-12,,,5600000268,RM0000,,,X,X,DAP,Plant,,,
100,4500000269,1000,F,NB,,,,2024-08-10,BUYER02,,,V0013,E,2/10N30,30,,,2.000,,1000,103,USD,1.00,2024-08-10,,,5600000269,RM0000,,,X,X,DAP,Plant,,,
100,4500000270,1000,F,NB,,,,2024-01-21,BUYER01,,,V0005,E,N014,30,,,2.000,,1000,102,USD,1.00,2024-01-21,,,5600000270,RM0000,,,X,X,DAP,Plant,,,
100,4500000271,1000,F,NB,,,,2024-08-15,BUYER02,,,V0002,E,2/10N30,30,,,2.000,,1000,102,USD,1.00,2024-08-15,,,5600000271,RM0000,,,X,X,DAP,Plant,,,
100,4500000272,1000,F,NB,,,,2024-03-27,BUYER03,,,V0004,E,N030,30,,,2.000,,1000,103,USD,1.00,2024-03-27,,,5600000272,RM0000,,,X,X,DAP,Plant,,,
100,4500000273,1000,F,NB,,,,2024-07-23,BUYER01,,,V0004,E,N060,30,,,2.000,,1000,100,USD,1.00,2024-07-23,,,5600000273,RM0000,,,X,X,DAP,Plant,,,
100,4500000274,1000,F,NB,,,,2024-09-12,BUYER03,,,V0003,E,2/10N30,30,,,2.000,,1000,102,USD,1.00,2024-09-12,,,5600000274,RM0000,,,X,X,DAP,Plant,,,
100,4500000275,1000,F,NB,,,,2024-04-28,BUYER01,,,V0008,E,2/10N30,30,,,2.000,,1000,100,USD,1.00,2024-04-28,,,5600000275,RM0000,,,X,X,DAP,Plant,,,
100,4500000276,1000,F,NB,,,,2024-04-05,BUYER01,,,V0006,E,N060,30,,,2.000,,1000,101,USD,1.00,2024-04-05,,,5600000276,RM0000,,,X,X,DAP,Plant,,,
100,4500000277,1000,F,NB,,,,2024-05-19,BUYER01,,,V0003,E,N030,30,,,2.000,,1000,100,USD,1.00,2024-05-19,,,5600000277,RM0000,,,X,X,DAP,Plant,,,
100,4500000278,1000,F,NB,,,,2024-04-27,BUYER01,,,V0014,E,N014,30,,,2.000,,1000,101,USD,1.00,2024-04-27,,,5600000278,RM0000,,,X,X,DAP,Plant,,,
100,4500000279,1000,F,NB,,,,2024-09-03,BUYER02,,,V0014,E,N030,30,,,2.000,,1000,103,USD,1.00,2024-09-03,,,5600000279,RM0000,,,X,X,DAP,Plant,,,
100,4500000280,1000,F,NB,,,,2024-04-22,BUYER01,,,V0005,E,N030,30,,,2.000,,1000,100,USD,1.00,2024-04-22,,,5600000280,RM0000,,,X,X,DAP,Plant,,,
100,4500000281,1000,F,NB,,,,2024-08-15,BUYER02,,,V0015,E,2/10N30,30,,,2.000,,1000,102,USD,1.00,2024-08-15,,,5600000281,RM0000,,,X,X,DAP,Plant,,,
100,4500000282,1000,F,NB,,,,2024-05-16,BUYER02,,,V0009,E,2/10N30,30,,,2.000,,1000,103,USD,1.00,2024-05-16,,,5600000282,RM0000,,,X,X,DAP,Plant,,,
100,4500000283,1000,F,NB,,,,2024-04-09,BUYER03,,,V0008,E,N060,30,,,2.000,,1000,103,USD,1.00,2024-04-09,,,5600000283,RM0000,,,X,X,DAP,Plant,,,
100,4500000284,1000,F,NB,,,,2024-04-12,BUYER01,,,V0011,E,2/10N30,30,,,2.000,,1000,100,USD,1.00,2024-04-12,,,5600000284,RM0000,,,X,X,DAP,Plant,,,
100,4500000285,1000,F,NB,,,,2024-08-17,BUYER02,,,V0014,E,N030,30,,,2.000,,1000,100,USD,1.00,2024-08-17,,,5600000285,RM0000,,,X,X,DAP,Plant,,,
100,4500000286,1000,F,NB,,,,2024-09-19,BUYER02,,,V0002,E,2/10N30,30,,,2.000,,1000,102,USD,1.00,2024-09-19,,,5600000286,RM0000,,,X,X,DAP,Plant,,,
100,4500000287,1000,F,NB,,,,2024-07-19,BUYER03,,,V0014,E,N060,30,,,2.000,,1000,101,USD,1.00,2024-07-19,,,5600000287,RM0000,,,X,X,DAP,Plant,,,
100,4500000288,1000,F,NB,,,,2024-03-28,BUYER01,,,V0009,E,N014,30,,,2.000,,1000,101,USD,1.00,2024-03-28,,,5600000288,RM0000,,,X,X,DAP,Plant,,,
100,4500000289,1000,F,NB,,,,2024-02-03,BUYER01,,,V0015,E,N030,30,,,2.000,,1000,100,USD,1.00,2024-02-03,,,5600000289,RM0000,,,X,X,DAP,Plant,,,
100,4500000290,1000,F,NB,,,,2024-03-16,BUYER03,,,V0008,E,N014,30,,,2.000,,1000,101,USD,1.00,2024-03-16,,,5600000290,RM0000,,,X,X,DAP,Plant,,,
100,4500000291,1000,F,NB,,,,2024-03-22,BUYER01,,,V0011,E,2/10N30,30,,,2.000,,1000,100,USD,1.00,2024-03-22,,,5600000291,RM0000,,,X,X,DAP,Plant,,,
100,4500000292,1000,F,NB,,,,2024-02-09,BUYER01,,,V0007,E,N060,30,,,2.000,,1000,103,USD,1.00,2024-02-09,,,5600000292,RM0000,,,X,X,DAP,Plant,,,
100,4500000293,1000,F,NB,,,,2024-05-31,BUYER03,,,V0007,E,N060,30,,,2.000,,1000,100,USD,1.00,2024-05-31,,,5600000293,RM0000,,,X,X,DAP,Plant,,,
100,4500000294,1000,F,NB,,,,2024-01-11,BUYER01,,,V0002,E,2/10N30,30,,,2.000,,1000,102,USD,1.00,2024-01-11,,,5600000294,RM0000,,,X,X,DAP,Plant,,,
100,4500000295,1000,F,NB,,,,2024-02-16,BUYER01,,,V0008,E,2/10N30,30,,,2.000,,1000,102,USD,1.00,2024-02-16,,,5600000295,RM0000,,,X,X,DAP,Plant,,,
100,4500000296,1000,F,NB,,,,2024-03-30,BUYER03,,,V0002,E,2/10N30,30,,,2.000,,1000,102,USD,1.00,2024-03-30,,,5600000296,RM0000,,,X,X,DAP,Plant,,,
100,4500000297,1000,F,NB,,,,2024-06-12,BUYER01,,,V0013,E,2/10N30,30,,,2.000,,1000,102,USD,1.00,2024-06-12,,,5600000297,RM0000,,,X,X,DAP,Plant,,,
100,4500000298,1000,F,NB,,,,2024-08-23,BUYER03,,,V0012,E,2/10N30,30,,,2.000,,1000,103,USD,1.00,2024-08-23,,,5600000298,RM0000,,,X,X,DAP,Plant,,,
100,4500000299,1000,F,NB,,,,2024-02-06,BUYER01,,,V0011,E,N030,30,,,2.000,,1000,100,USD,1.00,2024-02-06,,,5600000299,RM0000,,,X,X,DAP,Plant,,,
100,4500000300,1000,F,NB,,,,2024-01-24,BUYER01,,,V0008,E,N060,30,,,2.000,,1000,101,USD,1.00,2024-01-24,,,5600000300,RM0000,,,X,X,DAP,Plant,,,
100,4500000301,1000,F,NB,,,,2024-07-31,BUYER02,,,V0001,E,N014,30,,,2.000,,1000,101,USD,1.00,2024-07-31,,,5600000301,RM0000,,,X,X,DAP,Plant,,,
100,4500000302,1000,F,NB,,,,2024-08-22,BUYER01,,,V0009,E,2/10N30,30,,,2.000,,1000,101,USD,1.00,2024-08-22,,,5600000302,RM0000,,,X,X,DAP,Plant,,,
100,4500000303,1000,F,NB,,,,2024-02-12,BUYER03,,,V0014,E,N060,30,,,2.000,,1000,103,USD,1.00,2024-02-12,,,5600000303,RM0000,,,X,X,DAP,Plant,,,
100,4500000304,1000,F,NB,,,,2024-06-22,BUYER02,,,V0011,E,2/10N30,30,,,2.000,,1000,100,USD,1.00,2024-06-22,,,5600000304,RM0000,,,X,X,DAP,Plant,,,
100,4500000305,1000,F,NB,,,,2024-04-11,BUYER02,,,V0002,E,N014,30,,,2.000,,1000,103,USD,1.00,2024-04-11,,,5600000305,RM0000,,,X,X,DAP,Plant,,,
100,4500000306,1000,F,NB,,,,2024-04-21,BUYER03,,,V0008,E,N060,30,,,2.000,,1000,101,USD,1.00,2024-04-21,,,5600000306,RM0000,,,X,X,DAP,Plant,,,
100,4500000307,1000,F,NB,,,,2024-01-22,BUYER01,,,V0014,E,N014,30,,,2.000,,1000,100,USD,1.00,2024-01-22,,,5600000307,RM0000,,,X,X,DAP,Plant,,,
100,4500000308,1000,F,NB,,,,2024-08-03,BUYER01,,,V0013,E,N030,30,,,2.000,,1000,100,USD,1.00,2024-08-03,,,5600000308,RM0000,,,X,X,DAP,Plant,,,
100,4500000309,1000,F,NB,,,,2024-05-06,BUYER02,,,V0001,E,N014,30,,,2.000,,1000,101,USD,1.00,2024-05-06,,,5600000309,RM0000,,,X,X,DAP,Plant,,,
100,4500000310,1000,F,NB,,,,2024-08-14,BUYER01,,,V0003,E,N014,30,,,2.000,,1000,100,USD,1.00,2024-08-14,,,5600000310,RM0000,,,X,X,DAP,Plant,,,
100,4500000311,1000,F,NB,,,,2024-08-11,BUYER01,,,V0014,E,N014,30,,,2.000,,1000,100,USD,1.00,2024-08-11,,,5600000311,RM0000,,,X,X,DAP,Plant,,,
100,4500000312,1000,F,NB,,,,2024-02-05,BUYER03,,,V0011,E,N060,30,,,2.000,,1000,100,USD,1.00,2024-02-05,,,5600000312,RM0000,,,X,X,DAP,Plant,,,
100,4500000313,1000,F,NB,,,,2024-05-04,BUYER01,,,V0008,E,N030,30,,,2.000,,1000,103,USD,1.00,2024-05-04,,,5600000313,RM0000,,,X,X,DAP,Plant,,,
100,4500000314,1000,F,NB,,,,2024-05-31,BUYER02,,,V0013,E,N060,30,,,2.000,,1000,101,USD,1.00,2024-05-31,,,5600000314,RM0000,,,X,X,DAP,Plant,,,
100,4500000315,1000,F,NB,,,,2024-02-08,BUYER02,,,V0006,E,2/10N30,30,,,2.000,,1000,102,USD,1.00,2024-02-08,,,5600000315,RM0000,,,X,X,DAP,Plant,,,
100,4500000316,1000,F,NB,,,,2024-09-08,BUYER03,,,V0003,E,N060,30,,,2.000,,1000,103,USD,1.00,2024-09-08,,,5600000316,RM0000,,,X,X,DAP,Plant,,,
100,4500000317,1000,F,NB,,,,2024-04-28,BUYER03,,,V0007,E,N030,30,,,2.000,,1000,103,USD,1.00,2024-04-28,,,5600000317,RM0000,,,X,X,DAP,Plant,,,
100,4500000318,1000,F,NB,,,,2024-08-26,BUYER02,,,V0001,E,N014,30,,,2.000,,1000,103,USD,1.00,2024-08-26,,,5600000318,RM0000,,,X,X,DAP,Plant,,,
100,4500000319,1000,F,NB,,,,2024-02-25,BUYER03,,,V0009,E,N014,30,,,2.000,,1000,102,USD,1.00,2024-02-25,,,5600000319,RM0000,,,X,X,DAP,Plant,,,
100,4500000320,1000,F,NB,,,,2024-09-30,BUYER02,,,V0013,E,N030,30,,,2.000,,1000,103,USD,1.00,2024-09-30,,,5600000320,RM0000,,,X,X,DAP,Plant,,,
100,4500000321,1000,F,NB,,,,2024-03-13,BUYER03,,,V0014,E,N060,30,,,2.000,,1000,101,USD,1.00,2024-03-13,,,5600000321,RM0000,,,X,X,DAP,Plant,,,
100,4500000322,1000,F,NB,,,,2024-04-22,BUYER03,,,V0011,E,2/10N30,30,,,2.000,,1000,103,USD,1.00,2024-04-22,,,5600000322,RM0000,,,X,X,DAP,Plant,,,
100,4500000323,1000,F,NB,,,,2024-05-06,BUYER01,,,V0003,E,N014,30,,,2.000,,1000,102,USD,1.00,2024-05-06,,,5600000323,RM0000,,,X,X,DAP,Plant,,,
100,4500000324,1000,F,NB,,,,2024-08-01,BUYER01,,,V0005,E,2/10N30,30,,,2.000,,1000,103,USD,1.00,2024-08-01,,,5600000324,RM0000,,,X,X,DAP,Plant,,,
100,4500000325,1000,F,NB,,,,2024-08-17,BUYER03,,,V0007,E,N060,30,,,2.000,,1000,100,USD,1.00,2024-08-17,,,5600000325,RM0000,,,X,X,DAP,Plant,,,
100,4500000326,1000,F,NB,,,,2024-08-24,BUYER02,,,V0002,E,N014,30,,,2.000,,1000,103,USD,1.00,2024-08-24,,,5600000326,RM0000,,,X,X,DAP,Plant,,,
100,4500000327,1000,F,NB,,,,2024-08-30,BUYER03,,,V0002,E,2/10N30,30,,,2.000,,1000,101,USD,1.00,2024-08-30,,,5600000327,RM0000,,,X,X,DAP,Plant,,,
100,4500000328,1000,F,NB,,,,2024-06-14,BUYER03,,,V0008,E,N030,30,,,2.000,,1000,101,USD,1.00,2024-06-14,,,5600000328,RM0000,,,X,X,DAP,Plant,,,
100,4500000329,1000,F,NB,,,,2024-08-09,BUYER03,,,V0002,E,N060,30,,,2.000,,1000,101,USD,1.00,2024-08-09,,,5600000329,RM0000,,,X,X,DAP,Plant,,,
100,4500000330,1000,F,NB,,,,2024-07-12,BUYER01,,,V0008,E,N014,30,,,2.000,,1000,101,USD,1.00,2024-07-12,,,5600000330,RM0000,,,X,X,DAP,Plant,,,
100,4500000331,1000,F,NB,,,,2024-03-18,BUYER03,,,V0004,E,N030,30,,,2.000,,1000,101,USD,1.00,2024-03-18,,,5600000331,RM0000,,,X,X,DAP,Plant,,,
100,4500000332,1000,F,NB,,,,2024-06-26,BUYER03,,,V0007,E,N060,30,,,2.000,,1000,101,USD,1.00,2024-06-26,,,5600000332,RM0000,,,X,X,DAP,Plant,,,
100,4500000333,1000,F,NB,,,,2024-06-04,BUYER01,,,V0004,E,N060,30,,,2.000,,1000,100,USD,1.00,2024-06-04,,,5600000333,RM0000,,,X,X,DAP,Plant,,,
100,4500000334,1000,F,NB,,,,2024-06-11,BUYER02,,,V0014,E,2/10N30,30,,,2.000,,1000,102,USD,1.00,2024-06-11,,,5600000334,RM0000,,,X,X,DAP,Plant,,,
100,4500000335,1000,F,NB,,,,2024-03-30,BUYER02,,,V0002,E,2/10N30,30,,,2.000,,1000,103,USD,1.00,2024-03-30,,,5600000335,RM0000,,,X,X,DAP,Plant,,,
100,4500000336,1000,F,NB,,,,2024-08-31,BUYER03,,,V0011,E,N060,30,,,2.000,,1000,100,USD,1.00,2024-08-31,,,5600000336,RM0000,,,X,X,DAP,Plant,,,
100,4500000337,1000,F,NB,,,,2024-06-16,BUYER02,,,V0012,E,2/10N30,30,,,2.000,,1000,102,USD,1.00,2024-06-16,,,5600000337,RM0000,,,X,X,DAP,Plant,,,
100,4500000338,1000,F,NB,,,,2024-04-24,BUYER02,,,V0004,E,N030,30,,,2.000,,1000,102,USD,1.00,2024-04-24,,,5600000338,RM0000,,,X,X,DAP,Plant,,,
100,4500000339,1000,F,NB,,,,2024-02-08,BUYER01,,,V0010,E,N030,30,,,2.000,,1000,101,USD,1.00,2024-02-08,,,5600000339,RM0000,,,X,X,DAP,Plant,,,
100,4500000340,1000,F,NB,,,,2024-02-06,BUYER02,,,V0006,E,2/10N30,30,,,2.000,,1000,101,USD,1.00,2024-02-06,,,5600000340,RM0000,,,X,X,DAP,Plant,,,
100,4500000341,1000,F,NB,,,,2024-07-14,BUYER03,,,V0007,E,N014,30,,,2.000,,1000,103,USD,1.00,2024-07-14,,,5600000341,RM0000,,,X,X,DAP,Plant,,,
100,4500000342,1000,F,NB,,,,2024-09-22,BUYER03,,,V0003,E,N030,30,,,2.000,,1000,103,USD,1.00,2024-09-22,,,5600000342,RM0000,,,X,X,DAP,Plant,,,
100,4500000343,1000,F,NB,,,,2024-06-30,BUYER01,,,V0011,E,2/10N30,30,,,2.000,,1000,103,USD,1.00,2024-06-30,,,5600000343,RM0000,,,X,X,DAP,Plant,,,
100,4500000344,1000,F,NB,,,,2024-04-28,BUYER02,,,V0007,E,N060,30,,,2.000,,1000,101,USD,1.00,2024-04-28,,,5600000344,RM0000,,,X,X,DAP,Plant,,,
100,4500000345,1000,F,NB,,,,2024-09-16,BUYER01,,,V0012,E,N030,30,,,2.000,,1000,100,USD,1.00,2024-09-16,,,5600000345,RM0000,,,X,X,DAP,Plant,,,
100,4500000346,1000,F,NB,,,,2024-03-07,BUYER01,,,V0012,E,2/10N30,30,,,2.000,,1000,101,USD,1.00,2024-03-07,,,5600000346,RM0000,,,X,X,DAP,Plant,,,
100,4500000347,1000,F,NB,,,,2024-03-24,BUYER02,,,V0001,E,N030,30,,,2.000,,1000,102,USD,1.00,2024-03-24,,,5600000347,RM0000,,,X,X,DAP,Plant,,,
100,4500000348,1000,F,NB,,,,2024-04-08,BUYER01,,,V0001,E,2/10N30,30,,,2.000,,1000,103,USD,1.00,2024-04-08,,,5600000348,RM0000,,,X,X,DAP,Plant,,,
100,4500000349,1000,F,NB,,,,2024-04-10,BUYER03,,,V0010,E,N030,30,,,2.000,,1000,100,USD,1.00,2024-04-10,,,5600000349,RM0000,,,X,X,DAP,Plant,,,
100,4500000350,1000,F,NB,,,,2024-03-07,BUYER03,,,V0014,E,N030,30,,,2.000,,1000,100,USD,1.00,2024-03-07,,,5600000350,RM0000,,,X,X,DAP,Plant,,,
100,4500000351,1000,F,NB,,,,2024-01-07,BUYER02,,,V0009,E,N060,30,,,2.000,,1000,103,USD,1.00,2024-01-07,,,5600000351,RM0000,,,X,X,DAP,Plant,,,
100,4500000352,1000,F,NB,,,,2024-07-09,BUYER01,,,V0014,E,N060,30,,,2.000,,1000,102,USD,1.00,2024-07-09,,,5600000352,RM0000,,,X,X,DAP,Plant,,,
100,4500000353,1000,F,NB,,,,2024-07-18,BUYER03,,,V0011,E,N060,30,,,2.000,,1000,102,USD,1.00,2024-07-18,,,5600000353,RM0000,,,X,X,DAP,Plant,,,
100,4500000354,1000,F,NB,,,,2024-09-12,BUYER01,,,V0002,E,N014,30,,,2.000,,1000,100,USD,1.00,2024-09-12,,,5600000354,RM0000,,,X,X,DAP,Plant,,,
100,4500000355,1000,F,NB,,,,2024-07-18,BUYER01,,,V0003,E,N014,30,,,2.000,,1000,103,USD,1.00,2024-07-18,,,5600000355,RM0000,,,X,X,DAP,Plant,,,
100,4500000356,1000,F,NB,,,,2024-05-07,BUYER02,,,V0007,E,N030,30,,,2.000,,1000,100,USD,1.00,2024-05-07,,,5600000356,RM0000,,,X,X,DAP,Plant,,,
100,4500000357,1000,F,NB,,,,2024-09-26,BUYER01,,,V0012,E,N014,30,,,2.000,,1000,101,USD,1.00,2024-09-26,,,5600000357,RM0000,,,X,X,DAP,Plant,,,
100,4500000358,1000,F,NB,,,,2024-06-10,BUYER03,,,V0006,E,N030,30,,,2.000,,1000,101,USD,1.00,2024-06-10,,,5600000358,RM0000,,,X,X,DAP,Plant,,,
100,4500000359,1000,F,NB,,,,2024-07-03,BUYER01,,,V0002,E,N060,30,,,2.000,,1000,101,USD,1.00,2024-07-03,,,5600000359,RM0000,,,X,X,DAP,Plant,,,
100,4500000360,1000,F,NB,,,,2024-08-18,BUYER01,,,V0007,E,N030,30,,,2.000,,1000,100,USD,1.00,2024-08-18,,,5600000360,RM0000,,,X,X,DAP,Plant,,,
100,4500000361,1000,F,NB,,,,2024-09-21,BUYER03,,,V0008,E,2/10N30,30,,,2.000,,1000,103,USD,1.00,2024-09-21,,,5600000361,RM0000,,,X,X,DAP,Plant,,,
100,4500000362,1000,F,NB,,,,2024-09-09,BUYER02,,,V0011,E,N030,30,,,2.000,,1000,101,USD,1.00,2024-09-09,,,5600000362,RM0000,,,X,X,DAP,Plant,,,
100,4500000363,1000,F,NB,,,,2024-07-21,BUYER01,,,V0007,E,N030,30,,,2.000,,1000,102,USD,1.00,2024-07-21,,,5600000363,RM0000,,,X,X,DAP,Plant,,,
100,4500000364,1000,F,NB,,,,2024-01-06,BUYER01,,,V0007,E,N060,30,,,2.000,,1000,100,USD,1.00,2024-01-06,,,5600000364,RM0000,,,X,X,DAP,Plant,,,
100,4500000365,1000,F,NB,,,,2024-10-06,BUYER01,,,V0013,E,N014,30,,,2.000,,1000,100,USD,1.00,2024-10-06,,,5600000365,RM0000,,,X,X,DAP,Plant,,,
100,4500000366,1000,F,NB,,,,2024-03-04,BUYER03,,,V0013,E,2/10N30,30,,,2.000,,1000,100,USD,1.00,2024-03-04,,,5600000366,RM0000,,,X,X,DAP,Plant,,,
100,4500000367,1000,F,NB,,,,2024-08-23,BUYER02,,,V0007,E,N030,30,,,2.000,,1000,101,USD,1.00,2024-08-23,,,5600000367,RM0000,,,X,X,DAP,Plant,,,
100,4500000368,1000,F,NB,,,,2024-03-07,BUYER01,,,V0014,E,N014,30,,,2.000,,1000,102,USD,1.00,2024-03-07,,,5600000368,RM0000,,,X,X,DAP,Plant,,,
100,4500000369,1000,F,NB,,,,2024-06-06,BUYER03,,,V0015,E,N060,30,,,2.000,,1000,102,USD,1.00,2024-06-06,,,5600000369,RM0000,,,X,X,DAP,Plant,,,
100,4500000370,1000,F,NB,,,,2024-07-13,BUYER02,,,V0011,E,N060,30,,,2.000,,1000,103,USD,1.00,2024-07-13,,,5600000370,RM0000,,,X,X,DAP,Plant,,,
100,4500000371,1000,F,NB,,,,2024-03-04,BUYER01,,,V0004,E,N030,30,,,2.000,,1000,103,USD,1.00,2024-03-04,,,5600000371,RM0000,,,X,X,DAP,Plant,,,
100,4500000372,1000,F,NB,,,,2024-09-29,BUYER01,,,V0001,E,N014,30,,,2.000,,1000,103,USD,1.00,2024-09-29,,,5600000372,RM0000,,,X,X,DAP,Plant,,,
100,4500000373,1000,F,NB,,,,2024-06-04,BUYER01,,,V0010,E,N060,30,,,2.000,,1000,102,USD,1.00,2024-06-04,,,5600000373,RM0000,,,X,X,DAP,Plant,,,
100,4500000374,1000,F,NB,,,,2024-06-25,BUYER02,,,V0006,E,2/10N30,30,,,2.000,,1000,101,USD,1.00,2024-06-25,,,5600000374,RM0000,,,X,X,DAP,Plant,,,
100,4500000375,1000,F,NB,,,,2024-02-07,BUYER02,,,V0001,E,N060,30,,,2.000,,1000,102,USD,1.00,2024-02-07,,,5600000375,RM0000,,,X,X,DAP,Plant,,,
100,4500000376,1000,F,NB,,,,2024-08-12,BUYER01,,,V0012,E,N030,30,,,2.000,,1000,101,USD,1.00,2024-08-12,,,5600000376,RM0000,,,X,X,DAP,Plant,,,
100,4500000377,1000,F,NB,,,,2024-06-02,BUYER01,,,V0013,E,N060,30,,,2.000,,1000,100,USD,1.00,2024-06-02,,,5600000377,RM0000,,,X,X,DAP,Plant,,,
100,4500000378,1000,F,NB,,,,2024-09-20,BUYER02,,,V0011,E,N014,30,,,2.000,,1000,103,USD,1.00,2024-09-20,,,5600000378,RM0000,,,X,X,DAP,Plant,,,
100,4500000379,1000,F,NB,,,,2024-07-26,BUYER03,,,V0002,E,N014,30,,,2.000,,1000,101,USD,1.00,2024-07-26,,,5600000379,RM0000,,,X,X,DAP,Plant,,,
100,4500000380,1000,F,NB,,,,2024-04-23,BUYER01,,,V0002,E,N014,30,,,2.000,,1000,103,USD,1.00,2024-04-23,,,5600000380,RM0000,,,X,X,DAP,Plant,,,
100,4500000381,1000,F,NB,,,,2024-02-26,BUYER02,,,V0006,E,N060,30,,,2.000,,1000,100,USD,1.00,2024-02-26,,,5600000381,RM0000,,,X,X,DAP,Plant,,,
100,4500000382,1000,F,NB,,,,2024-03-15,BUYER01,,,V0012,E,N014,30,,,2.000,,1000,103,USD,1.00,2024-03-15,,,5600000382,RM0000,,,X,X,DAP,Plant,,,
100,4500000383,1000,F,NB,,,,2024-06-01,BUYER02,,,V0008,E,N060,30,,,2.000,,1000,102,USD,1.00,2024-06-01,,,5600000383,RM0000,,,X,X,DAP,Plant,,,
100,4500000384,1000,F,NB,,,,2024-09-30,BUYER03,,,V0014,E,2/10N30,30,,,2.000,,1000,102,USD,1.00,2024-09-30,,,5600000384,RM0000,,,X,X,DAP,Plant,,,
100,4500000385,1000,F,NB,,,,2024-08-31,BUYER03,,,V0008,E,2/10N30,30,,,2.000,,1000,103,USD,1.00,2024-08-31,,,5600000385,RM0000,,,X,X,DAP,Plant,,,
100,4500000386,1000,F,NB,,,,2024-01-26,BUYER01,,,V0008,E,N014,30,,,2.000,,1000,101,USD,1.00,2024-01-26,,,5600000386,RM0000,,,X,X,DAP,Plant,,,
100,4500000387,1000,F,NB,,,,2024-08-18,BUYER02,,,V0008,E,N060,30,,,2.000,,1000,100,USD,1.00,2024-08-18,,,5600000387,RM0000,,,X,X,DAP,Plant,,,
100,4500000388,1000,F,NB,,,,2024-01-04,BUYER01,,,V0006,E,N014,30,,,2.000,,1000,100,USD,1.00,2024-01-04,,,5600000388,RM0000,,,X,X,DAP,Plant,,,
100,4500000389,1000,F,NB,,,,2024-09-25,BUYER02,,,V0001,E,N014,30,,,2.000,,1000,103,USD,1.00,2024-09-25,,,5600000389,RM0000,,,X,X,DAP,Plant,,,
100,4500000390,1000,F,NB,,,,2024-08-12,BUYER03,,,V0003,E,N014,30,,,2.000,,1000,100,USD,1.00,2024-08-12,,,5600000390,RM0000,,,X,X,DAP,Plant,,,
100,4500000391,1000,F,NB,,,,2024-05-05,BUYER01,,,V0013,E,2/10N30,30,,,2.000,,1000,100,USD,1.00,2024-05-05,,,5600000391,RM0000,,,X,X,DAP,Plant,,,
100,4500000392,1000,F,NB,,,,2024-01-22,BUYER02,,,V0005,E,N030,30,,,2.000,,1000,102,USD,1.00,2024-01-22,,,5600000392,RM0000,,,X,X,DAP,Plant,,,
100,4500000393,1000,F,NB,,,,2024-06-20,BUYER03,,,V0003,E,N060,30,,,2.000,,1000,100,USD,1.00,2024-06-20,,,5600000393,RM0000,,,X,X,DAP,Plant,,,
100,4500000394,1000,F,NB,,,,2024-07-08,BUYER03,,,V0001,E,2/10N30,30,,,2.000,,1000,103,USD,1.00,2024-07-08,,,5600000394,RM0000,,,X,X,DAP,Plant,,,
100,4500000395,1000,F,NB,,,,2024-09-21,BUYER02,,,V0003,E,N030,30,,,2.000,,1000,103,USD,1.00,2024-09-21,,,5600000395,RM0000,,,X,X,DAP,Plant,,,
100,4500000396,1000,F,NB,,,,2024-07-01,BUYER01,,,V0005,E,N030,30,,,2.000,,1000,100,USD,1.00,2024-07-01,,,5600000396,RM0000,,,X,X,DAP,Plant,,,
100,4500000397,1000,F,NB,,,,2024-05-28,BUYER01,,,V0004,E,N060,30,,,2.000,,1000,103,USD,1.00,2024-05-28,,,5600000397,RM0000,,,X,X,DAP,Plant,,,
100,4500000398,1000,F,NB,,,,2024-04-25,BUYER01,,,V0007,E,N014,30,,,2.000,,1000,102,USD,1.00,2024-04-25,,,5600000398,RM0000,,,X,X,DAP,Plant,,,
100,4500000399,1000,F,NB,,,,2024-03-05,BUYER03,,,V0014,E,2/10N30,30,,,2.000,,1000,101,USD,1.00,2024-03-05,,,5600000399,RM0000,,,X,X,DAP,Plant,,,
100,4500000400,1000,F,NB,,,,2024-06-03,BUYER03,,,V0008,E,N030,30,,,2.000,,1000,103,USD,1.00,2024-06-03,,,5600000400,RM0000,,,X,X,DAP,Plant,,,
100,4500000401,1000,F,NB,,,,2024-06-25,BUYER01,,,V0007,E,N060,30,,,2.000,,1000,102,USD,1.00,2024-06-25,,,5600000401,RM0000,,,X,X,DAP,Plant,,,
100,4500000402,1000,F,NB,,,,2024-04-29,BUYER03,,,V0014,E,N030,30,,,2.000,,1000,101,USD,1.00,2024-04-29,,,5600000402,RM0000,,,X,X,DAP,Plant,,,
100,4500000403,1000,F,NB,,,,2024-08-28,BUYER03,,,V0012,E,N060,30,,,2.000,,1000,103,USD,1.00,2024-08-28,,,5600000403,RM0000,,,X,X,DAP,Plant,,,
100,4500000404,1000,F,NB,,,,2024-05-14,BUYER01,,,V0004,E,N030,30,,,2.000,,1000,103,USD,1.00,2024-05-14,,,5600000404,RM0000,,,X,X,DAP,Plant,,,
100,4500000405,1000,F,NB,,,,2024-08-30,BUYER03,,,V0010,E,N014,30,,,2.000,,1000,102,USD,1.00,2024-08-30,,,5600000405,RM0000,,,X,X,DAP,Plant,,,
100,4500000406,1000,F,NB,,,,2024-08-29,BUYER01,,,V0008,E,N060,30,,,2.000,,1000,102,USD,1.00,2024-08-29,,,5600000406,RM0000,,,X,X,DAP,Plant,,,
100,4500000407,1000,F,NB,,,,2024-07-24,BUYER02,,,V0008,E,N030,30,,,2.000,,1000,103,USD,1.00,2024-07-24,,,5600000407,RM0000,,,X,X,DAP,Plant,,,
100,4500000408,1000,F,NB,,,,2024-08-03,BUYER01,,,V0004,E,N014,30,,,2.000,,1000,103,USD,1.00,2024-08-03,,,5600000408,RM0000,,,X,X,DAP,Plant,,,
100,4500000409,1000,F,NB,,,,2024-05-08,BUYER03,,,V0012,E,N014,30,,,2.000,,1000,100,USD,1.00,2024-05-08,,,5600000409,RM0000,,,X,X,DAP,Plant,,,
100,4500000410,1000,F,NB,,,,2024-02-23,BUYER01,,,V0005,E,N060,30,,,2.000,,1000,102,USD,1.00,2024-02-23,,,5600000410,RM0000,,,X,X,DAP,Plant,,,
100,4500000411,1000,F,NB,,,,2024-10-02,BUYER03,,,V0011,E,N014,30,,,2.000,,1000,101,USD,1.00,2024-10-02,,,5600000411,RM0000,,,X,X,DAP,Plant,,,
100,4500000412,1000,F,NB,,,,2024-03-31,BUYER01,,,V0011,E,2/10N30,30,,,2.000,,1000,102,USD,1.00,2024-03-31,,,5600000412,RM0000,,,X,X,DAP,Plant,,,
100,4500000413,1000,F,NB,,,,2024-03-18,BUYER01,,,V0002,E,N060,30,,,2.000,,1000,102,USD,1.00,2024-03-18,,,5600000413,RM0000,,,X,X,DAP,Plant,,,
100,4500000414,1000,F,NB,,,,2024-04-09,BUYER03,,,V0013,E,N014,30,,,2.000,,1000,102,USD,1.00,2024-04-09,,,5600000414,RM0000,,,X,X,DAP,Plant,,,
100,4500000415,1000,F,NB,,,,2024-02-25,BUYER02,,,V0011,E,2/10N30,30,,,2.000,,1000,103,USD,1.00,2024-02-25,,,5600000415,RM0000,,,X,X,DAP,Plant,,,
100,4500000416,1000,F,NB,,,,2024-09-26,BUYER01,,,V0002,E,N060,30,,,2.000,,1000,100,USD,1.00,2024-09-26,,,5600000416,RM0000,,,X,X,DAP,Plant,,,
100,4500000417,1000,F,NB,,,,2024-09-13,BUYER01,,,V0011,E,N030,30,,,2.000,,1000,101,USD,1.00,2024-09-13,,,5600000417,RM0000,,,X,X,DAP,Plant,,,
100,4500000418,1000,F,NB,,,,2024-02-09,BUYER02,,,V0001,E,N060,30,,,2.000,,1000,101,USD,1.00,2024-02-09,,,5600000418,RM0000,,,X,X,DAP,Plant,,,
100,4500000419,1000,F,NB,,,,2024-03-12,BUYER03,,,V0004,E,2/10N30,30,,,2.000,,1000,101,USD,1.00,2024-03-12,,,5600000419,RM0000,,,X,X,DAP,Plant,,,
100,4500000420,1000,F,NB,,,,2024-08-12,BUYER02,,,V0011,E,N030,30,,,2.000,,1000,100,USD,1.00,2024-08-12,,,5600000420,RM0000,,,X,X,DAP,Plant,,,
100,4500000421,1000,F,NB,,,,2024-10-03,BUYER02,,,V0003,E,N060,30,,,2.000,,1000,101,USD,1.00,2024-10-03,,,5600000421,RM0000,,,X,X,DAP,Plant,,,
100,4500000422,1000,F,NB,,,,2024-09-07,BUYER01,,,V0004,E,2/10N30,30,,,2.000,,1000,100,USD,1.00,2024-09-07,,,5600000422,RM0000,,,X,X,DAP,Plant,,,
100,4500000423,1000,F,NB,,,,2024-03-19,BUYER02,,,V0003,E,2/10N30,30,,,2.000,,1000,102,USD,1.00,2024-03-19,,,5600000423,RM0000,,,X,X,DAP,Plant,,,
100,4500000424,1000,F,NB,,,,2024-02-13,BUYER01,,,V0013,E,2/10N30,30,,,2.000,,1000,101,USD,1.00,2024-02-13,,,5600000424,RM0000,,,X,X,DAP,Plant,,,
100,4500000425,1000,F,NB,,,,2024-06-06,BUYER01,,,V0014,E,N060,30,,,2.000,,1000,100,USD,1.00,2024-06-06,,,5600000425,RM0000,,,X,X,DAP,Plant,,,
100,4500000426,1000,F,NB,,,,2024-02-08,BUYER03,,,V0002,E,N014,30,,,2.000,,1000,100,USD,1.00,2024-02-08,,,5600000426,RM0000,,,X,X,DAP,Plant,,,
100,4500000427,1000,F,NB,,,,2024-01-26,BUYER03,,,V0015,E,2/10N30,30,,,2.000,,1000,103,USD,1.00,2024-01-26,,,5600000427,RM0000,,,X,X,DAP,Plant,,,
100,4500000428,1000,F,NB,,,,2024-07-23,BUYER01,,,V0014,E,N030,30,,,2.000,,1000,103,USD,1.00,2024-07-23,,,5600000428,RM0000,,,X,X,DAP,Plant,,,
100,4500000429,1000,F,NB,,,,2024-05-03,BUYER01,,,V0006,E,N030,30,,,2.000,,1000,101,USD,1.00,2024-05-03,,,5600000429,RM0000,,,X,X,DAP,Plant,,,
100,4500000430,1000,F,NB,,,,2024-06-10,BUYER03,,,V0012,E,2/10N30,30,,,2.000,,1000,102,USD,1.00,2024-06-10,,,5600000430,RM0000,,,X,X,DAP,Plant,,,
100,4500000431,1000,F,NB,,,,2024-03-18,BUYER03,,,V0005,E,N030,30,,,2.000,,1000,100,USD,1.00,2024-03-18,,,5600000431,RM0000,,,X,X,DAP,Plant,,,
100,4500000432,1000,F,NB,,,,2024-04-23,BUYER02,,,V0001,E,N030,30,,,2.000,,1000,100,USD,1.00,2024-04-23,,,5600000432,RM0000,,,X,X,DAP,Plant,,,
100,4500000433,1000,F,NB,,,,2024-07-18,BUYER02,,,V0007,E,N030,30,,,2.000,,1000,102,USD,1.00,2024-07-18,,,5600000433,RM0000,,,X,X,DAP,Plant,,,
100,4500000434,1000,F,NB,,,,2024-05-27,BUYER02,,,V0010,E,N014,30,,,2.000,,1000,100,USD,1.00,2024-05-27,,,5600000434,RM0000,,,X,X,DAP,Plant,,,
100,4500000435,1000,F,NB,,,,2024-06-14,BUYER01,,,V0007,E,N014,30,,,2.000,,1000,101,USD,1.00,2024-06-14,,,5600000435,RM0000,,,X,X,DAP,Plant,,,
100,4500000436,1000,F,NB,,,,2024-02-15,BUYER01,,,V0002,E,N030,30,,,2.000,,1000,100,USD,1.00,2024-02-15,,,5600000436,RM0000,,,X,X,DAP,Plant,,,
100,4500000437,1000,F,NB,,,,2024-01-30,BUYER02,,,V0008,E,N060,30,,,2.000,,1000,102,USD,1.00,2024-01-30,,,5600000437,RM0000,,,X,X,DAP,Plant,,,
100,4500000438,1000,F,NB,,,,2024-03-14,BUYER03,,,V0010,E,2/10N30,30,,,2.000,,1000,102,USD,1.00,2024-03-14,,,5600000438,RM0000,,,X,X,DAP,Plant,,,
100,4500000439,1000,F,NB,,,,2024-02-17,BUYER01,,,V0012,E,2/10N30,30,,,2.000,,1000,101,USD,1.00,2024-02-17,,,5600000439,RM0000,,,X,X,DAP,Plant,,,
100,4500000440,1000,F,NB,,,,2024-08-05,BUYER02,,,V0013,E,N030,30,,,2.000,,1000,103,USD,1.00,2024-08-05,,,5600000440,RM0000,,,X,X,DAP,Plant,,,
100,4500000441,1000,F,NB,,,,2024-08-07,BUYER03,,,V0002,E,N014,30,,,2.000,,1000,101,USD,1.00,2024-08-07,,,5600000441,RM0000,,,X,X,DAP,Plant,,,
100,4500000442,1000,F,NB,,,,2024-04-07,BUYER02,,,V0009,E,2/10N30,30,,,2.000,,1000,103,USD,1.00,2024-04-07,,,5600000442,RM0000,,,X,X,DAP,Plant,,,
100,4500000443,1000,F,NB,,,,2024-05-28,BUYER01,,,V0015,E,N030,30,,,2.000,,1000,100,USD,1.00,2024-05-28,,,5600000443,RM0000,,,X,X,DAP,Plant,,,
100,4500000444,1000,F,NB,,,,2024-06-05,BUYER03,,,V0007,E,N060,30,,,2.000,,1000,103,USD,1.00,2024-06-05,,,5600000444,RM0000,,,X,X,DAP,Plant,,,
100,4500000445,1000,F,NB,,,,2024-06-10,BUYER03,,,V0008,E,N030,30,,,2.000,,1000,100,USD,1.00,2024-06-10,,,5600000445,RM0000,,,X,X,DAP,Plant,,,
100,4500000446,1000,F,NB,,,,2024-08-15,BUYER03,,,V0004,E,N060,30,,,2.000,,1000,102,USD,1.00,2024-08-15,,,5600000446,RM0000,,,X,X,DAP,Plant,,,
100,4500000447,1000,F,NB,,,,2024-08-10,BUYER02,,,V0005,E,N060,30,,,2.000,,1000,103,USD,1.00,2024-08-10,,,5600000447,RM0000,,,X,X,DAP,Plant,,,
100,4500000448,1000,F,NB,,,,2024-06-19,BUYER02,,,V0014,E,N014,30,,,2.000,,1000,102,USD,1.00,2024-06-19,,,5600000448,RM0000,,,X,X,DAP,Plant,,,
100,4500000449,1000,F,NB,,,,2024-07-18,BUYER01,,,V0006,E,N030,30,,,2.000,,1000,100,USD,1.00,2024-07-18,,,5600000449,RM0000,,,X,X,DAP,Plant,,,
100,4500000450,1000,F,NB,,,,2024-05-12,BUYER02,,,V0015,E,N060,30,,,2.000,,1000,103,USD,1.00,2024-05-12,,,5600000450,RM0000,,,X,X,DAP,Plant,,,
100,4500000451,1000,F,NB,,,,2024-06-19,BUYER01,,,V0015,E,2/10N30,30,,,2.000,,1000,103,USD,1.00,2024-06-19,,,5600000451,RM0000,,,X,X,DAP,Plant,,,
100,4500000452,1000,F,NB,,,,2024-01-17,BUYER02,,,V0008,E,N060,30,,,2.000,,1000,103,USD,1.00,2024-01-17,,,5600000452,RM0000,,,X,X,DAP,Plant,,,
100,4500000453,1000,F,NB,,,,2024-03-21,BUYER01,,,V0009,E,N060,30,,,2.000,,1000,100,USD,1.00,2024-03-21,,,5600000453,RM0000,,,X,X,DAP,Plant,,,
100,4500000454,1000,F,NB,,,,2024-05-07,BUYER02,,,V0009,E,N014,30,,,2.000,,1000,100,USD,1.00,2024-05-07,,,5600000454,RM0000,,,X,X,DAP,Plant,,,
100,4500000455,1000,F,NB,,,,2024-08-10,BUYER02,,,V0001,E,2/10N30,30,,,2.000,,1000,102,USD,1.00,2024-08-10,,,5600000455,RM0000,,,X,X,DAP,Plant,,,
100,4500000456,1000,F,NB,,,,2024-03-09,BUYER02,,,V0010,E,N060,30,,,2.000,,1000,101,USD,1.00,2024-03-09,,,5600000456,RM0000,,,X,X,DAP,Plant,,,
100,4500000457,1000,F,NB,,,,2024-07-08,BUYER01,,,V0002,E,N060,30,,,2.000,,1000,102,USD,1.00,2024-07-08,,,5600000457,RM0000,,,X,X,DAP,Plant,,,
100,4500000458,1000,F,NB,,,,2024-10-03,BUYER01,,,V0005,E,N030,30,,,2.000,,1000,103,USD,1.00,2024-10-03,,,5600000458,RM0000,,,X,X,DAP,Plant,,,
100,4500000459,1000,F,NB,,,,2024-06-12,BUYER02,,,V0013,E,2/10N30,30,,,2.000,,1000,103,USD,1.00,2024-06-12,,,5600000459,RM0000,,,X,X,DAP,Plant,,,
100,4500000460,1000,F,NB,,,,2024-07-03,BUYER02,,,V0013,E,2/10N30,30,,,2.000,,1000,101,USD,1.00,2024-07-03,,,5600000460,RM0000,,,X,X,DAP,Plant,,,
100,4500000461,1000,F,NB,,,,2024-01-27,BUYER02,,,V0012,E,N030,30,,,2.000,,1000,101,USD,1.00,2024-01-27,,,5600000461,RM0000,,,X,X,DAP,Plant,,,
100,4500000462,1000,F,NB,,,,2024-02-08,BUYER02,,,V0002,E,2/10N30,30,,,2.000,,1000,102,USD,1.00,2024-02-08,,,5600000462,RM0000,,,X,X,DAP,Plant,,,
100,4500000463,1000,F,NB,,,,2024-07-03,BUYER03,,,V0003,E,N014,30,,,2.000,,1000,100,USD,1.00,2024-07-03,,,5600000463,RM0000,,,X,X,DAP,Plant,,,
100,4500000464,1000,F,NB,,,,2024-04-17,BUYER02,,,V0006,E,N060,30,,,2.000,,1000,102,USD,1.00,2024-04-17,,,5600000464,RM0000,,,X,X,DAP,Plant,,,
100,4500000465,1000,F,NB,,,,2024-07-09,BUYER03,,,V0005,E,N030,30,,,2.000,,1000,100,USD,1.00,2024-07-09,,,5600000465,RM0000,,,X,X,DAP,Plant,,,
100,4500000466,1000,F,NB,,,,2024-04-29,BUYER03,,,V0014,E,N060,30,,,2.000,,1000,101,USD,1.00,2024-04-29,,,5600000466,RM0000,,,X,X,DAP,Plant,,,
100,4500000467,1000,F,NB,,,,2024-09-10,BUYER02,,,V0001,E,2/10N30,30,,,2.000,,1000,103,USD,1.00,2024-09-10,,,5600000467,RM0000,,,X,X,DAP,Plant,,,
100,4500000468,1000,F,NB,,,,2024-06-18,BUYER01,,,V0003,E,N030,30,,,2.000,,1000,101,USD,1.00,2024-06-18,,,5600000468,RM0000,,,X,X,DAP,Plant,,,
100,4500000469,1000,F,NB,,,,2024-08-03,BUYER01,,,V0015,E,N014,30,,,2.000,,1000,103,USD,1.00,2024-08-03,,,5600000469,RM0000,,,X,X,DAP,Plant,,,
100,4500000470,1000,F,NB,,,,2024-05-03,BUYER01,,,V0014,E,2/10N30,30,,,2.000,,1000,103,USD,1.00,2024-05-03,,,5600000470,RM0000,,,X,X,DAP,Plant,,,
100,4500000471,1000,F,NB,,,,2024-09-15,BUYER03,,,V0003,E,2/10N30,30,,,2.000,,1000,102,USD,1.00,2024-09-15,,,5600000471,RM0000,,,X,X,DAP,Plant,,,
100,4500000472,1000,F,NB,,,,2024-05-18,BUYER03,,,V0007,E,N030,30,,,2.000,,1000,103,USD,1.00,2024-05-18,,,5600000472,RM0000,,,X,X,DAP,Plant,,,
100,4500000473,1000,F,NB,,,,2024-08-23,BUYER01,,,V0005,E,2/10N30,30,,,2.000,,1000,103,USD,1.00,2024-08-23,,,5600000473,RM0000,,,X,X,DAP,Plant,,,
100,4500000474,1000,F,NB,,,,2024-02-16,BUYER03,,,V0008,E,2/10N30,30,,,2.000,,1000,103,USD,1.00,2024-02-16,,,5600000474,RM0000,,,X,X,DAP,Plant,,,
100,4500000475,1000,F,NB,,,,2024-05-20,BUYER01,,,V0012,E,N060,30,,,2.000,,1000,103,USD,1.00,2024-05-20,,,5600000475,RM0000,,,X,X,DAP,Plant,,,
100,4500000476,1000,F,NB,,,,2024-02-11,BUYER01,,,V0002,E,N014,30,,,2.000,,1000,102,USD,1.00,2024-02-11,,,5600000476,RM0000,,,X,X,DAP,Plant,,,
100,4500000477,1000,F,NB,,,,2024-07-25,BUYER02,,,V0012,E,N060,30,,,2.000,,1000,103,USD,1.00,2024-07-25,,,5600000477,RM0000,,,X,X,DAP,Plant,,,
100,4500000478,1000,F,NB,,,,2024-08-16,BUYER03,,,V0003,E,N014,30,,,2.000,,1000,101,USD,1.00,2024-08-16,,,5600000478,RM0000,,,X,X,DAP,Plant,,,
100,4500000479,1000,F,NB,,,,2024-04-29,BUYER01,,,V0003,E,2/10N30,30,,,2.000,,1000,102,USD,1.00,2024-04-29,,,5600000479,RM0000,,,X,X,DAP,Plant,,,
100,4500000480,1000,F,NB,,,,2024-07-01,BUYER01,,,V0008,E,N014,30,,,2.000,,1000,103,USD,1.00,2024-07-01,,,5600000480,RM0000,,,X,X,DAP,Plant,,,
100,4500000481,1000,F,NB,,,,2024-02-23,BUYER03,,,V0006,E,2/10N30,30,,,2.000,,1000,101,USD,1.00,2024-02-23,,,5600000481,RM0000,,,X,X,DAP,Plant,,,
100,4500000482,1000,F,NB,,,,2024-08-21,BUYER03,,,V0004,E,N060,30,,,2.000,,1000,101,USD,1.00,2024-08-21,,,5600000482,RM0000,,,X,X,DAP,Plant,,,
100,4500000483,1000,F,NB,,,,2024-09-14,BUYER03,,,V0015,E,N030,30,,,2.000,,1000,102,USD,1.00,2024-09-14,,,5600000483,RM0000,,,X,X,DAP,Plant,,,
100,4500000484,1000,F,NB,,,,2024-06-28,BUYER01,,,V0013,E,N014,30,,,2.000,,1000,103,USD,1.00,2024-06-28,,,5600000484,RM0000,,,X,X,DAP,Plant,,,
100,4500000485,1000,F,NB,,,,2024-06-13,BUYER02,,,V0012,E,N060,30,,,2.000,,1000,101,USD,1.00,2024-06-13,,,5600000485,RM0000,,,X,X,DAP,Plant,,,
100,4500000486,1000,F,NB,,,,2024-03-29,BUYER03,,,V0014,E,N060,30,,,2.000,,1000,101,USD,1.00,2024-03-29,,,5600000486,RM0000,,,X,X,DAP,Plant,,,
100,4500000487,1000,F,NB,,,,2024-09-20,BUYER03,,,V0005,E,N060,30,,,2.000,,1000,102,USD,1.00,2024-09-20,,,5600000487,RM0000,,,X,X,DAP,Plant,,,
100,4500000488,1000,F,NB,,,,2024-05-25,BUYER03,,,V0012,E,N030,30,,,2.000,,1000,101,USD,1.00,2024-05-25,,,5600000488,RM0000,,,X,X,DAP,Plant,,,
100,4500000489,1000,F,NB,,,,2024-04-29,BUYER02,,,V0002,E,N060,30,,,2.000,,1000,101,USD,1.00,2024-04-29,,,5600000489,RM0000,,,X,X,DAP,Plant,,,
100,4500000490,1000,F,NB,,,,2024-03-27,BUYER02,,,V0003,E,2/10N30,30,,,2.000,,1000,103,USD,1.00,2024-03-27,,,5600000490,RM0000,,,X,X,DAP,Plant,,,
100,4500000491,1000,F,NB,,,,2024-04-26,BUYER02,,,V0009,E,N014,30,,,2.000,,1000,101,USD,1.00,2024-04-26,,,5600000491,RM0000,,,X,X,DAP,Plant,,,
100,4500000492,1000,F,NB,,,,2024-07-11,BUYER02,,,V0008,E,N014,30,,,2.000,,1000,103,USD,1.00,2024-07-11,,,5600000492,RM0000,,,X,X,DAP,Plant,,,
100,4500000493,1000,F,NB,,,,2024-09-12,BUYER01,,,V0005,E,N060,30,,,2.000,,1000,103,USD,1.00,2024-09-12,,,5600000493,RM0000,,,X,X,DAP,Plant,,,
100,4500000494,1000,F,NB,,,,2024-08-10,BUYER02,,,V0002,E,N030,30,,,2.000,,1000,100,USD,1.00,2024-08-10,,,5600000494,RM0000,,,X,X,DAP,Plant,,,
100,4500000495,1000,F,NB,,,,2024-04-25,BUYER03,,,V0012,E,N014,30,,,2.000,,1000,102,USD,1.00,2024-04-25,,,5600000495,RM0000,,,X,X,DAP,Plant,,,
100,4500000496,1000,F,NB,,,,2024-08-16,BUYER03,,,V0014,E,N014,30,,,2.000,,1000,102,USD,1.00,2024-08-16,,,5600000496,RM0000,,,X,X,DAP,Plant,,,
100,4500000497,1000,F,NB,,,,2024-08-19,BUYER03,,,V0002,E,N060,30,,,2.000,,1000,102,USD,1.00,2024-08-19,,,5600000497,RM0000,,,X,X,DAP,Plant,,,
100,4500000498,1000,F,NB,,,,2024-09-01,BUYER01,,,V0014,E,N014,30,,,2.000,,1000,101,USD,1.00,2024-09-01,,,5600000498,RM0000,,,X,X,DAP,Plant,,,
100,4500000499,1000,F,NB,,,,2024-08-26,BUYER01,,,V0001,E,2/10N30,30,,,2.000,,1000,101,USD,1.00,2024-08-26,,,5600000499,RM0000,,,X,X,DAP,Plant,,,
