MANDT,EBELN,EBELP,LOEKZ,STATU,AEDAT,TXZ01,MATNR,EMATN,BUKRS,WERKS,LGORT,MATKL,MENGE,MEINS,BPRME,NETPR,PEINH,NETWR,BRTWR,WEBAZ,MWSKZ,ELIKZ,EREKZ,PSTYP,KNTTP,WEPOS,REPOS,WEBRE,BSTYP,BANFN,BNFPO
100,4500000000,00010,,,2024-04-03,Material MAT00008,MAT00008,MAT00008,1000,P003,SL01,MG04,115.0,EA,EA,206.51,1,23748.65,26123.51,14,I1,,,0,,X,X,X,F,1000000000,00010
100,4500000001,00010,,,2024-04-14,Material MAT00005,MAT00005,MAT00005,1000,P003,SL03,MG01,294.0,EA,EA,275.68,1,81049.92,89154.91,14,I1,,,0,,X,X,X,F,1000000001,00010
100,4500000002,00010,,,2024-04-24,Material MAT00009,MAT00009,MAT00009,1000,P001,SL02,MG03,127.0,EA,EA,203.94,1,25900.38,28490.42,14,I1,,,0,,X,X,X,F,1000000002,00010
100,4500000003,00010,,,2024-06-02,Material MAT00015,MAT00015,MAT00015,1000,P002,SL02,MG02,410.0,EA,EA,156.7,1,64247.0,70671.7,14,I1,,,0,,X,X,X,F,,
100,4500000003,00020,,,2024-06-02,Material MAT00004,MAT00004,MAT00004,1000,P002,SL02,MG05,139.0,EA,EA,342.64,1,47626.96,52389.66,14,I1,,,0,,X,X,X,F,,
100,4500000004,00010,,,2024-08-15,Material MAT00018,MAT00018,MAT00018,1000,P002,SL01,MG03,47.0,EA,EA,442.72,1,20807.84,22888.62,14,I1,,,0,,X,X,X,F,1000000004,00010
100,4500000005,00010,,,2024-02-29,Material MAT00022,MAT00022,MAT00022,1000,P002,SL01,MG02,209.0,EA,EA,314.12,1,65651.08,72216.19,14,I1,,,0,,X,X,X,F,1000000005,00010
100,4500000006,00010,,,2024-04-23,Material MAT00008,MAT00008,MAT00008,1000,P002,SL01,MG01,160.0,EA,EA,399.72,1,63955.2,70350.72,14,I1,,,0,,X,X,X,F,1000000006,00010
100,4500000007,00010,,,2024-05-19,Material MAT00004,MAT00004,MAT00004,1000,P003,SL02,MG04,29.0,EA,EA,302.32,1,8767.28,9644.01,14,I1,,,0,,X,X,X,F,1000000007,00010
100,4500000008,00010,,,2024-03-14,Material MAT00022,MAT00022,MAT00022,1000,P003,SL02,MG05,162.0,EA,EA,210.11,1,34037.82,37441.6,14,I1,,,0,,X,X,X,F,1000000008,00010
100,4500000009,00010,,,2024-06-21,Material MAT00019,MAT00019,MAT00019,1000,P002,SL01,MG03,341.0,EA,EA,260.48,1,88823.68,97706.05,14,I1,,,0,,X,X,X,F,1000000009,00010
100,4500000010,00010,,,2024-08-10,Material MAT00015,MAT00015,MAT00015,1000,P001,SL02,MG06,362.0,EA,EA,198.15,1,71730.3,78903.33,14,I1,,,0,,X,X,X,F,1000000010,00010
100,4500000010,00020,,,2024-08-10,Material MAT00014,MAT00014,MAT00014,1000,P001,SL02,MG04,29.0,EA,EA,62.0,1,1798.0,1977.8,14,I1,,,0,,X,X,X,F,1000000010,00020
100,4500000011,00010,,,2024-06-01,Material MAT00021,MAT00021,MAT00021,1000,P002,SL02,MG02,317.0,EA,EA,144.55,1,45822.35,50404.59,14,I1,,,0,,X,X,X,F,1000000011,00010
100,4500000012,00010,,,2024-02-01,Material MAT00014,MAT00014,MAT00014,1000,P002,SL02,MG04,296.0,EA,EA,350.81,1,103839.76,114223.74,14,I1,,,0,,X,X,X,F,,
100,4500000013,00010,,,2024-09-05,Material MAT00014,MAT00014,MAT00014,1000,P002,SL01,MG04,343.0,EA,EA,208.12,1,71385.16,78523.68,14,I1,,,0,,X,X,X,F,,
100,4500000014,00010,,,2024-08-27,Material MAT00007,MAT00007,MAT00007,1000,P002,SL02,MG01,441.0,EA,EA,146.35,1,64540.35,70994.39,14,I1,,,0,,X,X,X,F,1000000014,00010
100,4500000015,00010,,,2024-03-08,Material MAT00008,MAT00008,MAT00008,1000,P001,SL03,MG02,238.0,EA,EA,135.56,1,32263.28,35489.61,14,I1,,,0,,X,X,X,F,,
100,4500000016,00010,,,2024-05-05,Material MAT00019,MAT00019,MAT00019,1000,P003,SL01,MG03,405.0,EA,EA,400.15,1,162060.75,178266.83,14,I1,,,0,,X,X,X,F,,
100,4500000016,00020,,,2024-05-05,Material MAT00008,MAT00008,MAT00008,1000,P003,SL01,MG06,26.0,EA,EA,384.71,1,10002.46,11002.71,14,I1,,,0,,X,X,X,F,,
100,4500000017,00010,,,2024-05-16,Material MAT00011,MAT00011,MAT00011,1000,P003,SL03,MG03,442.0,EA,EA,129.49,1,57234.58,62958.04,14,I1,,,0,,X,X,X,F,1000000017,00010
100,4500000018,00010,,,2024-04-12,Material MAT00017,MAT00017,MAT00017,1000,P002,SL03,MG06,209.0,EA,EA,282.04,1,58946.36,64841.0,14,I1,,,0,,X,X,X,F,1000000018,00010
100,4500000019,00010,,,2024-06-25,Material MAT00014,MAT00014,MAT00014,1000,P003,SL03,MG03,143.0,EA,EA,133.19,1,19046.17,20950.79,14,I1,,,0,,X,X,X,F,1000000019,00010
100,4500000020,00010,,,2024-07-09,Material MAT00008,MAT00008,MAT00008,1000,P001,SL01,MG05,357.0,EA,EA,72.03,1,25714.71,28286.18,14,I1,,,0,,X,X,X,F,1000000020,00010
100,4500000021,00010,,,2024-08-01,Material MAT00003,MAT00003,MAT00003,1000,P002,SL02,MG01,318.0,EA,EA,36.27,1,11533.86,12687.25,14,I1,,,0,,X,X,X,F,1000000021,00010
100,4500000022,00010,,,2024-02-22,Material MAT00020,MAT00020,MAT00020,1000,P003,SL03,MG02,140.0,EA,EA,49.78,1,6969.2,7666.12,14,I1,,,0,,X,X,X,F,,
100,4500000023,00010,,,2024-04-19,Material MAT00009,MAT00009,MAT00009,1000,P001,SL03,MG01,120.0,EA,EA,83.0,1,9960.0,10956.0,14,I1,,,0,,X,X,X,F,1000000023,00010
100,4500000024,00010,,,2024-01-29,Material MAT00003,MAT00003,MAT00003,1000,P003,SL02,MG05,133.0,EA,EA,54.75,1,7281.75,8009.93,14,I1,,,0,,X,X,X,F,1000000024,00010
100,4500000025,00010,,,2024-06-25,Material MAT00006,MAT00006,MAT00006,1000,P002,SL03,MG01,151.0,EA,EA,473.14,1,71444.14,78588.55,14,I1,,,0,,X,X,X,F,1000000025,00010
100,4500000026,00010,,,2024-08-25,Material MAT00021,MAT00021,MAT00021,1000,P002,SL03,MG06,141.0,EA,EA,74.2,1,10462.2,11508.42,14,I1,,,0,,X,X,X,F,1000000026,00010
100,4500000027,00010,,,2024-06-07,Material MAT00016,MAT00016,MAT00016,1000,P002,SL01,MG05,214.0,EA,EA,246.42,1,52733.88,58007.27,14,I1,,,0,,X,X,X,F,1000000027,00010
100,4500000027,00020,,,2024-06-07,Material MAT00007,MAT00007,MAT00007,1000,P002,SL01,MG03,71.0,EA,EA,317.21,1,22521.91,24774.1,14,I1,,,0,,X,X,X,F,1000000027,00020
100,4500000028,00010,,,2024-05-11,Material MAT00007,MAT00007,MAT00007,1000,P002,SL02,MG06,429.0,EA,EA,211.28,1,90639.12,99703.03,14,I1,,,0,,X,X,X,F,1000000028,00010
100,4500000029,00010,,,2024-03-22,Material MAT00001,MAT00001,MAT00001,1000,P001,SL03,MG05,47.0,EA,EA,392.95,1,18468.65,20315.51,14,I1,,,0,,X,X,X,F,1000000029,00010
100,4500000030,00010,,,2024-06-02,Material MAT00008,MAT00008,MAT00008,1000,P001,SL03,MG06,489.0,EA,EA,382.58,1,187081.62,205789.78,14,I1,,,0,,X,X,X,F,1000000030,00010
100,4500000030,00020,,,2024-06-02,Material MAT00003,MAT00003,MAT00003,1000,P001,SL03,MG06,53.0,EA,EA,170.7,1,9047.1,9951.81,14,I1,,,0,,X,X,X,F,1000000030,00020
100,4500000031,00010,,,2024-05-20,Material MAT00015,MAT00015,MAT00015,1000,P002,SL03,MG03,238.0,EA,EA,150.94,1,35923.72,39516.09,14,I1,,,0,,X,X,X,F,1000000031,00010
100,4500000031,00020,,,2024-05-20,Material MAT00008,MAT00008,MAT00008,1000,P002,SL03,MG03,26.0,EA,EA,158.73,1,4126.98,4539.68,14,I1,,,0,,X,X,X,F,1000000031,00020
100,4500000032,00010,,,2024-05-06,Material MAT00010,MAT00010,MAT00010,1000,P003,SL03,MG03,322.0,EA,EA,314.24,1,101185.28,111303.81,14,I1,,,0,,X,X,X,F,1000000032,00010
100,4500000032,00020,,,2024-05-06,Material MAT00003,MAT00003,MAT00003,1000,P003,SL03,MG03,158.0,EA,EA,351.82,1,55587.56,61146.32,14,I1,,,0,,X,X,X,F,1000000032,00020
100,4500000033,00010,,,2024-07-11,Material MAT00018,MAT00018,MAT00018,1000,P003,SL03,MG05,140.0,EA,EA,70.56,1,9878.4,10866.24,14,I1,,,0,,X,X,X,F,1000000033,00010
100,4500000034,00010,,,2024-06-13,Material MAT00023,MAT00023,MAT00023,1000,P003,SL01,MG01,78.0,EA,EA,473.67,1,36946.26,40640.89,14,I1,,,0,,X,X,X,F,1000000034,00010
100,4500000034,00020,,,2024-06-13,Material MAT00009,MAT00009,MAT00009,1000,P003,SL01,MG02,87.0,EA,EA,299.48,1,26054.76,28660.24,14,I1,,,0,,X,X,X,F,1000000034,00020
100,4500000035,00010,,,2024-07-07,Material MAT00018,MAT00018,MAT00018,1000,P001,SL03,MG06,103.0,EA,EA,69.86,1,7195.58,7915.14,14,I1,,,0,,X,X,X,F,1000000035,00010
100,4500000036,00010,,,2024-06-28,Material MAT00008,MAT00008,MAT00008,1000,P001,SL03,MG02,451.0,EA,EA,11.39,1,5136.89,5650.58,14,I1,,,0,,X,X,X,F,1000000036,00010
100,4500000036,00020,,,2024-06-28,Material MAT00005,MAT00005,MAT00005,1000,P001,SL03,MG05,15.0,EA,EA,299.27,1,4489.05,4937.95,14,I1,,,0,,X,X,X,F,1000000036,00020
100,4500000037,00010,,,2024-01-21,Material MAT00015,MAT00015,MAT00015,1000,P003,SL03,MG01,207.0,EA,EA,346.19,1,71661.33,78827.46,14,I1,,,0,,X,X,X,F,1000000037,00010
100,4500000038,00010,,,2024-08-13,Material MAT00017,MAT00017,MAT00017,1000,P003,SL02,MG02,428.0,EA,EA,328.95,1,140790.6,154869.66,14,I1,,,0,,X,X,X,F,1000000038,00010
100,4500000038,00020,,,2024-08-13,Material MAT00005,MAT00005,MAT00005,1000,P003,SL02,MG04,78.0,EA,EA,69.53,1,5423.34,5965.67,14,I1,,,0,,X,X,X,F,1000000038,00020
100,4500000039,00010,,,2024-08-15,Material MAT00022,MAT00022,MAT00022,1000,P001,SL02,MG05,485.0,EA,EA,304.2,1,147537.0,162290.7,14,I1,,,0,,X,X,X,F,1000000039,00010
100,4500000040,00010,,,2024-05-21,Material MAT00020,MAT00020,MAT00020,1000,P003,SL03,MG01,354.0,EA,EA,161.4,1,57135.6,62849.16,14,I1,,,0,,X,X,X,F,1000000040,00010
100,4500000041,00010,,,2024-02-18,Material MAT00011,MAT00011,MAT00011,1000,P001,SL02,MG04,380.0,EA,EA,34.38,1,13064.4,14370.84,14,I1,,,0,,X,X,X,F,1000000041,00010
100,4500000042,00010,,,2024-06-11,Material MAT00017,MAT00017,MAT00017,1000,P003,SL03,MG02,492.0,EA,EA,36.84,1,18125.28,19937.81,14,I1,,,0,,X,X,X,F,1000000042,00010
100,4500000043,00010,,,2024-08-16,Material MAT00002,MAT00002,MAT00002,1000,P002,SL01,MG03,432.0,EA,EA,292.12,1,126195.84,138815.42,14,I1,,,0,,X,X,X,F,1000000043,00010
100,4500000044,00010,,,2024-08-11,Material MAT00008,MAT00008,MAT00008,1000,P001,SL02,MG02,204.0,EA,EA,162.03,1,33054.12,36359.53,14,I1,,,0,,X,X,X,F,,
100,4500000045,00010,,,2024-05-17,Material MAT00005,MAT00005,MAT00005,1000,P001,SL01,MG06,85.0,EA,EA,381.98,1,32468.3,35715.13,14,I1,,,0,,X,X,X,F,1000000045,00010
100,4500000046,00010,,,2024-02-14,Material MAT00017,MAT00017,MAT00017,1000,P003,SL01,MG06,28.0,EA,EA,190.68,1,5339.04,5872.94,14,I1,,,0,,X,X,X,F,1000000046,00010
100,4500000047,00010,,,2024-02-15,Material MAT00011,MAT00011,MAT00011,1000,P001,SL02,MG03,357.0,EA,EA,495.58,1,176922.06,194614.27,14,I1,,,0,,X,X,X,F,,
100,4500000048,00010,,,2024-05-19,Material MAT00010,MAT00010,MAT00010,1000,P002,SL01,MG06,438.0,EA,EA,173.35,1,75927.3,83520.03,14,I1,,,0,,X,X,X,F,1000000048,00010
100,4500000048,00020,,,2024-05-19,Material MAT00003,MAT00003,MAT00003,1000,P002,SL01,MG06,136.0,EA,EA,333.29,1,45327.44,49860.18,14,I1,,,0,,X,X,X,F,1000000048,00020
100,4500000049,00010,,,2024-02-12,Material MAT00005,MAT00005,MAT00005,1000,P001,SL01,MG06,274.0,EA,EA,371.94,1,101911.56,112102.72,14,I1,,,0,,X,X,X,F,,
100,4500000049,00020,,,2024-02-12,Material MAT00013,MAT00013,MAT00013,1000,P001,SL01,MG01,181.0,EA,EA,291.26,1,52718.06,57989.87,14,I1,,,0,,X,X,X,F,,
100,4500000050,00010,,,2024-08-21,Material MAT00022,MAT00022,MAT00022,1000,P002,SL01,MG03,197.0,EA,EA,268.46,1,52886.62,58175.28,14,I1,,,0,,X,X,X,F,1000000050,00010
100,4500000050,00020,,,2024-08-21,Material MAT00005,MAT00005,MAT00005,1000,P002,SL01,MG04,93.0,EA,EA,210.21,1,19549.53,21504.48,14,I1,,,0,,X,X,X,F,1000000050,00020
100,4500000051,00010,,,2024-07-01,Material MAT00004,MAT00004,MAT00004,1000,P001,SL01,MG06,29.0,EA,EA,459.52,1,13326.08,14658.69,14,I1,,,0,,X,X,X,F,1000000051,00010
100,4500000052,00010,,,2024-06-06,Material MAT00008,MAT00008,MAT00008,1000,P002,SL01,MG01,323.0,EA,EA,315.18,1,101803.14,111983.45,14,I1,,,0,,X,X,X,F,,
100,4500000053,00010,,,2024-07-08,Material MAT00017,MAT00017,MAT00017,1000,P001,SL03,MG04,259.0,EA,EA,494.28,1,128018.52,140820.37,14,I1,,,0,,X,X,X,F,1000000053,00010
100,4500000054,00010,,,2024-01-30,Material MAT00005,MAT00005,MAT00005,1000,P001,SL03,MG06,409.0,EA,EA,95.79,1,39178.11,43095.92,14,I1,,,0,,X,X,X,F,1000000054,00010
100,4500000055,00010,,,2024-04-14,Material MAT00021,MAT00021,MAT00021,1000,P002,SL02,MG03,393.0,EA,EA,434.24,1,170656.32,187721.95,14,I1,,,0,,X,X,X,F,1000000055,00010
100,4500000055,00020,,,2024-04-14,Material MAT00015,MAT00015,MAT00015,1000,P002,SL02,MG01,160.0,EA,EA,114.02,1,18243.2,20067.52,14,I1,,,0,,X,X,X,F,1000000055,00020
100,4500000056,00010,,,2024-08-22,Material MAT00006,MAT00006,MAT00006,1000,P003,SL03,MG06,366.0,EA,EA,456.69,1,167148.54,183863.39,14,I1,,,0,,X,X,X,F,1000000056,00010
100,4500000057,00010,,,2024-01-19,Material MAT00019,MAT00019,MAT00019,1000,P002,SL02,MG05,475.0,EA,EA,192.29,1,91337.75,100471.53,14,I1,,,0,,X,X,X,F,,
100,4500000058,00010,,,2024-06-05,Material MAT00020,MAT00020,MAT00020,1000,P003,SL02,MG06,70.0,EA,EA,427.88,1,29951.6,32946.76,14,I1,,,0,,X,X,X,F,1000000058,00010
100,4500000059,00010,,,2024-07-12,Material MAT00001,MAT00001,MAT00001,1000,P001,SL01,MG01,239.0,EA,EA,491.68,1,117511.52,129262.67,14,I1,,,0,,X,X,X,F,1000000059,00010
100,4500000060,00010,,,2024-04-14,Material MAT00005,MAT00005,MAT00005,1000,P002,SL02,MG03,256.0,EA,EA,435.42,1,111467.52,122614.27,14,I1,,,0,,X,X,X,F,1000000060,00010
100,4500000061,00010,,,2024-02-26,Material MAT00020,MAT00020,MAT00020,1000,P001,SL03,MG01,300.0,EA,EA,294.52,1,88356.0,97191.6,14,I1,,,0,,X,X,X,F,1000000061,00010
100,4500000061,00020,,,2024-02-26,Material MAT00015,MAT00015,MAT00015,1000,P001,SL03,MG03,127.0,EA,EA,122.97,1,15617.19,17178.91,14,I1,,,0,,X,X,X,F,1000000061,00020
100,4500000062,00010,,,2024-06-22,Material MAT00011,MAT00011,MAT00011,1000,P002,SL03,MG02,74.0,EA,EA,191.56,1,14175.44,15592.98,14,I1,,,0,,X,X,X,F,1000000062,00010
100,4500000063,00010,,,2024-06-11,Material MAT00019,MAT00019,MAT00019,1000,P001,SL01,MG01,239.0,EA,EA,440.75,1,105339.25,115873.18,14,I1,,,0,,X,X,X,F,,
100,4500000064,00010,,,2024-01-16,Material MAT00018,MAT00018,MAT00018,1000,P003,SL02,MG03,76.0,EA,EA,139.59,1,10608.84,11669.72,14,I1,,,0,,X,X,X,F,1000000064,00010
100,4500000065,00010,,,2024-02-27,Material MAT00005,MAT00005,MAT00005,1000,P002,SL03,MG02,494.0,EA,EA,283.34,1,139969.96,153966.96,14,I1,,,0,,X,X,X,F,1000000065,00010
100,4500000066,00010,,,2024-06-18,Material MAT00011,MAT00011,MAT00011,1000,P003,SL03,MG06,372.0,EA,EA,156.62,1,58262.64,64088.9,14,I1,,,0,,X,X,X,F,1000000066,00010
100,4500000067,00010,,,2024-09-06,Material MAT00020,MAT00020,MAT00020,1000,P003,SL03,MG02,486.0,EA,EA,293.45,1,142616.7,156878.37,14,I1,,,0,,X,X,X,F,1000000067,00010
100,4500000067,00020,,,2024-09-06,Material MAT00007,MAT00007,MAT00007,1000,P003,SL03,MG04,35.0,EA,EA,279.3,1,9775.5,10753.05,14,I1,,,0,,X,X,X,F,1000000067,00020
100,4500000068,00010,,,2024-07-10,Material MAT00018,MAT00018,MAT00018,1000,P001,SL02,MG02,325.0,EA,EA,349.72,1,113659.0,125024.9,14,I1,,,0,,X,X,X,F,1000000068,00010
100,4500000069,00010,,,2024-03-12,Material MAT00010,MAT00010,MAT00010,1000,P003,SL03,MG03,196.0,EA,EA,490.28,1,96094.88,105704.37,14,I1,,,0,,X,X,X,F,1000000069,00010
100,4500000070,00010,,,2024-05-08,Material MAT00004,MAT00004,MAT00004,1000,P003,SL02,MG01,454.0,EA,EA,120.58,1,54743.32,60217.65,14,I1,,,0,,X,X,X,F,1000000070,00010
100,4500000071,00010,,,2024-05-01,Material MAT00003,MAT00003,MAT00003,1000,P002,SL03,MG04,442.0,EA,EA,96.14,1,42493.88,46743.27,14,I1,,,0,,X,X,X,F,,
100,4500000071,00020,,,2024-05-01,Material MAT00008,MAT00008,MAT00008,1000,P002,SL03,MG04,198.0,EA,EA,221.89,1,43934.22,48327.64,14,I1,,,0,,X,X,X,F,,
100,4500000072,00010,,,2024-08-06,Material MAT00006,MAT00006,MAT00006,1000,P002,SL03,MG02,171.0,EA,EA,206.41,1,35296.11,38825.72,14,I1,,,0,,X,X,X,F,1000000072,00010
100,4500000073,00010,,,2024-07-13,Material MAT00009,MAT00009,MAT00009,1000,P003,SL03,MG06,337.0,EA,EA,238.04,1,80219.48,88241.43,14,I1,,,0,,X,X,X,F,1000000073,00010
100,4500000074,00010,,,2024-02-20,Material MAT00008,MAT00008,MAT00008,1000,P003,SL02,MG05,355.0,EA,EA,48.27,1,17135.85,18849.44,14,I1,,,0,,X,X,X,F,1000000074,00010
100,4500000075,00010,,,2024-09-27,Material MAT00005,MAT00005,MAT00005,1000,P002,SL01,MG04,38.0,EA,EA,236.57,1,8989.66,9888.63,14,I1,,,0,,X,X,X,F,1000000075,00010
100,4500000076,00010,,,2024-04-13,Material MAT00014,MAT00014,MAT00014,1000,P002,SL01,MG04,324.0,EA,EA,367.35,1,119021.4,130923.54,14,I1,,,0,,X,X,X,F,1000000076,00010
100,4500000077,00010,,,2024-01-19,Material MAT00001,MAT00001,MAT00001,1000,P003,SL01,MG02,362.0,EA,EA,217.82,1,78850.84,86735.92,14,I1,,,0,,X,X,X,F,1000000077,00010
100,4500000078,00010,,,2024-01-26,Material MAT00004,MAT00004,MAT00004,1000,P001,SL01,MG04,355.0,EA,EA,33.85,1,12016.75,13218.43,14,I1,,,0,,X,X,X,F,1000000078,00010
100,4500000079,00010,,,2024-08-06,Material MAT00021,MAT00021,MAT00021,1000,P003,SL03,MG06,471.0,EA,EA,338.96,1,159650.16,175615.18,14,I1,,,0,,X,X,X,F,,
100,4500000080,00010,,,2024-08-07,Material MAT00018,MAT00018,MAT00018,1000,P001,SL02,MG06,76.0,EA,EA,129.0,1,9804.0,10784.4,14,I1,,,0,,X,X,X,F,1000000080,00010
100,4500000081,00010,,,2024-04-17,Material MAT00016,MAT00016,MAT00016,1000,P003,SL03,MG06,114.0,EA,EA,103.11,1,11754.54,12929.99,14,I1,,,0,,X,X,X,F,,
100,4500000082,00010,,,2024-09-08,Material MAT00004,MAT00004,MAT00004,1000,P003,SL02,MG01,192.0,EA,EA,212.83,1,40863.36,44949.7,14,I1,,,0,,X,X,X,F,1000000082,00010
100,4500000083,00010,,,2024-04-06,Material MAT00015,MAT00015,MAT00015,1000,P003,SL03,MG05,79.0,EA,EA,277.81,1,21946.99,24141.69,14,I1,,,0,,X,X,X,F,1000000083,00010
100,4500000084,00010,,,2024-09-14,Material MAT00002,MAT00002,MAT00002,1000,P003,SL02,MG05,13.0,EA,EA,280.31,1,3644.03,4008.43,14,I1,,,0,,X,X,X,F,1000000084,00010
100,4500000084,00020,,,2024-09-14,Material MAT00010,MAT00010,MAT00010,1000,P003,SL02,MG03,108.0,EA,EA,327.93,1,35416.44,38958.08,14,I1,,,0,,X,X,X,F,1000000084,00020
100,4500000085,00010,,,2024-08-03,Material MAT00003,MAT00003,MAT00003,1000,P003,SL03,MG04,243.0,EA,EA,322.01,1,78248.43,86073.27,14,I1,,,0,,X,X,X,F,1000000085,00010
100,4500000086,00010,,,2024-01-23,Material MAT00018,MAT00018,MAT00018,1000,P001,SL03,MG03,481.0,EA,EA,297.65,1,143169.65,157486.62,14,I1,,,0,,X,X,X,F,1000000086,00010
100,4500000087,00010,,,2024-01-26,Material MAT00011,MAT00011,MAT00011,1000,P002,SL03,MG04,496.0,EA,EA,250.4,1,124198.4,136618.24,14,I1,,,0,,X,X,X,F,1000000087,00010
100,4500000088,00010,,,2024-07-08,Material MAT00011,MAT00011,MAT00011,1000,P001,SL03,MG02,472.0,EA,EA,227.92,1,107578.24,118336.06,14,I1,,,0,,X,X,X,F,1000000088,00010
100,4500000089,00010,,,2024-08-07,Material MAT00010,MAT00010,MAT00010,1000,P002,SL02,MG06,452.0,EA,EA,453.55,1,205004.6,225505.06,14,I1,,,0,,X,X,X,F,1000000089,00010
100,4500000090,00010,,,2024-05-16,Material MAT00009,MAT00009,MAT00009,1000,P002,SL01,MG03,301.0,EA,EA,105.82,1,31851.82,35037.0,14,I1,,,0,,X,X,X,F,1000000090,00010
100,4500000091,00010,,,2024-04-20,Material MAT00020,MAT00020,MAT00020,1000,P001,SL02,MG05,483.0,EA,EA,484.68,1,234100.44,257510.48,14,I1,,,0,,X,X,X,F,1000000091,00010
100,4500000092,00010,,,2024-02-16,Material MAT00010,MAT00010,MAT00010,1000,P003,SL01,MG06,255.0,EA,EA,320.33,1,81684.15,89852.57,14,I1,,,0,,X,X,X,F,1000000092,00010
100,4500000093,00010,,,2024-02-18,Material MAT00012,MAT00012,MAT00012,1000,P002,SL03,MG04,336.0,EA,EA,91.51,1,30747.36,33822.1,14,I1,,,0,,X,X,X,F,1000000093,00010
100,4500000093,00020,,,2024-02-18,Material MAT00013,MAT00013,MAT00013,1000,P002,SL03,MG02,138.0,EA,EA,279.27,1,38539.26,42393.19,14,I1,,,0,,X,X,X,F,1000000093,00020
100,4500000094,00010,,,2024-04-24,Material MAT00015,MAT00015,MAT00015,1000,P002,SL02,MG01,243.0,EA,EA,224.7,1,54602.1,60062.31,14,I1,,,0,,X,X,X,F,1000000094,00010
100,4500000095,00010,,,2024-08-14,Material MAT00011,MAT00011,MAT00011,1000,P003,SL01,MG01,208.0,EA,EA,100.38,1,20879.04,22966.94,14,I1,,,0,,X,X,X,F,1000000095,00010
100,4500000096,00010,,,2024-06-21,Material MAT00012,MAT00012,MAT00012,1000,P003,SL01,MG05,139.0,EA,EA,432.69,1,60143.91,66158.3,14,I1,,,0,,X,X,X,F,1000000096,00010
100,4500000097,00010,,,2024-03-07,Material MAT00011,MAT00011,MAT00011,1000,P003,SL01,MG05,100.0,EA,EA,349.78,1,34978.0,38475.8,14,I1,,,0,,X,X,X,F,1000000097,00010
100,4500000097,00020,,,2024-03-07,Material MAT00003,MAT00003,MAT00003,1000,P003,SL01,MG05,41.0,EA,EA,338.37,1,13873.17,15260.49,14,I1,,,0,,X,X,X,F,1000000097,00020
100,4500000098,00010,,,2024-08-23,Material MAT00023,MAT00023,MAT00023,1000,P003,SL02,MG03,287.0,EA,EA,399.98,1,114794.26,126273.69,14,I1,,,0,,X,X,X,F,1000000098,00010
100,4500000098,00020,,,2024-08-23,Material MAT00008,MAT00008,MAT00008,1000,P003,SL02,MG01,112.0,EA,EA,54.15,1,6064.8,6671.28,14,I1,,,0,,X,X,X,F,1000000098,00020
100,4500000099,00010,,,2024-04-28,Material MAT00008,MAT00008,MAT00008,1000,P001,SL02,MG05,182.0,EA,EA,358.27,1,65205.14,71725.65,14,I1,,,0,,X,X,X,F,1000000099,00010
100,4500000100,00010,,,2024-02-24,Material MAT00017,MAT00017,MAT00017,1000,P002,SL03,MG02,496.0,EA,EA,434.85,1,215685.6,237254.16,14,I1,,,0,,X,X,X,F,1000000100,00010
100,4500000101,00010,,,2024-05-23,Material MAT00017,MAT00017,MAT00017,1000,P003,SL01,MG06,170.0,EA,EA,11.21,1,1905.7,2096.27,14,I1,,,0,,X,X,X,F,,
100,4500000102,00010,,,2024-03-01,Material MAT00002,MAT00002,MAT00002,1000,P002,SL02,MG04,71.0,EA,EA,430.25,1,30547.75,33602.53,14,I1,,,0,,X,X,X,F,1000000102,00010
100,4500000102,00020,,,2024-03-01,Material MAT00002,MAT00002,MAT00002,1000,P002,SL02,MG02,78.0,EA,EA,362.48,1,28273.44,31100.78,14,I1,,,0,,X,X,X,F,1000000102,00020
100,4500000103,00010,,,2024-01-15,Material MAT00001,MAT00001,MAT00001,1000,P001,SL03,MG01,69.0,EA,EA,431.57,1,29778.33,32756.16,14,I1,,,0,,X,X,X,F,1000000103,00010
100,4500000104,00010,,,2024-01-14,Material MAT00003,MAT00003,MAT00003,1000,P003,SL03,MG05,226.0,EA,EA,363.99,1,82261.74,90487.91,14,I1,,,0,,X,X,X,F,1000000104,00010
100,4500000105,00010,,,2024-06-05,Material MAT00008,MAT00008,MAT00008,1000,P001,SL02,MG05,425.0,EA,EA,332.62,1,141363.5,155499.85,14,I1,,,0,,X,X,X,F,1000000105,00010
100,4500000106,00010,,,2024-01-14,Material MAT00017,MAT00017,MAT00017,1000,P001,SL02,MG05,200.0,EA,EA,421.1,1,84220.0,92642.0,14,I1,,,0,,X,X,X,F,1000000106,00010
100,4500000107,00010,,,2024-07-29,Material MAT00014,MAT00014,MAT00014,1000,P003,SL02,MG01,273.0,EA,EA,84.81,1,23153.13,25468.44,14,I1,,,0,,X,X,X,F,1000000107,00010
100,4500000108,00010,,,2024-08-29,Material MAT00004,MAT00004,MAT00004,1000,P001,SL01,MG06,162.0,EA,EA,373.43,1,60495.66,66545.23,14,I1,,,0,,X,X,X,F,1000000108,00010
100,4500000108,00020,,,2024-08-29,Material MAT00013,MAT00013,MAT00013,1000,P001,SL01,MG01,175.0,EA,EA,295.84,1,51772.0,56949.2,14,I1,,,0,,X,X,X,F,1000000108,00020
100,4500000109,00010,,,2024-04-02,Material MAT00016,MAT00016,MAT00016,1000,P003,SL02,MG01,389.0,EA,EA,448.19,1,174345.91,191780.5,14,I1,,,0,,X,X,X,F,1000000109,00010
100,4500000109,00020,,,2024-04-02,Material MAT00014,MAT00014,MAT00014,1000,P003,SL02,MG06,12.0,EA,EA,323.22,1,3878.64,4266.5,14,I1,,,0,,X,X,X,F,1000000109,00020
100,4500000110,00010,,,2024-01-27,Material MAT00017,MAT00017,MAT00017,1000,P001,SL01,MG01,148.0,EA,EA,423.97,1,62747.56,69022.32,14,I1,,,0,,X,X,X,F,,
100,4500000111,00010,,,2024-05-08,Material MAT00018,MAT00018,MAT00018,1000,P003,SL02,MG03,124.0,EA,EA,179.75,1,22289.0,24517.9,14,I1,,,0,,X,X,X,F,,
100,4500000112,00010,,,2024-09-24,Material MAT00008,MAT00008,MAT00008,1000,P002,SL01,MG06,52.0,EA,EA,56.83,1,2955.16,3250.68,14,I1,,,0,,X,X,X,F,,
100,4500000112,00020,,,2024-09-24,Material MAT00013,MAT00013,MAT00013,1000,P002,SL01,MG03,82.0,EA,EA,334.44,1,27424.08,30166.49,14,I1,,,0,,X,X,X,F,,
100,4500000113,00010,,,2024-05-26,Material MAT00015,MAT00015,MAT00015,1000,P001,SL02,MG03,87.0,EA,EA,346.17,1,30116.79,33128.47,14,I1,,,0,,X,X,X,F,1000000113,00010
100,4500000114,00010,,,2024-08-26,Material MAT00004,MAT00004,MAT00004,1000,P002,SL03,MG02,40.0,EA,EA,392.67,1,15706.8,17277.48,14,I1,,,0,,X,X,X,F,,
100,4500000115,00010,,,2024-03-08,Material MAT00011,MAT00011,MAT00011,1000,P002,SL01,MG04,92.0,EA,EA,291.2,1,26790.4,29469.44,14,I1,,,0,,X,X,X,F,1000000115,00010
100,4500000115,00020,,,2024-03-08,Material MAT00001,MAT00001,MAT00001,1000,P002,SL01,MG06,125.0,EA,EA,250.62,1,31327.5,34460.25,14,I1,,,0,,X,X,X,F,1000000115,00020
100,4500000116,00010,,,2024-07-10,Material MAT00013,MAT00013,MAT00013,1000,P001,SL03,MG03,247.0,EA,EA,457.21,1,112930.87,124223.96,14,I1,,,0,,X,X,X,F,1000000116,00010
100,4500000117,00010,,,2024-05-10,Material MAT00008,MAT00008,MAT00008,1000,P001,SL01,MG02,459.0,EA,EA,37.4,1,17166.6,18883.26,14,I1,,,0,,X,X,X,F,1000000117,00010
100,4500000117,00020,,,2024-05-10,Material MAT00010,MAT00010,MAT00010,1000,P001,SL01,MG02,115.0,EA,EA,229.61,1,26405.15,29045.67,14,I1,,,0,,X,X,X,F,1000000117,00020
100,4500000118,00010,,,2024-07-03,Material MAT00005,MAT00005,MAT00005,1000,P001,SL02,MG05,424.0,EA,EA,168.56,1,71469.44,78616.38,14,I1,,,0,,X,X,X,F,1000000118,00010
100,4500000119,00010,,,2024-06-10,Material MAT00021,MAT00021,MAT00021,1000,P002,SL03,MG04,396.0,EA,EA,119.39,1,47278.44,52006.28,14,I1,,,0,,X,X,X,F,,
100,4500000120,00010,,,2024-05-03,Material MAT00020,MAT00020,MAT00020,1000,P001,SL01,MG03,469.0,EA,EA,78.92,1,37013.48,40714.83,14,I1,,,0,,X,X,X,F,1000000120,00010
100,4500000121,00010,,,2024-09-17,Material MAT00014,MAT00014,MAT00014,1000,P003,SL02,MG01,194.0,EA,EA,416.12,1,80727.28,88800.01,14,I1,,,0,,X,X,X,F,1000000121,00010
100,4500000121,00020,,,2024-09-17,Material MAT00007,MAT00007,MAT00007,1000,P003,SL02,MG01,36.0,EA,EA,39.25,1,1413.0,1554.3,14,I1,,,0,,X,X,X,F,1000000121,00020
100,4500000122,00010,,,2024-05-31,Material MAT00022,MAT00022,MAT00022,1000,P003,SL03,MG01,34.0,EA,EA,290.17,1,9865.78,10852.36,14,I1,,,0,,X,X,X,F,1000000122,00010
100,4500000123,00010,,,2024-09-10,Material MAT00003,MAT00003,MAT00003,1000,P001,SL01,MG06,395.0,EA,EA,240.76,1,95100.2,104610.22,14,I1,,,0,,X,X,X,F,1000000123,00010
100,4500000124,00010,,,2024-02-24,Material MAT00005,MAT00005,MAT00005,1000,P001,SL02,MG05,406.0,EA,EA,212.85,1,86417.1,95058.81,14,I1,,,0,,X,X,X,F,1000000124,00010
100,4500000124,00020,,,2024-02-24,Material MAT00012,MAT00012,MAT00012,1000,P001,SL02,MG05,12.0,EA,EA,232.78,1,2793.36,3072.7,14,I1,,,0,,X,X,X,F,1000000124,00020
100,4500000125,00010,,,2024-02-04,Material MAT00011,MAT00011,MAT00011,1000,P001,SL03,MG01,281.0,EA,EA,429.75,1,120759.75,132835.73,14,I1,,,0,,X,X,X,F,,
100,4500000126,00010,,,2024-07-03,Material MAT00018,MAT00018,MAT00018,1000,P003,SL01,MG03,331.0,EA,EA,290.29,1,96085.99,105694.59,14,I1,,,0,,X,X,X,F,1000000126,00010
100,4500000126,00020,,,2024-07-03,Material MAT00005,MAT00005,MAT00005,1000,P003,SL01,MG03,180.0,EA,EA,17.89,1,3220.2,3542.22,14,I1,,,0,,X,X,X,F,1000000126,00020
100,4500000127,00010,,,2024-09-16,Material MAT00014,MAT00014,MAT00014,1000,P001,SL02,MG06,193.0,EA,EA,37.54,1,7245.22,7969.74,14,I1,,,0,,X,X,X,F,1000000127,00010
100,4500000127,00020,,,2024-09-16,Material MAT00001,MAT00001,MAT00001,1000,P001,SL02,MG03,54.0,EA,EA,188.01,1,10152.54,11167.79,14,I1,,,0,,X,X,X,F,1000000127,00020
100,4500000128,00010,,,2024-04-04,Material MAT00012,MAT00012,MAT00012,1000,P003,SL03,MG01,417.0,EA,EA,54.29,1,22638.93,24902.82,14,I1,,,0,,X,X,X,F,1000000128,00010
100,4500000129,00010,,,2024-05-18,Material MAT00008,MAT00008,MAT00008,1000,P003,SL01,MG03,484.0,EA,EA,324.94,1,157270.96,172998.06,14,I1,,,0,,X,X,X,F,1000000129,00010
100,4500000130,00010,,,2024-03-04,Material MAT00010,MAT00010,MAT00010,1000,P003,SL03,MG06,494.0,EA,EA,323.89,1,160001.66,176001.83,14,I1,,,0,,X,X,X,F,1000000130,00010
100,4500000131,00010,,,2024-07-27,Material MAT00013,MAT00013,MAT00013,1000,P002,SL02,MG06,357.0,EA,EA,290.3,1,103637.1,114000.81,14,I1,,,0,,X,X,X,F,1000000131,00010
100,4500000132,00010,,,2024-04-13,Material MAT00009,MAT00009,MAT00009,1000,P001,SL02,MG03,54.0,EA,EA,184.09,1,9940.86,10934.95,14,I1,,,0,,X,X,X,F,1000000132,00010
100,4500000133,00010,,,2024-07-23,Material MAT00022,MAT00022,MAT00022,1000,P002,SL01,MG03,36.0,EA,EA,428.58,1,15428.88,16971.77,14,I1,,,0,,X,X,X,F,1000000133,00010
100,4500000134,00010,,,2024-05-26,Material MAT00015,MAT00015,MAT00015,1000,P003,SL01,MG05,385.0,EA,EA,249.89,1,96207.65,105828.42,14,I1,,,0,,X,X,X,F,1000000134,00010
100,4500000135,00010,,,2024-06-27,Material MAT00023,MAT00023,MAT00023,1000,P003,SL01,MG01,257.0,EA,EA,160.0,1,41120.0,45232.0,14,I1,,,0,,X,X,X,F,,
100,4500000135,00020,,,2024-06-27,Material MAT00006,MAT00006,MAT00006,1000,P003,SL01,MG04,151.0,EA,EA,74.3,1,11219.3,12341.23,14,I1,,,0,,X,X,X,F,,
100,4500000136,00010,,,2024-03-06,Material MAT00022,MAT00022,MAT00022,1000,P001,SL03,MG05,348.0,EA,EA,214.22,1,74548.56,82003.42,14,I1,,,0,,X,X,X,F,1000000136,00010
100,4500000137,00010,,,2024-03-10,Material MAT00010,MAT00010,MAT00010,1000,P003,SL03,MG03,107.0,EA,EA,107.88,1,11543.16,12697.48,14,I1,,,0,,X,X,X,F,1000000137,00010
100,4500000138,00010,,,2024-09-15,Material MAT00004,MAT00004,MAT00004,1000,P001,SL03,MG06,261.0,EA,EA,364.55,1,95147.55,104662.31,14,I1,,,0,,X,X,X,F,1000000138,00010
100,4500000139,00010,,,2024-04-04,Material MAT00005,MAT00005,MAT00005,1000,P001,SL01,MG03,478.0,EA,EA,141.47,1,67622.66,74384.93,14,I1,,,0,,X,X,X,F,1000000139,00010
100,4500000140,00010,,,2024-02-02,Material MAT00023,MAT00023,MAT00023,1000,P001,SL01,MG02,457.0,EA,EA,246.51,1,112655.07,123920.58,14,I1,,,0,,X,X,X,F,,
100,4500000141,00010,,,2024-10-06,Material MAT00001,MAT00001,MAT00001,1000,P001,SL02,MG04,287.0,EA,EA,489.17,1,140391.79,154430.97,14,I1,,,0,,X,X,X,F,1000000141,00010
100,4500000142,00010,,,2024-05-04,Material MAT00011,MAT00011,MAT00011,1000,P001,SL01,MG02,119.0,EA,EA,325.23,1,38702.37,42572.61,14,I1,,,0,,X,X,X,F,,
100,4500000142,00020,,,2024-05-04,Material MAT00008,MAT00008,MAT00008,1000,P001,SL01,MG04,150.0,EA,EA,16.93,1,2539.5,2793.45,14,I1,,,0,,X,X,X,F,,
100,4500000143,00010,,,2024-06-27,Material MAT00015,MAT00015,MAT00015,1000,P002,SL01,MG01,242.0,EA,EA,332.01,1,80346.42,88381.06,14,I1,,,0,,X,X,X,F,1000000143,00010
100,4500000144,00010,,,2024-04-16,Material MAT00009,MAT00009,MAT00009,1000,P003,SL02,MG01,203.0,EA,EA,233.95,1,47491.85,52241.04,14,I1,,,0,,X,X,X,F,1000000144,00010
100,4500000145,00010,,,2024-04-08,Material MAT00023,MAT00023,MAT00023,1000,P003,SL02,MG04,200.0,EA,EA,304.27,1,60854.0,66939.4,14,I1,,,0,,X,X,X,F,1000000145,00010
100,4500000146,00010,,,2024-04-27,Material MAT00023,MAT00023,MAT00023,1000,P003,SL02,MG05,360.0,EA,EA,346.44,1,124718.4,137190.24,14,I1,,,0,,X,X,X,F,1000000146,00010
100,4500000147,00010,,,2024-09-29,Material MAT00001,MAT00001,MAT00001,1000,P003,SL02,MG02,81.0,EA,EA,338.42,1,27412.02,30153.22,14,I1,,,0,,X,X,X,F,1000000147,00010
100,4500000148,00010,,,2024-07-24,Material MAT00021,MAT00021,MAT00021,1000,P003,SL03,MG04,400.0,EA,EA,351.1,1,140440.0,154484.0,14,I1,,,0,,X,X,X,F,1000000148,00010
100,4500000149,00010,,,2024-04-21,Material MAT00019,MAT00019,MAT00019,1000,P003,SL03,MG02,154.0,EA,EA,96.94,1,14928.76,16421.64,14,I1,,,0,,X,X,X,F,1000000149,00010
100,4500000150,00010,,,2024-03-26,Material MAT00002,MAT00002,MAT00002,1000,P002,SL02,MG05,389.0,EA,EA,316.43,1,123091.27,135400.4,14,I1,,,0,,X,X,X,F,1000000150,00010
100,4500000151,00010,,,2024-06-25,Material MAT00022,MAT00022,MAT00022,1000,P002,SL01,MG01,117.0,EA,EA,378.8,1,44319.6,48751.56,14,I1,,,0,,X,X,X,F,1000000151,00010
100,4500000152,00010,,,2024-01-30,Material MAT00016,MAT00016,MAT00016,1000,P002,SL03,MG05,167.0,EA,EA,50.35,1,8408.45,9249.3,14,I1,,,0,,X,X,X,F,1000000152,00010
100,4500000153,00010,,,2024-04-12,Material MAT00002,MAT00002,MAT00002,1000,P001,SL01,MG04,45.0,EA,EA,412.59,1,18566.55,20423.21,14,I1,,,0,,X,X,X,F,1000000153,00010
100,4500000154,00010,,,2024-02-14,Material MAT00023,MAT00023,MAT00023,1000,P003,SL03,MG04,152.0,EA,EA,346.08,1,52604.16,57864.58,14,I1,,,0,,X,X,X,F,1000000154,00010
100,4500000155,00010,,,2024-07-15,Material MAT00022,MAT00022,MAT00022,1000,P003,SL01,MG05,282.0,EA,EA,70.39,1,19849.98,21834.98,14,I1,,,0,,X,X,X,F,1000000155,00010
100,4500000156,00010,,,2024-03-05,Material MAT00007,MAT00007,MAT00007,1000,P001,SL01,MG03,288.0,EA,EA,36.65,1,10555.2,11610.72,14,I1,,,0,,X,X,X,F,1000000156,00010
100,4500000157,00010,,,2024-06-19,Material MAT00007,MAT00007,MAT00007,1000,P002,SL03,MG03,312.0,EA,EA,159.78,1,49851.36,54836.5,14,I1,,,0,,X,X,X,F,1000000157,00010
100,4500000158,00010,,,2024-09-01,Material MAT00016,MAT00016,MAT00016,1000,P001,SL03,MG03,160.0,EA,EA,280.32,1,44851.2,49336.32,14,I1,,,0,,X,X,X,F,1000000158,00010
100,4500000159,00010,,,2024-04-23,Material MAT00019,MAT00019,MAT00019,1000,P003,SL03,MG04,276.0,EA,EA,499.38,1,137828.88,151611.77,14,I1,,,0,,X,X,X,F,1000000159,00010
100,4500000159,00020,,,2024-04-23,Material MAT00011,MAT00011,MAT00011,1000,P003,SL03,MG05,52.0,EA,EA,385.96,1,20069.92,22076.91,14,I1,,,0,,X,X,X,F,1000000159,00020
100,4500000160,00010,,,2024-05-03,Material MAT00002,MAT00002,MAT00002,1000,P003,SL02,MG05,41.0,EA,EA,191.02,1,7831.82,8615.0,14,I1,,,0,,X,X,X,F,1000000160,00010
100,4500000161,00010,,,2024-04-07,Material MAT00019,MAT00019,MAT00019,1000,P002,SL03,MG04,189.0,EA,EA,330.13,1,62394.57,68634.03,14,I1,,,0,,X,X,X,F,1000000161,00010
100,4500000162,00010,,,2024-09-30,Material MAT00003,MAT00003,MAT00003,1000,P002,SL01,MG04,84.0,EA,EA,87.11,1,7317.24,8048.96,14,I1,,,0,,X,X,X,F,1000000162,00010
100,4500000163,00010,,,2024-09-24,Material MAT00005,MAT00005,MAT00005,1000,P001,SL03,MG05,37.0,EA,EA,136.55,1,5052.35,5557.59,14,I1,,,0,,X,X,X,F,1000000163,00010
100,4500000164,00010,,,2024-09-25,Material MAT00020,MAT00020,MAT00020,1000,P003,SL01,MG04,346.0,EA,EA,461.95,1,159834.7,175818.17,14,I1,,,0,,X,X,X,F,1000000164,00010
100,4500000165,00010,,,2024-09-13,Material MAT00003,MAT00003,MAT00003,1000,P003,SL01,MG03,274.0,EA,EA,10.59,1,2901.66,3191.83,14,I1,,,0,,X,X,X,F,1000000165,00010
100,4500000166,00010,,,2024-05-18,Material MAT00005,MAT00005,MAT00005,1000,P003,SL01,MG02,149.0,EA,EA,439.62,1,65503.38,72053.72,14,I1,,,0,,X,X,X,F,1000000166,00010
100,4500000167,00010,,,2024-08-13,Material MAT00009,MAT00009,MAT00009,1000,P003,SL03,MG05,145.0,EA,EA,343.5,1,49807.5,54788.25,14,I1,,,0,,X,X,X,F,1000000167,00010
100,4500000168,00010,,,2024-08-27,Material MAT00008,MAT00008,MAT00008,1000,P003,SL01,MG02,59.0,EA,EA,259.09,1,15286.31,16814.94,14,I1,,,0,,X,X,X,F,1000000168,00010
100,4500000169,00010,,,2024-09-30,Material MAT00020,MAT00020,MAT00020,1000,P003,SL02,MG01,38.0,EA,EA,389.07,1,14784.66,16263.13,14,I1,,,0,,X,X,X,F,1000000169,00010
100,4500000169,00020,,,2024-09-30,Material MAT00006,MAT00006,MAT00006,1000,P003,SL02,MG02,52.0,EA,EA,10.11,1,525.72,578.29,14,I1,,,0,,X,X,X,F,1000000169,00020
100,4500000170,00010,,,2024-05-04,Material MAT00009,MAT00009,MAT00009,1000,P003,SL02,MG04,466.0,EA,EA,291.7,1,135932.2,149525.42,14,I1,,,0,,X,X,X,F,1000000170,00010
100,4500000171,00010,,,2024-09-15,Material MAT00013,MAT00013,MAT00013,1000,P002,SL03,MG04,176.0,EA,EA,390.04,1,68647.04,75511.74,14,I1,,,0,,X,X,X,F,1000000171,00010
100,4500000172,00010,,,2024-05-27,Material MAT00008,MAT00008,MAT00008,1000,P003,SL01,MG04,412.0,EA,EA,47.25,1,19467.0,21413.7,14,I1,,,0,,X,X,X,F,,
100,4500000173,00010,,,2024-07-07,Material MAT00008,MAT00008,MAT00008,1000,P001,SL01,MG04,461.0,EA,EA,341.15,1,157270.15,172997.17,14,I1,,,0,,X,X,X,F,1000000173,00010
100,4500000173,00020,,,2024-07-07,Material MAT00005,MAT00005,MAT00005,1000,P001,SL01,MG02,83.0,EA,EA,302.57,1,25113.31,27624.64,14,I1,,,0,,X,X,X,F,1000000173,00020
100,4500000174,00010,,,2024-01-07,Material MAT00011,MAT00011,MAT00011,1000,P001,SL03,MG02,59.0,EA,EA,187.19,1,11044.21,12148.63,14,I1,,,0,,X,X,X,F,,
100,4500000175,00010,,,2024-05-29,Material MAT00004,MAT00004,MAT00004,1000,P003,SL01,MG04,222.0,EA,EA,196.63,1,43651.86,48017.05,14,I1,,,0,,X,X,X,F,1000000175,00010
100,4500000176,00010,,,2024-04-21,Material MAT00002,MAT00002,MAT00002,1000,P002,SL01,MG03,319.0,EA,EA,230.43,1,73507.17,80857.89,14,I1,,,0,,X,X,X,F,,
100,4500000177,00010,,,2024-07-07,Material MAT00010,MAT00010,MAT00010,1000,P003,SL03,MG05,249.0,EA,EA,370.9,1,92354.1,101589.51,14,I1,,,0,,X,X,X,F,1000000177,00010
100,4500000178,00010,,,2024-06-16,Material MAT00008,MAT00008,MAT00008,1000,P001,SL01,MG04,358.0,EA,EA,306.64,1,109777.12,120754.83,14,I1,,,0,,X,X,X,F,1000000178,00010
100,4500000179,00010,,,2024-04-03,Material MAT00007,MAT00007,MAT00007,1000,P003,SL03,MG04,41.0,EA,EA,440.56,1,18062.96,19869.26,14,I1,,,0,,X,X,X,F,1000000179,00010
100,4500000180,00010,,,2024-03-11,Material MAT00021,MAT00021,MAT00021,1000,P003,SL02,MG04,94.0,EA,EA,27.23,1,2559.62,2815.58,14,I1,,,0,,X,X,X,F,1000000180,00010
100,4500000181,00010,,,2024-09-12,Material MAT00012,MAT00012,MAT00012,1000,P002,SL03,MG03,54.0,EA,EA,160.86,1,8686.44,9555.08,14,I1,,,0,,X,X,X,F,1000000181,00010
100,4500000181,00020,,,2024-09-12,Material MAT00008,MAT00008,MAT00008,1000,P002,SL03,MG01,190.0,EA,EA,196.06,1,37251.4,40976.54,14,I1,,,0,,X,X,X,F,1000000181,00020
100,4500000182,00010,,,2024-04-29,Material MAT00013,MAT00013,MAT00013,1000,P003,SL03,MG06,316.0,EA,EA,263.14,1,83152.24,91467.46,14,I1,,,0,,X,X,X,F,1000000182,00010
100,4500000183,00010,,,2024-06-15,Material MAT00007,MAT00007,MAT00007,1000,P002,SL03,MG03,21.0,EA,EA,486.44,1,10215.24,11236.76,14,I1,,,0,,X,X,X,F,,
100,4500000184,00010,,,2024-02-22,Material MAT00011,MAT00011,MAT00011,1000,P002,SL02,MG02,141.0,EA,EA,202.29,1,28522.89,31375.18,14,I1,,,0,,X,X,X,F,1000000184,00010
100,4500000185,00010,,,2024-04-24,Material MAT00017,MAT00017,MAT00017,1000,P002,SL03,MG06,481.0,EA,EA,468.75,1,225468.75,248015.63,14,I1,,,0,,X,X,X,F,1000000185,00010
100,4500000186,00010,,,2024-03-10,Material MAT00019,MAT00019,MAT00019,1000,P001,SL01,MG03,485.0,EA,EA,294.73,1,142944.05,157238.46,14,I1,,,0,,X,X,X,F,1000000186,00010
100,4500000187,00010,,,2024-09-12,Material MAT00005,MAT00005,MAT00005,1000,P003,SL01,MG01,396.0,EA,EA,380.78,1,150788.88,165867.77,14,I1,,,0,,X,X,X,F,1000000187,00010
100,4500000188,00010,,,2024-09-03,Material MAT00011,MAT00011,MAT00011,1000,P003,SL01,MG03,282.0,EA,EA,43.75,1,12337.5,13571.25,14,I1,,,0,,X,X,X,F,1000000188,00010
100,4500000189,00010,,,2024-07-23,Material MAT00022,MAT00022,MAT00022,1000,P001,SL02,MG04,254.0,EA,EA,280.22,1,71175.88,78293.47,14,I1,,,0,,X,X,X,F,1000000189,00010
100,4500000190,00010,,,2024-07-12,Material MAT00002,MAT00002,MAT00002,1000,P003,SL02,MG01,45.0,EA,EA,465.8,1,20961.0,23057.1,14,I1,,,0,,X,X,X,F,1000000190,00010
100,4500000191,00010,,,2024-04-29,Material MAT00003,MAT00003,MAT00003,1000,P003,SL01,MG05,365.0,EA,EA,270.51,1,98736.15,108609.76,14,I1,,,0,,X,X,X,F,1000000191,00010
100,4500000191,00020,,,2024-04-29,Material MAT00007,MAT00007,MAT00007,1000,P003,SL01,MG02,177.0,EA,EA,75.06,1,13285.62,14614.18,14,I1,,,0,,X,X,X,F,1000000191,00020
100,4500000192,00010,,,2024-04-27,Material MAT00019,MAT00019,MAT00019,1000,P003,SL02,MG01,135.0,EA,EA,481.21,1,64963.35,71459.68,14,I1,,,0,,X,X,X,F,1000000192,00010
100,4500000193,00010,,,2024-01-28,Material MAT00004,MAT00004,MAT00004,1000,P002,SL03,MG03,78.0,EA,EA,189.87,1,14809.86,16290.85,14,I1,,,0,,X,X,X,F,1000000193,00010
100,4500000194,00010,,,2024-06-01,Material MAT00020,MAT00020,MAT00020,1000,P003,SL03,MG03,392.0,EA,EA,461.72,1,180994.24,199093.66,14,I1,,,0,,X,X,X,F,,
100,4500000195,00010,,,2024-02-05,Material MAT00005,MAT00005,MAT00005,1000,P002,SL03,MG04,486.0,EA,EA,378.89,1,184140.54,202554.59,14,I1,,,0,,X,X,X,F,1000000195,00010
100,4500000196,00010,,,2024-04-19,Material MAT00016,MAT00016,MAT00016,1000,P003,SL01,MG01,290.0,EA,EA,284.97,1,82641.3,90905.43,14,I1,,,0,,X,X,X,F,1000000196,00010
100,4500000197,00010,,,2024-08-23,Material MAT00012,MAT00012,MAT00012,1000,P001,SL02,MG02,32.0,EA,EA,410.9,1,13148.8,14463.68,14,I1,,,0,,X,X,X,F,1000000197,00010
100,4500000198,00010,,,2024-10-05,Material MAT00007,MAT00007,MAT00007,1000,P001,SL03,MG04,247.0,EA,EA,367.66,1,90812.02,99893.22,14,I1,,,0,,X,X,X,F,1000000198,00010
100,4500000199,00010,,,2024-05-28,Material MAT00013,MAT00013,MAT00013,1000,P003,SL01,MG04,433.0,EA,EA,19.35,1,8378.55,9216.41,14,I1,,,0,,X,X,X,F,1000000199,00010
100,4500000200,00010,,,2024-06-12,Material MAT00017,MAT00017,MAT00017,1000,P001,SL01,MG06,375.0,EA,EA,19.0,1,7125.0,7837.5,14,I1,,,0,,X,X,X,F,1000000200,00010
100,4500000201,00010,,,2024-07-30,Material MAT00011,MAT00011,MAT00011,1000,P002,SL01,MG02,368.0,EA,EA,265.15,1,97575.2,107332.72,14,I1,,,0,,X,X,X,F,1000000201,00010
100,4500000202,00010,,,2024-10-01,Material MAT00010,MAT00010,MAT00010,1000,P003,SL01,MG01,81.0,EA,EA,467.18,1,37841.58,41625.74,14,I1,,,0,,X,X,X,F,1000000202,00010
100,4500000203,00010,,,2024-03-01,Material MAT00007,MAT00007,MAT00007,1000,P003,SL02,MG05,384.0,EA,EA,309.87,1,118990.08,130889.09,14,I1,,,0,,X,X,X,F,1000000203,00010
100,4500000204,00010,,,2024-03-17,Material MAT00016,MAT00016,MAT00016,1000,P001,SL02,MG02,26.0,EA,EA,384.62,1,10000.12,11000.13,14,I1,,,0,,X,X,X,F,1000000204,00010
100,4500000204,00020,,,2024-03-17,Material MAT00015,MAT00015,MAT00015,1000,P001,SL02,MG01,53.0,EA,EA,167.9,1,8898.7,9788.57,14,I1,,,0,,X,X,X,F,1000000204,00020
100,4500000205,00010,,,2024-02-01,Material MAT00017,MAT00017,MAT00017,1000,P001,SL03,MG02,205.0,EA,EA,159.23,1,32642.15,35906.36,14,I1,,,0,,X,X,X,F,1000000205,00010
100,4500000206,00010,,,2024-06-22,Material MAT00014,MAT00014,MAT00014,1000,P003,SL01,MG03,232.0,EA,EA,449.34,1,104246.88,114671.57,14,I1,,,0,,X,X,X,F,1000000206,00010
100,4500000206,00020,,,2024-06-22,Material MAT00012,MAT00012,MAT00012,1000,P003,SL01,MG05,80.0,EA,EA,318.52,1,25481.6,28029.76,14,I1,,,0,,X,X,X,F,1000000206,00020
100,4500000207,00010,,,2024-06-13,Material MAT00014,MAT00014,MAT00014,1000,P001,SL01,MG02,481.0,EA,EA,151.5,1,72871.5,80158.65,14,I1,,,0,,X,X,X,F,1000000207,00010
100,4500000208,00010,,,2024-01-10,Material MAT00003,MAT00003,MAT00003,1000,P002,SL02,MG02,314.0,EA,EA,283.2,1,88924.8,97817.28,14,I1,,,0,,X,X,X,F,1000000208,00010
100,4500000208,00020,,,2024-01-10,Material MAT00005,MAT00005,MAT00005,1000,P002,SL02,MG01,70.0,EA,EA,44.2,1,3094.0,3403.4,14,I1,,,0,,X,X,X,F,1000000208,00020
100,4500000209,00010,,,2024-02-15,Material MAT00013,MAT00013,MAT00013,1000,P002,SL02,MG06,280.0,EA,EA,153.49,1,42977.2,47274.92,14,I1,,,0,,X,X,X,F,1000000209,00010
100,4500000210,00010,,,2024-06-18,Material MAT00014,MAT00014,MAT00014,1000,P001,SL02,MG04,498.0,EA,EA,183.39,1,91328.22,100461.04,14,I1,,,0,,X,X,X,F,1000000210,00010
100,4500000210,00020,,,2024-06-18,Material MAT00002,MAT00002,MAT00002,1000,P001,SL02,MG05,149.0,EA,EA,90.86,1,13538.14,14891.95,14,I1,,,0,,X,X,X,F,1000000210,00020
100,4500000211,00010,,,2024-03-09,Material MAT00001,MAT00001,MAT00001,1000,P002,SL02,MG02,204.0,EA,EA,288.77,1,58909.08,64799.99,14,I1,,,0,,X,X,X,F,1000000211,00010
100,4500000212,00010,,,2024-09-30,Material MAT00002,MAT00002,MAT00002,1000,P002,SL02,MG05,342.0,EA,EA,282.04,1,96457.68,106103.45,14,I1,,,0,,X,X,X,F,1000000212,00010
100,4500000213,00010,,,2024-03-11,Material MAT00020,MAT00020,MAT00020,1000,P003,SL02,MG01,430.0,EA,EA,357.82,1,153862.6,169248.86,14,I1,,,0,,X,X,X,F,1000000213,00010
100,4500000214,00010,,,2024-06-22,Material MAT00007,MAT00007,MAT00007,1000,P002,SL03,MG05,170.0,EA,EA,387.05,1,65798.5,72378.35,14,I1,,,0,,X,X,X,F,,
100,4500000215,00010,,,2024-10-04,Material MAT00004,MAT00004,MAT00004,1000,P002,SL02,MG03,163.0,EA,EA,293.0,1,47759.0,52534.9,14,I1,,,0,,X,X,X,F,1000000215,00010
100,4500000216,00010,,,2024-06-29,Material MAT00007,MAT00007,MAT00007,1000,P001,SL01,MG02,472.0,EA,EA,403.96,1,190669.12,209736.03,14,I1,,,0,,X,X,X,F,,
100,4500000216,00020,,,2024-06-29,Material MAT00002,MAT00002,MAT00002,1000,P001,SL01,MG04,80.0,EA,EA,43.59,1,3487.2,3835.92,14,I1,,,0,,X,X,X,F,,
100,4500000217,00010,,,2024-06-17,Material MAT00015,MAT00015,MAT00015,1000,P003,SL02,MG05,386.0,EA,EA,240.57,1,92860.02,102146.02,14,I1,,,0,,X,X,X,F,1000000217,00010
100,4500000218,00010,,,2024-09-04,Material MAT00016,MAT00016,MAT00016,1000,P002,SL01,MG04,386.0,EA,EA,306.18,1,118185.48,130004.03,14,I1,,,0,,X,X,X,F,1000000218,00010
100,4500000219,00010,,,2024-04-27,Material MAT00011,MAT00011,MAT00011,1000,P002,SL02,MG02,221.0,EA,EA,490.3,1,108356.3,119191.93,14,I1,,,0,,X,X,X,F,1000000219,00010
100,4500000220,00010,,,2024-02-06,Material MAT00021,MAT00021,MAT00021,1000,P002,SL02,MG04,78.0,EA,EA,294.58,1,22977.24,25274.96,14,I1,,,0,,X,X,X,F,1000000220,00010
100,4500000220,00020,,,2024-02-06,Material MAT00010,MAT00010,MAT00010,1000,P002,SL02,MG04,160.0,EA,EA,275.03,1,44004.8,48405.28,14,I1,,,0,,X,X,X,F,1000000220,00020
100,4500000221,00010,,,2024-06-04,Material MAT00004,MAT00004,MAT00004,1000,P003,SL03,MG04,222.0,EA,EA,299.18,1,66417.96,73059.76,14,I1,,,0,,X,X,X,F,1000000221,00010
100,4500000222,00010,,,2024-01-11,Material MAT00005,MAT00005,MAT00005,1000,P001,SL02,MG01,81.0,EA,EA,443.6,1,35931.6,39524.76,14,I1,,,0,,X,X,X,F,1000000222,00010
100,4500000223,00010,,,2024-09-20,Material MAT00008,MAT00008,MAT00008,1000,P001,SL03,MG06,292.0,EA,EA,26.4,1,7708.8,8479.68,14,I1,,,0,,X,X,X,F,1000000223,00010
100,4500000224,00010,,,2024-06-17,Material MAT00022,MAT00022,MAT00022,1000,P002,SL03,MG04,272.0,EA,EA,15.28,1,4156.16,4571.78,14,I1,,,0,,X,X,X,F,1000000224,00010
100,4500000224,00020,,,2024-06-17,Material MAT00001,MAT00001,MAT00001,1000,P002,SL03,MG05,128.0,EA,EA,235.48,1,30141.44,33155.58,14,I1,,,0,,X,X,X,F,1000000224,00020
100,4500000225,00010,,,2024-01-18,Material MAT00009,MAT00009,MAT00009,1000,P003,SL02,MG03,96.0,EA,EA,299.97,1,28797.12,31676.83,14,I1,,,0,,X,X,X,F,1000000225,00010
100,4500000226,00010,,,2024-06-30,Material MAT00007,MAT00007,MAT00007,1000,P003,SL02,MG04,380.0,EA,EA,66.84,1,25399.2,27939.12,14,I1,,,0,,X,X,X,F,1000000226,00010
100,4500000226,00020,,,2024-06-30,Material MAT00014,MAT00014,MAT00014,1000,P003,SL02,MG04,90.0,EA,EA,122.63,1,11036.7,12140.37,14,I1,,,0,,X,X,X,F,1000000226,00020
100,4500000227,00010,,,2024-05-20,Material MAT00004,MAT00004,MAT00004,1000,P002,SL02,MG05,236.0,EA,EA,340.89,1,80450.04,88495.04,14,I1,,,0,,X,X,X,F,1000000227,00010
100,4500000228,00010,,,2024-01-22,Material MAT00002,MAT00002,MAT00002,1000,P002,SL02,MG06,470.0,EA,EA,331.74,1,155917.8,171509.58,14,I1,,,0,,X,X,X,F,1000000228,00010
100,4500000229,00010,,,2024-08-07,Material MAT00009,MAT00009,MAT00009,1000,P001,SL03,MG04,393.0,EA,EA,145.87,1,57326.91,63059.6,14,I1,,,0,,X,X,X,F,,
100,4500000229,00020,,,2024-08-07,Material MAT00015,MAT00015,MAT00015,1000,P001,SL03,MG06,44.0,EA,EA,163.13,1,7177.72,7895.49,14,I1,,,0,,X,X,X,F,,
100,4500000230,00010,,,2024-01-06,Material MAT00021,MAT00021,MAT00021,1000,P001,SL02,MG05,141.0,EA,EA,353.03,1,49777.23,54754.95,14,I1,,,0,,X,X,X,F,1000000230,00010
100,4500000231,00010,,,2024-06-12,Material MAT00011,MAT00011,MAT00011,1000,P001,SL03,MG04,499.0,EA,EA,327.07,1,163207.93,179528.72,14,I1,,,0,,X,X,X,F,1000000231,00010
100,4500000231,00020,,,2024-06-12,Material MAT00002,MAT00002,MAT00002,1000,P001,SL03,MG01,128.0,EA,EA,150.11,1,19214.08,21135.49,14,I1,,,0,,X,X,X,F,1000000231,00020
100,4500000232,00010,,,2024-08-23,Material MAT00018,MAT00018,MAT00018,1000,P003,SL02,MG01,37.0,EA,EA,396.01,1,14652.37,16117.61,14,I1,,,0,,X,X,X,F,1000000232,00010
100,4500000233,00010,,,2024-04-08,Material MAT00020,MAT00020,MAT00020,1000,P002,SL01,MG01,411.0,EA,EA,62.1,1,25523.1,28075.41,14,I1,,,0,,X,X,X,F,1000000233,00010
100,4500000234,00010,,,2024-04-06,Material MAT00014,MAT00014,MAT00014,1000,P001,SL02,MG01,91.0,EA,EA,129.39,1,11774.49,12951.94,14,I1,,,0,,X,X,X,F,1000000234,00010
100,4500000235,00010,,,2024-05-18,Material MAT00005,MAT00005,MAT00005,1000,P003,SL01,MG05,470.0,EA,EA,309.16,1,145305.2,159835.72,14,I1,,,0,,X,X,X,F,,
100,4500000236,00010,,,2024-04-23,Material MAT00021,MAT00021,MAT00021,1000,P003,SL01,MG02,65.0,EA,EA,83.12,1,5402.8,5943.08,14,I1,,,0,,X,X,X,F,1000000236,00010
100,4500000236,00020,,,2024-04-23,Material MAT00015,MAT00015,MAT00015,1000,P003,SL01,MG06,153.0,EA,EA,26.89,1,4114.17,4525.59,14,I1,,,0,,X,X,X,F,1000000236,00020
100,4500000237,00010,,,2024-04-21,Material MAT00014,MAT00014,MAT00014,1000,P003,SL03,MG02,123.0,EA,EA,63.97,1,7868.31,8655.14,14,I1,,,0,,X,X,X,F,1000000237,00010
100,4500000238,00010,,,2024-03-18,Material MAT00012,MAT00012,MAT00012,1000,P002,SL01,MG02,320.0,EA,EA,488.02,1,156166.4,171783.04,14,I1,,,0,,X,X,X,F,1000000238,00010
100,4500000239,00010,,,2024-05-02,Material MAT00019,MAT00019,MAT00019,1000,P003,SL01,MG03,266.0,EA,EA,432.48,1,115039.68,126543.65,14,I1,,,0,,X,X,X,F,1000000239,00010
100,4500000239,00020,,,2024-05-02,Material MAT00003,MAT00003,MAT00003,1000,P003,SL01,MG04,183.0,EA,EA,360.32,1,65938.56,72532.42,14,I1,,,0,,X,X,X,F,1000000239,00020
100,4500000240,00010,,,2024-03-15,Material MAT00007,MAT00007,MAT00007,1000,P001,SL03,MG02,327.0,EA,EA,54.46,1,17808.42,19589.26,14,I1,,,0,,X,X,X,F,1000000240,00010
100,4500000241,00010,,,2024-02-14,Material MAT00021,MAT00021,MAT00021,1000,P002,SL03,MG06,270.0,EA,EA,155.33,1,41939.1,46133.01,14,I1,,,0,,X,X,X,F,1000000241,00010
100,4500000242,00010,,,2024-05-11,Material MAT00011,MAT00011,MAT00011,1000,P003,SL01,MG03,244.0,EA,EA,470.18,1,114723.92,126196.31,14,I1,,,0,,X,X,X,F,1000000242,00010
100,4500000242,00020,,,2024-05-11,Material MAT00009,MAT00009,MAT00009,1000,P003,SL01,MG06,108.0,EA,EA,57.86,1,6248.88,6873.77,14,I1,,,0,,X,X,X,F,1000000242,00020
100,4500000243,00010,,,2024-07-25,Material MAT00003,MAT00003,MAT00003,1000,P001,SL02,MG02,64.0,EA,EA,145.21,1,9293.44,10222.78,14,I1,,,0,,X,X,X,F,1000000243,00010
100,4500000244,00010,,,2024-10-03,Material MAT00008,MAT00008,MAT00008,1000,P001,SL01,MG05,294.0,EA,EA,331.32,1,97408.08,107148.89,14,I1,,,0,,X,X,X,F,1000000244,00010
100,4500000245,00010,,,2024-07-06,Material MAT00005,MAT00005,MAT00005,1000,P002,SL02,MG02,313.0,EA,EA,88.79,1,27791.27,30570.4,14,I1,,,0,,X,X,X,F,1000000245,00010
100,4500000246,00010,,,2024-03-23,Material MAT00012,MAT00012,MAT00012,1000,P003,SL01,MG04,488.0,EA,EA,271.49,1,132487.12,145735.83,14,I1,,,0,,X,X,X,F,1000000246,00010
100,4500000247,00010,,,2024-03-27,Material MAT00019,MAT00019,MAT00019,1000,P002,SL02,MG01,454.0,EA,EA,226.63,1,102890.02,113179.02,14,I1,,,0,,X,X,X,F,1000000247,00010
100,4500000248,00010,,,2024-10-02,Material MAT00019,MAT00019,MAT00019,1000,P003,SL03,MG02,21.0,EA,EA,273.82,1,5750.22,6325.24,14,I1,,,0,,X,X,X,F,1000000248,00010
100,4500000248,00020,,,2024-10-02,Material MAT00007,MAT00007,MAT00007,1000,P003,SL03,MG03,77.0,EA,EA,155.4,1,11965.8,13162.38,14,I1,,,0,,X,X,X,F,1000000248,00020
100,4500000249,00010,,,2024-03-23,Material MAT00014,MAT00014,MAT00014,1000,P002,SL01,MG01,52.0,EA,EA,111.81,1,5814.12,6395.53,14,I1,,,0,,X,X,X,F,1000000249,00010
100,4500000250,00010,,,2024-09-13,Material MAT00010,MAT00010,MAT00010,1000,P001,SL01,MG01,297.0,EA,EA,252.11,1,74876.67,82364.34,14,I1,,,0,,X,X,X,F,1000000250,00010
100,4500000251,00010,,,2024-03-13,Material MAT00001,MAT00001,MAT00001,1000,P003,SL03,MG05,497.0,EA,EA,42.7,1,21221.9,23344.09,14,I1,,,0,,X,X,X,F,1000000251,00010
100,4500000252,00010,,,2024-07-06,Material MAT00021,MAT00021,MAT00021,1000,P002,SL02,MG01,270.0,EA,EA,468.8,1,126576.0,139233.6,14,I1,,,0,,X,X,X,F,1000000252,00010
100,4500000253,00010,,,2024-09-13,Material MAT00012,MAT00012,MAT00012,1000,P001,SL01,MG05,60.0,EA,EA,85.73,1,5143.8,5658.18,14,I1,,,0,,X,X,X,F,1000000253,00010
100,4500000254,00010,,,2024-06-09,Material MAT00006,MAT00006,MAT00006,1000,P003,SL03,MG02,73.0,EA,EA,350.18,1,25563.14,28119.45,14,I1,,,0,,X,X,X,F,1000000254,00010
100,4500000255,00010,,,2024-03-08,Material MAT00016,MAT00016,MAT00016,1000,P001,SL01,MG05,158.0,EA,EA,15.03,1,2374.74,2612.21,14,I1,,,0,,X,X,X,F,1000000255,00010
100,4500000256,00010,,,2024-02-09,Material MAT00017,MAT00017,MAT00017,1000,P003,SL03,MG02,17.0,EA,EA,116.33,1,1977.61,2175.37,14,I1,,,0,,X,X,X,F,1000000256,00010
100,4500000257,00010,,,2024-06-14,Material MAT00004,MAT00004,MAT00004,1000,P003,SL01,MG05,265.0,EA,EA,252.95,1,67031.75,73734.93,14,I1,,,0,,X,X,X,F,1000000257,00010
100,4500000258,00010,,,2024-08-10,Material MAT00010,MAT00010,MAT00010,1000,P001,SL03,MG06,190.0,EA,EA,16.27,1,3091.3,3400.43,14,I1,,,0,,X,X,X,F,,
100,4500000259,00010,,,2024-04-21,Material MAT00011,MAT00011,MAT00011,1000,P001,SL02,MG06,124.0,EA,EA,218.11,1,27045.64,29750.2,14,I1,,,0,,X,X,X,F,1000000259,00010
100,4500000260,00010,,,2024-09-22,Material MAT00003,MAT00003,MAT00003,1000,P001,SL03,MG05,197.0,EA,EA,342.81,1,67533.57,74286.93,14,I1,,,0,,X,X,X,F,1000000260,00010
100,4500000261,00010,,,2024-03-09,Material MAT00014,MAT00014,MAT00014,1000,P003,SL01,MG02,428.0,EA,EA,226.85,1,97091.8,106800.98,14,I1,,,0,,X,X,X,F,1000000261,00010
100,4500000262,00010,,,2024-03-30,Material MAT00016,MAT00016,MAT00016,1000,P002,SL03,MG03,139.0,EA,EA,299.61,1,41645.79,45810.37,14,I1,,,0,,X,X,X,F,1000000262,00010
100,4500000263,00010,,,2024-05-11,Material MAT00022,MAT00022,MAT00022,1000,P002,SL02,MG03,163.0,EA,EA,51.62,1,8414.06,9255.47,14,I1,,,0,,X,X,X,F,1000000263,00010
100,4500000263,00020,,,2024-05-11,Material MAT00005,MAT00005,MAT00005,1000,P002,SL02,MG01,9.0,EA,EA,193.18,1,1738.62,1912.48,14,I1,,,0,,X,X,X,F,1000000263,00020
100,4500000264,00010,,,2024-06-09,Material MAT00006,MAT00006,MAT00006,1000,P003,SL03,MG03,254.0,EA,EA,425.19,1,107998.26,118798.09,14,I1,,,0,,X,X,X,F,1000000264,00010
100,4500000264,00020,,,2024-06-09,Material MAT00010,MAT00010,MAT00010,1000,P003,SL03,MG05,71.0,EA,EA,36.24,1,2573.04,2830.34,14,I1,,,0,,X,X,X,F,1000000264,00020
100,4500000265,00010,,,2024-07-31,Material MAT00014,MAT00014,MAT00014,1000,P003,SL02,MG06,232.0,EA,EA,384.09,1,89108.88,98019.77,14,I1,,,0,,X,X,X,F,1000000265,00010
100,4500000266,00010,,,2024-04-19,Material MAT00017,MAT00017,MAT00017,1000,P003,SL03,MG04,128.0,EA,EA,375.75,1,48096.0,52905.6,14,I1,,,0,,X,X,X,F,1000000266,00010
100,4500000267,00010,,,2024-05-16,Material MAT00001,MAT00001,MAT00001,1000,P001,SL01,MG02,248.0,EA,EA,495.73,1,122941.04,135235.14,14,I1,,,0,,X,X,X,F,1000000267,00010
100,4500000268,00010,,,2024-06-12,Material MAT00011,MAT00011,MAT00011,1000,P001,SL01,MG06,449.0,EA,EA,339.12,1,152264.88,167491.37,14,I1,,,0,,X,X,X,F,1000000268,00010
100,4500000269,00010,,,2024-08-10,Material MAT00008,MAT00008,MAT00008,1000,P002,SL03,MG03,96.0,EA,EA,485.26,1,46584.96,51243.46,14,I1,,,0,,X,X,X,F,1000000269,00010
100,4500000270,00010,,,2024-01-21,Material MAT00010,MAT00010,MAT00010,1000,P002,SL02,MG05,422.0,EA,EA,334.49,1,141154.78,155270.26,14,I1,,,0,,X,X,X,F,1000000270,00010
100,4500000270,00020,,,2024-01-21,Material MAT00007,MAT00007,MAT00007,1000,P002,SL02,MG03,186.0,EA,EA,367.99,1,68446.14,75290.75,14,I1,,,0,,X,X,X,F,1000000270,00020
100,4500000271,00010,,,2024-08-15,Material MAT00011,MAT00011,MAT00011,1000,P002,SL03,MG04,89.0,EA,EA,137.88,1,12271.32,13498.45,14,I1,,,0,,X,X,X,F,1000000271,00010
100,4500000272,00010,,,2024-03-27,Material MAT00004,MAT00004,MAT00004,1000,P002,SL02,MG03,485.0,EA,EA,417.0,1,202245.0,222469.5,14,I1,,,0,,X,X,X,F,1000000272,00010
100,4500000273,00010,,,2024-07-23,Material MAT00013,MAT00013,MAT00013,1000,P002,SL02,MG04,20.0,EA,EA,21.26,1,425.2,467.72,14,I1,,,0,,X,X,X,F,1000000273,00010
100,4500000274,00010,,,2024-09-12,Material MAT00015,MAT00015,MAT00015,1000,P001,SL01,MG03,103.0,EA,EA,432.35,1,44532.05,48985.26,14,I1,,,0,,X,X,X,F,,
100,4500000274,00020,,,2024-09-12,Material MAT00005,MAT00005,MAT00005,1000,P001,SL01,MG02,147.0,EA,EA,83.85,1,12325.95,13558.55,14,I1,,,0,,X,X,X,F,,
100,4500000275,00010,,,2024-04-28,Material MAT00022,MAT00022,MAT00022,1000,P002,SL03,MG05,217.0,EA,EA,302.63,1,65670.71,72237.78,14,I1,,,0,,X,X,X,F,1000000275,00010
100,4500000276,00010,,,2024-04-05,Material MAT00009,MAT00009,MAT00009,1000,P003,SL01,MG03,440.0,EA,EA,74.64,1,32841.6,36125.76,14,I1,,,0,,X,X,X,F,1000000276,00010
100,4500000276,00020,,,2024-04-05,Material MAT00005,MAT00005,MAT00005,1000,P003,SL01,MG03,181.0,EA,EA,112.65,1,20389.65,22428.62,14,I1,,,0,,X,X,X,F,1000000276,00020
100,4500000277,00010,,,2024-05-19,Material MAT00016,MAT00016,MAT00016,1000,P001,SL01,MG04,224.0,EA,EA,497.65,1,111473.6,122620.96,14,I1,,,0,,X,X,X,F,1000000277,00010
100,4500000278,00010,,,2024-04-27,Material MAT00019,MAT00019,MAT00019,1000,P003,SL03,MG04,386.0,EA,EA,98.48,1,38013.28,41814.61,14,I1,,,0,,X,X,X,F,1000000278,00010
100,4500000279,00010,,,2024-09-03,Material MAT00015,MAT00015,MAT00015,1000,P001,SL01,MG03,13.0,EA,EA,485.19,1,6307.47,6938.22,14,I1,,,0,,X,X,X,F,,
100,4500000280,00010,,,2024-04-22,Material MAT00001,MAT00001,MAT00001,1000,P001,SL02,MG03,207.0,EA,EA,327.11,1,67711.77,74482.95,14,I1,,,0,,X,X,X,F,1000000280,00010
100,4500000281,00010,,,2024-08-15,Material MAT00003,MAT00003,MAT00003,1000,P002,SL02,MG04,101.0,EA,EA,319.04,1,32223.04,35445.34,14,I1,,,0,,X,X,X,F,1000000281,00010
100,4500000281,00020,,,2024-08-15,Material MAT00008,MAT00008,MAT00008,1000,P002,SL02,MG06,64.0,EA,EA,393.83,1,25205.12,27725.63,14,I1,,,0,,X,X,X,F,1000000281,00020
100,4500000282,00010,,,2024-05-16,Material MAT00022,MAT00022,MAT00022,1000,P002,SL01,MG02,50.0,EA,EA,256.69,1,12834.5,14117.95,14,I1,,,0,,X,X,X,F,1000000282,00010
100,4500000283,00010,,,2024-04-09,Material MAT00007,MAT00007,MAT00007,1000,P002,SL02,MG01,437.0,EA,EA,62.1,1,27137.7,29851.47,14,I1,,,0,,X,X,X,F,1000000283,00010
100,4500000283,00020,,,2024-04-09,Material MAT00010,MAT00010,MAT00010,1000,P002,SL02,MG06,75.0,EA,EA,272.78,1,20458.5,22504.35,14,I1,,,0,,X,X,X,F,1000000283,00020
100,4500000284,00010,,,2024-04-12,Material MAT00021,MAT00021,MAT00021,1000,P003,SL01,MG02,237.0,EA,EA,242.25,1,57413.25,63154.58,14,I1,,,0,,X,X,X,F,1000000284,00010
100,4500000285,00010,,,2024-08-17,Material MAT00004,MAT00004,MAT00004,1000,P001,SL02,MG04,294.0,EA,EA,368.23,1,108259.62,119085.58,14,I1,,,0,,X,X,X,F,1000000285,00010
100,4500000286,00010,,,2024-09-19,Material MAT00004,MAT00004,MAT00004,1000,P003,SL02,MG06,230.0,EA,EA,223.75,1,51462.5,56608.75,14,I1,,,0,,X,X,X,F,1000000286,00010
100,4500000287,00010,,,2024-07-19,Material MAT00010,MAT00010,MAT00010,1000,P003,SL02,MG03,486.0,EA,EA,89.39,1,43443.54,47787.89,14,I1,,,0,,X,X,X,F,,
100,4500000288,00010,,,2024-03-28,Material MAT00012,MAT00012,MAT00012,1000,P001,SL02,MG01,405.0,EA,EA,175.49,1,71073.45,78180.79,14,I1,,,0,,X,X,X,F,1000000288,00010
100,4500000289,00010,,,2024-02-03,Material MAT00023,MAT00023,MAT00023,1000,P003,SL03,MG05,380.0,EA,EA,487.58,1,185280.4,203808.44,14,I1,,,0,,X,X,X,F,1000000289,00010
100,4500000290,00010,,,2024-03-16,Material MAT00011,MAT00011,MAT00011,1000,P001,SL01,MG04,485.0,EA,EA,386.92,1,187656.2,206421.82,14,I1,,,0,,X,X,X,F,1000000290,00010
100,4500000291,00010,,,2024-03-22,Material MAT00008,MAT00008,MAT00008,1000,P001,SL03,MG04,460.0,EA,EA,450.05,1,207023.0,227725.3,14,I1,,,0,,X,X,X,F,1000000291,00010
100,4500000292,00010,,,2024-02-09,Material MAT00019,MAT00019,MAT00019,1000,P003,SL03,MG06,334.0,EA,EA,264.69,1,88406.46,97247.11,14,I1,,,0,,X,X,X,F,1000000292,00010
100,4500000292,00020,,,2024-02-09,Material MAT00003,MAT00003,MAT00003,1000,P003,SL03,MG02,142.0,EA,EA,184.01,1,26129.42,28742.36,14,I1,,,0,,X,X,X,F,1000000292,00020
100,4500000293,00010,,,2024-05-31,Material MAT00017,MAT00017,MAT00017,1000,P003,SL03,MG01,280.0,EA,EA,265.45,1,74326.0,81758.6,14,I1,,,0,,X,X,X,F,1000000293,00010
100,4500000294,00010,,,2024-01-11,Material MAT00010,MAT00010,MAT00010,1000,P003,SL01,MG03,405.0,EA,EA,494.61,1,200317.05,220348.76,14,I1,,,0,,X,X,X,F,1000000294,00010
100,4500000295,00010,,,2024-02-16,Material MAT00014,MAT00014,MAT00014,1000,P001,SL03,MG06,445.0,EA,EA,243.36,1,108295.2,119124.72,14,I1,,,0,,X,X,X,F,1000000295,00010
100,4500000295,00020,,,2024-02-16,Material MAT00012,MAT00012,MAT00012,1000,P001,SL03,MG04,187.0,EA,EA,200.92,1,37572.04,41329.24,14,I1,,,0,,X,X,X,F,1000000295,00020
100,4500000296,00010,,,2024-03-30,Material MAT00002,MAT00002,MAT00002,1000,P001,SL02,MG05,305.0,EA,EA,210.22,1,64117.1,70528.81,14,I1,,,0,,X,X,X,F,1000000296,00010
100,4500000297,00010,,,2024-06-12,Material MAT00002,MAT00002,MAT00002,1000,P001,SL03,MG01,411.0,EA,EA,249.51,1,102548.61,112803.47,14,I1,,,0,,X,X,X,F,1000000297,00010
100,4500000298,00010,,,2024-08-23,Material MAT00015,MAT00015,MAT00015,1000,P001,SL01,MG02,54.0,EA,EA,316.14,1,17071.56,18778.72,14,I1,,,0,,X,X,X,F,1000000298,00010
100,4500000299,00010,,,2024-02-06,Material MAT00007,MAT00007,MAT00007,1000,P003,SL03,MG06,378.0,EA,EA,256.29,1,96877.62,106565.38,14,I1,,,0,,X,X,X,F,1000000299,00010
100,4500000300,00010,,,2024-01-24,Material MAT00014,MAT00014,MAT00014,1000,P002,SL02,MG03,197.0,EA,EA,54.6,1,10756.2,11831.82,14,I1,,,0,,X,X,X,F,1000000300,00010
100,4500000301,00010,,,2024-07-31,Material MAT00005,MAT00005,MAT00005,1000,P002,SL01,MG05,451.0,EA,EA,35.42,1,15974.42,17571.86,14,I1,,,0,,X,X,X,F,,
100,4500000301,00020,,,2024-07-31,Material MAT00007,MAT00007,MAT00007,1000,P002,SL01,MG06,18.0,EA,EA,21.27,1,382.86,421.15,14,I1,,,0,,X,X,X,F,,
100,4500000302,00010,,,2024-08-22,Material MAT00018,MAT00018,MAT00018,1000,P001,SL03,MG01,314.0,EA,EA,330.0,1,103620.0,113982.0,14,I1,,,0,,X,X,X,F,,
100,4500000303,00010,,,2024-02-12,Material MAT00018,MAT00018,MAT00018,1000,P002,SL01,MG02,352.0,EA,EA,416.94,1,146762.88,161439.17,14,I1,,,0,,X,X,X,F,1000000303,00010
100,4500000304,00010,,,2024-06-22,Material MAT00020,MAT00020,MAT00020,1000,P002,SL01,MG01,327.0,EA,EA,11.0,1,3597.0,3956.7,14,I1,,,0,,X,X,X,F,1000000304,00010
100,4500000305,00010,,,2024-04-11,Material MAT00013,MAT00013,MAT00013,1000,P002,SL03,MG01,71.0,EA,EA,191.54,1,13599.34,14959.27,14,I1,,,0,,X,X,X,F,1000000305,00010
100,4500000306,00010,,,2024-04-21,Material MAT00001,MAT00001,MAT00001,1000,P003,SL03,MG05,64.0,EA,EA,145.9,1,9337.6,10271.36,14,I1,,,0,,X,X,X,F,1000000306,00010
100,4500000307,00010,,,2024-01-22,Material MAT00007,MAT00007,MAT00007,1000,P003,SL03,MG04,311.0,EA,EA,343.53,1,106837.83,117521.61,14,I1,,,0,,X,X,X,F,1000000307,00010
100,4500000308,00010,,,2024-08-03,Material MAT00009,MAT00009,MAT00009,1000,P003,SL01,MG06,202.0,EA,EA,174.01,1,35150.02,38665.02,14,I1,,,0,,X,X,X,F,,
100,4500000309,00010,,,2024-05-06,Material MAT00009,MAT00009,MAT00009,1000,P002,SL01,MG01,418.0,EA,EA,412.6,1,172466.8,189713.48,14,I1,,,0,,X,X,X,F,,
100,4500000310,00010,,,2024-08-14,Material MAT00020,MAT00020,MAT00020,1000,P002,SL01,MG05,37.0,EA,EA,35.58,1,1316.46,1448.11,14,I1,,,0,,X,X,X,F,1000000310,00010
100,4500000310,00020,,,2024-08-14,Material MAT00010,MAT00010,MAT00010,1000,P002,SL01,MG06,25.0,EA,EA,263.86,1,6596.5,7256.15,14,I1,,,0,,X,X,X,F,1000000310,00020
100,4500000311,00010,,,2024-08-11,Material MAT00012,MAT00012,MAT00012,1000,P003,SL01,MG02,228.0,EA,EA,129.14,1,29443.92,32388.31,14,I1,,,0,,X,X,X,F,1000000311,00010
100,4500000312,00010,,,2024-02-05,Material MAT00017,MAT00017,MAT00017,1000,P001,SL01,MG03,488.0,EA,EA,323.87,1,158048.56,173853.42,14,I1,,,0,,X,X,X,F,1000000312,00010
100,4500000313,00010,,,2024-05-04,Material MAT00021,MAT00021,MAT00021,1000,P002,SL01,MG02,316.0,EA,EA,127.12,1,40169.92,44186.91,14,I1,,,0,,X,X,X,F,1000000313,00010
100,4500000314,00010,,,2024-05-31,Material MAT00007,MAT00007,MAT00007,1000,P001,SL01,MG02,362.0,EA,EA,176.51,1,63896.62,70286.28,14,I1,,,0,,X,X,X,F,1000000314,00010
100,4500000315,00010,,,2024-02-08,Material MAT00023,MAT00023,MAT00023,1000,P003,SL01,MG03,400.0,EA,EA,103.92,1,41568.0,45724.8,14,I1,,,0,,X,X,X,F,1000000315,00010
100,4500000316,00010,,,2024-09-08,Material MAT00003,MAT00003,MAT00003,1000,P003,SL02,MG05,42.0,EA,EA,259.22,1,10887.24,11975.96,14,I1,,,0,,X,X,X,F,1000000316,00010
100,4500000317,00010,,,2024-04-28,Material MAT00007,MAT00007,MAT00007,1000,P003,SL03,MG05,125.0,EA,EA,117.11,1,14638.75,16102.63,14,I1,,,0,,X,X,X,F,1000000317,00010
100,4500000318,00010,,,2024-08-26,Material MAT00014,MAT00014,MAT00014,1000,P003,SL03,MG01,190.0,EA,EA,253.8,1,48222.0,53044.2,14,I1,,,0,,X,X,X,F,1000000318,00010
100,4500000319,00010,,,2024-02-25,Material MAT00008,MAT00008,MAT00008,1000,P003,SL01,MG03,29.0,EA,EA,108.15,1,3136.35,3449.99,14,I1,,,0,,X,X,X,F,1000000319,00010
100,4500000320,00010,,,2024-09-30,Material MAT00016,MAT00016,MAT00016,1000,P002,SL03,MG02,205.0,EA,EA,121.19,1,24843.95,27328.35,14,I1,,,0,,X,X,X,F,1000000320,00010
100,4500000321,00010,,,2024-03-13,Material MAT00019,MAT00019,MAT00019,1000,P001,SL02,MG04,407.0,EA,EA,418.81,1,170455.67,187501.24,14,I1,,,0,,X,X,X,F,1000000321,00010
100,4500000322,00010,,,2024-04-22,Material MAT00013,MAT00013,MAT00013,1000,P003,SL03,MG06,199.0,EA,EA,242.64,1,48285.36,53113.9,14,I1,,,0,,X,X,X,F,1000000322,00010
100,4500000323,00010,,,2024-05-06,Material MAT00007,MAT00007,MAT00007,1000,P001,SL02,MG04,44.0,EA,EA,38.15,1,1678.6,1846.46,14,I1,,,0,,X,X,X,F,1000000323,00010
100,4500000323,00020,,,2024-05-06,Material MAT00015,MAT00015,MAT00015,1000,P001,SL02,MG02,174.0,EA,EA,60.67,1,10556.58,11612.24,14,I1,,,0,,X,X,X,F,1000000323,00020
100,4500000324,00010,,,2024-08-01,Material MAT00003,MAT00003,MAT00003,1000,P001,SL01,MG04,171.0,EA,EA,288.92,1,49405.32,54345.85,14,I1,,,0,,X,X,X,F,1000000324,00010
100,4500000325,00010,,,2024-08-17,Material MAT00006,MAT00006,MAT00006,1000,P001,SL02,MG02,100.0,EA,EA,288.62,1,28862.0,31748.2,14,I1,,,0,,X,X,X,F,1000000325,00010
100,4500000326,00010,,,2024-08-24,Material MAT00014,MAT00014,MAT00014,1000,P001,SL01,MG04,258.0,EA,EA,236.46,1,61006.68,67107.35,14,I1,,,0,,X,X,X,F,1000000326,00010
100,4500000327,00010,,,2024-08-30,Material MAT00005,MAT00005,MAT00005,1000,P003,SL01,MG03,421.0,EA,EA,307.42,1,129423.82,142366.2,14,I1,,,0,,X,X,X,F,,
100,4500000328,00010,,,2024-06-14,Material MAT00013,MAT00013,MAT00013,1000,P001,SL03,MG03,12.0,EA,EA,388.48,1,4661.76,5127.94,14,I1,,,0,,X,X,X,F,1000000328,00010
100,4500000329,00010,,,2024-08-09,Material MAT00002,MAT00002,MAT00002,1000,P001,SL03,MG05,170.0,EA,EA,285.41,1,48519.7,53371.67,14,I1,,,0,,X,X,X,F,1000000329,00010
100,4500000330,00010,,,2024-07-12,Material MAT00021,MAT00021,MAT00021,1000,P001,SL03,MG03,211.0,EA,EA,386.1,1,81467.1,89613.81,14,I1,,,0,,X,X,X,F,1000000330,00010
100,4500000330,00020,,,2024-07-12,Material MAT00006,MAT00006,MAT00006,1000,P001,SL03,MG01,196.0,EA,EA,269.88,1,52896.48,58186.13,14,I1,,,0,,X,X,X,F,1000000330,00020
100,4500000331,00010,,,2024-03-18,Material MAT00002,MAT00002,MAT00002,1000,P002,SL01,MG06,109.0,EA,EA,194.12,1,21159.08,23274.99,14,I1,,,0,,X,X,X,F,1000000331,00010
100,4500000332,00010,,,2024-06-26,Material MAT00011,MAT00011,MAT00011,1000,P002,SL01,MG06,454.0,EA,EA,335.85,1,152475.9,167723.49,14,I1,,,0,,X,X,X,F,,
100,4500000332,00020,,,2024-06-26,Material MAT00004,MAT00004,MAT00004,1000,P002,SL01,MG02,15.0,EA,EA,396.88,1,5953.2,6548.52,14,I1,,,0,,X,X,X,F,,
100,4500000333,00010,,,2024-06-04,Material MAT00010,MAT00010,MAT00010,1000,P002,SL01,MG03,109.0,EA,EA,432.59,1,47152.31,51867.54,14,I1,,,0,,X,X,X,F,1000000333,00010
100,4500000334,00010,,,2024-06-11,Material MAT00003,MAT00003,MAT00003,1000,P001,SL02,MG04,281.0,EA,EA,96.09,1,27001.29,29701.42,14,I1,,,0,,X,X,X,F,1000000334,00010
100,4500000334,00020,,,2024-06-11,Material MAT00015,MAT00015,MAT00015,1000,P001,SL02,MG05,42.0,EA,EA,15.01,1,630.42,693.46,14,I1,,,0,,X,X,X,F,1000000334,00020
100,4500000335,00010,,,2024-03-30,Material MAT00019,MAT00019,MAT00019,1000,P001,SL01,MG06,388.0,EA,EA,378.27,1,146768.76,161445.64,14,I1,,,0,,X,X,X,F,1000000335,00010
100,4500000336,00010,,,2024-08-31,Material MAT00009,MAT00009,MAT00009,1000,P003,SL01,MG01,131.0,EA,EA,293.39,1,38434.09,42277.5,14,I1,,,0,,X,X,X,F,1000000336,00010
100,4500000337,00010,,,2024-06-16,Material MAT00019,MAT00019,MAT00019,1000,P003,SL03,MG02,439.0,EA,EA,366.55,1,160915.45,177007.0,14,I1,,,0,,X,X,X,F,1000000337,00010
100,4500000337,00020,,,2024-06-16,Material MAT00008,MAT00008,MAT00008,1000,P003,SL03,MG06,5.0,EA,EA,37.24,1,186.2,204.82,14,I1,,,0,,X,X,X,F,1000000337,00020
100,4500000338,00010,,,2024-04-24,Material MAT00015,MAT00015,MAT00015,1000,P001,SL03,MG04,377.0,EA,EA,406.5,1,153250.5,168575.55,14,I1,,,0,,X,X,X,F,1000000338,00010
100,4500000339,00010,,,2024-02-08,Material MAT00001,MAT00001,MAT00001,1000,P002,SL02,MG05,295.0,EA,EA,493.93,1,145709.35,160280.29,14,I1,,,0,,X,X,X,F,1000000339,00010
100,4500000340,00010,,,2024-02-06,Material MAT00013,MAT00013,MAT00013,1000,P001,SL02,MG01,59.0,EA,EA,233.89,1,13799.51,15179.46,14,I1,,,0,,X,X,X,F,1000000340,00010
100,4500000341,00010,,,2024-07-14,Material MAT00001,MAT00001,MAT00001,1000,P001,SL01,MG04,371.0,EA,EA,342.19,1,126952.49,139647.74,14,I1,,,0,,X,X,X,F,1000000341,00010
100,4500000342,00010,,,2024-09-22,Material MAT00005,MAT00005,MAT00005,1000,P003,SL03,MG01,418.0,EA,EA,498.19,1,208243.42,229067.76,14,I1,,,0,,X,X,X,F,1000000342,00010
100,4500000342,00020,,,2024-09-22,Material MAT00002,MAT00002,MAT00002,1000,P003,SL03,MG01,26.0,EA,EA,397.41,1,10332.66,11365.93,14,I1,,,0,,X,X,X,F,1000000342,00020
100,4500000343,00010,,,2024-06-30,Material MAT00003,MAT00003,MAT00003,1000,P003,SL03,MG06,386.0,EA,EA,304.33,1,117471.38,129218.52,14,I1,,,0,,X,X,X,F,1000000343,00010
100,4500000343,00020,,,2024-06-30,Material MAT00006,MAT00006,MAT00006,1000,P003,SL03,MG06,149.0,EA,EA,375.51,1,55950.99,61546.09,14,I1,,,0,,X,X,X,F,1000000343,00020
100,4500000344,00010,,,2024-04-28,Material MAT00017,MAT00017,MAT00017,1000,P002,SL02,MG04,274.0,EA,EA,235.7,1,64581.8,71039.98,14,I1,,,0,,X,X,X,F,1000000344,00010
100,4500000344,00020,,,2024-04-28,Material MAT00012,MAT00012,MAT00012,1000,P002,SL02,MG06,29.0,EA,EA,398.77,1,11564.33,12720.76,14,I1,,,0,,X,X,X,F,1000000344,00020
100,4500000345,00010,,,2024-09-16,Material MAT00006,MAT00006,MAT00006,1000,P003,SL01,MG05,492.0,EA,EA,333.03,1,163850.76,180235.84,14,I1,,,0,,X,X,X,F,1000000345,00010
100,4500000346,00010,,,2024-03-07,Material MAT00004,MAT00004,MAT00004,1000,P003,SL03,MG05,468.0,EA,EA,159.0,1,74412.0,81853.2,14,I1,,,0,,X,X,X,F,,
100,4500000347,00010,,,2024-03-24,Material MAT00022,MAT00022,MAT00022,1000,P003,SL03,MG04,422.0,EA,EA,463.73,1,195694.06,215263.47,14,I1,,,0,,X,X,X,F,1000000347,00010
100,4500000348,00010,,,2024-04-08,Material MAT00010,MAT00010,MAT00010,1000,P001,SL02,MG06,349.0,EA,EA,399.71,1,139498.79,153448.67,14,I1,,,0,,X,X,X,F,1000000348,00010
100,4500000349,00010,,,2024-04-10,Material MAT00019,MAT00019,MAT00019,1000,P002,SL02,MG03,354.0,EA,EA,156.2,1,55294.8,60824.28,14,I1,,,0,,X,X,X,F,1000000349,00010
100,4500000350,00010,,,2024-03-07,Material MAT00007,MAT00007,MAT00007,1000,P003,SL03,MG01,98.0,EA,EA,281.81,1,27617.38,30379.12,14,I1,,,0,,X,X,X,F,1000000350,00010
100,4500000351,00010,,,2024-01-07,Material MAT00014,MAT00014,MAT00014,1000,P002,SL03,MG02,474.0,EA,EA,264.53,1,125387.22,137925.94,14,I1,,,0,,X,X,X,F,1000000351,00010
100,4500000352,00010,,,2024-07-09,Material MAT00019,MAT00019,MAT00019,1000,P001,SL03,MG04,315.0,EA,EA,46.44,1,14628.6,16091.46,14,I1,,,0,,X,X,X,F,1000000352,00010
100,4500000353,00010,,,2024-07-18,Material MAT00023,MAT00023,MAT00023,1000,P002,SL03,MG04,412.0,EA,EA,306.42,1,126245.04,138869.54,14,I1,,,0,,X,X,X,F,1000000353,00010
100,4500000353,00020,,,2024-07-18,Material MAT00007,MAT00007,MAT00007,1000,P002,SL03,MG03,18.0,EA,EA,259.67,1,4674.06,5141.47,14,I1,,,0,,X,X,X,F,1000000353,00020
100,4500000354,00010,,,2024-09-12,Material MAT00019,MAT00019,MAT00019,1000,P001,SL03,MG01,353.0,EA,EA,434.05,1,153219.65,168541.62,14,I1,,,0,,X,X,X,F,1000000354,00010
100,4500000355,00010,,,2024-07-18,Material MAT00002,MAT00002,MAT00002,1000,P002,SL03,MG03,308.0,EA,EA,356.33,1,109749.64,120724.6,14,I1,,,0,,X,X,X,F,1000000355,00010
100,4500000356,00010,,,2024-05-07,Material MAT00003,MAT00003,MAT00003,1000,P001,SL03,MG04,38.0,EA,EA,374.27,1,14222.26,15644.49,14,I1,,,0,,X,X,X,F,1000000356,00010
100,4500000357,00010,,,2024-09-26,Material MAT00008,MAT00008,MAT00008,1000,P003,SL02,MG02,230.0,EA,EA,92.58,1,21293.4,23422.74,14,I1,,,0,,X,X,X,F,,
100,4500000358,00010,,,2024-06-10,Material MAT00010,MAT00010,MAT00010,1000,P001,SL03,MG03,114.0,EA,EA,371.63,1,42365.82,46602.4,14,I1,,,0,,X,X,X,F,1000000358,00010
100,4500000359,00010,,,2024-07-03,Material MAT00013,MAT00013,MAT00013,1000,P002,SL03,MG04,107.0,EA,EA,269.26,1,28810.82,31691.9,14,I1,,,0,,X,X,X,F,,
100,4500000360,00010,,,2024-08-18,Material MAT00015,MAT00015,MAT00015,1000,P003,SL02,MG02,376.0,EA,EA,12.85,1,4831.6,5314.76,14,I1,,,0,,X,X,X,F,1000000360,00010
100,4500000361,00010,,,2024-09-21,Material MAT00016,MAT00016,MAT00016,1000,P002,SL01,MG02,72.0,EA,EA,378.03,1,27218.16,29939.98,14,I1,,,0,,X,X,X,F,1000000361,00010
100,4500000362,00010,,,2024-09-09,Material MAT00014,MAT00014,MAT00014,1000,P002,SL03,MG03,50.0,EA,EA,220.19,1,11009.5,12110.45,14,I1,,,0,,X,X,X,F,1000000362,00010
100,4500000362,00020,,,2024-09-09,Material MAT00012,MAT00012,MAT00012,1000,P002,SL03,MG02,147.0,EA,EA,248.33,1,36504.51,40154.96,14,I1,,,0,,X,X,X,F,1000000362,00020
100,4500000363,00010,,,2024-07-21,Material MAT00002,MAT00002,MAT00002,1000,P003,SL01,MG04,353.0,EA,EA,490.26,1,173061.78,190367.96,14,I1,,,0,,X,X,X,F,1000000363,00010
100,4500000364,00010,,,2024-01-06,Material MAT00002,MAT00002,MAT00002,1000,P002,SL01,MG04,168.0,EA,EA,149.81,1,25168.08,27684.89,14,I1,,,0,,X,X,X,F,1000000364,00010
100,4500000365,00010,,,2024-10-06,Material MAT00019,MAT00019,MAT00019,1000,P002,SL02,MG02,329.0,EA,EA,112.92,1,37150.68,40865.75,14,I1,,,0,,X,X,X,F,1000000365,00010
100,4500000365,00020,,,2024-10-06,Material MAT00009,MAT00009,MAT00009,1000,P002,SL02,MG04,126.0,EA,EA,127.58,1,16075.08,17682.59,14,I1,,,0,,X,X,X,F,1000000365,00020
100,4500000366,00010,,,2024-03-04,Material MAT00021,MAT00021,MAT00021,1000,P002,SL02,MG02,267.0,EA,EA,476.7,1,127278.9,140006.79,14,I1,,,0,,X,X,X,F,,
100,4500000367,00010,,,2024-08-23,Material MAT00006,MAT00006,MAT00006,1000,P003,SL03,MG02,286.0,EA,EA,201.22,1,57548.92,63303.81,14,I1,,,0,,X,X,X,F,1000000367,00010
100,4500000368,00010,,,2024-03-07,Material MAT00018,MAT00018,MAT00018,1000,P002,SL03,MG02,271.0,EA,EA,153.0,1,41463.0,45609.3,14,I1,,,0,,X,X,X,F,1000000368,00010
100,4500000369,00010,,,2024-06-06,Material MAT00014,MAT00014,MAT00014,1000,P002,SL03,MG02,410.0,EA,EA,413.73,1,169629.3,186592.23,14,I1,,,0,,X,X,X,F,1000000369,00010
100,4500000370,00010,,,2024-07-13,Material MAT00014,MAT00014,MAT00014,1000,P001,SL02,MG06,253.0,EA,EA,235.1,1,59480.3,65428.33,14,I1,,,0,,X,X,X,F,1000000370,00010
100,4500000370,00020,,,2024-07-13,Material MAT00004,MAT00004,MAT00004,1000,P001,SL02,MG02,19.0,EA,EA,38.1,1,723.9,796.29,14,I1,,,0,,X,X,X,F,1000000370,00020
100,4500000371,00010,,,2024-03-04,Material MAT00001,MAT00001,MAT00001,1000,P002,SL01,MG02,357.0,EA,EA,109.14,1,38962.98,42859.28,14,I1,,,0,,X,X,X,F,1000000371,00010
100,4500000372,00010,,,2024-09-29,Material MAT00004,MAT00004,MAT00004,1000,P001,SL03,MG02,11.0,EA,EA,119.91,1,1319.01,1450.91,14,I1,,,0,,X,X,X,F,1000000372,00010
100,4500000372,00020,,,2024-09-29,Material MAT00004,MAT00004,MAT00004,1000,P001,SL03,MG03,25.0,EA,EA,382.78,1,9569.5,10526.45,14,I1,,,0,,X,X,X,F,1000000372,00020
100,4500000373,00010,,,2024-06-04,Material MAT00022,MAT00022,MAT00022,1000,P003,SL02,MG03,143.0,EA,EA,254.63,1,36412.09,40053.3,14,I1,,,0,,X,X,X,F,,
100,4500000373,00020,,,2024-06-04,Material MAT00013,MAT00013,MAT00013,1000,P003,SL02,MG01,195.0,EA,EA,327.71,1,63903.45,70293.79,14,I1,,,0,,X,X,X,F,,
100,4500000374,00010,,,2024-06-25,Material MAT00020,MAT00020,MAT00020,1000,P002,SL02,MG04,198.0,EA,EA,279.18,1,55277.64,60805.4,14,I1,,,0,,X,X,X,F,1000000374,00010
100,4500000375,00010,,,2024-02-07,Material MAT00004,MAT00004,MAT00004,1000,P003,SL02,MG04,426.0,EA,EA,391.54,1,166796.04,183475.64,14,I1,,,0,,X,X,X,F,1000000375,00010
100,4500000376,00010,,,2024-08-12,Material MAT00023,MAT00023,MAT00023,1000,P002,SL03,MG01,62.0,EA,EA,294.99,1,18289.38,20118.32,14,I1,,,0,,X,X,X,F,1000000376,00010
100,4500000377,00010,,,2024-06-02,Material MAT00017,MAT00017,MAT00017,1000,P002,SL03,MG03,228.0,EA,EA,325.98,1,74323.44,81755.78,14,I1,,,0,,X,X,X,F,,
100,4500000378,00010,,,2024-09-20,Material MAT00019,MAT00019,MAT00019,1000,P003,SL03,MG02,218.0,EA,EA,86.83,1,18928.94,20821.83,14,I1,,,0,,X,X,X,F,1000000378,00010
100,4500000379,00010,,,2024-07-26,Material MAT00021,MAT00021,MAT00021,1000,P002,SL02,MG03,404.0,EA,EA,326.86,1,132051.44,145256.58,14,I1,,,0,,X,X,X,F,,
100,4500000380,00010,,,2024-04-23,Material MAT00007,MAT00007,MAT00007,1000,P003,SL01,MG01,142.0,EA,EA,488.56,1,69375.52,76313.07,14,I1,,,0,,X,X,X,F,1000000380,00010
100,4500000381,00010,,,2024-02-26,Material MAT00023,MAT00023,MAT00023,1000,P003,SL02,MG05,257.0,EA,EA,256.07,1,65809.99,72390.99,14,I1,,,0,,X,X,X,F,1000000381,00010
100,4500000382,00010,,,2024-03-15,Material MAT00015,MAT00015,MAT00015,1000,P003,SL03,MG02,316.0,EA,EA,470.67,1,148731.72,163604.89,14,I1,,,0,,X,X,X,F,1000000382,00010
100,4500000383,00010,,,2024-06-01,Material MAT00003,MAT00003,MAT00003,1000,P001,SL02,MG04,54.0,EA,EA,97.8,1,5281.2,5809.32,14,I1,,,0,,X,X,X,F,1000000383,00010
100,4500000384,00010,,,2024-09-30,Material MAT00012,MAT00012,MAT00012,1000,P003,SL01,MG06,193.0,EA,EA,344.28,1,66446.04,73090.64,14,I1,,,0,,X,X,X,F,1000000384,00010
100,4500000385,00010,,,2024-08-31,Material MAT00015,MAT00015,MAT00015,1000,P001,SL02,MG02,369.0,EA,EA,459.56,1,169577.64,186535.4,14,I1,,,0,,X,X,X,F,1000000385,00010
100,4500000386,00010,,,2024-01-26,Material MAT00019,MAT00019,MAT00019,1000,P003,SL01,MG01,469.0,EA,EA,187.13,1,87763.97,96540.37,14,I1,,,0,,X,X,X,F,1000000386,00010
100,4500000386,00020,,,2024-01-26,Material MAT00007,MAT00007,MAT00007,1000,P003,SL01,MG04,21.0,EA,EA,350.77,1,7366.17,8102.79,14,I1,,,0,,X,X,X,F,1000000386,00020
100,4500000387,00010,,,2024-08-18,Material MAT00023,MAT00023,MAT00023,1000,P003,SL03,MG06,201.0,EA,EA,14.87,1,2988.87,3287.76,14,I1,,,0,,X,X,X,F,1000000387,00010
100,4500000388,00010,,,2024-01-04,Material MAT00017,MAT00017,MAT00017,1000,P003,SL02,MG02,323.0,EA,EA,293.4,1,94768.2,104245.02,14,I1,,,0,,X,X,X,F,,
100,4500000389,00010,,,2024-09-25,Material MAT00010,MAT00010,MAT00010,1000,P002,SL01,MG03,255.0,EA,EA,499.53,1,127380.15,140118.17,14,I1,,,0,,X,X,X,F,1000000389,00010
100,4500000390,00010,,,2024-08-12,Material MAT00022,MAT00022,MAT00022,1000,P002,SL02,MG01,470.0,EA,EA,453.88,1,213323.6,234655.96,14,I1,,,0,,X,X,X,F,,
100,4500000391,00010,,,2024-05-05,Material MAT00007,MAT00007,MAT00007,1000,P003,SL02,MG03,197.0,EA,EA,105.82,1,20846.54,22931.19,14,I1,,,0,,X,X,X,F,1000000391,00010
100,4500000392,00010,,,2024-01-22,Material MAT00014,MAT00014,MAT00014,1000,P003,SL01,MG02,397.0,EA,EA,421.98,1,167526.06,184278.67,14,I1,,,0,,X,X,X,F,1000000392,00010
100,4500000393,00010,,,2024-06-20,Material MAT00013,MAT00013,MAT00013,1000,P002,SL03,MG06,123.0,EA,EA,357.91,1,44022.93,48425.22,14,I1,,,0,,X,X,X,F,1000000393,00010
100,4500000394,00010,,,2024-07-08,Material MAT00021,MAT00021,MAT00021,1000,P003,SL01,MG03,450.0,EA,EA,155.49,1,69970.5,76967.55,14,I1,,,0,,X,X,X,F,1000000394,00010
100,4500000395,00010,,,2024-09-21,Material MAT00003,MAT00003,MAT00003,1000,P002,SL01,MG01,201.0,EA,EA,250.61,1,50372.61,55409.87,14,I1,,,0,,X,X,X,F,1000000395,00010
100,4500000396,00010,,,2024-07-01,Material MAT00004,MAT00004,MAT00004,1000,P001,SL03,MG02,304.0,EA,EA,12.46,1,3787.84,4166.62,14,I1,,,0,,X,X,X,F,1000000396,00010
100,4500000397,00010,,,2024-05-28,Material MAT00009,MAT00009,MAT00009,1000,P003,SL03,MG06,181.0,EA,EA,280.23,1,50721.63,55793.79,14,I1,,,0,,X,X,X,F,1000000397,00010
100,4500000398,00010,,,2024-04-25,Material MAT00006,MAT00006,MAT00006,1000,P003,SL03,MG05,443.0,EA,EA,217.63,1,96410.09,106051.1,14,I1,,,0,,X,X,X,F,1000000398,00010
100,4500000399,00010,,,2024-03-05,Material MAT00001,MAT00001,MAT00001,1000,P003,SL02,MG06,398.0,EA,EA,185.29,1,73745.42,81119.96,14,I1,,,0,,X,X,X,F,1000000399,00010
100,4500000400,00010,,,2024-06-03,Material MAT00013,MAT00013,MAT00013,1000,P002,SL01,MG06,117.0,EA,EA,284.87,1,33329.79,36662.77,14,I1,,,0,,X,X,X,F,1000000400,00010
100,4500000401,00010,,,2024-06-25,Material MAT00020,MAT00020,MAT00020,1000,P001,SL02,MG02,292.0,EA,EA,149.67,1,43703.64,48074.0,14,I1,,,0,,X,X,X,F,1000000401,00010
100,4500000401,00020,,,2024-06-25,Material MAT00013,MAT00013,MAT00013,1000,P001,SL02,MG03,86.0,EA,EA,127.39,1,10955.54,12051.09,14,I1,,,0,,X,X,X,F,1000000401,00020
100,4500000402,00010,,,2024-04-29,Material MAT00001,MAT00001,MAT00001,1000,P001,SL02,MG02,62.0,EA,EA,168.2,1,10428.4,11471.24,14,I1,,,0,,X,X,X,F,1000000402,00010
100,4500000403,00010,,,2024-08-28,Material MAT00005,MAT00005,MAT00005,1000,P002,SL02,MG06,432.0,EA,EA,378.99,1,163723.68,180096.05,14,I1,,,0,,X,X,X,F,1000000403,00010
100,4500000404,00010,,,2024-05-14,Material MAT00012,MAT00012,MAT00012,1000,P002,SL02,MG01,429.0,EA,EA,350.53,1,150377.37,165415.11,14,I1,,,0,,X,X,X,F,1000000404,00010
100,4500000405,00010,,,2024-08-30,Material MAT00023,MAT00023,MAT00023,1000,P003,SL02,MG04,257.0,EA,EA,457.92,1,117685.44,129453.98,14,I1,,,0,,X,X,X,F,1000000405,00010
100,4500000406,00010,,,2024-08-29,Material MAT00001,MAT00001,MAT00001,1000,P003,SL01,MG01,243.0,EA,EA,270.13,1,65641.59,72205.75,14,I1,,,0,,X,X,X,F,1000000406,00010
100,4500000407,00010,,,2024-07-24,Material MAT00021,MAT00021,MAT00021,1000,P002,SL01,MG05,154.0,EA,EA,207.32,1,31927.28,35120.01,14,I1,,,0,,X,X,X,F,1000000407,00010
100,4500000408,00010,,,2024-08-03,Material MAT00008,MAT00008,MAT00008,1000,P003,SL01,MG02,118.0,EA,EA,413.79,1,48827.22,53709.94,14,I1,,,0,,X,X,X,F,1000000408,00010
100,4500000409,00010,,,2024-05-08,Material MAT00023,MAT00023,MAT00023,1000,P002,SL03,MG06,44.0,EA,EA,101.8,1,4479.2,4927.12,14,I1,,,0,,X,X,X,F,1000000409,00010
100,4500000409,00020,,,2024-05-08,Material MAT00013,MAT00013,MAT00013,1000,P002,SL03,MG04,171.0,EA,EA,241.66,1,41323.86,45456.25,14,I1,,,0,,X,X,X,F,1000000409,00020
100,4500000410,00010,,,2024-02-23,Material MAT00005,MAT00005,MAT00005,1000,P003,SL03,MG06,371.0,EA,EA,231.78,1,85990.38,94589.42,14,I1,,,0,,X,X,X,F,1000000410,00010
100,4500000411,00010,,,2024-10-02,Material MAT00022,MAT00022,MAT00022,1000,P002,SL01,MG03,82.0,EA,EA,211.06,1,17306.92,19037.61,14,I1,,,0,,X,X,X,F,1000000411,00010
100,4500000412,00010,,,2024-03-31,Material MAT00017,MAT00017,MAT00017,1000,P002,SL03,MG03,299.0,EA,EA,473.18,1,141480.82,155628.9,14,I1,,,0,,X,X,X,F,,
100,4500000413,00010,,,2024-03-18,Material MAT00015,MAT00015,MAT00015,1000,P002,SL03,MG01,336.0,EA,EA,158.79,1,53353.44,58688.78,14,I1,,,0,,X,X,X,F,,
100,4500000413,00020,,,2024-03-18,Material MAT00001,MAT00001,MAT00001,1000,P002,SL03,MG03,100.0,EA,EA,11.99,1,1199.0,1318.9,14,I1,,,0,,X,X,X,F,,
100,4500000414,00010,,,2024-04-09,Material MAT00005,MAT00005,MAT00005,1000,P001,SL01,MG02,117.0,EA,EA,241.86,1,28297.62,31127.38,14,I1,,,0,,X,X,X,F,,
100,4500000414,00020,,,2024-04-09,Material MAT00007,MAT00007,MAT00007,1000,P001,SL01,MG05,137.0,EA,EA,135.77,1,18600.49,20460.54,14,I1,,,0,,X,X,X,F,,
100,4500000415,00010,,,2024-02-25,Material MAT00014,MAT00014,MAT00014,1000,P003,SL01,MG03,350.0,EA,EA,256.87,1,89904.5,98894.95,14,I1,,,0,,X,X,X,F,1000000415,00010
100,4500000416,00010,,,2024-09-26,Material MAT00019,MAT00019,MAT00019,1000,P003,SL02,MG04,276.0,EA,EA,287.13,1,79247.88,87172.67,14,I1,,,0,,X,X,X,F,1000000416,00010
100,4500000417,00010,,,2024-09-13,Material MAT00010,MAT00010,MAT00010,1000,P002,SL03,MG05,40.0,EA,EA,372.83,1,14913.2,16404.52,14,I1,,,0,,X,X,X,F,1000000417,00010
100,4500000418,00010,,,2024-02-09,Material MAT00004,MAT00004,MAT00004,1000,P003,SL03,MG01,441.0,EA,EA,264.71,1,116737.11,128410.82,14,I1,,,0,,X,X,X,F,1000000418,00010
100,4500000419,00010,,,2024-03-12,Material MAT00022,MAT00022,MAT00022,1000,P002,SL03,MG05,21.0,EA,EA,79.43,1,1668.03,1834.83,14,I1,,,0,,X,X,X,F,1000000419,00010
100,4500000420,00010,,,2024-08-12,Material MAT00015,MAT00015,MAT00015,1000,P002,SL02,MG05,24.0,EA,EA,233.97,1,5615.28,6176.81,14,I1,,,0,,X,X,X,F,1000000420,00010
100,4500000421,00010,,,2024-10-03,Material MAT00012,MAT00012,MAT00012,1000,P003,SL03,MG03,96.0,EA,EA,84.19,1,8082.24,8890.46,14,I1,,,0,,X,X,X,F,1000000421,00010
100,4500000421,00020,,,2024-10-03,Material MAT00012,MAT00012,MAT00012,1000,P003,SL03,MG05,186.0,EA,EA,312.41,1,58108.26,63919.09,14,I1,,,0,,X,X,X,F,1000000421,00020
100,4500000422,00010,,,2024-09-07,Material MAT00022,MAT00022,MAT00022,1000,P003,SL01,MG02,406.0,EA,EA,369.0,1,149814.0,164795.4,14,I1,,,0,,X,X,X,F,1000000422,00010
100,4500000423,00010,,,2024-03-19,Material MAT00013,MAT00013,MAT00013,1000,P001,SL03,MG02,108.0,EA,EA,133.72,1,14441.76,15885.94,14,I1,,,0,,X,X,X,F,1000000423,00010
100,4500000424,00010,,,2024-02-13,Material MAT00019,MAT00019,MAT00019,1000,P001,SL02,MG02,368.0,EA,EA,456.38,1,167947.84,184742.62,14,I1,,,0,,X,X,X,F,1000000424,00010
100,4500000425,00010,,,2024-06-06,Material MAT00017,MAT00017,MAT00017,1000,P003,SL01,MG02,123.0,EA,EA,304.73,1,37481.79,41229.97,14,I1,,,0,,X,X,X,F,1000000425,00010
100,4500000426,00010,,,2024-02-08,Material MAT00013,MAT00013,MAT00013,1000,P003,SL01,MG01,296.0,EA,EA,469.09,1,138850.64,152735.7,14,I1,,,0,,X,X,X,F,1000000426,00010
100,4500000427,00010,,,2024-01-26,Material MAT00003,MAT00003,MAT00003,1000,P001,SL01,MG02,303.0,EA,EA,310.09,1,93957.27,103353.0,14,I1,,,0,,X,X,X,F,1000000427,00010
100,4500000428,00010,,,2024-07-23,Material MAT00007,MAT00007,MAT00007,1000,P001,SL01,MG06,19.0,EA,EA,246.26,1,4678.94,5146.83,14,I1,,,0,,X,X,X,F,1000000428,00010
100,4500000429,00010,,,2024-05-03,Material MAT00008,MAT00008,MAT00008,1000,P002,SL02,MG01,121.0,EA,EA,376.26,1,45527.46,50080.21,14,I1,,,0,,X,X,X,F,1000000429,00010
100,4500000429,00020,,,2024-05-03,Material MAT00011,MAT00011,MAT00011,1000,P002,SL02,MG02,179.0,EA,EA,399.25,1,71465.75,78612.33,14,I1,,,0,,X,X,X,F,1000000429,00020
100,4500000430,00010,,,2024-06-10,Material MAT00023,MAT00023,MAT00023,1000,P002,SL01,MG06,436.0,EA,EA,129.66,1,56531.76,62184.94,14,I1,,,0,,X,X,X,F,1000000430,00010
100,4500000431,00010,,,2024-03-18,Material MAT00012,MAT00012,MAT00012,1000,P003,SL01,MG04,226.0,EA,EA,384.45,1,86885.7,95574.27,14,I1,,,0,,X,X,X,F,1000000431,00010
100,4500000432,00010,,,2024-04-23,Material MAT00008,MAT00008,MAT00008,1000,P002,SL02,MG05,221.0,EA,EA,35.61,1,7869.81,8656.79,14,I1,,,0,,X,X,X,F,1000000432,00010
100,4500000433,00010,,,2024-07-18,Material MAT00004,MAT00004,MAT00004,1000,P003,SL03,MG02,218.0,EA,EA,362.42,1,79007.56,86908.32,14,I1,,,0,,X,X,X,F,,
100,4500000434,00010,,,2024-05-27,Material MAT00012,MAT00012,MAT00012,1000,P001,SL03,MG03,330.0,EA,EA,388.07,1,128063.1,140869.41,14,I1,,,0,,X,X,X,F,1000000434,00010
100,4500000435,00010,,,2024-06-14,Material MAT00020,MAT00020,MAT00020,1000,P003,SL01,MG02,136.0,EA,EA,395.5,1,53788.0,59166.8,14,I1,,,0,,X,X,X,F,1000000435,00010
100,4500000435,00020,,,2024-06-14,Material MAT00008,MAT00008,MAT00008,1000,P003,SL01,MG06,118.0,EA,EA,26.36,1,3110.48,3421.53,14,I1,,,0,,X,X,X,F,1000000435,00020
100,4500000436,00010,,,2024-02-15,Material MAT00017,MAT00017,MAT00017,1000,P003,SL02,MG06,289.0,EA,EA,416.28,1,120304.92,132335.41,14,I1,,,0,,X,X,X,F,1000000436,00010
100,4500000437,00010,,,2024-01-30,Material MAT00012,MAT00012,MAT00012,1000,P003,SL01,MG02,23.0,EA,EA,308.43,1,7093.89,7803.28,14,I1,,,0,,X,X,X,F,1000000437,00010
100,4500000438,00010,,,2024-03-14,Material MAT00018,MAT00018,MAT00018,1000,P003,SL03,MG03,35.0,EA,EA,241.44,1,8450.4,9295.44,14,I1,,,0,,X,X,X,F,1000000438,00010
100,4500000439,00010,,,2024-02-17,Material MAT00012,MAT00012,MAT00012,1000,P002,SL03,MG04,47.0,EA,EA,187.53,1,8813.91,9695.3,14,I1,,,0,,X,X,X,F,1000000439,00010
100,4500000440,00010,,,2024-08-05,Material MAT00003,MAT00003,MAT00003,1000,P002,SL02,MG01,292.0,EA,EA,319.99,1,93437.08,102780.79,14,I1,,,0,,X,X,X,F,1000000440,00010
100,4500000440,00020,,,2024-08-05,Material MAT00003,MAT00003,MAT00003,1000,P002,SL02,MG05,198.0,EA,EA,61.63,1,12202.74,13423.01,14,I1,,,0,,X,X,X,F,1000000440,00020
100,4500000441,00010,,,2024-08-07,Material MAT00015,MAT00015,MAT00015,1000,P001,SL01,MG06,419.0,EA,EA,151.75,1,63583.25,69941.58,14,I1,,,0,,X,X,X,F,1000000441,00010
100,4500000441,00020,,,2024-08-07,Material MAT00006,MAT00006,MAT00006,1000,P001,SL01,MG05,91.0,EA,EA,208.38,1,18962.58,20858.84,14,I1,,,0,,X,X,X,F,1000000441,00020
100,4500000442,00010,,,2024-04-07,Material MAT00011,MAT00011,MAT00011,1000,P002,SL02,MG05,473.0,EA,EA,442.37,1,209241.01,230165.11,14,I1,,,0,,X,X,X,F,1000000442,00010
100,4500000443,00010,,,2024-05-28,Material MAT00008,MAT00008,MAT00008,1000,P002,SL02,MG05,281.0,EA,EA,259.26,1,72852.06,80137.27,14,I1,,,0,,X,X,X,F,1000000443,00010
100,4500000444,00010,,,2024-06-05,Material MAT00015,MAT00015,MAT00015,1000,P002,SL03,MG03,460.0,EA,EA,68.77,1,31634.2,34797.62,14,I1,,,0,,X,X,X,F,1000000444,00010
100,4500000445,00010,,,2024-06-10,Material MAT00023,MAT00023,MAT00023,1000,P003,SL03,MG06,399.0,EA,EA,165.59,1,66070.41,72677.45,14,I1,,,0,,X,X,X,F,,
100,4500000446,00010,,,2024-08-15,Material MAT00001,MAT00001,MAT00001,1000,P001,SL03,MG05,309.0,EA,EA,357.9,1,110591.1,121650.21,14,I1,,,0,,X,X,X,F,1000000446,00010
100,4500000446,00020,,,2024-08-15,Material MAT00015,MAT00015,MAT00015,1000,P001,SL03,MG06,62.0,EA,EA,199.17,1,12348.54,13583.39,14,I1,,,0,,X,X,X,F,1000000446,00020
100,4500000447,00010,,,2024-08-10,Material MAT00022,MAT00022,MAT00022,1000,P002,SL02,MG06,479.0,EA,EA,333.7,1,159842.3,175826.53,14,I1,,,0,,X,X,X,F,1000000447,00010
100,4500000448,00010,,,2024-06-19,Material MAT00009,MAT00009,MAT00009,1000,P001,SL03,MG04,227.0,EA,EA,205.35,1,46614.45,51275.9,14,I1,,,0,,X,X,X,F,1000000448,00010
100,4500000449,00010,,,2024-07-18,Material MAT00001,MAT00001,MAT00001,1000,P003,SL03,MG05,457.0,EA,EA,385.75,1,176287.75,193916.53,14,I1,,,0,,X,X,X,F,1000000449,00010
100,4500000450,00010,,,2024-05-12,Material MAT00018,MAT00018,MAT00018,1000,P002,SL02,MG01,20.0,EA,EA,470.77,1,9415.4,10356.94,14,I1,,,0,,X,X,X,F,1000000450,00010
100,4500000450,00020,,,2024-05-12,Material MAT00014,MAT00014,MAT00014,1000,P002,SL02,MG02,158.0,EA,EA,265.56,1,41958.48,46154.33,14,I1,,,0,,X,X,X,F,1000000450,00020
100,4500000451,00010,,,2024-06-19,Material MAT00007,MAT00007,MAT00007,1000,P001,SL03,MG02,261.0,EA,EA,21.48,1,5606.28,6166.91,14,I1,,,0,,X,X,X,F,1000000451,00010
100,4500000452,00010,,,2024-01-17,Material MAT00013,MAT00013,MAT00013,1000,P003,SL03,MG02,476.0,EA,EA,383.72,1,182650.72,200915.79,14,I1,,,0,,X,X,X,F,1000000452,00010
100,4500000453,00010,,,2024-03-21,Material MAT00003,MAT00003,MAT00003,1000,P001,SL02,MG04,266.0,EA,EA,421.43,1,112100.38,123310.42,14,I1,,,0,,X,X,X,F,1000000453,00010
100,4500000454,00010,,,2024-05-07,Material MAT00021,MAT00021,MAT00021,1000,P003,SL02,MG04,247.0,EA,EA,281.86,1,69619.42,76581.36,14,I1,,,0,,X,X,X,F,1000000454,00010
100,4500000455,00010,,,2024-08-10,Material MAT00005,MAT00005,MAT00005,1000,P002,SL01,MG05,68.0,EA,EA,497.91,1,33857.88,37243.67,14,I1,,,0,,X,X,X,F,1000000455,00010
100,4500000456,00010,,,2024-03-09,Material MAT00011,MAT00011,MAT00011,1000,P002,SL02,MG02,242.0,EA,EA,165.67,1,40092.14,44101.35,14,I1,,,0,,X,X,X,F,,
100,4500000457,00010,,,2024-07-08,Material MAT00003,MAT00003,MAT00003,1000,P003,SL02,MG03,179.0,EA,EA,16.92,1,3028.68,3331.55,14,I1,,,0,,X,X,X,F,1000000457,00010
100,4500000458,00010,,,2024-10-03,Material MAT00005,MAT00005,MAT00005,1000,P002,SL03,MG02,198.0,EA,EA,292.07,1,57829.86,63612.85,14,I1,,,0,,X,X,X,F,1000000458,00010
100,4500000459,00010,,,2024-06-12,Material MAT00011,MAT00011,MAT00011,1000,P002,SL03,MG03,284.0,EA,EA,194.88,1,55345.92,60880.51,14,I1,,,0,,X,X,X,F,1000000459,00010
100,4500000460,00010,,,2024-07-03,Material MAT00021,MAT00021,MAT00021,1000,P003,SL01,MG05,189.0,EA,EA,238.38,1,45053.82,49559.2,14,I1,,,0,,X,X,X,F,1000000460,00010
100,4500000460,00020,,,2024-07-03,Material MAT00004,MAT00004,MAT00004,1000,P003,SL01,MG01,6.0,EA,EA,131.05,1,786.3,864.93,14,I1,,,0,,X,X,X,F,1000000460,00020
100,4500000461,00010,,,2024-01-27,Material MAT00019,MAT00019,MAT00019,1000,P002,SL03,MG04,499.0,EA,EA,319.8,1,159580.2,175538.22,14,I1,,,0,,X,X,X,F,1000000461,00010
100,4500000462,00010,,,2024-02-08,Material MAT00021,MAT00021,MAT00021,1000,P001,SL01,MG06,277.0,EA,EA,491.87,1,136247.99,149872.79,14,I1,,,0,,X,X,X,F,1000000462,00010
100,4500000462,00020,,,2024-02-08,Material MAT00001,MAT00001,MAT00001,1000,P001,SL01,MG05,18.0,EA,EA,331.77,1,5971.86,6569.05,14,I1,,,0,,X,X,X,F,1000000462,00020
100,4500000463,00010,,,2024-07-03,Material MAT00009,MAT00009,MAT00009,1000,P003,SL01,MG01,288.0,EA,EA,351.18,1,101139.84,111253.82,14,I1,,,0,,X,X,X,F,1000000463,00010
100,4500000464,00010,,,2024-04-17,Material MAT00010,MAT00010,MAT00010,1000,P001,SL03,MG02,36.0,EA,EA,355.9,1,12812.4,14093.64,14,I1,,,0,,X,X,X,F,1000000464,00010
100,4500000465,00010,,,2024-07-09,Material MAT00016,MAT00016,MAT00016,1000,P002,SL02,MG05,388.0,EA,EA,266.29,1,103320.52,113652.57,14,I1,,,0,,X,X,X,F,1000000465,00010
100,4500000466,00010,,,2024-04-29,Material MAT00009,MAT00009,MAT00009,1000,P002,SL01,MG04,462.0,EA,EA,263.34,1,121663.08,133829.39,14,I1,,,0,,X,X,X,F,1000000466,00010
100,4500000466,00020,,,2024-04-29,Material MAT00006,MAT00006,MAT00006,1000,P002,SL01,MG04,175.0,EA,EA,13.08,1,2289.0,2517.9,14,I1,,,0,,X,X,X,F,1000000466,00020
100,4500000467,00010,,,2024-09-10,Material MAT00013,MAT00013,MAT00013,1000,P003,SL02,MG03,364.0,EA,EA,304.46,1,110823.44,121905.78,14,I1,,,0,,X,X,X,F,1000000467,00010
100,4500000468,00010,,,2024-06-18,Material MAT00003,MAT00003,MAT00003,1000,P003,SL02,MG02,180.0,EA,EA,204.04,1,36727.2,40399.92,14,I1,,,0,,X,X,X,F,1000000468,00010
100,4500000468,00020,,,2024-06-18,Material MAT00003,MAT00003,MAT00003,1000,P003,SL02,MG03,139.0,EA,EA,339.81,1,47233.59,51956.95,14,I1,,,0,,X,X,X,F,1000000468,00020
100,4500000469,00010,,,2024-08-03,Material MAT00005,MAT00005,MAT00005,1000,P002,SL01,MG05,412.0,EA,EA,367.88,1,151566.56,166723.22,14,I1,,,0,,X,X,X,F,1000000469,00010
100,4500000470,00010,,,2024-05-03,Material MAT00003,MAT00003,MAT00003,1000,P003,SL03,MG06,32.0,EA,EA,157.95,1,5054.4,5559.84,14,I1,,,0,,X,X,X,F,1000000470,00010
100,4500000470,00020,,,2024-05-03,Material MAT00005,MAT00005,MAT00005,1000,P003,SL03,MG02,192.0,EA,EA,174.48,1,33500.16,36850.18,14,I1,,,0,,X,X,X,F,1000000470,00020
100,4500000471,00010,,,2024-09-15,Material MAT00001,MAT00001,MAT00001,1000,P003,SL02,MG06,217.0,EA,EA,36.71,1,7966.07,8762.68,14,I1,,,0,,X,X,X,F,1000000471,00010
100,4500000472,00010,,,2024-05-18,Material MAT00011,MAT00011,MAT00011,1000,P001,SL01,MG03,367.0,EA,EA,232.94,1,85488.98,94037.88,14,I1,,,0,,X,X,X,F,1000000472,00010
100,4500000473,00010,,,2024-08-23,Material MAT00001,MAT00001,MAT00001,1000,P002,SL02,MG02,27.0,EA,EA,64.72,1,1747.44,1922.18,14,I1,,,0,,X,X,X,F,1000000473,00010
100,4500000474,00010,,,2024-02-16,Material MAT00002,MAT00002,MAT00002,1000,P003,SL01,MG05,82.0,EA,EA,488.65,1,40069.3,44076.23,14,I1,,,0,,X,X,X,F,1000000474,00010
100,4500000475,00010,,,2024-05-20,Material MAT00019,MAT00019,MAT00019,1000,P002,SL01,MG02,274.0,EA,EA,398.92,1,109304.08,120234.49,14,I1,,,0,,X,X,X,F,1000000475,00010
100,4500000475,00020,,,2024-05-20,Material MAT00011,MAT00011,MAT00011,1000,P002,SL01,MG02,61.0,EA,EA,11.97,1,730.17,803.19,14,I1,,,0,,X,X,X,F,1000000475,00020
100,4500000476,00010,,,2024-02-11,Material MAT00008,MAT00008,MAT00008,1000,P001,SL01,MG05,359.0,EA,EA,415.22,1,149063.98,163970.38,14,I1,,,0,,X,X,X,F,1000000476,00010
100,4500000477,00010,,,2024-07-25,Material MAT00022,MAT00022,MAT00022,1000,P001,SL03,MG05,334.0,EA,EA,289.94,1,96839.96,106523.96,14,I1,,,0,,X,X,X,F,1000000477,00010
100,4500000478,00010,,,2024-08-16,Material MAT00019,MAT00019,MAT00019,1000,P003,SL01,MG04,487.0,EA,EA,282.66,1,137655.42,151420.96,14,I1,,,0,,X,X,X,F,1000000478,00010
100,4500000479,00010,,,2024-04-29,Material MAT00012,MAT00012,MAT00012,1000,P003,SL02,MG05,167.0,EA,EA,187.96,1,31389.32,34528.25,14,I1,,,0,,X,X,X,F,1000000479,00010
100,4500000480,00010,,,2024-07-01,Material MAT00001,MAT00001,MAT00001,1000,P001,SL02,MG04,94.0,EA,EA,454.57,1,42729.58,47002.54,14,I1,,,0,,X,X,X,F,1000000480,00010
100,4500000481,00010,,,2024-02-23,Material MAT00022,MAT00022,MAT00022,1000,P001,SL01,MG02,305.0,EA,EA,397.04,1,121097.2,133206.92,14,I1,,,0,,X,X,X,F,1000000481,00010
100,4500000482,00010,,,2024-08-21,Material MAT00022,MAT00022,MAT00022,1000,P002,SL02,MG02,255.0,EA,EA,64.47,1,16439.85,18083.83,14,I1,,,0,,X,X,X,F,1000000482,00010
100,4500000483,00010,,,2024-09-14,Material MAT00015,MAT00015,MAT00015,1000,P003,SL01,MG04,154.0,EA,EA,205.21,1,31602.34,34762.57,14,I1,,,0,,X,X,X,F,1000000483,00010
100,4500000484,00010,,,2024-06-28,Material MAT00014,MAT00014,MAT00014,1000,P003,SL01,MG06,246.0,EA,EA,139.61,1,34344.06,37778.47,14,I1,,,0,,X,X,X,F,1000000484,00010
100,4500000484,00020,,,2024-06-28,Material MAT00008,MAT00008,MAT00008,1000,P003,SL01,MG05,141.0,EA,EA,231.61,1,32657.01,35922.71,14,I1,,,0,,X,X,X,F,1000000484,00020
100,4500000485,00010,,,2024-06-13,Material MAT00019,MAT00019,MAT00019,1000,P002,SL03,MG05,340.0,EA,EA,85.68,1,29131.2,32044.32,14,I1,,,0,,X,X,X,F,1000000485,00010
100,4500000486,00010,,,2024-03-29,Material MAT00012,MAT00012,MAT00012,1000,P002,SL02,MG05,266.0,EA,EA,195.21,1,51925.86,57118.45,14,I1,,,0,,X,X,X,F,1000000486,00010
100,4500000487,00010,,,2024-09-20,Material MAT00012,MAT00012,MAT00012,1000,P003,SL01,MG06,454.0,EA,EA,421.59,1,191401.86,210542.05,14,I1,,,0,,X,X,X,F,1000000487,00010
100,4500000487,00020,,,2024-09-20,Material MAT00014,MAT00014,MAT00014,1000,P003,SL01,MG01,150.0,EA,EA,350.32,1,52548.0,57802.8,14,I1,,,0,,X,X,X,F,1000000487,00020
100,4500000488,00010,,,2024-05-25,Material MAT00020,MAT00020,MAT00020,1000,P002,SL01,MG05,374.0,EA,EA,369.34,1,138133.16,151946.48,14,I1,,,0,,X,X,X,F,1000000488,00010
100,4500000489,00010,,,2024-04-29,Material MAT00004,MAT00004,MAT00004,1000,P001,SL02,MG05,289.0,EA,EA,295.04,1,85266.56,93793.22,14,I1,,,0,,X,X,X,F,1000000489,00010
100,4500000489,00020,,,2024-04-29,Material MAT00003,MAT00003,MAT00003,1000,P001,SL02,MG03,69.0,EA,EA,198.48,1,13695.12,15064.63,14,I1,,,0,,X,X,X,F,1000000489,00020
100,4500000490,00010,,,2024-03-27,Material MAT00016,MAT00016,MAT00016,1000,P001,SL02,MG03,159.0,EA,EA,463.39,1,73679.01,81046.91,14,I1,,,0,,X,X,X,F,,
100,4500000491,00010,,,2024-04-26,Material MAT00020,MAT00020,MAT00020,1000,P001,SL03,MG02,169.0,EA,EA,104.03,1,17581.07,19339.18,14,I1,,,0,,X,X,X,F,1000000491,00010
100,4500000492,00010,,,2024-07-11,Material MAT00011,MAT00011,MAT00011,1000,P002,SL01,MG01,161.0,EA,EA,286.01,1,46047.61,50652.37,14,I1,,,0,,X,X,X,F,1000000492,00010
100,4500000492,00020,,,2024-07-11,Material MAT00004,MAT00004,MAT00004,1000,P002,SL01,MG03,134.0,EA,EA,109.81,1,14714.54,16185.99,14,I1,,,0,,X,X,X,F,1000000492,00020
100,4500000493,00010,,,2024-09-12,Material MAT00011,MAT00011,MAT00011,1000,P001,SL01,MG02,477.0,EA,EA,473.89,1,226045.53,248650.08,14,I1,,,0,,X,X,X,F,1000000493,00010
100,4500000494,00010,,,2024-08-10,Material MAT00011,MAT00011,MAT00011,1000,P001,SL03,MG04,84.0,EA,EA,156.44,1,13140.96,14455.06,14,I1,,,0,,X,X,X,F,1000000494,00010
100,4500000495,00010,,,2024-04-25,Material MAT00015,MAT00015,MAT00015,1000,P003,SL02,MG03,122.0,EA,EA,187.48,1,22872.56,25159.82,14,I1,,,0,,X,X,X,F,1000000495,00010
100,4500000496,00010,,,2024-08-16,Material MAT00001,MAT00001,MAT00001,1000,P001,SL03,MG05,401.0,EA,EA,397.17,1,159265.17,175191.69,14,I1,,,0,,X,X,X,F,1000000496,00010
100,4500000497,00010,,,2024-08-19,Material MAT00003,MAT00003,MAT00003,1000,P002,SL03,MG01,231.0,EA,EA,441.46,1,101977.26,112174.99,14,I1,,,0,,X,X,X,F,1000000497,00010
100,4500000498,00010,,,2024-09-01,Material MAT00018,MAT00018,MAT00018,1000,P003,SL03,MG02,387.0,EA,EA,291.47,1,112798.89,124078.78,14,I1,,,0,,X,X,X,F,1000000498,00010
100,4500000498,00020,,,2024-09-01,Material MAT00002,MAT00002,MAT00002,1000,P003,SL03,MG02,69.0,EA,EA,132.98,1,9175.62,10093.18,14,I1,,,0,,X,X,X,F,1000000498,00020
100,4500000499,00010,,,2024-08-26,Material MAT00001,MAT00001,MAT00001,1000,P002,SL01,MG04,34.0,EA,EA,224.89,1,7646.26,8410.89,14,I1,,,0,,X,X,X,F,1000000499,00010
