MANDT,VBELN,ERDAT,ERZET,ERNAM,LFART,KUNNR,KUNAG,WADAT,WADAT_IST,LFDAT,KODAT,VSTEL,ROUTE,LGNUM,TRATY,TRAID,TPADR,VBTYP,KOUHR
100,8000000000,2024-04-02,090000,WHOUSE01,LF,C00008,C00008,2024-05-01,2024-04-28,2024-05-01,2024-05-01,SP03,R0002,,,,,J,123450
100,8000000001,2024-03-27,090000,WHOUSE01,LF,C00001,C00001,2024-04-13,2024-04-12,2024-04-13,2024-04-13,SP03,R0002,,,,,J,154417
100,8000000002,2024-02-23,090000,WHOUSE02,LF,C00008,C00008,2024-03-08,2024-03-10,2024-03-08,2024-03-08,SP03,R0004,,,,,J,142839
100,8000000003,2024-06-20,090000,WHOUSE02,LF,C00008,C00008,2024-06-28,2024-07-22,2024-06-28,2024-06-28,SP02,R0003,,,,,J,093758
100,8000000004,2024-02-22,090000,WHOUSE02,LF,C00003,C00003,2024-03-13,2024-03-10,2024-03-13,2024-03-13,SP01,R0003,,,,,J,063058
100,8000000005,2024-05-03,090000,WHOUSE02,LF,C00003,C00003,2024-05-20,2024-05-20,2024-05-20,2024-05-20,SP01,R0001,,,,,J,152913
100,8000000006,2024-05-11,090000,WHOUSE02,LF,C00004,C00004,2024-05-23,2024-05-21,2024-05-23,2024-05-23,SP02,R0002,,,,,J,132854
100,8000000007,2024-06-14,090000,WHOUSE02,LF,C00008,C00008,2024-06-27,2024-06-25,2024-06-27,2024-06-27,SP01,R0004,,,,,J,072654
100,8000000008,2024-02-14,090000,WHOUSE01,LF,C00004,C00004,2024-03-04,2024-03-03,2024-03-04,2024-03-04,SP03,R0002,,,,,J,083209
100,8000000009,2024-08-15,090000,WHOUSE02,LF,C00010,C00010,2024-08-24,2024-08-24,2024-08-24,2024-08-24,SP03,R0001,,,,,J,150649
100,8000000010,2024-02-26,090000,WHOUSE01,LF,C00009,C00009,2024-03-12,2024-03-13,2024-03-12,2024-03-12,SP03,R0003,,,,,J,142916
100,8000000011,2024-02-28,090000,WHOUSE01,LF,C00008,C00008,2024-03-15,2024-03-22,2024-03-15,2024-03-15,SP03,R0002,,,,,J,081530
100,8000000012,2024-04-25,090000,WHOUSE02,LF,C00014,C00014,2024-05-08,2024-05-05,2024-05-08,2024-05-08,SP02,R0001,,,,,J,160526
100,8000000013,2024-06-08,090000,WHOUSE01,LF,C00013,C00013,2024-06-23,2024-06-26,2024-06-23,2024-06-23,SP03,R0003,,,,,J,124636
100,8000000014,2024-05-13,090000,WHOUSE01,LF,C00010,C00010,2024-06-09,2024-06-08,2024-06-09,2024-06-09,SP03,R0003,,,,,J,173524
100,8000000015,2024-02-16,090000,WHOUSE01,LF,C00009,C00009,2024-02-23,2024-02-23,2024-02-23,2024-02-23,SP03,R0004,,,,,J,065510
100,8000000016,2024-03-02,090000,WHOUSE02,LF,C00012,C00012,2024-03-19,2024-03-18,2024-03-19,2024-03-19,SP01,R0002,,,,,J,060426
100,8000000017,2024-09-04,090000,WHOUSE01,LF,C00012,C00012,2024-09-16,2024-09-17,2024-09-16,2024-09-16,SP03,R0004,,,,,J,114702
100,8000000018,2024-04-02,090000,WHOUSE02,LF,C00003,C00003,2024-04-26,2024-05-18,2024-04-26,2024-04-26,SP02,R0003,,,,,J,165318
100,8000000020,2024-03-14,090000,WHOUSE01,LF,C00004,C00004,2024-04-11,2024-04-10,2024-04-11,2024-04-11,SP01,R0004,,,,,J,142427
100,8000000021,2024-04-30,090000,WHOUSE01,LF,C00005,C00005,2024-05-22,2024-06-11,2024-05-22,2024-05-22,SP02,R0001,,,,,J,114002
100,8000000022,2024-01-12,090000,WHOUSE01,LF,C00011,C00011,2024-02-02,2024-02-05,2024-02-02,2024-02-02,SP01,R0001,,,,,J,154432
100,8000000023,2024-01-21,090000,WHOUSE02,LF,C00003,C00003,2024-02-06,2024-02-08,2024-02-06,2024-02-06,SP03,R0001,,,,,J,113443
100,8000000024,2024-08-04,090000,WHOUSE02,LF,C00012,C00012,2024-09-01,2024-09-02,2024-09-01,2024-09-01,SP03,R0002,,,,,J,144321
100,8000000025,2024-04-02,090000,WHOUSE02,LF,C00008,C00008,2024-04-30,2024-04-28,2024-04-30,2024-04-30,SP01,R0003,,,,,J,090145
100,8000000026,2024-09-07,090000,WHOUSE02,LF,C00013,C00013,2024-10-04,2024-10-19,2024-10-04,2024-10-04,SP03,R0003,,,,,J,133550
100,8000000027,2024-04-24,090000,WHOUSE02,LF,C00013,C00013,2024-05-23,2024-05-21,2024-05-23,2024-05-23,SP02,R0003,,,,,J,115510
100,8000000028,2024-05-18,090000,WHOUSE02,LF,C00012,C00012,2024-06-08,2024-06-05,2024-06-08,2024-06-08,SP03,R0002,,,,,J,134921
100,8000000029,2024-08-19,090000,WHOUSE02,LF,C00010,C00010,2024-09-09,2024-09-11,2024-09-09,2024-09-09,SP02,R0002,,,,,J,141719
100,8000000030,2024-08-11,090000,WHOUSE02,LF,C00007,C00007,2024-09-04,2024-09-01,2024-09-04,2024-09-04,SP03,R0001,,,,,J,065848
100,8000000031,2024-09-25,090000,WHOUSE02,LF,C00001,C00001,2024-10-02,2024-10-01,2024-10-02,2024-10-02,SP01,R0002,,,,,J,102750
100,8000000032,2024-06-27,090000,WHOUSE01,LF,C00002,C00002,2024-07-09,2024-07-08,2024-07-09,2024-07-09,SP02,R0003,,,,,J,075140
100,8000000033,2024-07-13,090000,WHOUSE02,LF,C00002,C00002,2024-07-31,2024-07-30,2024-07-31,2024-07-31,SP01,R0001,,,,,J,063050
100,8000000034,2024-02-15,090000,WHOUSE01,LF,C00011,C00011,2024-03-14,2024-03-13,2024-03-14,2024-03-14,SP01,R0004,,,,,J,144751
100,8000000035,2024-09-15,090000,WHOUSE02,LF,C00003,C00003,2024-10-15,2024-10-13,2024-10-15,2024-10-15,SP02,R0004,,,,,J,171430
100,8000000036,2024-02-16,090000,WHOUSE01,LF,C00006,C00006,2024-03-11,2024-03-13,2024-03-11,2024-03-11,SP03,R0001,,,,,J,173550
100,8000000037,2024-04-25,090000,WHOUSE02,LF,C00005,C00005,2024-05-12,2024-05-09,2024-05-12,2024-05-12,SP03,R0001,,,,,J,082757
100,8000000038,2024-02-18,090000,WHOUSE01,LF,C00014,C00014,2024-02-28,2024-02-25,2024-02-28,2024-02-28,SP01,R0001,,,,,J,122750
100,8000000039,2024-01-26,090000,WHOUSE02,LF,C00015,C00015,2024-02-22,2024-02-19,2024-02-22,2024-02-22,SP03,R0003,,,,,J,075352
100,8000000040,2024-04-17,090000,WHOUSE01,LF,C00012,C00012,2024-04-28,2024-05-01,2024-04-28,2024-04-28,SP01,R0001,,,,,J,175922
100,8000000041,2024-06-29,090000,WHOUSE01,LF,C00012,C00012,2024-07-21,2024-08-11,2024-07-21,2024-07-21,SP03,R0004,,,,,J,091500
100,8000000042,2024-07-07,090000,WHOUSE01,LF,C00013,C00013,2024-08-02,2024-08-26,2024-08-02,2024-08-02,SP03,R0002,,,,,J,152157
100,8000000043,2024-04-27,090000,WHOUSE02,LF,C00003,C00003,2024-05-23,2024-05-20,2024-05-23,2024-05-23,SP02,R0003,,,,,J,102409
100,8000000044,2024-07-16,090000,WHOUSE01,LF,C00013,C00013,2024-07-27,2024-08-09,2024-07-27,2024-07-27,SP01,R0003,,,,,J,063105
100,8000000045,2024-09-19,090000,WHOUSE02,LF,C00013,C00013,2024-10-08,2024-10-29,2024-10-08,2024-10-08,SP02,R0004,,,,,J,150953
100,8000000046,2024-05-29,090000,WHOUSE02,LF,C00012,C00012,2024-06-23,2024-06-24,2024-06-23,2024-06-23,SP03,R0002,,,,,J,060637
100,8000000048,2024-09-23,090000,WHOUSE02,LF,C00013,C00013,2024-10-09,2024-10-12,2024-10-09,2024-10-09,SP01,R0004,,,,,J,151449
100,8000000049,2024-02-12,090000,WHOUSE02,LF,C00003,C00003,2024-03-09,2024-03-07,2024-03-09,2024-03-09,SP02,R0004,,,,,J,163524
100,8000000050,2024-01-14,090000,WHOUSE02,LF,C00009,C00009,2024-01-27,2024-01-25,2024-01-27,2024-01-27,SP02,R0004,,,,,J,145255
100,8000000051,2024-06-14,090000,WHOUSE01,LF,C00001,C00001,2024-07-08,2024-07-07,2024-07-08,2024-07-08,SP01,R0002,,,,,J,165014
100,8000000052,2024-01-28,090000,WHOUSE02,LF,C00009,C00009,2024-02-19,2024-02-22,2024-02-19,2024-02-19,SP03,R0001,,,,,J,153239
100,8000000053,2024-03-28,090000,WHOUSE01,LF,C00001,C00001,2024-04-26,2024-04-25,2024-04-26,2024-04-26,SP01,R0002,,,,,J,151208
100,8000000055,2024-07-12,090000,WHOUSE01,LF,C00014,C00014,2024-07-26,2024-07-25,2024-07-26,2024-07-26,SP03,R0001,,,,,J,171957
100,8000000056,2024-03-17,090000,WHOUSE02,LF,C00012,C00012,2024-03-27,2024-04-18,2024-03-27,2024-03-27,SP03,R0002,,,,,J,102831
100,8000000057,2024-02-28,090000,WHOUSE02,LF,C00011,C00011,2024-03-15,2024-03-18,2024-03-15,2024-03-15,SP03,R0004,,,,,J,152909
100,8000000058,2024-09-12,090000,WHOUSE01,LF,C00011,C00011,2024-10-11,2024-10-13,2024-10-11,2024-10-11,SP01,R0001,,,,,J,100726
100,8000000059,2024-04-15,090000,WHOUSE02,LF,C00015,C00015,2024-05-07,2024-05-06,2024-05-07,2024-05-07,SP01,R0004,,,,,J,113109
100,8000000060,2024-08-12,090000,WHOUSE02,LF,C00002,C00002,2024-08-24,2024-08-25,2024-08-24,2024-08-24,SP03,R0002,,,,,J,105252
100,8000000061,2024-05-24,090000,WHOUSE01,LF,C00005,C00005,2024-06-21,2024-06-20,2024-06-21,2024-06-21,SP03,R0002,,,,,J,080156
100,8000000062,2024-05-15,090000,WHOUSE02,LF,C00014,C00014,2024-06-03,2024-06-02,2024-06-03,2024-06-03,SP01,R0004,,,,,J,154302
100,8000000063,2024-09-28,090000,WHOUSE01,LF,C00006,C00006,2024-10-14,2024-10-13,2024-10-14,2024-10-14,SP02,R0003,,,,,J,082524
100,8000000064,2024-04-04,090000,WHOUSE01,LF,C00005,C00005,2024-04-23,2024-04-24,2024-04-23,2024-04-23,SP02,R0001,,,,,J,142023
100,8000000065,2024-06-22,090000,WHOUSE01,LF,C00009,C00009,2024-07-17,2024-07-14,2024-07-17,2024-07-17,SP03,R0003,,,,,J,094903
100,8000000066,2024-04-10,090000,WHOUSE01,LF,C00002,C00002,2024-04-27,2024-05-10,2024-04-27,2024-04-27,SP02,R0003,,,,,J,134959
100,8000000067,2024-06-17,090000,WHOUSE01,LF,C00008,C00008,2024-07-08,2024-07-06,2024-07-08,2024-07-08,SP02,R0004,,,,,J,161004
100,8000000068,2024-01-08,090000,WHOUSE01,LF,C00009,C00009,2024-01-16,2024-01-30,2024-01-16,2024-01-16,SP01,R0001,,,,,J,120853
100,8000000069,2024-02-12,090000,WHOUSE02,LF,C00014,C00014,2024-02-20,2024-02-17,2024-02-20,2024-02-20,SP01,R0003,,,,,J,142646
100,8000000070,2024-09-04,090000,WHOUSE01,LF,C00001,C00001,2024-09-29,2024-09-27,2024-09-29,2024-09-29,SP02,R0001,,,,,J,124944
100,8000000071,2024-02-03,090000,WHOUSE01,LF,C00014,C00014,2024-02-29,2024-03-02,2024-02-29,2024-02-29,SP01,R0004,,,,,J,081749
100,8000000072,2024-05-24,090000,WHOUSE01,LF,C00003,C00003,2024-06-06,2024-06-04,2024-06-06,2024-06-06,SP03,R0004,,,,,J,085006
100,8000000073,2024-07-22,090000,WHOUSE01,LF,C00012,C00012,2024-08-04,2024-08-03,2024-08-04,2024-08-04,SP02,R0004,,,,,J,131308
100,8000000074,2024-05-06,090000,WHOUSE02,LF,C00004,C00004,2024-06-01,2024-06-02,2024-06-01,2024-06-01,SP03,R0002,,,,,J,133751
100,8000000075,2024-06-15,090000,WHOUSE01,LF,C00004,C00004,2024-07-15,2024-07-15,2024-07-15,2024-07-15,SP01,R0003,,,,,J,095622
100,8000000076,2024-03-22,090000,WHOUSE02,LF,C00008,C00008,2024-04-02,2024-04-04,2024-04-02,2024-04-02,SP01,R0004,,,,,J,150126
100,8000000077,2024-02-16,090000,WHOUSE02,LF,C00015,C00015,2024-03-08,2024-03-29,2024-03-08,2024-03-08,SP03,R0002,,,,,J,091719
100,8000000078,2024-08-20,090000,WHOUSE02,LF,C00006,C00006,2024-09-10,2024-09-12,2024-09-10,2024-09-10,SP01,R0003,,,,,J,081901
100,8000000079,2024-03-23,090000,WHOUSE02,LF,C00006,C00006,2024-04-15,2024-04-12,2024-04-15,2024-04-15,SP01,R0003,,,,,J,100230
100,8000000080,2024-04-23,090000,WHOUSE02,LF,C00014,C00014,2024-05-14,2024-05-17,2024-05-14,2024-05-14,SP01,R0001,,,,,J,160645
100,8000000081,2024-01-12,090000,WHOUSE02,LF,C00012,C00012,2024-01-24,2024-01-23,2024-01-24,2024-01-24,SP02,R0004,,,,,J,122724
100,8000000082,2024-02-08,090000,WHOUSE01,LF,C00014,C00014,2024-02-16,2024-02-25,2024-02-16,2024-02-16,SP02,R0003,,,,,J,153354
100,8000000083,2024-09-12,090000,WHOUSE02,LF,C00004,C00004,2024-09-24,2024-09-21,2024-09-24,2024-09-24,SP02,R0001,,,,,J,174236
100,8000000084,2024-02-23,090000,WHOUSE02,LF,C00006,C00006,2024-03-09,2024-03-11,2024-03-09,2024-03-09,SP03,R0002,,,,,J,060756
100,8000000085,2024-02-22,090000,WHOUSE02,LF,C00009,C00009,2024-03-01,2024-03-04,2024-03-01,2024-03-01,SP02,R0001,,,,,J,110018
100,8000000086,2024-09-08,090000,WHOUSE02,LF,C00004,C00004,2024-10-04,2024-10-06,2024-10-04,2024-10-04,SP01,R0002,,,,,J,104714
100,8000000087,2024-01-07,090000,WHOUSE01,LF,C00002,C00002,2024-01-19,2024-02-13,2024-01-19,2024-01-19,SP02,R0003,,,,,J,135144
100,8000000088,2024-09-14,090000,WHOUSE01,LF,C00011,C00011,2024-09-29,2024-09-30,2024-09-29,2024-09-29,SP02,R0003,,,,,J,075410
100,8000000089,2024-09-09,090000,WHOUSE02,LF,C00001,C00001,2024-10-02,2024-10-01,2024-10-02,2024-10-02,SP03,R0002,,,,,J,084736
100,8000000090,2024-09-28,090000,WHOUSE01,LF,C00003,C00003,2024-10-27,2024-11-04,2024-10-27,2024-10-27,SP03,R0004,,,,,J,134317
100,8000000091,2024-04-03,090000,WHOUSE01,LF,C00007,C00007,2024-04-18,2024-05-10,2024-04-18,2024-04-18,SP01,R0004,,,,,J,152642
100,8000000093,2024-09-14,090000,WHOUSE02,LF,C00001,C00001,2024-10-09,2024-10-06,2024-10-09,2024-10-09,SP03,R0002,,,,,J,171238
100,8000000094,2024-09-26,090000,WHOUSE01,LF,C00008,C00008,2024-10-20,2024-10-20,2024-10-20,2024-10-20,SP03,R0003,,,,,J,100515
100,8000000095,2024-09-08,090000,WHOUSE01,LF,C00005,C00005,2024-09-29,2024-09-28,2024-09-29,2024-09-29,SP03,R0002,,,,,J,151938
100,8000000096,2024-01-23,090000,WHOUSE02,LF,C00007,C00007,2024-02-16,2024-02-13,2024-02-16,2024-02-16,SP03,R0003,,,,,J,094859
100,8000000097,2024-08-14,090000,WHOUSE02,LF,C00008,C00008,2024-08-23,2024-08-25,2024-08-23,2024-08-23,SP02,R0002,,,,,J,094236
100,8000000098,2024-01-09,090000,WHOUSE01,LF,C00001,C00001,2024-01-16,2024-01-16,2024-01-16,2024-01-16,SP01,R0002,,,,,J,080634
100,8000000099,2024-08-05,090000,WHOUSE01,LF,C00015,C00015,2024-08-26,2024-08-23,2024-08-26,2024-08-26,SP03,R0003,,,,,J,121227
100,8000000100,2024-03-19,090000,WHOUSE02,LF,C00015,C00015,2024-03-28,2024-03-25,2024-03-28,2024-03-28,SP01,R0002,,,,,J,115259
100,8000000101,2024-03-17,090000,WHOUSE01,LF,C00008,C00008,2024-04-14,2024-05-02,2024-04-14,2024-04-14,SP03,R0001,,,,,J,063728
100,8000000102,2024-06-05,090000,WHOUSE01,LF,C00004,C00004,2024-07-04,2024-07-14,2024-07-04,2024-07-04,SP03,R0003,,,,,J,123724
100,8000000103,2024-02-21,090000,WHOUSE01,LF,C00005,C00005,2024-03-12,2024-03-09,2024-03-12,2024-03-12,SP02,R0004,,,,,J,161334
100,8000000104,2024-07-29,090000,WHOUSE01,LF,C00002,C00002,2024-08-10,2024-08-15,2024-08-10,2024-08-10,SP03,R0001,,,,,J,130456
100,8000000105,2024-02-02,090000,WHOUSE02,LF,C00004,C00004,2024-03-01,2024-03-04,2024-03-01,2024-03-01,SP02,R0001,,,,,J,122027
100,8000000106,2024-03-07,090000,WHOUSE02,LF,C00009,C00009,2024-04-03,2024-04-03,2024-04-03,2024-04-03,SP02,R0002,,,,,J,081212
100,8000000107,2024-01-15,090000,WHOUSE01,LF,C00011,C00011,2024-01-27,2024-01-28,2024-01-27,2024-01-27,SP01,R0003,,,,,J,153651
100,8000000108,2024-03-26,090000,WHOUSE02,LF,C00014,C00014,2024-04-14,2024-05-03,2024-04-14,2024-04-14,SP03,R0003,,,,,J,074225
100,8000000109,2024-04-05,090000,WHOUSE01,LF,C00011,C00011,2024-04-19,2024-04-20,2024-04-19,2024-04-19,SP03,R0003,,,,,J,093539
100,8000000111,2024-06-03,090000,WHOUSE02,LF,C00002,C00002,2024-06-19,2024-06-16,2024-06-19,2024-06-19,SP02,R0004,,,,,J,144021
100,8000000112,2024-09-15,090000,WHOUSE01,LF,C00009,C00009,2024-10-05,2024-10-02,2024-10-05,2024-10-05,SP02,R0003,,,,,J,130300
100,8000000113,2024-08-09,090000,WHOUSE02,LF,C00013,C00013,2024-08-21,2024-08-24,2024-08-21,2024-08-21,SP02,R0002,,,,,J,100756
100,8000000114,2024-03-02,090000,WHOUSE02,LF,C00015,C00015,2024-03-10,2024-03-07,2024-03-10,2024-03-10,SP02,R0004,,,,,J,130122
100,8000000116,2024-07-15,090000,WHOUSE02,LF,C00013,C00013,2024-08-13,2024-08-16,2024-08-13,2024-08-13,SP02,R0004,,,,,J,154821
100,8000000118,2024-01-05,090000,WHOUSE02,LF,C00008,C00008,2024-01-31,2024-01-29,2024-01-31,2024-01-31,SP01,R0002,,,,,J,060845
100,8000000119,2024-06-16,090000,WHOUSE02,LF,C00011,C00011,2024-07-11,2024-07-09,2024-07-11,2024-07-11,SP03,R0001,,,,,J,160600
100,8000000120,2024-07-16,090000,WHOUSE01,LF,C00006,C00006,2024-08-15,2024-08-18,2024-08-15,2024-08-15,SP01,R0004,,,,,J,140449
100,8000000121,2024-08-01,090000,WHOUSE01,LF,C00012,C00012,2024-08-27,2024-08-25,2024-08-27,2024-08-27,SP03,R0002,,,,,J,090800
100,8000000122,2024-04-03,090000,WHOUSE01,LF,C00008,C00008,2024-04-24,2024-04-25,2024-04-24,2024-04-24,SP02,R0001,,,,,J,111300
100,8000000123,2024-03-19,090000,WHOUSE02,LF,C00006,C00006,2024-03-30,2024-04-01,2024-03-30,2024-03-30,SP02,R0003,,,,,J,132253
100,8000000124,2024-05-27,090000,WHOUSE01,LF,C00008,C00008,2024-06-25,2024-06-25,2024-06-25,2024-06-25,SP01,R0004,,,,,J,151315
100,8000000125,2024-06-16,090000,WHOUSE01,LF,C00014,C00014,2024-06-26,2024-06-23,2024-06-26,2024-06-26,SP02,R0001,,,,,J,070003
100,8000000126,2024-06-22,090000,WHOUSE01,LF,C00010,C00010,2024-07-11,2024-07-14,2024-07-11,2024-07-11,SP03,R0003,,,,,J,133424
100,8000000127,2024-08-16,090000,WHOUSE01,LF,C00006,C00006,2024-08-23,2024-09-07,2024-08-23,2024-08-23,SP03,R0004,,,,,J,063313
100,8000000128,2024-05-01,090000,WHOUSE02,LF,C00008,C00008,2024-05-30,2024-06-05,2024-05-30,2024-05-30,SP01,R0001,,,,,J,092750
100,8000000129,2024-08-31,090000,WHOUSE02,LF,C00009,C00009,2024-09-20,2024-09-19,2024-09-20,2024-09-20,SP03,R0002,,,,,J,124402
100,8000000130,2024-06-25,090000,WHOUSE02,LF,C00002,C00002,2024-07-25,2024-07-25,2024-07-25,2024-07-25,SP02,R0004,,,,,J,170534
100,8000000131,2024-07-25,090000,WHOUSE01,LF,C00010,C00010,2024-08-07,2024-08-06,2024-08-07,2024-08-07,SP02,R0002,,,,,J,061434
100,8000000132,2024-09-22,090000,WHOUSE01,LF,C00006,C00006,2024-10-19,2024-10-16,2024-10-19,2024-10-19,SP02,R0001,,,,,J,070649
100,8000000133,2024-04-23,090000,WHOUSE02,LF,C00009,C00009,2024-05-08,2024-05-05,2024-05-08,2024-05-08,SP02,R0001,,,,,J,152312
100,8000000134,2024-05-23,090000,WHOUSE01,LF,C00011,C00011,2024-06-16,2024-06-15,2024-06-16,2024-06-16,SP03,R0002,,,,,J,061849
100,8000000135,2024-08-13,090000,WHOUSE02,LF,C00014,C00014,2024-09-11,2024-09-14,2024-09-11,2024-09-11,SP02,R0001,,,,,J,121508
100,8000000136,2024-05-18,090000,WHOUSE01,LF,C00003,C00003,2024-05-31,2024-06-02,2024-05-31,2024-05-31,SP01,R0004,,,,,J,084806
100,8000000137,2024-04-04,090000,WHOUSE01,LF,C00003,C00003,2024-04-30,2024-05-13,2024-04-30,2024-04-30,SP02,R0003,,,,,J,095944
100,8000000138,2024-06-19,090000,WHOUSE01,LF,C00010,C00010,2024-07-12,2024-07-11,2024-07-12,2024-07-12,SP03,R0003,,,,,J,100203
100,8000000139,2024-07-12,090000,WHOUSE02,LF,C00015,C00015,2024-08-03,2024-08-05,2024-08-03,2024-08-03,SP02,R0003,,,,,J,104351
100,8000000140,2024-06-05,090000,WHOUSE02,LF,C00001,C00001,2024-06-17,2024-06-18,2024-06-17,2024-06-17,SP02,R0004,,,,,J,145829
100,8000000141,2024-01-10,090000,WHOUSE02,LF,C00015,C00015,2024-02-01,2024-01-29,2024-02-01,2024-02-01,SP03,R0001,,,,,J,065837
100,8000000142,2024-03-02,090000,WHOUSE01,LF,C00011,C00011,2024-03-21,2024-03-23,2024-03-21,2024-03-21,SP03,R0001,,,,,J,124021
100,8000000143,2024-06-07,090000,WHOUSE02,LF,C00005,C00005,2024-07-04,2024-07-05,2024-07-04,2024-07-04,SP02,R0001,,,,,J,065059
100,8000000144,2024-06-08,090000,WHOUSE01,LF,C00006,C00006,2024-06-23,2024-06-20,2024-06-23,2024-06-23,SP02,R0003,,,,,J,155507
100,8000000145,2024-08-07,090000,WHOUSE02,LF,C00015,C00015,2024-09-05,2024-09-04,2024-09-05,2024-09-05,SP01,R0003,,,,,J,111704
100,8000000146,2024-07-13,090000,WHOUSE01,LF,C00015,C00015,2024-07-23,2024-07-21,2024-07-23,2024-07-23,SP01,R0003,,,,,J,102216
100,8000000147,2024-07-17,090000,WHOUSE02,LF,C00009,C00009,2024-08-01,2024-08-02,2024-08-01,2024-08-01,SP01,R0001,,,,,J,092954
100,8000000148,2024-04-01,090000,WHOUSE02,LF,C00001,C00001,2024-04-18,2024-04-20,2024-04-18,2024-04-18,SP01,R0002,,,,,J,092416
100,8000000149,2024-08-02,090000,WHOUSE02,LF,C00014,C00014,2024-08-31,2024-08-30,2024-08-31,2024-08-31,SP03,R0001,,,,,J,175525
100,8000000150,2024-08-21,090000,WHOUSE01,LF,C00006,C00006,2024-09-14,2024-09-15,2024-09-14,2024-09-14,SP02,R0001,,,,,J,163150
100,8000000151,2024-06-03,090000,WHOUSE02,LF,C00007,C00007,2024-06-19,2024-06-17,2024-06-19,2024-06-19,SP01,R0003,,,,,J,160322
100,8000000152,2024-06-08,090000,WHOUSE02,LF,C00004,C00004,2024-06-19,2024-06-18,2024-06-19,2024-06-19,SP02,R0001,,,,,J,145622
100,8000000153,2024-02-15,090000,WHOUSE01,LF,C00014,C00014,2024-03-11,2024-03-13,2024-03-11,2024-03-11,SP01,R0001,,,,,J,124706
100,8000000154,2024-08-17,090000,WHOUSE01,LF,C00012,C00012,2024-08-31,2024-08-30,2024-08-31,2024-08-31,SP03,R0004,,,,,J,081427
100,8000000155,2024-07-25,090000,WHOUSE02,LF,C00006,C00006,2024-08-09,2024-08-10,2024-08-09,2024-08-09,SP01,R0004,,,,,J,161616
100,8000000156,2024-04-29,090000,WHOUSE01,LF,C00008,C00008,2024-05-18,2024-05-16,2024-05-18,2024-05-18,SP02,R0002,,,,,J,155403
100,8000000157,2024-07-07,090000,WHOUSE02,LF,C00006,C00006,2024-07-31,2024-07-30,2024-07-31,2024-07-31,SP03,R0003,,,,,J,082250
100,8000000158,2024-05-02,090000,WHOUSE01,LF,C00011,C00011,2024-05-31,2024-05-29,2024-05-31,2024-05-31,SP03,R0004,,,,,J,175959
100,8000000160,2024-09-06,090000,WHOUSE02,LF,C00002,C00002,2024-09-30,2024-10-01,2024-09-30,2024-09-30,SP01,R0004,,,,,J,130237
100,8000000161,2024-04-14,090000,WHOUSE01,LF,C00008,C00008,2024-04-21,2024-05-07,2024-04-21,2024-04-21,SP03,R0002,,,,,J,135229
100,8000000162,2024-06-16,090000,WHOUSE02,LF,C00012,C00012,2024-07-03,2024-07-04,2024-07-03,2024-07-03,SP02,R0002,,,,,J,143213
100,8000000163,2024-09-11,090000,WHOUSE02,LF,C00004,C00004,2024-09-28,2024-09-30,2024-09-28,2024-09-28,SP02,R0004,,,,,J,113432
100,8000000164,2024-01-07,090000,WHOUSE01,LF,C00003,C00003,2024-01-17,2024-01-19,2024-01-17,2024-01-17,SP01,R0003,,,,,J,171708
100,8000000165,2024-07-02,090000,WHOUSE02,LF,C00007,C00007,2024-07-11,2024-07-11,2024-07-11,2024-07-11,SP03,R0004,,,,,J,123651
100,8000000166,2024-07-04,090000,WHOUSE02,LF,C00008,C00008,2024-07-16,2024-07-15,2024-07-16,2024-07-16,SP01,R0004,,,,,J,072705
100,8000000167,2024-04-14,090000,WHOUSE01,LF,C00010,C00010,2024-04-27,2024-04-29,2024-04-27,2024-04-27,SP01,R0004,,,,,J,064451
100,8000000168,2024-03-12,090000,WHOUSE02,LF,C00007,C00007,2024-03-27,2024-03-25,2024-03-27,2024-03-27,SP02,R0002,,,,,J,163454
100,8000000169,2024-02-28,090000,WHOUSE01,LF,C00011,C00011,2024-03-16,2024-03-18,2024-03-16,2024-03-16,SP03,R0004,,,,,J,090934
100,8000000170,2024-03-10,090000,WHOUSE02,LF,C00015,C00015,2024-03-23,2024-03-21,2024-03-23,2024-03-23,SP03,R0003,,,,,J,144621
100,8000000171,2024-02-23,090000,WHOUSE02,LF,C00008,C00008,2024-03-09,2024-03-07,2024-03-09,2024-03-09,SP02,R0003,,,,,J,153243
100,8000000173,2024-07-07,090000,WHOUSE01,LF,C00007,C00007,2024-07-24,2024-08-04,2024-07-24,2024-07-24,SP01,R0003,,,,,J,124833
100,8000000174,2024-03-29,090000,WHOUSE01,LF,C00003,C00003,2024-04-22,2024-04-23,2024-04-22,2024-04-22,SP01,R0003,,,,,J,165040
100,8000000175,2024-02-05,090000,WHOUSE02,LF,C00007,C00007,2024-03-05,2024-03-03,2024-03-05,2024-03-05,SP03,R0004,,,,,J,061111
100,8000000176,2024-07-27,090000,WHOUSE01,LF,C00004,C00004,2024-08-17,2024-08-17,2024-08-17,2024-08-17,SP03,R0002,,,,,J,124136
100,8000000177,2024-06-12,090000,WHOUSE01,LF,C00004,C00004,2024-06-22,2024-06-19,2024-06-22,2024-06-22,SP03,R0003,,,,,J,083443
100,8000000178,2024-04-01,090000,WHOUSE01,LF,C00004,C00004,2024-04-10,2024-04-09,2024-04-10,2024-04-10,SP01,R0004,,,,,J,075348
100,8000000179,2024-07-13,090000,WHOUSE02,LF,C00001,C00001,2024-08-08,2024-08-06,2024-08-08,2024-08-08,SP03,R0003,,,,,J,145922
100,8000000180,2024-05-22,090000,WHOUSE01,LF,C00013,C00013,2024-06-15,2024-06-16,2024-06-15,2024-06-15,SP03,R0003,,,,,J,110830
100,8000000181,2024-06-01,090000,WHOUSE02,LF,C00006,C00006,2024-06-19,2024-06-21,2024-06-19,2024-06-19,SP03,R0003,,,,,J,120808
100,8000000182,2024-04-15,090000,WHOUSE02,LF,C00001,C00001,2024-04-26,2024-04-26,2024-04-26,2024-04-26,SP01,R0003,,,,,J,130141
100,8000000183,2024-07-09,090000,WHOUSE01,LF,C00006,C00006,2024-07-24,2024-08-05,2024-07-24,2024-07-24,SP01,R0004,,,,,J,160923
100,8000000184,2024-09-29,090000,WHOUSE01,LF,C00015,C00015,2024-10-16,2024-10-13,2024-10-16,2024-10-16,SP01,R0004,,,,,J,094840
100,8000000185,2024-04-19,090000,WHOUSE01,LF,C00008,C00008,2024-05-06,2024-05-29,2024-05-06,2024-05-06,SP03,R0001,,,,,J,171538
100,8000000186,2024-05-06,090000,WHOUSE01,LF,C00004,C00004,2024-06-05,2024-06-07,2024-06-05,2024-06-05,SP02,R0001,,,,,J,061923
100,8000000187,2024-04-20,090000,WHOUSE02,LF,C00001,C00001,2024-05-20,2024-05-17,2024-05-20,2024-05-20,SP01,R0003,,,,,J,073813
100,8000000188,2024-06-20,090000,WHOUSE01,LF,C00007,C00007,2024-07-01,2024-06-29,2024-07-01,2024-07-01,SP02,R0001,,,,,J,133558
100,8000000191,2024-04-23,090000,WHOUSE02,LF,C00001,C00001,2024-05-11,2024-05-21,2024-05-11,2024-05-11,SP03,R0001,,,,,J,161008
100,8000000192,2024-05-18,090000,WHOUSE01,LF,C00013,C00013,2024-06-04,2024-06-06,2024-06-04,2024-06-04,SP02,R0001,,,,,J,140745
100,8000000194,2024-05-31,090000,WHOUSE02,LF,C00013,C00013,2024-06-15,2024-06-25,2024-06-15,2024-06-15,SP03,R0002,,,,,J,095252
100,8000000195,2024-05-01,090000,WHOUSE01,LF,C00006,C00006,2024-05-15,2024-05-14,2024-05-15,2024-05-15,SP01,R0001,,,,,J,122046
100,8000000196,2024-04-29,090000,WHOUSE02,LF,C00006,C00006,2024-05-26,2024-06-03,2024-05-26,2024-05-26,SP01,R0003,,,,,J,060808
100,8000000198,2024-08-10,090000,WHOUSE02,LF,C00006,C00006,2024-08-23,2024-09-07,2024-08-23,2024-08-23,SP03,R0001,,,,,J,110919
100,8000000199,2024-03-02,090000,WHOUSE02,LF,C00015,C00015,2024-03-16,2024-03-17,2024-03-16,2024-03-16,SP01,R0003,,,,,J,070415
100,8000000200,2024-02-15,090000,WHOUSE02,LF,C00013,C00013,2024-03-06,2024-03-05,2024-03-06,2024-03-06,SP03,R0004,,,,,J,090630
100,8000000201,2024-09-16,090000,WHOUSE02,LF,C00011,C00011,2024-09-27,2024-09-28,2024-09-27,2024-09-27,SP03,R0004,,,,,J,093535
100,8000000202,2024-06-29,090000,WHOUSE02,LF,C00013,C00013,2024-07-10,2024-07-09,2024-07-10,2024-07-10,SP02,R0001,,,,,J,162901
100,8000000203,2024-05-20,090000,WHOUSE01,LF,C00008,C00008,2024-06-13,2024-06-13,2024-06-13,2024-06-13,SP02,R0002,,,,,J,071500
100,8000000205,2024-05-18,090000,WHOUSE01,LF,C00004,C00004,2024-06-15,2024-06-16,2024-06-15,2024-06-15,SP02,R0002,,,,,J,083309
100,8000000206,2024-09-01,090000,WHOUSE01,LF,C00014,C00014,2024-09-12,2024-09-30,2024-09-12,2024-09-12,SP02,R0001,,,,,J,160218
100,8000000207,2024-01-24,090000,WHOUSE01,LF,C00004,C00004,2024-02-22,2024-02-25,2024-02-22,2024-02-22,SP02,R0004,,,,,J,101334
100,8000000208,2024-08-20,090000,WHOUSE02,LF,C00015,C00015,2024-09-15,2024-09-16,2024-09-15,2024-09-15,SP02,R0001,,,,,J,101627
100,8000000209,2024-07-09,090000,WHOUSE02,LF,C00011,C00011,2024-07-30,2024-07-28,2024-07-30,2024-07-30,SP03,R0001,,,,,J,065103
100,8000000210,2024-01-23,090000,WHOUSE02,LF,C00004,C00004,2024-02-05,2024-02-03,2024-02-05,2024-02-05,SP01,R0001,,,,,J,110507
100,8000000211,2024-01-28,090000,WHOUSE02,LF,C00007,C00007,2024-02-17,2024-02-15,2024-02-17,2024-02-17,SP01,R0002,,,,,J,091249
100,8000000213,2024-05-26,090000,WHOUSE02,LF,C00014,C00014,2024-06-18,2024-06-16,2024-06-18,2024-06-18,SP01,R0002,,,,,J,094202
100,8000000214,2024-02-19,090000,WHOUSE02,LF,C00005,C00005,2024-03-10,2024-03-07,2024-03-10,2024-03-10,SP02,R0003,,,,,J,101408
100,8000000215,2024-05-18,090000,WHOUSE01,LF,C00002,C00002,2024-06-07,2024-07-02,2024-06-07,2024-06-07,SP01,R0003,,,,,J,121912
100,8000000216,2024-06-16,090000,WHOUSE02,LF,C00003,C00003,2024-07-05,2024-07-03,2024-07-05,2024-07-05,SP02,R0003,,,,,J,173239
100,8000000217,2024-08-06,090000,WHOUSE01,LF,C00015,C00015,2024-08-17,2024-08-23,2024-08-17,2024-08-17,SP01,R0004,,,,,J,175337
100,8000000218,2024-09-29,090000,WHOUSE01,LF,C00010,C00010,2024-10-25,2024-10-25,2024-10-25,2024-10-25,SP02,R0002,,,,,J,161156
100,8000000219,2024-07-24,090000,WHOUSE02,LF,C00003,C00003,2024-08-17,2024-08-18,2024-08-17,2024-08-17,SP02,R0001,,,,,J,075125
100,8000000220,2024-06-15,090000,WHOUSE01,LF,C00002,C00002,2024-07-11,2024-07-13,2024-07-11,2024-07-11,SP02,R0001,,,,,J,143247
100,8000000221,2024-05-31,090000,WHOUSE01,LF,C00004,C00004,2024-06-25,2024-06-27,2024-06-25,2024-06-25,SP01,R0001,,,,,J,134347
100,8000000222,2024-03-25,090000,WHOUSE02,LF,C00006,C00006,2024-04-20,2024-04-19,2024-04-20,2024-04-20,SP03,R0004,,,,,J,150823
100,8000000223,2024-05-24,090000,WHOUSE02,LF,C00014,C00014,2024-06-16,2024-06-13,2024-06-16,2024-06-16,SP02,R0001,,,,,J,153309
100,8000000224,2024-05-24,090000,WHOUSE02,LF,C00015,C00015,2024-06-11,2024-06-09,2024-06-11,2024-06-11,SP03,R0001,,,,,J,095748
100,8000000225,2024-05-10,090000,WHOUSE01,LF,C00014,C00014,2024-05-21,2024-05-20,2024-05-21,2024-05-21,SP03,R0003,,,,,J,100200
100,8000000226,2024-08-04,090000,WHOUSE01,LF,C00004,C00004,2024-08-11,2024-08-27,2024-08-11,2024-08-11,SP02,R0003,,,,,J,172023
100,8000000228,2024-01-15,090000,WHOUSE01,LF,C00004,C00004,2024-02-09,2024-02-11,2024-02-09,2024-02-09,SP02,R0002,,,,,J,074836
100,8000000229,2024-08-25,090000,WHOUSE01,LF,C00008,C00008,2024-09-11,2024-09-14,2024-09-11,2024-09-11,SP01,R0001,,,,,J,061634
100,8000000230,2024-08-15,090000,WHOUSE01,LF,C00003,C00003,2024-09-02,2024-09-03,2024-09-02,2024-09-02,SP03,R0003,,,,,J,174128
100,8000000231,2024-09-10,090000,WHOUSE01,LF,C00009,C00009,2024-10-01,2024-09-30,2024-10-01,2024-10-01,SP02,R0001,,,,,J,111923
100,8000000232,2024-07-17,090000,WHOUSE02,LF,C00004,C00004,2024-07-26,2024-07-29,2024-07-26,2024-07-26,SP01,R0001,,,,,J,173009
100,8000000233,2024-08-26,090000,WHOUSE02,LF,C00008,C00008,2024-09-23,2024-09-20,2024-09-23,2024-09-23,SP03,R0003,,,,,J,124821
100,8000000234,2024-01-27,090000,WHOUSE01,LF,C00006,C00006,2024-02-18,2024-02-15,2024-02-18,2024-02-18,SP03,R0002,,,,,J,143139
100,8000000235,2024-08-03,090000,WHOUSE02,LF,C00011,C00011,2024-08-17,2024-08-15,2024-08-17,2024-08-17,SP02,R0004,,,,,J,085811
100,8000000236,2024-08-12,090000,WHOUSE02,LF,C00001,C00001,2024-09-09,2024-09-18,2024-09-09,2024-09-09,SP03,R0002,,,,,J,174210
100,8000000237,2024-02-22,090000,WHOUSE01,LF,C00010,C00010,2024-03-06,2024-03-05,2024-03-06,2024-03-06,SP02,R0001,,,,,J,140815
100,8000000238,2024-01-19,090000,WHOUSE01,LF,C00011,C00011,2024-02-16,2024-02-18,2024-02-16,2024-02-16,SP01,R0003,,,,,J,081438
100,8000000239,2024-08-20,090000,WHOUSE01,LF,C00002,C00002,2024-09-03,2024-08-31,2024-09-03,2024-09-03,SP03,R0001,,,,,J,111901
100,8000000240,2024-04-10,090000,WHOUSE01,LF,C00010,C00010,2024-04-19,2024-05-10,2024-04-19,2024-04-19,SP03,R0003,,,,,J,164055
100,8000000241,2024-09-11,090000,WHOUSE01,LF,C00003,C00003,2024-10-07,2024-10-10,2024-10-07,2024-10-07,SP02,R0003,,,,,J,075407
100,8000000242,2024-06-10,090000,WHOUSE01,LF,C00002,C00002,2024-06-24,2024-06-25,2024-06-24,2024-06-24,SP02,R0003,,,,,J,105444
100,8000000243,2024-08-11,090000,WHOUSE02,LF,C00010,C00010,2024-08-31,2024-08-31,2024-08-31,2024-08-31,SP02,R0004,,,,,J,065055
100,8000000244,2024-01-08,090000,WHOUSE02,LF,C00011,C00011,2024-01-22,2024-01-23,2024-01-22,2024-01-22,SP02,R0004,,,,,J,130707
100,8000000245,2024-05-08,090000,WHOUSE01,LF,C00009,C00009,2024-06-05,2024-06-03,2024-06-05,2024-06-05,SP02,R0003,,,,,J,155214
100,8000000246,2024-08-05,090000,WHOUSE01,LF,C00007,C00007,2024-09-03,2024-09-03,2024-09-03,2024-09-03,SP02,R0002,,,,,J,132235
100,8000000247,2024-08-05,090000,WHOUSE01,LF,C00006,C00006,2024-08-13,2024-08-13,2024-08-13,2024-08-13,SP02,R0004,,,,,J,073647
100,8000000248,2024-08-24,090000,WHOUSE02,LF,C00004,C00004,2024-09-15,2024-09-14,2024-09-15,2024-09-15,SP01,R0003,,,,,J,130037
100,8000000249,2024-06-22,090000,WHOUSE02,LF,C00012,C00012,2024-07-20,2024-07-18,2024-07-20,2024-07-20,SP02,R0003,,,,,J,101349
100,8000000250,2024-08-02,090000,WHOUSE01,LF,C00004,C00004,2024-08-30,2024-09-17,2024-08-30,2024-08-30,SP03,R0001,,,,,J,062138
100,8000000251,2024-04-20,090000,WHOUSE01,LF,C00008,C00008,2024-05-17,2024-05-15,2024-05-17,2024-05-17,SP02,R0001,,,,,J,094540
100,8000000252,2024-06-28,090000,WHOUSE02,LF,C00014,C00014,2024-07-22,2024-07-25,2024-07-22,2024-07-22,SP03,R0003,,,,,J,060419
100,8000000253,2024-06-01,090000,WHOUSE02,LF,C00005,C00005,2024-06-13,2024-06-15,2024-06-13,2024-06-13,SP03,R0001,,,,,J,090415
100,8000000254,2024-09-27,090000,WHOUSE02,LF,C00009,C00009,2024-10-12,2024-10-15,2024-10-12,2024-10-12,SP02,R0001,,,,,J,070045
100,8000000255,2024-05-25,090000,WHOUSE01,LF,C00008,C00008,2024-06-17,2024-06-20,2024-06-17,2024-06-17,SP01,R0001,,,,,J,142031
100,8000000256,2024-03-31,090000,WHOUSE01,LF,C00006,C00006,2024-04-19,2024-04-18,2024-04-19,2024-04-19,SP02,R0001,,,,,J,142527
100,8000000257,2024-02-04,090000,WHOUSE01,LF,C00005,C00005,2024-03-02,2024-03-10,2024-03-02,2024-03-02,SP01,R0002,,,,,J,172435
100,8000000258,2024-03-16,090000,WHOUSE02,LF,C00002,C00002,2024-04-05,2024-04-03,2024-04-05,2024-04-05,SP02,R0003,,,,,J,101349
100,8000000259,2024-05-28,090000,WHOUSE01,LF,C00006,C00006,2024-06-16,2024-06-17,2024-06-16,2024-06-16,SP02,R0002,,,,,J,155307
100,8000000260,2024-06-03,090000,WHOUSE02,LF,C00011,C00011,2024-06-29,2024-06-29,2024-06-29,2024-06-29,SP02,R0002,,,,,J,174306
100,8000000261,2024-07-31,090000,WHOUSE01,LF,C00004,C00004,2024-08-19,2024-08-16,2024-08-19,2024-08-19,SP03,R0001,,,,,J,064121
100,8000000262,2024-09-18,090000,WHOUSE02,LF,C00001,C00001,2024-09-28,2024-09-29,2024-09-28,2024-09-28,SP03,R0004,,,,,J,152405
100,8000000263,2024-09-06,090000,WHOUSE02,LF,C00003,C00003,2024-09-23,2024-09-25,2024-09-23,2024-09-23,SP02,R0001,,,,,J,094747
100,8000000264,2024-04-22,090000,WHOUSE02,LF,C00013,C00013,2024-05-16,2024-05-15,2024-05-16,2024-05-16,SP02,R0002,,,,,J,085425
100,8000000265,2024-04-07,090000,WHOUSE01,LF,C00013,C00013,2024-05-01,2024-05-07,2024-05-01,2024-05-01,SP03,R0004,,,,,J,175337
100,8000000266,2024-07-21,090000,WHOUSE01,LF,C00015,C00015,2024-08-20,2024-08-23,2024-08-20,2024-08-20,SP01,R0002,,,,,J,063028
100,8000000267,2024-08-31,090000,WHOUSE02,LF,C00010,C00010,2024-09-20,2024-09-19,2024-09-20,2024-09-20,SP01,R0004,,,,,J,085756
100,8000000268,2024-04-15,090000,WHOUSE01,LF,C00015,C00015,2024-05-05,2024-05-03,2024-05-05,2024-05-05,SP01,R0003,,,,,J,175118
100,8000000269,2024-01-21,090000,WHOUSE02,LF,C00002,C00002,2024-02-04,2024-02-05,2024-02-04,2024-02-04,SP01,R0001,,,,,J,092635
100,8000000270,2024-06-26,090000,WHOUSE02,LF,C00008,C00008,2024-07-09,2024-07-16,2024-07-09,2024-07-09,SP02,R0001,,,,,J,124736
100,8000000271,2024-05-01,090000,WHOUSE02,LF,C00002,C00002,2024-05-20,2024-06-04,2024-05-20,2024-05-20,SP03,R0003,,,,,J,161345
100,8000000272,2024-07-17,090000,WHOUSE01,LF,C00002,C00002,2024-08-01,2024-08-03,2024-08-01,2024-08-01,SP02,R0001,,,,,J,151457
100,8000000274,2024-06-27,090000,WHOUSE01,LF,C00007,C00007,2024-07-27,2024-07-26,2024-07-27,2024-07-27,SP02,R0001,,,,,J,110400
100,8000000275,2024-03-25,090000,WHOUSE01,LF,C00014,C00014,2024-04-07,2024-04-18,2024-04-07,2024-04-07,SP03,R0002,,,,,J,083413
100,8000000276,2024-05-06,090000,WHOUSE02,LF,C00010,C00010,2024-05-20,2024-05-19,2024-05-20,2024-05-20,SP01,R0001,,,,,J,141334
100,8000000277,2024-01-25,090000,WHOUSE02,LF,C00003,C00003,2024-02-02,2024-02-02,2024-02-02,2024-02-02,SP01,R0004,,,,,J,124255
100,8000000278,2024-02-28,090000,WHOUSE02,LF,C00007,C00007,2024-03-24,2024-03-21,2024-03-24,2024-03-24,SP03,R0002,,,,,J,132909
100,8000000279,2024-03-06,090000,WHOUSE01,LF,C00005,C00005,2024-03-13,2024-03-10,2024-03-13,2024-03-13,SP02,R0002,,,,,J,174510
100,8000000280,2024-02-14,090000,WHOUSE02,LF,C00006,C00006,2024-03-04,2024-03-02,2024-03-04,2024-03-04,SP01,R0004,,,,,J,060619
100,8000000281,2024-04-10,090000,WHOUSE01,LF,C00013,C00013,2024-04-30,2024-04-29,2024-04-30,2024-04-30,SP03,R0002,,,,,J,141400
100,8000000282,2024-07-04,090000,WHOUSE01,LF,C00013,C00013,2024-07-24,2024-07-27,2024-07-24,2024-07-24,SP03,R0004,,,,,J,130407
100,8000000283,2024-08-09,090000,WHOUSE02,LF,C00004,C00004,2024-08-17,2024-08-15,2024-08-17,2024-08-17,SP03,R0001,,,,,J,161512
100,8000000284,2024-02-27,090000,WHOUSE01,LF,C00013,C00013,2024-03-12,2024-03-12,2024-03-12,2024-03-12,SP02,R0004,,,,,J,141927
100,8000000285,2024-06-23,090000,WHOUSE02,LF,C00004,C00004,2024-07-18,2024-07-26,2024-07-18,2024-07-18,SP02,R0002,,,,,J,101953
100,8000000286,2024-02-14,090000,WHOUSE01,LF,C00002,C00002,2024-03-02,2024-03-05,2024-03-02,2024-03-02,SP03,R0002,,,,,J,163131
100,8000000287,2024-02-25,090000,WHOUSE01,LF,C00007,C00007,2024-03-05,2024-03-02,2024-03-05,2024-03-05,SP01,R0001,,,,,J,132431
100,8000000288,2024-09-12,090000,WHOUSE02,LF,C00006,C00006,2024-10-08,2024-10-06,2024-10-08,2024-10-08,SP01,R0002,,,,,J,175652
100,8000000289,2024-02-05,090000,WHOUSE01,LF,C00003,C00003,2024-02-29,2024-02-28,2024-02-29,2024-02-29,SP03,R0003,,,,,J,162053
100,8000000290,2024-05-01,090000,WHOUSE02,LF,C00011,C00011,2024-05-22,2024-06-03,2024-05-22,2024-05-22,SP02,R0002,,,,,J,102212
100,8000000291,2024-06-10,090000,WHOUSE02,LF,C00005,C00005,2024-06-19,2024-06-20,2024-06-19,2024-06-19,SP02,R0003,,,,,J,151953
100,8000000292,2024-08-11,090000,WHOUSE01,LF,C00014,C00014,2024-08-19,2024-08-16,2024-08-19,2024-08-19,SP03,R0001,,,,,J,065136
100,8000000293,2024-01-10,090000,WHOUSE01,LF,C00013,C00013,2024-01-24,2024-01-25,2024-01-24,2024-01-24,SP01,R0002,,,,,J,092312
100,8000000294,2024-05-28,090000,WHOUSE02,LF,C00012,C00012,2024-06-11,2024-06-13,2024-06-11,2024-06-11,SP03,R0002,,,,,J,134440
100,8000000295,2024-03-04,090000,WHOUSE02,LF,C00015,C00015,2024-03-27,2024-03-25,2024-03-27,2024-03-27,SP03,R0003,,,,,J,082446
100,8000000296,2024-04-16,090000,WHOUSE02,LF,C00012,C00012,2024-05-04,2024-05-07,2024-05-04,2024-05-04,SP01,R0002,,,,,J,141538
100,8000000297,2024-09-24,090000,WHOUSE01,LF,C00006,C00006,2024-10-16,2024-10-19,2024-10-16,2024-10-16,SP02,R0001,,,,,J,124651
100,8000000298,2024-01-07,090000,WHOUSE01,LF,C00010,C00010,2024-01-31,2024-02-01,2024-01-31,2024-01-31,SP01,R0004,,,,,J,085006
100,8000000299,2024-09-18,090000,WHOUSE01,LF,C00005,C00005,2024-09-26,2024-09-28,2024-09-26,2024-09-26,SP02,R0002,,,,,J,161115
100,8000000300,2024-07-29,090000,WHOUSE01,LF,C00003,C00003,2024-08-22,2024-08-19,2024-08-22,2024-08-22,SP03,R0004,,,,,J,080052
100,8000000301,2024-06-13,090000,WHOUSE02,LF,C00005,C00005,2024-07-13,2024-08-05,2024-07-13,2024-07-13,SP03,R0002,,,,,J,060519
100,8000000302,2024-03-26,090000,WHOUSE02,LF,C00008,C00008,2024-04-09,2024-04-09,2024-04-09,2024-04-09,SP02,R0002,,,,,J,083224
100,8000000303,2024-03-04,090000,WHOUSE02,LF,C00011,C00011,2024-03-15,2024-03-12,2024-03-15,2024-03-15,SP01,R0003,,,,,J,135237
100,8000000304,2024-04-27,090000,WHOUSE02,LF,C00007,C00007,2024-05-16,2024-06-10,2024-05-16,2024-05-16,SP03,R0001,,,,,J,092828
100,8000000305,2024-09-19,090000,WHOUSE01,LF,C00006,C00006,2024-10-14,2024-10-11,2024-10-14,2024-10-14,SP03,R0002,,,,,J,131938
100,8000000306,2024-04-04,090000,WHOUSE01,LF,C00005,C00005,2024-04-14,2024-04-30,2024-04-14,2024-04-14,SP03,R0002,,,,,J,164502
100,8000000307,2024-04-25,090000,WHOUSE02,LF,C00009,C00009,2024-05-06,2024-05-04,2024-05-06,2024-05-06,SP03,R0002,,,,,J,124410
100,8000000308,2024-05-13,090000,WHOUSE01,LF,C00010,C00010,2024-06-08,2024-06-08,2024-06-08,2024-06-08,SP03,R0003,,,,,J,161942
100,8000000309,2024-09-06,090000,WHOUSE01,LF,C00013,C00013,2024-09-25,2024-09-23,2024-09-25,2024-09-25,SP03,R0004,,,,,J,175618
100,8000000310,2024-04-10,090000,WHOUSE01,LF,C00012,C00012,2024-05-01,2024-05-09,2024-05-01,2024-05-01,SP03,R0003,,,,,J,143254
100,8000000311,2024-08-18,090000,WHOUSE01,LF,C00001,C00001,2024-09-09,2024-09-09,2024-09-09,2024-09-09,SP01,R0002,,,,,J,162027
100,8000000312,2024-04-21,090000,WHOUSE02,LF,C00007,C00007,2024-05-16,2024-05-14,2024-05-16,2024-05-16,SP01,R0002,,,,,J,072654
100,8000000313,2024-07-07,090000,WHOUSE01,LF,C00013,C00013,2024-08-02,2024-08-13,2024-08-02,2024-08-02,SP02,R0004,,,,,J,062435
100,8000000314,2024-03-12,090000,WHOUSE01,LF,C00013,C00013,2024-04-02,2024-04-05,2024-04-02,2024-04-02,SP01,R0002,,,,,J,175659
100,8000000315,2024-01-19,090000,WHOUSE01,LF,C00004,C00004,2024-02-05,2024-02-03,2024-02-05,2024-02-05,SP01,R0002,,,,,J,175055
100,8000000316,2024-04-21,090000,WHOUSE01,LF,C00003,C00003,2024-05-18,2024-05-21,2024-05-18,2024-05-18,SP02,R0004,,,,,J,134302
100,8000000317,2024-03-19,090000,WHOUSE01,LF,C00002,C00002,2024-04-02,2024-04-02,2024-04-02,2024-04-02,SP03,R0001,,,,,J,121657
100,8000000318,2024-09-27,090000,WHOUSE02,LF,C00004,C00004,2024-10-05,2024-10-02,2024-10-05,2024-10-05,SP03,R0002,,,,,J,065414
100,8000000319,2024-09-03,090000,WHOUSE02,LF,C00014,C00014,2024-09-27,2024-10-03,2024-09-27,2024-09-27,SP02,R0004,,,,,J,071345
100,8000000320,2024-09-19,090000,WHOUSE01,LF,C00004,C00004,2024-09-29,2024-09-26,2024-09-29,2024-09-29,SP01,R0001,,,,,J,094559
100,8000000321,2024-07-30,090000,WHOUSE01,LF,C00005,C00005,2024-08-18,2024-08-20,2024-08-18,2024-08-18,SP03,R0002,,,,,J,152116
100,8000000322,2024-06-05,090000,WHOUSE01,LF,C00002,C00002,2024-06-21,2024-06-23,2024-06-21,2024-06-21,SP02,R0004,,,,,J,151126
100,8000000323,2024-06-17,090000,WHOUSE01,LF,C00011,C00011,2024-06-28,2024-07-01,2024-06-28,2024-06-28,SP01,R0004,,,,,J,101515
100,8000000324,2024-02-07,090000,WHOUSE02,LF,C00013,C00013,2024-02-17,2024-02-19,2024-02-17,2024-02-17,SP03,R0004,,,,,J,093046
100,8000000325,2024-04-21,090000,WHOUSE02,LF,C00010,C00010,2024-05-10,2024-05-09,2024-05-10,2024-05-10,SP02,R0002,,,,,J,174247
100,8000000326,2024-08-05,090000,WHOUSE02,LF,C00009,C00009,2024-08-27,2024-08-24,2024-08-27,2024-08-27,SP03,R0002,,,,,J,104502
100,8000000327,2024-05-04,090000,WHOUSE01,LF,C00004,C00004,2024-06-02,2024-06-01,2024-06-02,2024-06-02,SP03,R0002,,,,,J,150211
100,8000000328,2024-03-03,090000,WHOUSE02,LF,C00012,C00012,2024-03-17,2024-03-18,2024-03-17,2024-03-17,SP01,R0004,,,,,J,140649
100,8000000329,2024-05-06,090000,WHOUSE01,LF,C00013,C00013,2024-06-01,2024-06-03,2024-06-01,2024-06-01,SP01,R0002,,,,,J,120534
100,8000000330,2024-09-14,090000,WHOUSE01,LF,C00011,C00011,2024-10-08,2024-10-05,2024-10-08,2024-10-08,SP03,R0003,,,,,J,084759
100,8000000331,2024-04-14,090000,WHOUSE01,LF,C00007,C00007,2024-05-08,2024-05-10,2024-05-08,2024-05-08,SP02,R0003,,,,,J,100415
100,8000000332,2024-03-19,090000,WHOUSE01,LF,C00013,C00013,2024-03-31,2024-03-29,2024-03-31,2024-03-31,SP02,R0004,,,,,J,140252
100,8000000333,2024-07-29,090000,WHOUSE02,LF,C00012,C00012,2024-08-13,2024-08-16,2024-08-13,2024-08-13,SP03,R0002,,,,,J,064529
100,8000000336,2024-02-07,090000,WHOUSE01,LF,C00003,C00003,2024-02-21,2024-02-19,2024-02-21,2024-02-21,SP03,R0001,,,,,J,072401
100,8000000337,2024-03-09,090000,WHOUSE02,LF,C00010,C00010,2024-04-06,2024-04-05,2024-04-06,2024-04-06,SP03,R0002,,,,,J,062512
100,8000000338,2024-06-16,090000,WHOUSE01,LF,C00002,C00002,2024-06-30,2024-07-18,2024-06-30,2024-06-30,SP01,R0002,,,,,J,120411
100,8000000339,2024-09-09,090000,WHOUSE02,LF,C00007,C00007,2024-10-04,2024-10-04,2024-10-04,2024-10-04,SP02,R0002,,,,,J,060326
100,8000000340,2024-04-15,090000,WHOUSE02,LF,C00006,C00006,2024-04-25,2024-04-24,2024-04-25,2024-04-25,SP01,R0004,,,,,J,162327
100,8000000341,2024-03-12,090000,WHOUSE02,LF,C00012,C00012,2024-03-29,2024-03-29,2024-03-29,2024-03-29,SP03,R0001,,,,,J,150404
100,8000000342,2024-05-02,090000,WHOUSE02,LF,C00002,C00002,2024-05-22,2024-05-24,2024-05-22,2024-05-22,SP02,R0002,,,,,J,164621
100,8000000343,2024-01-11,090000,WHOUSE01,LF,C00010,C00010,2024-01-22,2024-01-25,2024-01-22,2024-01-22,SP03,R0004,,,,,J,165759
100,8000000344,2024-02-04,090000,WHOUSE01,LF,C00012,C00012,2024-03-04,2024-03-03,2024-03-04,2024-03-04,SP02,R0001,,,,,J,132913
100,8000000345,2024-02-24,090000,WHOUSE01,LF,C00008,C00008,2024-03-23,2024-03-20,2024-03-23,2024-03-23,SP02,R0001,,,,,J,151749
100,8000000346,2024-06-18,090000,WHOUSE01,LF,C00010,C00010,2024-07-15,2024-07-30,2024-07-15,2024-07-15,SP02,R0001,,,,,J,063001
100,8000000347,2024-03-29,090000,WHOUSE02,LF,C00002,C00002,2024-04-07,2024-04-09,2024-04-07,2024-04-07,SP01,R0003,,,,,J,115252
100,8000000348,2024-05-02,090000,WHOUSE01,LF,C00008,C00008,2024-05-28,2024-05-26,2024-05-28,2024-05-28,SP03,R0001,,,,,J,104310
100,8000000349,2024-05-25,090000,WHOUSE01,LF,C00008,C00008,2024-06-02,2024-06-07,2024-06-02,2024-06-02,SP03,R0001,,,,,J,070033
100,8000000350,2024-05-29,090000,WHOUSE02,LF,C00015,C00015,2024-06-21,2024-07-07,2024-06-21,2024-06-21,SP03,R0003,,,,,J,071931
100,8000000351,2024-05-17,090000,WHOUSE02,LF,C00013,C00013,2024-06-07,2024-06-04,2024-06-07,2024-06-07,SP01,R0002,,,,,J,172042
100,8000000352,2024-02-17,090000,WHOUSE02,LF,C00013,C00013,2024-03-03,2024-03-04,2024-03-03,2024-03-03,SP01,R0004,,,,,J,172727
100,8000000353,2024-04-22,090000,WHOUSE02,LF,C00006,C00006,2024-05-05,2024-05-03,2024-05-05,2024-05-05,SP01,R0003,,,,,J,081742
100,8000000354,2024-08-15,090000,WHOUSE01,LF,C00003,C00003,2024-09-10,2024-09-09,2024-09-10,2024-09-10,SP02,R0001,,,,,J,093120
100,8000000355,2024-05-10,090000,WHOUSE02,LF,C00004,C00004,2024-05-24,2024-05-23,2024-05-24,2024-05-24,SP02,R0003,,,,,J,113520
100,8000000356,2024-08-07,090000,WHOUSE02,LF,C00014,C00014,2024-08-20,2024-08-20,2024-08-20,2024-08-20,SP03,R0004,,,,,J,115841
100,8000000357,2024-08-25,090000,WHOUSE01,LF,C00012,C00012,2024-09-12,2024-09-09,2024-09-12,2024-09-12,SP02,R0002,,,,,J,141819
100,8000000358,2024-09-06,090000,WHOUSE02,LF,C00009,C00009,2024-10-05,2024-10-19,2024-10-05,2024-10-05,SP01,R0003,,,,,J,070953
100,8000000359,2024-08-06,090000,WHOUSE02,LF,C00012,C00012,2024-08-31,2024-08-31,2024-08-31,2024-08-31,SP01,R0003,,,,,J,163454
100,8000000360,2024-01-18,090000,WHOUSE02,LF,C00015,C00015,2024-01-30,2024-01-31,2024-01-30,2024-01-30,SP01,R0003,,,,,J,113732
100,8000000361,2024-06-11,090000,WHOUSE02,LF,C00013,C00013,2024-07-03,2024-07-01,2024-07-03,2024-07-03,SP01,R0002,,,,,J,060056
100,8000000362,2024-01-07,090000,WHOUSE01,LF,C00010,C00010,2024-01-18,2024-01-20,2024-01-18,2024-01-18,SP02,R0003,,,,,J,123420
100,8000000363,2024-04-05,090000,WHOUSE02,LF,C00009,C00009,2024-04-20,2024-04-17,2024-04-20,2024-04-20,SP03,R0002,,,,,J,105314
100,8000000364,2024-08-30,090000,WHOUSE01,LF,C00007,C00007,2024-09-16,2024-09-14,2024-09-16,2024-09-16,SP01,R0004,,,,,J,100649
100,8000000365,2024-08-06,090000,WHOUSE01,LF,C00002,C00002,2024-09-04,2024-09-02,2024-09-04,2024-09-04,SP01,R0002,,,,,J,105437
100,8000000366,2024-04-27,090000,WHOUSE01,LF,C00002,C00002,2024-05-04,2024-05-27,2024-05-04,2024-05-04,SP02,R0003,,,,,J,151312
100,8000000367,2024-06-03,090000,WHOUSE01,LF,C00005,C00005,2024-06-25,2024-06-24,2024-06-25,2024-06-25,SP01,R0002,,,,,J,175310
100,8000000370,2024-09-25,090000,WHOUSE01,LF,C00004,C00004,2024-10-16,2024-10-17,2024-10-16,2024-10-16,SP03,R0004,,,,,J,080007
100,8000000371,2024-04-26,090000,WHOUSE01,LF,C00002,C00002,2024-05-10,2024-05-11,2024-05-10,2024-05-10,SP02,R0003,,,,,J,081827
100,8000000372,2024-07-19,090000,WHOUSE02,LF,C00003,C00003,2024-07-28,2024-07-25,2024-07-28,2024-07-28,SP02,R0001,,,,,J,144829
100,8000000373,2024-04-24,090000,WHOUSE02,LF,C00004,C00004,2024-05-24,2024-06-09,2024-05-24,2024-05-24,SP03,R0001,,,,,J,091108
100,8000000374,2024-07-13,090000,WHOUSE01,LF,C00012,C00012,2024-08-11,2024-08-09,2024-08-11,2024-08-11,SP03,R0002,,,,,J,115529
100,8000000375,2024-02-08,090000,WHOUSE02,LF,C00003,C00003,2024-03-04,2024-03-05,2024-03-04,2024-03-04,SP01,R0003,,,,,J,071515
100,8000000376,2024-02-04,090000,WHOUSE02,LF,C00003,C00003,2024-02-22,2024-02-19,2024-02-22,2024-02-22,SP01,R0004,,,,,J,124617
100,8000000377,2024-07-06,090000,WHOUSE02,LF,C00013,C00013,2024-07-13,2024-07-14,2024-07-13,2024-07-13,SP03,R0003,,,,,J,093813
100,8000000378,2024-03-25,090000,WHOUSE02,LF,C00006,C00006,2024-04-17,2024-04-17,2024-04-17,2024-04-17,SP02,R0004,,,,,J,123658
100,8000000379,2024-02-22,090000,WHOUSE01,LF,C00014,C00014,2024-03-14,2024-03-15,2024-03-14,2024-03-14,SP02,R0002,,,,,J,063435
100,8000000380,2024-08-05,090000,WHOUSE01,LF,C00005,C00005,2024-08-12,2024-08-10,2024-08-12,2024-08-12,SP02,R0002,,,,,J,125240
100,8000000381,2024-09-23,090000,WHOUSE01,LF,C00013,C00013,2024-10-22,2024-10-19,2024-10-22,2024-10-22,SP01,R0001,,,,,J,075448
100,8000000382,2024-01-26,090000,WHOUSE01,LF,C00005,C00005,2024-02-02,2024-02-16,2024-02-02,2024-02-02,SP02,R0004,,,,,J,114013
100,8000000383,2024-08-25,090000,WHOUSE01,LF,C00001,C00001,2024-09-18,2024-09-17,2024-09-18,2024-09-18,SP03,R0002,,,,,J,153109
100,8000000384,2024-05-28,090000,WHOUSE02,LF,C00006,C00006,2024-06-13,2024-06-10,2024-06-13,2024-06-13,SP03,R0004,,,,,J,064447
100,8000000385,2024-01-24,090000,WHOUSE02,LF,C00014,C00014,2024-02-02,2024-01-30,2024-02-02,2024-02-02,SP02,R0002,,,,,J,170107
100,8000000386,2024-07-06,090000,WHOUSE01,LF,C00013,C00013,2024-07-26,2024-07-27,2024-07-26,2024-07-26,SP01,R0001,,,,,J,172835
100,8000000387,2024-07-04,090000,WHOUSE02,LF,C00015,C00015,2024-07-31,2024-07-31,2024-07-31,2024-07-31,SP01,R0003,,,,,J,113143
100,8000000388,2024-03-14,090000,WHOUSE01,LF,C00004,C00004,2024-03-21,2024-03-18,2024-03-21,2024-03-21,SP03,R0002,,,,,J,091631
100,8000000389,2024-09-26,090000,WHOUSE02,LF,C00004,C00004,2024-10-11,2024-11-02,2024-10-11,2024-10-11,SP02,R0004,,,,,J,090226
100,8000000390,2024-04-01,090000,WHOUSE01,LF,C00011,C00011,2024-04-29,2024-04-27,2024-04-29,2024-04-29,SP01,R0002,,,,,J,140056
100,8000000391,2024-03-18,090000,WHOUSE02,LF,C00011,C00011,2024-04-09,2024-04-08,2024-04-09,2024-04-09,SP02,R0004,,,,,J,060356
100,8000000392,2024-06-16,090000,WHOUSE02,LF,C00012,C00012,2024-07-07,2024-07-10,2024-07-07,2024-07-07,SP01,R0001,,,,,J,133254
100,8000000393,2024-04-07,090000,WHOUSE02,LF,C00010,C00010,2024-04-14,2024-04-12,2024-04-14,2024-04-14,SP02,R0001,,,,,J,075722
100,8000000395,2024-06-09,090000,WHOUSE02,LF,C00014,C00014,2024-07-08,2024-07-06,2024-07-08,2024-07-08,SP02,R0004,,,,,J,124151
100,8000000396,2024-06-08,090000,WHOUSE01,LF,C00003,C00003,2024-07-07,2024-07-15,2024-07-07,2024-07-07,SP03,R0002,,,,,J,084740
100,8000000397,2024-01-11,090000,WHOUSE02,LF,C00014,C00014,2024-01-25,2024-01-25,2024-01-25,2024-01-25,SP01,R0001,,,,,J,101901
100,8000000398,2024-04-12,090000,WHOUSE01,LF,C00005,C00005,2024-04-27,2024-04-24,2024-04-27,2024-04-27,SP03,R0002,,,,,J,071604
100,8000000399,2024-04-08,090000,WHOUSE02,LF,C00003,C00003,2024-05-08,2024-05-10,2024-05-08,2024-05-08,SP02,R0001,,,,,J,131434
100,8000000400,2024-06-26,090000,WHOUSE02,LF,C00014,C00014,2024-07-14,2024-07-13,2024-07-14,2024-07-14,SP01,R0003,,,,,J,135144
100,8000000401,2024-02-18,090000,WHOUSE01,LF,C00003,C00003,2024-03-12,2024-03-15,2024-03-12,2024-03-12,SP02,R0003,,,,,J,112205
100,8000000402,2024-02-25,090000,WHOUSE01,LF,C00009,C00009,2024-03-18,2024-03-20,2024-03-18,2024-03-18,SP03,R0003,,,,,J,113543
100,8000000403,2024-06-07,090000,WHOUSE01,LF,C00012,C00012,2024-06-17,2024-07-01,2024-06-17,2024-06-17,SP02,R0003,,,,,J,163558
100,8000000404,2024-05-20,090000,WHOUSE01,LF,C00015,C00015,2024-06-08,2024-06-10,2024-06-08,2024-06-08,SP03,R0003,,,,,J,143050
100,8000000405,2024-02-15,090000,WHOUSE01,LF,C00005,C00005,2024-03-13,2024-04-07,2024-03-13,2024-03-13,SP02,R0001,,,,,J,170549
100,8000000406,2024-01-22,090000,WHOUSE02,LF,C00004,C00004,2024-01-30,2024-02-01,2024-01-30,2024-01-30,SP03,R0002,,,,,J,171323
100,8000000407,2024-04-02,090000,WHOUSE02,LF,C00003,C00003,2024-04-10,2024-04-13,2024-04-10,2024-04-10,SP03,R0004,,,,,J,161842
100,8000000408,2024-01-30,090000,WHOUSE01,LF,C00005,C00005,2024-02-12,2024-02-13,2024-02-12,2024-02-12,SP03,R0004,,,,,J,090130
100,8000000409,2024-03-15,090000,WHOUSE01,LF,C00013,C00013,2024-04-09,2024-04-06,2024-04-09,2024-04-09,SP02,R0004,,,,,J,125722
100,8000000410,2024-02-11,090000,WHOUSE02,LF,C00007,C00007,2024-02-23,2024-02-23,2024-02-23,2024-02-23,SP02,R0003,,,,,J,164729
100,8000000411,2024-01-28,090000,WHOUSE01,LF,C00012,C00012,2024-02-23,2024-02-21,2024-02-23,2024-02-23,SP02,R0003,,,,,J,162023
100,8000000412,2024-03-06,090000,WHOUSE02,LF,C00013,C00013,2024-03-31,2024-04-03,2024-03-31,2024-03-31,SP02,R0004,,,,,J,145711
100,8000000413,2024-08-27,090000,WHOUSE02,LF,C00003,C00003,2024-09-16,2024-09-13,2024-09-16,2024-09-16,SP03,R0002,,,,,J,174036
100,8000000414,2024-05-05,090000,WHOUSE02,LF,C00001,C00001,2024-05-27,2024-05-26,2024-05-27,2024-05-27,SP01,R0002,,,,,J,173802
100,8000000417,2024-05-29,090000,WHOUSE02,LF,C00012,C00012,2024-06-17,2024-06-18,2024-06-17,2024-06-17,SP01,R0002,,,,,J,155533
100,8000000418,2024-06-21,090000,WHOUSE01,LF,C00009,C00009,2024-07-09,2024-07-07,2024-07-09,2024-07-09,SP03,R0004,,,,,J,155841
100,8000000419,2024-01-28,090000,WHOUSE02,LF,C00007,C00007,2024-02-20,2024-02-23,2024-02-20,2024-02-20,SP02,R0003,,,,,J,124655
100,8000000420,2024-09-16,090000,WHOUSE02,LF,C00003,C00003,2024-09-26,2024-09-29,2024-09-26,2024-09-26,SP03,R0003,,,,,J,062724
100,8000000422,2024-01-28,090000,WHOUSE02,LF,C00010,C00010,2024-02-25,2024-02-26,2024-02-25,2024-02-25,SP03,R0003,,,,,J,094710
100,8000000423,2024-01-30,090000,WHOUSE02,LF,C00012,C00012,2024-02-20,2024-02-22,2024-02-20,2024-02-20,SP03,R0004,,,,,J,122527
100,8000000424,2024-03-19,090000,WHOUSE01,LF,C00005,C00005,2024-04-12,2024-04-14,2024-04-12,2024-04-12,SP01,R0003,,,,,J,104047
100,8000000425,2024-09-19,090000,WHOUSE01,LF,C00006,C00006,2024-10-08,2024-10-09,2024-10-08,2024-10-08,SP02,R0002,,,,,J,132824
100,8000000426,2024-01-18,090000,WHOUSE02,LF,C00010,C00010,2024-01-31,2024-02-02,2024-01-31,2024-01-31,SP03,R0002,,,,,J,125622
100,8000000427,2024-08-30,090000,WHOUSE02,LF,C00013,C00013,2024-09-15,2024-09-14,2024-09-15,2024-09-15,SP03,R0004,,,,,J,101827
100,8000000428,2024-03-08,090000,WHOUSE02,LF,C00006,C00006,2024-03-27,2024-03-25,2024-03-27,2024-03-27,SP02,R0002,,,,,J,065148
100,8000000429,2024-09-13,090000,WHOUSE01,LF,C00013,C00013,2024-10-07,2024-10-04,2024-10-07,2024-10-07,SP01,R0004,,,,,J,151308
100,8000000430,2024-04-11,090000,WHOUSE01,LF,C00008,C00008,2024-05-11,2024-05-08,2024-05-11,2024-05-11,SP02,R0002,,,,,J,173217
100,8000000431,2024-03-23,090000,WHOUSE01,LF,C00013,C00013,2024-04-11,2024-04-13,2024-04-11,2024-04-11,SP02,R0003,,,,,J,071230
100,8000000432,2024-07-29,090000,WHOUSE02,LF,C00005,C00005,2024-08-26,2024-08-24,2024-08-26,2024-08-26,SP02,R0003,,,,,J,120303
100,8000000433,2024-08-13,090000,WHOUSE01,LF,C00014,C00014,2024-09-05,2024-09-07,2024-09-05,2024-09-05,SP01,R0001,,,,,J,165106
100,8000000434,2024-01-23,090000,WHOUSE02,LF,C00006,C00006,2024-02-12,2024-02-09,2024-02-12,2024-02-12,SP03,R0001,,,,,J,063654
100,8000000435,2024-07-01,090000,WHOUSE01,LF,C00008,C00008,2024-07-19,2024-08-13,2024-07-19,2024-07-19,SP03,R0001,,,,,J,081808
100,8000000436,2024-07-30,090000,WHOUSE02,LF,C00011,C00011,2024-08-28,2024-08-26,2024-08-28,2024-08-28,SP02,R0002,,,,,J,170211
100,8000000439,2024-02-28,090000,WHOUSE01,LF,C00011,C00011,2024-03-16,2024-03-17,2024-03-16,2024-03-16,SP01,R0003,,,,,J,162709
100,8000000440,2024-03-23,090000,WHOUSE01,LF,C00015,C00015,2024-04-20,2024-04-19,2024-04-20,2024-04-20,SP02,R0004,,,,,J,063943
100,8000000441,2024-03-02,090000,WHOUSE02,LF,C00011,C00011,2024-04-01,2024-04-17,2024-04-01,2024-04-01,SP02,R0001,,,,,J,091642
100,8000000442,2024-03-20,090000,WHOUSE02,LF,C00005,C00005,2024-04-16,2024-04-18,2024-04-16,2024-04-16,SP01,R0004,,,,,J,110452
100,8000000443,2024-07-31,090000,WHOUSE02,LF,C00005,C00005,2024-08-25,2024-08-24,2024-08-25,2024-08-25,SP03,R0003,,,,,J,120352
100,8000000444,2024-03-05,090000,WHOUSE01,LF,C00010,C00010,2024-03-19,2024-03-20,2024-03-19,2024-03-19,SP02,R0003,,,,,J,095729
100,8000000445,2024-07-03,090000,WHOUSE01,LF,C00015,C00015,2024-07-15,2024-07-15,2024-07-15,2024-07-15,SP01,R0001,,,,,J,153239
100,8000000446,2024-01-14,090000,WHOUSE02,LF,C00008,C00008,2024-02-05,2024-02-02,2024-02-05,2024-02-05,SP01,R0002,,,,,J,120100
100,8000000448,2024-02-13,090000,WHOUSE02,LF,C00012,C00012,2024-03-11,2024-03-13,2024-03-11,2024-03-11,SP03,R0001,,,,,J,102031
100,8000000449,2024-09-23,090000,WHOUSE02,LF,C00006,C00006,2024-10-21,2024-10-19,2024-10-21,2024-10-21,SP01,R0003,,,,,J,101653
100,8000000451,2024-02-06,090000,WHOUSE02,LF,C00006,C00006,2024-02-21,2024-02-20,2024-02-21,2024-02-21,SP02,R0001,,,,,J,114810
100,8000000452,2024-05-27,090000,WHOUSE01,LF,C00003,C00003,2024-06-14,2024-06-17,2024-06-14,2024-06-14,SP03,R0003,,,,,J,102609
100,8000000453,2024-04-25,090000,WHOUSE02,LF,C00001,C00001,2024-05-25,2024-05-25,2024-05-25,2024-05-25,SP01,R0003,,,,,J,065714
100,8000000454,2024-09-28,090000,WHOUSE02,LF,C00009,C00009,2024-10-20,2024-10-18,2024-10-20,2024-10-20,SP03,R0002,,,,,J,073154
100,8000000455,2024-04-20,090000,WHOUSE02,LF,C00006,C00006,2024-04-27,2024-04-29,2024-04-27,2024-04-27,SP03,R0003,,,,,J,115125
100,8000000456,2024-02-04,090000,WHOUSE02,LF,C00011,C00011,2024-02-12,2024-02-11,2024-02-12,2024-02-12,SP02,R0004,,,,,J,175044
100,8000000457,2024-04-26,090000,WHOUSE01,LF,C00001,C00001,2024-05-11,2024-05-09,2024-05-11,2024-05-11,SP02,R0002,,,,,J,124002
100,8000000458,2024-01-08,090000,WHOUSE02,LF,C00005,C00005,2024-02-04,2024-02-02,2024-02-04,2024-02-04,SP02,R0004,,,,,J,112335
100,8000000459,2024-08-05,090000,WHOUSE02,LF,C00006,C00006,2024-08-28,2024-08-28,2024-08-28,2024-08-28,SP01,R0001,,,,,J,061104
100,8000000460,2024-07-25,090000,WHOUSE01,LF,C00008,C00008,2024-08-19,2024-09-13,2024-08-19,2024-08-19,SP02,R0003,,,,,J,142308
100,8000000461,2024-08-22,090000,WHOUSE02,LF,C00009,C00009,2024-08-30,2024-09-10,2024-08-30,2024-08-30,SP03,R0002,,,,,J,174243
100,8000000462,2024-05-14,090000,WHOUSE01,LF,C00014,C00014,2024-05-22,2024-05-21,2024-05-22,2024-05-22,SP02,R0003,,,,,J,165503
100,8000000463,2024-09-30,090000,WHOUSE02,LF,C00003,C00003,2024-10-07,2024-10-10,2024-10-07,2024-10-07,SP02,R0002,,,,,J,113046
100,8000000464,2024-09-08,090000,WHOUSE02,LF,C00005,C00005,2024-09-22,2024-09-25,2024-09-22,2024-09-22,SP02,R0001,,,,,J,082858
100,8000000465,2024-01-29,090000,WHOUSE02,LF,C00013,C00013,2024-02-21,2024-02-18,2024-02-21,2024-02-21,SP03,R0004,,,,,J,144417
100,8000000466,2024-07-17,090000,WHOUSE01,LF,C00014,C00014,2024-08-04,2024-08-06,2024-08-04,2024-08-04,SP03,R0001,,,,,J,075444
100,8000000467,2024-09-03,090000,WHOUSE02,LF,C00012,C00012,2024-10-02,2024-09-30,2024-10-02,2024-10-02,SP03,R0004,,,,,J,155307
100,8000000468,2024-01-11,090000,WHOUSE01,LF,C00002,C00002,2024-02-05,2024-02-07,2024-02-05,2024-02-05,SP03,R0003,,,,,J,134240
100,8000000469,2024-04-21,090000,WHOUSE01,LF,C00014,C00014,2024-05-20,2024-05-17,2024-05-20,2024-05-20,SP03,R0002,,,,,J,172208
100,8000000470,2024-08-31,090000,WHOUSE01,LF,C00010,C00010,2024-09-10,2024-09-07,2024-09-10,2024-09-10,SP03,R0004,,,,,J,062550
100,8000000471,2024-05-20,090000,WHOUSE02,LF,C00013,C00013,2024-05-30,2024-06-13,2024-05-30,2024-05-30,SP03,R0002,,,,,J,152053
100,8000000473,2024-08-14,090000,WHOUSE02,LF,C00001,C00001,2024-09-04,2024-09-27,2024-09-04,2024-09-04,SP01,R0002,,,,,J,144702
100,8000000474,2024-08-15,090000,WHOUSE02,LF,C00007,C00007,2024-09-01,2024-09-04,2024-09-01,2024-09-01,SP02,R0003,,,,,J,083402
100,8000000475,2024-07-18,090000,WHOUSE02,LF,C00015,C00015,2024-08-09,2024-08-09,2024-08-09,2024-08-09,SP01,R0002,,,,,J,131901
100,8000000476,2024-01-11,090000,WHOUSE01,LF,C00006,C00006,2024-01-26,2024-01-26,2024-01-26,2024-01-26,SP01,R0003,,,,,J,164102
100,8000000477,2024-09-03,090000,WHOUSE01,LF,C00013,C00013,2024-09-21,2024-10-03,2024-09-21,2024-09-21,SP03,R0003,,,,,J,121508
100,8000000478,2024-05-24,090000,WHOUSE01,LF,C00006,C00006,2024-06-20,2024-06-18,2024-06-20,2024-06-20,SP01,R0004,,,,,J,091523
100,8000000479,2024-06-09,090000,WHOUSE01,LF,C00005,C00005,2024-06-16,2024-06-19,2024-06-16,2024-06-16,SP03,R0002,,,,,J,123113
100,8000000480,2024-04-12,090000,WHOUSE01,LF,C00013,C00013,2024-04-27,2024-05-05,2024-04-27,2024-04-27,SP01,R0001,,,,,J,134921
100,8000000481,2024-02-06,090000,WHOUSE01,LF,C00010,C00010,2024-03-06,2024-03-07,2024-03-06,2024-03-06,SP02,R0001,,,,,J,115859
100,8000000482,2024-08-03,090000,WHOUSE02,LF,C00003,C00003,2024-08-23,2024-08-26,2024-08-23,2024-08-23,SP02,R0002,,,,,J,160041
100,8000000483,2024-01-22,090000,WHOUSE02,LF,C00004,C00004,2024-02-10,2024-03-05,2024-02-10,2024-02-10,SP02,R0002,,,,,J,120434
100,8000000484,2024-03-02,090000,WHOUSE02,LF,C00007,C00007,2024-03-30,2024-04-04,2024-03-30,2024-03-30,SP02,R0002,,,,,J,080141
100,8000000485,2024-03-08,090000,WHOUSE01,LF,C00015,C00015,2024-04-03,2024-04-04,2024-04-03,2024-04-03,SP03,R0003,,,,,J,171912
100,8000000486,2024-02-26,090000,WHOUSE02,LF,C00006,C00006,2024-03-27,2024-03-24,2024-03-27,2024-03-27,SP03,R0003,,,,,J,071749
100,8000000487,2024-05-08,090000,WHOUSE01,LF,C00015,C00015,2024-05-24,2024-06-16,2024-05-24,2024-05-24,SP03,R0003,,,,,J,154929
100,8000000488,2024-06-06,090000,WHOUSE01,LF,C00010,C00010,2024-07-04,2024-07-03,2024-07-04,2024-07-04,SP02,R0003,,,,,J,172616
100,8000000489,2024-09-25,090000,WHOUSE02,LF,C00002,C00002,2024-10-07,2024-10-04,2024-10-07,2024-10-07,SP03,R0002,,,,,J,060030
100,8000000490,2024-02-23,090000,WHOUSE01,LF,C00004,C00004,2024-03-21,2024-03-20,2024-03-21,2024-03-21,SP02,R0004,,,,,J,095711
100,8000000491,2024-08-14,090000,WHOUSE01,LF,C00003,C00003,2024-09-11,2024-09-14,2024-09-11,2024-09-11,SP03,R0003,,,,,J,173543
100,8000000492,2024-02-11,090000,WHOUSE01,LF,C00007,C00007,2024-03-02,2024-02-29,2024-03-02,2024-03-02,SP03,R0004,,,,,J,132205
100,8000000493,2024-09-10,090000,WHOUSE02,LF,C00010,C00010,2024-09-26,2024-09-24,2024-09-26,2024-09-26,SP01,R0001,,,,,J,160033
100,8000000494,2024-02-18,090000,WHOUSE01,LF,C00010,C00010,2024-03-14,2024-03-12,2024-03-14,2024-03-14,SP03,R0003,,,,,J,071053
100,8000000495,2024-09-29,090000,WHOUSE02,LF,C00002,C00002,2024-10-12,2024-10-14,2024-10-12,2024-10-12,SP03,R0004,,,,,J,115737
100,8000000496,2024-05-07,090000,WHOUSE01,LF,C00008,C00008,2024-05-24,2024-05-22,2024-05-24,2024-05-24,SP02,R0002,,,,,J,150856
100,8000000497,2024-05-30,090000,WHOUSE02,LF,C00007,C00007,2024-06-12,2024-06-11,2024-06-12,2024-06-12,SP01,R0003,,,,,J,132624
100,8000000498,2024-01-16,090000,WHOUSE01,LF,C00004,C00004,2024-01-25,2024-01-23,2024-01-25,2024-01-25,SP03,R0004,,,,,J,123713
100,8000000499,2024-05-27,090000,WHOUSE01,LF,C00007,C00007,2024-06-19,2024-06-21,2024-06-19,2024-06-19,SP02,R0003,,,,,J,152138
