MANDT,VBELN,POSNR,MATNR,ARKTX,LFIMG,MEINS,LGMNG,WERKS,LGORT,VGBEL,VGPOS,VGTYP,ERNAM,ERDAT,ERZET
100,8000000000,000010,MAT00028,Material MAT00028,165.0,EA,165.0,P002,SL02,1000000000,000010,C,WHOUSE01,2024-04-28,082135
100,8000000001,000010,MAT00030,Material MAT00030,62.0,EA,62.0,P003,SL02,1000000001,000010,C,WHOUSE01,2024-04-12,111045
100,8000000002,000010,MAT00026,Material MAT00026,89.0,EA,89.0,P003,SL03,1000000002,000010,C,WHOUSE02,2024-03-10,171415
100,8000000002,000020,MAT00029,Material MAT00029,148.0,EA,148.0,P003,SL03,1000000002,000020,C,WHOUSE02,2024-03-10,160741
100,8000000003,000010,MAT00023,Material MAT00023,31.0,EA,31.0,P001,SL01,1000000003,000010,C,WHOUSE02,2024-07-22,171604
100,8000000004,000010,MAT00028,Material MAT00028,180.0,EA,180.0,P002,SL01,1000000004,000010,C,WHOUSE02,2024-03-10,155318
100,8000000005,000010,MAT00026,Material MAT00026,75.0,EA,75.0,P003,SL01,1000000005,000010,C,WHOUSE02,2024-05-20,122208
100,8000000006,000010,MAT00022,Material MAT00022,16.0,EA,16.0,P001,SL02,1000000006,000010,C,WHOUSE02,2024-05-21,173435
100,8000000006,000020,MAT00023,Material MAT00023,49.0,EA,49.0,P001,SL02,1000000006,000020,C,WHOUSE02,2024-05-21,164121
100,8000000007,000010,MAT00032,Material MAT00032,116.0,EA,116.0,P001,SL03,1000000007,000010,C,WHOUSE02,2024-06-25,101204
100,8000000007,000020,MAT00024,Material MAT00024,60.0,EA,60.0,P001,SL03,1000000007,000020,C,WHOUSE02,2024-06-25,141300
100,8000000008,000010,MAT00031,Material MAT00031,108.0,EA,108.0,P001,SL01,1000000008,000010,C,WHOUSE01,2024-03-03,112624
100,8000000009,000010,MAT00023,Material MAT00023,175.0,EA,175.0,P001,SL03,1000000009,000010,C,WHOUSE02,2024-08-24,122223
100,8000000010,000010,MAT00031,Material MAT00031,89.0,EA,89.0,P001,SL01,1000000010,000010,C,WHOUSE01,2024-03-13,092405
100,8000000010,000020,MAT00030,Material MAT00030,89.0,EA,89.0,P001,SL01,1000000010,000020,C,WHOUSE01,2024-03-13,125140
100,8000000011,000010,MAT00032,Material MAT00032,91.0,EA,91.0,P002,SL02,1000000011,000010,C,WHOUSE01,2024-03-22,093039
100,8000000012,000010,MAT00033,Material MAT00033,37.0,EA,37.0,P001,SL02,1000000012,000010,C,WHOUSE02,2024-05-05,063113
100,8000000013,000010,MAT00027,Material MAT00027,8.0,EA,8.0,P002,SL03,1000000013,000010,C,WHOUSE01,2024-06-26,112416
100,8000000014,000010,MAT00030,Material MAT00030,66.0,EA,66.0,P001,SL03,1000000014,000010,C,WHOUSE01,2024-06-08,115852
100,8000000015,000010,MAT00027,Material MAT00027,18.0,EA,18.0,P001,SL03,1000000015,000010,C,WHOUSE01,2024-02-23,113632
100,8000000016,000010,MAT00016,Material MAT00016,10.0,EA,10.0,P003,SL02,1000000016,000010,C,WHOUSE02,2024-03-18,171508
100,8000000016,000020,MAT00022,Material MAT00022,130.0,EA,130.0,P003,SL02,1000000016,000020,C,WHOUSE02,2024-03-18,060915
100,8000000017,000010,MAT00022,Material MAT00022,169.0,EA,169.0,P003,SL01,1000000017,000010,C,WHOUSE01,2024-09-17,153839
100,8000000018,000010,MAT00025,Material MAT00025,85.0,EA,85.0,P001,SL01,1000000018,000010,C,WHOUSE02,2024-05-18,173713
100,8000000018,000020,MAT00016,Material MAT00016,128.0,EA,128.0,P001,SL01,1000000018,000020,C,WHOUSE02,2024-05-18,082420
100,8000000020,000010,MAT00023,Material MAT00023,102.0,EA,102.0,P001,SL03,1000000020,000010,C,WHOUSE01,2024-04-10,112946
100,8000000021,000010,MAT00031,Material MAT00031,156.0,EA,156.0,P003,SL02,1000000021,000010,C,WHOUSE01,2024-06-11,072650
100,8000000022,000010,MAT00021,Material MAT00021,127.0,EA,127.0,P003,SL03,1000000022,000010,C,WHOUSE01,2024-02-05,060841
100,8000000023,000010,MAT00018,Material MAT00018,170.0,EA,170.0,P003,SL02,1000000023,000010,C,WHOUSE02,2024-02-08,061649
100,8000000024,000010,MAT00021,Material MAT00021,78.0,EA,78.0,P002,SL03,1000000024,000010,C,WHOUSE02,2024-09-02,133802
100,8000000024,000020,MAT00026,Material MAT00026,83.0,EA,83.0,P002,SL03,1000000024,000020,C,WHOUSE02,2024-09-02,160941
100,8000000025,000010,MAT00031,Material MAT00031,61.0,EA,61.0,P003,SL01,1000000025,000010,C,WHOUSE02,2024-04-28,154751
100,8000000026,000010,MAT00028,Material MAT00028,138.0,EA,138.0,P001,SL01,1000000026,000010,C,WHOUSE02,2024-10-19,124306
100,8000000027,000010,MAT00018,Material MAT00018,32.0,EA,32.0,P002,SL02,1000000027,000010,C,WHOUSE02,2024-05-21,165106
100,8000000028,000010,MAT00023,Material MAT00023,199.0,EA,199.0,P001,SL03,1000000028,000010,C,WHOUSE02,2024-06-05,131808
100,8000000029,000010,MAT00021,Material MAT00021,108.0,EA,108.0,P002,SL03,1000000029,000010,C,WHOUSE02,2024-09-11,160552
100,8000000029,000020,MAT00033,Material MAT00033,123.0,EA,123.0,P002,SL03,1000000029,000020,C,WHOUSE02,2024-09-11,084143
100,8000000030,000010,MAT00030,Material MAT00030,28.0,EA,28.0,P002,SL01,1000000030,000010,C,WHOUSE02,2024-09-01,131345
100,8000000031,000010,MAT00017,Material MAT00017,166.0,EA,166.0,P001,SL01,1000000031,000010,C,WHOUSE02,2024-10-01,074217
100,8000000032,000010,MAT00021,Material MAT00021,130.0,EA,130.0,P003,SL01,1000000032,000010,C,WHOUSE01,2024-07-08,125903
100,8000000033,000010,MAT00016,Material MAT00016,184.0,EA,184.0,P002,SL03,1000000033,000010,C,WHOUSE02,2024-07-30,090033
100,8000000034,000010,MAT00016,Material MAT00016,195.0,EA,195.0,P003,SL01,1000000034,000010,C,WHOUSE01,2024-03-13,152635
100,8000000035,000010,MAT00024,Material MAT00024,91.0,EA,91.0,P001,SL02,1000000035,000010,C,WHOUSE02,2024-10-13,075722
100,8000000036,000010,MAT00030,Material MAT00030,98.0,EA,98.0,P001,SL01,1000000036,000010,C,WHOUSE01,2024-03-13,125803
100,8000000036,000020,MAT00016,Material MAT00016,73.0,EA,73.0,P001,SL01,1000000036,000020,C,WHOUSE01,2024-03-13,105822
100,8000000037,000010,MAT00025,Material MAT00025,36.0,EA,36.0,P001,SL02,1000000037,000010,C,WHOUSE02,2024-05-09,115837
100,8000000038,000010,MAT00032,Material MAT00032,156.0,EA,156.0,P001,SL01,1000000038,000010,C,WHOUSE01,2024-02-25,155641
100,8000000038,000020,MAT00017,Material MAT00017,36.0,EA,36.0,P001,SL01,1000000038,000020,C,WHOUSE01,2024-02-25,140611
100,8000000039,000010,MAT00023,Material MAT00023,64.0,EA,64.0,P002,SL01,1000000039,000010,C,WHOUSE02,2024-02-19,120404
100,8000000040,000010,MAT00032,Material MAT00032,17.0,EA,17.0,P001,SL01,1000000040,000010,C,WHOUSE01,2024-05-01,074536
100,8000000041,000010,MAT00027,Material MAT00027,100.0,EA,100.0,P002,SL03,1000000041,000010,C,WHOUSE01,2024-08-11,105229
100,8000000042,000010,MAT00022,Material MAT00022,150.0,EA,150.0,P002,SL01,1000000042,000010,C,WHOUSE01,2024-08-26,172701
100,8000000043,000010,MAT00028,Material MAT00028,96.0,EA,96.0,P002,SL03,1000000043,000010,C,WHOUSE02,2024-05-20,085948
100,8000000044,000010,MAT00026,Material MAT00026,29.0,EA,29.0,P003,SL02,1000000044,000010,C,WHOUSE01,2024-08-09,174228
100,8000000045,000010,MAT00021,Material MAT00021,199.0,EA,199.0,P001,SL02,1000000045,000010,C,WHOUSE02,2024-10-29,142431
100,8000000046,000010,MAT00025,Material MAT00025,62.0,EA,62.0,P001,SL03,1000000046,000010,C,WHOUSE02,2024-06-24,132057
100,8000000048,000010,MAT00016,Material MAT00016,118.0,EA,118.0,P001,SL01,1000000048,000010,C,WHOUSE02,2024-10-12,141857
100,8000000049,000010,MAT00022,Material MAT00022,136.0,EA,136.0,P002,SL02,1000000049,000010,C,WHOUSE02,2024-03-07,120734
100,8000000050,000010,MAT00018,Material MAT00018,35.0,EA,35.0,P003,SL01,1000000050,000010,C,WHOUSE02,2024-01-25,131034
100,8000000051,000010,MAT00027,Material MAT00027,95.0,EA,95.0,P002,SL03,1000000051,000010,C,WHOUSE01,2024-07-07,161938
100,8000000051,000020,MAT00031,Material MAT00031,93.0,EA,93.0,P002,SL03,1000000051,000020,C,WHOUSE01,2024-07-07,173001
100,8000000052,000010,MAT00018,Material MAT00018,66.0,EA,66.0,P002,SL03,1000000052,000010,C,WHOUSE02,2024-02-22,065752
100,8000000053,000010,MAT00021,Material MAT00021,23.0,EA,23.0,P003,SL01,1000000053,000010,C,WHOUSE01,2024-04-25,164217
100,8000000053,000020,MAT00022,Material MAT00022,200.0,EA,200.0,P003,SL01,1000000053,000020,C,WHOUSE01,2024-04-25,162650
100,8000000055,000010,MAT00024,Material MAT00024,159.0,EA,159.0,P001,SL03,1000000055,000010,C,WHOUSE01,2024-07-25,114632
100,8000000056,000010,MAT00018,Material MAT00018,8.0,EA,8.0,P001,SL03,1000000056,000010,C,WHOUSE02,2024-04-18,160456
100,8000000057,000010,MAT00031,Material MAT00031,32.0,EA,32.0,P002,SL01,1000000057,000010,C,WHOUSE02,2024-03-18,165933
100,8000000058,000010,MAT00032,Material MAT00032,173.0,EA,173.0,P002,SL03,1000000058,000010,C,WHOUSE01,2024-10-13,134640
100,8000000058,000020,MAT00021,Material MAT00021,25.0,EA,25.0,P002,SL03,1000000058,000020,C,WHOUSE01,2024-10-13,171927
100,8000000059,000010,MAT00027,Material MAT00027,190.0,EA,190.0,P003,SL03,1000000059,000010,C,WHOUSE02,2024-05-06,130130
100,8000000059,000020,MAT00024,Material MAT00024,10.0,EA,10.0,P003,SL03,1000000059,000020,C,WHOUSE02,2024-05-06,153209
100,8000000060,000010,MAT00024,Material MAT00024,66.0,EA,66.0,P003,SL02,1000000060,000010,C,WHOUSE02,2024-08-25,154706
100,8000000061,000010,MAT00024,Material MAT00024,147.0,EA,147.0,P002,SL01,1000000061,000010,C,WHOUSE01,2024-06-20,074032
100,8000000062,000010,MAT00020,Material MAT00020,155.0,EA,155.0,P003,SL01,1000000062,000010,C,WHOUSE02,2024-06-02,170730
100,8000000063,000010,MAT00032,Material MAT00032,36.0,EA,36.0,P003,SL03,1000000063,000010,C,WHOUSE01,2024-10-13,164959
100,8000000064,000010,MAT00031,Material MAT00031,12.0,EA,12.0,P003,SL03,1000000064,000010,C,WHOUSE01,2024-04-24,174429
100,8000000065,000010,MAT00027,Material MAT00027,27.0,EA,27.0,P003,SL02,1000000065,000010,C,WHOUSE01,2024-07-14,064032
100,8000000065,000020,MAT00020,Material MAT00020,114.0,EA,114.0,P003,SL02,1000000065,000020,C,WHOUSE01,2024-07-14,060211
100,8000000066,000010,MAT00026,Material MAT00026,129.0,EA,129.0,P001,SL03,1000000066,000010,C,WHOUSE01,2024-05-10,072516
100,8000000066,000020,MAT00018,Material MAT00018,68.0,EA,68.0,P001,SL03,1000000066,000020,C,WHOUSE01,2024-05-10,155618
100,8000000067,000010,MAT00021,Material MAT00021,53.0,EA,53.0,P001,SL02,1000000067,000010,C,WHOUSE01,2024-07-06,140000
100,8000000068,000010,MAT00016,Material MAT00016,132.0,EA,132.0,P001,SL01,1000000068,000010,C,WHOUSE01,2024-01-30,145922
100,8000000069,000010,MAT00026,Material MAT00026,45.0,EA,45.0,P003,SL01,1000000069,000010,C,WHOUSE02,2024-02-17,092505
100,8000000069,000020,MAT00016,Material MAT00016,180.0,EA,180.0,P003,SL01,1000000069,000020,C,WHOUSE02,2024-02-17,165018
100,8000000070,000010,MAT00027,Material MAT00027,23.0,EA,23.0,P003,SL01,1000000070,000010,C,WHOUSE01,2024-09-27,070556
100,8000000071,000010,MAT00022,Material MAT00022,125.0,EA,125.0,P001,SL01,1000000071,000010,C,WHOUSE01,2024-03-02,144955
100,8000000072,000010,MAT00021,Material MAT00021,149.0,EA,149.0,P001,SL01,1000000072,000010,C,WHOUSE01,2024-06-04,172620
100,8000000073,000010,MAT00022,Material MAT00022,83.0,EA,83.0,P001,SL02,1000000073,000010,C,WHOUSE01,2024-08-03,071527
100,8000000074,000010,MAT00022,Material MAT00022,181.0,EA,181.0,P002,SL01,1000000074,000010,C,WHOUSE02,2024-06-02,144236
100,8000000075,000010,MAT00020,Material MAT00020,44.0,EA,44.0,P001,SL01,1000000075,000010,C,WHOUSE01,2024-07-15,113239
100,8000000076,000010,MAT00021,Material MAT00021,135.0,EA,135.0,P001,SL03,1000000076,000010,C,WHOUSE02,2024-04-04,062601
100,8000000077,000010,MAT00028,Material MAT00028,23.0,EA,23.0,P001,SL03,1000000077,000010,C,WHOUSE02,2024-03-29,162928
100,8000000078,000010,MAT00031,Material MAT00031,89.0,EA,89.0,P001,SL01,1000000078,000010,C,WHOUSE02,2024-09-12,084002
100,8000000079,000010,MAT00032,Material MAT00032,97.0,EA,97.0,P002,SL03,1000000079,000010,C,WHOUSE02,2024-04-12,112327
100,8000000080,000010,MAT00016,Material MAT00016,4.0,EA,4.0,P001,SL02,1000000080,000010,C,WHOUSE02,2024-05-17,163547
100,8000000081,000010,MAT00018,Material MAT00018,23.0,EA,23.0,P002,SL02,1000000081,000010,C,WHOUSE02,2024-01-23,161227
100,8000000081,000020,MAT00018,Material MAT00018,29.0,EA,29.0,P002,SL02,1000000081,000020,C,WHOUSE02,2024-01-23,152757
100,8000000082,000010,MAT00032,Material MAT00032,195.0,EA,195.0,P002,SL01,1000000082,000010,C,WHOUSE01,2024-02-25,070800
100,8000000083,000010,MAT00024,Material MAT00024,104.0,EA,104.0,P003,SL01,1000000083,000010,C,WHOUSE02,2024-09-21,062928
100,8000000084,000010,MAT00030,Material MAT00030,157.0,EA,157.0,P001,SL03,1000000084,000010,C,WHOUSE02,2024-03-11,062801
100,8000000084,000020,MAT00022,Material MAT00022,161.0,EA,161.0,P001,SL03,1000000084,000020,C,WHOUSE02,2024-03-11,162913
100,8000000085,000010,MAT00031,Material MAT00031,163.0,EA,163.0,P002,SL02,1000000085,000010,C,WHOUSE02,2024-03-04,103832
100,8000000086,000010,MAT00027,Material MAT00027,112.0,EA,112.0,P003,SL01,1000000086,000010,C,WHOUSE02,2024-10-06,165611
100,8000000086,000020,MAT00017,Material MAT00017,178.0,EA,178.0,P003,SL01,1000000086,000020,C,WHOUSE02,2024-10-06,114821
100,8000000087,000010,MAT00017,Material MAT00017,48.0,EA,48.0,P001,SL03,1000000087,000010,C,WHOUSE01,2024-02-13,132531
100,8000000088,000010,MAT00032,Material MAT00032,176.0,EA,176.0,P002,SL02,1000000088,000010,C,WHOUSE01,2024-09-30,064836
100,8000000088,000020,MAT00030,Material MAT00030,46.0,EA,46.0,P002,SL02,1000000088,000020,C,WHOUSE01,2024-09-30,134310
100,8000000089,000010,MAT00019,Material MAT00019,191.0,EA,191.0,P002,SL01,1000000089,000010,C,WHOUSE02,2024-10-01,083613
100,8000000090,000010,MAT00029,Material MAT00029,112.0,EA,112.0,P001,SL03,1000000090,000010,C,WHOUSE01,2024-11-04,121041
100,8000000091,000010,MAT00028,Material MAT00028,185.0,EA,185.0,P002,SL03,1000000091,000010,C,WHOUSE01,2024-05-10,071423
100,8000000091,000020,MAT00016,Material MAT00016,187.0,EA,187.0,P002,SL03,1000000091,000020,C,WHOUSE01,2024-05-10,071638
100,8000000093,000010,MAT00029,Material MAT00029,112.0,EA,112.0,P002,SL01,1000000093,000010,C,WHOUSE02,2024-10-06,123413
100,8000000094,000010,MAT00017,Material MAT00017,41.0,EA,41.0,P001,SL02,1000000094,000010,C,WHOUSE01,2024-10-20,135611
100,8000000094,000020,MAT00019,Material MAT00019,30.0,EA,30.0,P001,SL02,1000000094,000020,C,WHOUSE01,2024-10-20,093932
100,8000000095,000010,MAT00027,Material MAT00027,81.0,EA,81.0,P003,SL03,1000000095,000010,C,WHOUSE01,2024-09-28,101453
100,8000000096,000010,MAT00029,Material MAT00029,105.0,EA,105.0,P001,SL02,1000000096,000010,C,WHOUSE02,2024-02-13,091834
100,8000000096,000020,MAT00027,Material MAT00027,43.0,EA,43.0,P001,SL02,1000000096,000020,C,WHOUSE02,2024-02-13,081834
100,8000000097,000010,MAT00027,Material MAT00027,137.0,EA,137.0,P003,SL02,1000000097,000010,C,WHOUSE02,2024-08-25,142342
100,8000000098,000010,MAT00019,Material MAT00019,93.0,EA,93.0,P003,SL01,1000000098,000010,C,WHOUSE01,2024-01-16,161030
100,8000000099,000010,MAT00023,Material MAT00023,80.0,EA,80.0,P002,SL02,1000000099,000010,C,WHOUSE01,2024-08-23,103743
100,8000000099,000020,MAT00033,Material MAT00033,58.0,EA,58.0,P002,SL02,1000000099,000020,C,WHOUSE01,2024-08-23,110426
100,8000000100,000010,MAT00018,Material MAT00018,127.0,EA,127.0,P002,SL02,1000000100,000010,C,WHOUSE02,2024-03-25,120352
100,8000000101,000010,MAT00023,Material MAT00023,13.0,EA,13.0,P001,SL02,1000000101,000010,C,WHOUSE01,2024-05-02,175622
100,8000000102,000010,MAT00028,Material MAT00028,112.0,EA,112.0,P001,SL01,1000000102,000010,C,WHOUSE01,2024-07-14,111757
100,8000000102,000020,MAT00019,Material MAT00019,159.0,EA,159.0,P001,SL01,1000000102,000020,C,WHOUSE01,2024-07-14,102639
100,8000000103,000010,MAT00023,Material MAT00023,4.0,EA,4.0,P002,SL01,1000000103,000010,C,WHOUSE01,2024-03-09,132824
100,8000000104,000010,MAT00024,Material MAT00024,180.0,EA,180.0,P003,SL01,1000000104,000010,C,WHOUSE01,2024-08-15,174429
100,8000000105,000010,MAT00017,Material MAT00017,115.0,EA,115.0,P003,SL01,1000000105,000010,C,WHOUSE02,2024-03-04,105552
100,8000000106,000010,MAT00020,Material MAT00020,178.0,EA,178.0,P003,SL01,1000000106,000010,C,WHOUSE02,2024-04-03,111219
100,8000000106,000020,MAT00024,Material MAT00024,16.0,EA,16.0,P003,SL01,1000000106,000020,C,WHOUSE02,2024-04-03,141330
100,8000000107,000010,MAT00028,Material MAT00028,153.0,EA,153.0,P003,SL01,1000000107,000010,C,WHOUSE01,2024-01-28,172750
100,8000000108,000010,MAT00021,Material MAT00021,115.0,EA,115.0,P001,SL02,1000000108,000010,C,WHOUSE02,2024-05-03,135648
100,8000000109,000010,MAT00024,Material MAT00024,192.0,EA,192.0,P001,SL01,1000000109,000010,C,WHOUSE01,2024-04-20,160808
100,8000000111,000010,MAT00030,Material MAT00030,14.0,EA,14.0,P003,SL02,1000000111,000010,C,WHOUSE02,2024-06-16,080145
100,8000000112,000010,MAT00033,Material MAT00033,146.0,EA,146.0,P002,SL01,1000000112,000010,C,WHOUSE01,2024-10-02,061208
100,8000000113,000010,MAT00030,Material MAT00030,137.0,EA,137.0,P003,SL03,1000000113,000010,C,WHOUSE02,2024-08-24,062327
100,8000000114,000010,MAT00021,Material MAT00021,143.0,EA,143.0,P001,SL03,1000000114,000010,C,WHOUSE02,2024-03-07,070348
100,8000000116,000010,MAT00018,Material MAT00018,56.0,EA,56.0,P002,SL02,1000000116,000010,C,WHOUSE02,2024-08-16,064340
100,8000000118,000010,MAT00022,Material MAT00022,23.0,EA,23.0,P002,SL01,1000000118,000010,C,WHOUSE02,2024-01-29,065907
100,8000000119,000010,MAT00019,Material MAT00019,42.0,EA,42.0,P002,SL03,1000000119,000010,C,WHOUSE02,2024-07-09,163224
100,8000000120,000010,MAT00027,Material MAT00027,68.0,EA,68.0,P003,SL01,1000000120,000010,C,WHOUSE01,2024-08-18,162601
100,8000000121,000010,MAT00022,Material MAT00022,120.0,EA,120.0,P002,SL03,1000000121,000010,C,WHOUSE01,2024-08-25,104336
100,8000000122,000010,MAT00021,Material MAT00021,59.0,EA,59.0,P002,SL01,1000000122,000010,C,WHOUSE01,2024-04-25,094406
100,8000000122,000020,MAT00022,Material MAT00022,35.0,EA,35.0,P002,SL01,1000000122,000020,C,WHOUSE01,2024-04-25,161712
100,8000000123,000010,MAT00032,Material MAT00032,99.0,EA,99.0,P001,SL01,1000000123,000010,C,WHOUSE02,2024-04-01,155656
100,8000000124,000010,MAT00024,Material MAT00024,107.0,EA,107.0,P002,SL01,1000000124,000010,C,WHOUSE01,2024-06-25,132308
100,8000000125,000010,MAT00022,Material MAT00022,101.0,EA,101.0,P002,SL03,1000000125,000010,C,WHOUSE01,2024-06-23,092913
100,8000000126,000010,MAT00017,Material MAT00017,71.0,EA,71.0,P003,SL01,1000000126,000010,C,WHOUSE01,2024-07-14,071242
100,8000000127,000010,MAT00020,Material MAT00020,80.0,EA,80.0,P001,SL02,1000000127,000010,C,WHOUSE01,2024-09-07,084447
100,8000000128,000010,MAT00022,Material MAT00022,89.0,EA,89.0,P002,SL03,1000000128,000010,C,WHOUSE02,2024-06-05,072727
100,8000000128,000020,MAT00017,Material MAT00017,89.0,EA,89.0,P002,SL03,1000000128,000020,C,WHOUSE02,2024-06-05,123947
100,8000000129,000010,MAT00033,Material MAT00033,145.0,EA,145.0,P002,SL01,1000000129,000010,C,WHOUSE02,2024-09-19,100341
100,8000000130,000010,MAT00018,Material MAT00018,185.0,EA,185.0,P003,SL01,1000000130,000010,C,WHOUSE02,2024-07-25,071827
100,8000000131,000010,MAT00025,Material MAT00025,94.0,EA,94.0,P002,SL03,1000000131,000010,C,WHOUSE01,2024-08-06,102546
100,8000000132,000010,MAT00024,Material MAT00024,134.0,EA,134.0,P002,SL03,1000000132,000010,C,WHOUSE01,2024-10-16,170600
100,8000000133,000010,MAT00023,Material MAT00023,66.0,EA,66.0,P003,SL03,1000000133,000010,C,WHOUSE02,2024-05-05,095518
100,8000000133,000020,MAT00024,Material MAT00024,83.0,EA,83.0,P003,SL03,1000000133,000020,C,WHOUSE02,2024-05-05,065718
100,8000000134,000010,MAT00026,Material MAT00026,22.0,EA,22.0,P002,SL02,1000000134,000010,C,WHOUSE01,2024-06-15,130745
100,8000000135,000010,MAT00017,Material MAT00017,103.0,EA,103.0,P001,SL01,1000000135,000010,C,WHOUSE02,2024-09-14,174451
100,8000000135,000020,MAT00025,Material MAT00025,99.0,EA,99.0,P001,SL01,1000000135,000020,C,WHOUSE02,2024-09-14,101023
100,8000000136,000010,MAT00026,Material MAT00026,44.0,EA,44.0,P003,SL01,1000000136,000010,C,WHOUSE01,2024-06-02,121619
100,8000000137,000010,MAT00018,Material MAT00018,171.0,EA,171.0,P003,SL02,1000000137,000010,C,WHOUSE01,2024-05-13,144614
100,8000000138,000010,MAT00020,Material MAT00020,186.0,EA,186.0,P001,SL01,1000000138,000010,C,WHOUSE01,2024-07-11,065033
100,8000000139,000010,MAT00019,Material MAT00019,57.0,EA,57.0,P002,SL01,1000000139,000010,C,WHOUSE02,2024-08-05,155048
100,8000000140,000010,MAT00030,Material MAT00030,194.0,EA,194.0,P002,SL03,1000000140,000010,C,WHOUSE02,2024-06-18,105814
100,8000000140,000020,MAT00021,Material MAT00021,3.0,EA,3.0,P002,SL03,1000000140,000020,C,WHOUSE02,2024-06-18,165637
100,8000000141,000010,MAT00017,Material MAT00017,91.0,EA,91.0,P001,SL01,1000000141,000010,C,WHOUSE02,2024-01-29,173947
100,8000000142,000010,MAT00020,Material MAT00020,124.0,EA,124.0,P003,SL02,1000000142,000010,C,WHOUSE01,2024-03-23,095859
100,8000000143,000010,MAT00031,Material MAT00031,159.0,EA,159.0,P001,SL01,1000000143,000010,C,WHOUSE02,2024-07-05,102831
100,8000000144,000010,MAT00028,Material MAT00028,41.0,EA,41.0,P003,SL03,1000000144,000010,C,WHOUSE01,2024-06-20,111253
100,8000000145,000010,MAT00030,Material MAT00030,13.0,EA,13.0,P003,SL02,1000000145,000010,C,WHOUSE02,2024-09-04,060449
100,8000000146,000010,MAT00020,Material MAT00020,100.0,EA,100.0,P003,SL02,1000000146,000010,C,WHOUSE01,2024-07-21,162958
100,8000000147,000010,MAT00020,Material MAT00020,123.0,EA,123.0,P003,SL02,1000000147,000010,C,WHOUSE02,2024-08-02,163821
100,8000000147,000020,MAT00021,Material MAT00021,90.0,EA,90.0,P003,SL02,1000000147,000020,C,WHOUSE02,2024-08-02,085644
100,8000000148,000010,MAT00024,Material MAT00024,89.0,EA,89.0,P003,SL02,1000000148,000010,C,WHOUSE02,2024-04-20,080133
100,8000000149,000010,MAT00033,Material MAT00033,41.0,EA,41.0,P003,SL02,1000000149,000010,C,WHOUSE02,2024-08-30,151449
100,8000000149,000020,MAT00029,Material MAT00029,119.0,EA,119.0,P003,SL02,1000000149,000020,C,WHOUSE02,2024-08-30,112520
100,8000000150,000010,MAT00033,Material MAT00033,57.0,EA,57.0,P002,SL03,1000000150,000010,C,WHOUSE01,2024-09-15,141130
100,8000000151,000010,MAT00018,Material MAT00018,119.0,EA,119.0,P002,SL03,1000000151,000010,C,WHOUSE02,2024-06-17,145148
100,8000000151,000020,MAT00021,Material MAT00021,2.0,EA,2.0,P002,SL03,1000000151,000020,C,WHOUSE02,2024-06-17,073005
100,8000000152,000010,MAT00025,Material MAT00025,127.0,EA,127.0,P002,SL02,1000000152,000010,C,WHOUSE02,2024-06-18,095444
100,8000000153,000010,MAT00033,Material MAT00033,174.0,EA,174.0,P003,SL02,1000000153,000010,C,WHOUSE01,2024-03-13,100941
100,8000000153,000020,MAT00021,Material MAT00021,191.0,EA,191.0,P003,SL02,1000000153,000020,C,WHOUSE01,2024-03-13,172512
100,8000000154,000010,MAT00024,Material MAT00024,149.0,EA,149.0,P001,SL03,1000000154,000010,C,WHOUSE01,2024-08-30,114559
100,8000000155,000010,MAT00019,Material MAT00019,66.0,EA,66.0,P002,SL02,1000000155,000010,C,WHOUSE02,2024-08-10,155040
100,8000000156,000010,MAT00029,Material MAT00029,168.0,EA,168.0,P001,SL01,1000000156,000010,C,WHOUSE01,2024-05-16,104147
100,8000000157,000010,MAT00029,Material MAT00029,190.0,EA,190.0,P003,SL01,1000000157,000010,C,WHOUSE02,2024-07-30,071445
100,8000000157,000020,MAT00026,Material MAT00026,111.0,EA,111.0,P003,SL01,1000000157,000020,C,WHOUSE02,2024-07-30,144732
100,8000000158,000010,MAT00032,Material MAT00032,174.0,EA,174.0,P003,SL02,1000000158,000010,C,WHOUSE01,2024-05-29,154759
100,8000000160,000010,MAT00017,Material MAT00017,57.0,EA,57.0,P001,SL02,1000000160,000010,C,WHOUSE02,2024-10-01,124321
100,8000000161,000010,MAT00029,Material MAT00029,41.0,EA,41.0,P001,SL02,1000000161,000010,C,WHOUSE01,2024-05-07,125036
100,8000000162,000010,MAT00026,Material MAT00026,178.0,EA,178.0,P003,SL02,1000000162,000010,C,WHOUSE02,2024-07-04,061049
100,8000000163,000010,MAT00031,Material MAT00031,168.0,EA,168.0,P002,SL02,1000000163,000010,C,WHOUSE02,2024-09-30,142350
100,8000000163,000020,MAT00028,Material MAT00028,48.0,EA,48.0,P002,SL02,1000000163,000020,C,WHOUSE02,2024-09-30,071100
100,8000000164,000010,MAT00026,Material MAT00026,30.0,EA,30.0,P003,SL03,1000000164,000010,C,WHOUSE01,2024-01-19,162905
100,8000000165,000010,MAT00024,Material MAT00024,35.0,EA,35.0,P001,SL02,1000000165,000010,C,WHOUSE02,2024-07-11,114925
100,8000000166,000010,MAT00016,Material MAT00016,48.0,EA,48.0,P002,SL03,1000000166,000010,C,WHOUSE02,2024-07-15,081141
100,8000000167,000010,MAT00019,Material MAT00019,197.0,EA,197.0,P002,SL02,1000000167,000010,C,WHOUSE01,2024-04-29,101846
100,8000000168,000010,MAT00033,Material MAT00033,69.0,EA,69.0,P001,SL03,1000000168,000010,C,WHOUSE02,2024-03-25,112135
100,8000000168,000020,MAT00030,Material MAT00030,92.0,EA,92.0,P001,SL03,1000000168,000020,C,WHOUSE02,2024-03-25,063031
100,8000000169,000010,MAT00032,Material MAT00032,52.0,EA,52.0,P003,SL02,1000000169,000010,C,WHOUSE01,2024-03-18,160600
100,8000000170,000010,MAT00031,Material MAT00031,52.0,EA,52.0,P001,SL01,1000000170,000010,C,WHOUSE02,2024-03-21,080552
100,8000000171,000010,MAT00016,Material MAT00016,2.0,EA,2.0,P003,SL02,1000000171,000010,C,WHOUSE02,2024-03-07,094836
100,8000000171,000020,MAT00021,Material MAT00021,39.0,EA,39.0,P003,SL02,1000000171,000020,C,WHOUSE02,2024-03-07,101453
100,8000000173,000010,MAT00018,Material MAT00018,53.0,EA,53.0,P002,SL01,1000000173,000010,C,WHOUSE01,2024-08-04,165029
100,8000000174,000010,MAT00033,Material MAT00033,112.0,EA,112.0,P002,SL01,1000000174,000010,C,WHOUSE01,2024-04-23,082950
100,8000000175,000010,MAT00033,Material MAT00033,24.0,EA,24.0,P002,SL03,1000000175,000010,C,WHOUSE02,2024-03-03,113135
100,8000000175,000020,MAT00033,Material MAT00033,26.0,EA,26.0,P002,SL03,1000000175,000020,C,WHOUSE02,2024-03-03,105240
100,8000000176,000010,MAT00029,Material MAT00029,23.0,EA,23.0,P002,SL03,1000000176,000010,C,WHOUSE01,2024-08-17,143732
100,8000000177,000010,MAT00016,Material MAT00016,159.0,EA,159.0,P003,SL03,1000000177,000010,C,WHOUSE01,2024-06-19,073609
100,8000000178,000010,MAT00032,Material MAT00032,124.0,EA,124.0,P003,SL01,1000000178,000010,C,WHOUSE01,2024-04-09,094636
100,8000000179,000010,MAT00019,Material MAT00019,141.0,EA,141.0,P003,SL03,1000000179,000010,C,WHOUSE02,2024-08-06,112050
100,8000000180,000010,MAT00032,Material MAT00032,180.0,EA,180.0,P002,SL01,1000000180,000010,C,WHOUSE01,2024-06-16,100348
100,8000000181,000010,MAT00020,Material MAT00020,42.0,EA,42.0,P002,SL01,1000000181,000010,C,WHOUSE02,2024-06-21,150619
100,8000000182,000010,MAT00019,Material MAT00019,24.0,EA,24.0,P002,SL01,1000000182,000010,C,WHOUSE02,2024-04-26,154821
100,8000000183,000010,MAT00016,Material MAT00016,1.0,EA,1.0,P003,SL02,1000000183,000010,C,WHOUSE01,2024-08-05,062120
100,8000000184,000010,MAT00032,Material MAT00032,81.0,EA,81.0,P002,SL01,1000000184,000010,C,WHOUSE01,2024-10-13,101601
100,8000000184,000020,MAT00032,Material MAT00032,200.0,EA,200.0,P002,SL01,1000000184,000020,C,WHOUSE01,2024-10-13,142639
100,8000000185,000010,MAT00025,Material MAT00025,130.0,EA,130.0,P002,SL01,1000000185,000010,C,WHOUSE01,2024-05-29,085106
100,8000000186,000010,MAT00033,Material MAT00033,174.0,EA,174.0,P002,SL02,1000000186,000010,C,WHOUSE01,2024-06-07,060938
100,8000000187,000010,MAT00026,Material MAT00026,68.0,EA,68.0,P002,SL02,1000000187,000010,C,WHOUSE02,2024-05-17,083128
100,8000000188,000010,MAT00026,Material MAT00026,124.0,EA,124.0,P001,SL02,1000000188,000010,C,WHOUSE01,2024-06-29,125310
100,8000000191,000010,MAT00023,Material MAT00023,123.0,EA,123.0,P001,SL03,1000000191,000010,C,WHOUSE02,2024-05-21,101819
100,8000000192,000010,MAT00017,Material MAT00017,132.0,EA,132.0,P003,SL01,1000000192,000010,C,WHOUSE01,2024-06-06,143951
100,8000000194,000010,MAT00033,Material MAT00033,60.0,EA,60.0,P003,SL02,1000000194,000010,C,WHOUSE02,2024-06-25,085622
100,8000000195,000010,MAT00033,Material MAT00033,58.0,EA,58.0,P001,SL01,1000000195,000010,C,WHOUSE01,2024-05-14,131300
100,8000000195,000020,MAT00029,Material MAT00029,79.0,EA,79.0,P001,SL01,1000000195,000020,C,WHOUSE01,2024-05-14,080938
100,8000000196,000010,MAT00022,Material MAT00022,26.0,EA,26.0,P003,SL02,1000000196,000010,C,WHOUSE02,2024-06-03,101242
100,8000000198,000010,MAT00017,Material MAT00017,84.0,EA,84.0,P002,SL03,1000000198,000010,C,WHOUSE02,2024-09-07,165633
100,8000000199,000010,MAT00023,Material MAT00023,63.0,EA,63.0,P002,SL03,1000000199,000010,C,WHOUSE02,2024-03-17,115240
100,8000000199,000020,MAT00030,Material MAT00030,105.0,EA,105.0,P002,SL03,1000000199,000020,C,WHOUSE02,2024-03-17,162550
100,8000000200,000010,MAT00029,Material MAT00029,66.0,EA,66.0,P003,SL01,1000000200,000010,C,WHOUSE02,2024-03-05,130800
100,8000000201,000010,MAT00020,Material MAT00020,56.0,EA,56.0,P002,SL02,1000000201,000010,C,WHOUSE02,2024-09-28,160752
100,8000000202,000010,MAT00016,Material MAT00016,174.0,EA,174.0,P002,SL02,1000000202,000010,C,WHOUSE02,2024-07-09,090819
100,8000000202,000020,MAT00022,Material MAT00022,7.0,EA,7.0,P002,SL02,1000000202,000020,C,WHOUSE02,2024-07-09,103305
100,8000000203,000010,MAT00018,Material MAT00018,75.0,EA,75.0,P002,SL02,1000000203,000010,C,WHOUSE01,2024-06-13,141719
100,8000000203,000020,MAT00032,Material MAT00032,9.0,EA,9.0,P002,SL02,1000000203,000020,C,WHOUSE01,2024-06-13,102223
100,8000000205,000010,MAT00033,Material MAT00033,144.0,EA,144.0,P003,SL03,1000000205,000010,C,WHOUSE01,2024-06-16,155641
100,8000000206,000010,MAT00031,Material MAT00031,199.0,EA,199.0,P001,SL02,1000000206,000010,C,WHOUSE01,2024-09-30,124002
100,8000000207,000010,MAT00024,Material MAT00024,34.0,EA,34.0,P001,SL03,1000000207,000010,C,WHOUSE01,2024-02-25,121357
100,8000000208,000010,MAT00020,Material MAT00020,12.0,EA,12.0,P003,SL01,1000000208,000010,C,WHOUSE02,2024-09-16,071623
100,8000000209,000010,MAT00019,Material MAT00019,107.0,EA,107.0,P001,SL02,1000000209,000010,C,WHOUSE02,2024-07-28,090215
100,8000000210,000010,MAT00018,Material MAT00018,159.0,EA,159.0,P002,SL02,1000000210,000010,C,WHOUSE02,2024-02-03,063654
100,8000000211,000010,MAT00028,Material MAT00028,107.0,EA,107.0,P001,SL01,1000000211,000010,C,WHOUSE02,2024-02-15,060630
100,8000000211,000020,MAT00032,Material MAT00032,127.0,EA,127.0,P001,SL01,1000000211,000020,C,WHOUSE02,2024-02-15,123450
100,8000000213,000010,MAT00021,Material MAT00021,126.0,EA,126.0,P001,SL01,1000000213,000010,C,WHOUSE02,2024-06-16,113636
100,8000000213,000020,MAT00017,Material MAT00017,144.0,EA,144.0,P001,SL01,1000000213,000020,C,WHOUSE02,2024-06-16,131653
100,8000000214,000010,MAT00016,Material MAT00016,3.0,EA,3.0,P003,SL02,1000000214,000010,C,WHOUSE02,2024-03-07,152928
100,8000000214,000020,MAT00028,Material MAT00028,80.0,EA,80.0,P003,SL02,1000000214,000020,C,WHOUSE02,2024-03-07,060856
100,8000000215,000010,MAT00016,Material MAT00016,125.0,EA,125.0,P001,SL03,1000000215,000010,C,WHOUSE01,2024-07-02,103932
100,8000000216,000010,MAT00029,Material MAT00029,59.0,EA,59.0,P002,SL01,1000000216,000010,C,WHOUSE02,2024-07-03,175656
100,8000000217,000010,MAT00032,Material MAT00032,132.0,EA,132.0,P002,SL01,1000000217,000010,C,WHOUSE01,2024-08-23,175103
100,8000000218,000010,MAT00031,Material MAT00031,174.0,EA,174.0,P001,SL03,1000000218,000010,C,WHOUSE01,2024-10-25,073305
100,8000000219,000010,MAT00030,Material MAT00030,3.0,EA,3.0,P003,SL01,1000000219,000010,C,WHOUSE02,2024-08-18,124406
100,8000000220,000010,MAT00025,Material MAT00025,76.0,EA,76.0,P001,SL01,1000000220,000010,C,WHOUSE01,2024-07-13,103250
100,8000000221,000010,MAT00016,Material MAT00016,10.0,EA,10.0,P001,SL03,1000000221,000010,C,WHOUSE01,2024-06-27,121130
100,8000000222,000010,MAT00024,Material MAT00024,80.0,EA,80.0,P002,SL02,1000000222,000010,C,WHOUSE02,2024-04-19,085703
100,8000000223,000010,MAT00031,Material MAT00031,87.0,EA,87.0,P001,SL01,1000000223,000010,C,WHOUSE02,2024-06-13,071249
100,8000000224,000010,MAT00027,Material MAT00027,77.0,EA,77.0,P001,SL01,1000000224,000010,C,WHOUSE02,2024-06-09,163131
100,8000000224,000020,MAT00025,Material MAT00025,59.0,EA,59.0,P001,SL01,1000000224,000020,C,WHOUSE02,2024-06-09,135944
100,8000000225,000010,MAT00017,Material MAT00017,86.0,EA,86.0,P001,SL01,1000000225,000010,C,WHOUSE01,2024-05-20,100923
100,8000000226,000010,MAT00016,Material MAT00016,131.0,EA,131.0,P003,SL02,1000000226,000010,C,WHOUSE01,2024-08-27,111916
100,8000000228,000010,MAT00019,Material MAT00019,21.0,EA,21.0,P002,SL02,1000000228,000010,C,WHOUSE01,2024-02-11,165903
100,8000000228,000020,MAT00020,Material MAT00020,7.0,EA,7.0,P002,SL02,1000000228,000020,C,WHOUSE01,2024-02-11,140737
100,8000000229,000010,MAT00021,Material MAT00021,70.0,EA,70.0,P001,SL01,1000000229,000010,C,WHOUSE01,2024-09-14,114855
100,8000000230,000010,MAT00017,Material MAT00017,128.0,EA,128.0,P001,SL01,1000000230,000010,C,WHOUSE01,2024-09-03,091846
100,8000000231,000010,MAT00030,Material MAT00030,131.0,EA,131.0,P002,SL02,1000000231,000010,C,WHOUSE01,2024-09-30,144825
100,8000000232,000010,MAT00027,Material MAT00027,183.0,EA,183.0,P002,SL01,1000000232,000010,C,WHOUSE02,2024-07-29,074818
100,8000000233,000010,MAT00019,Material MAT00019,144.0,EA,144.0,P002,SL03,1000000233,000010,C,WHOUSE02,2024-09-20,131008
100,8000000234,000010,MAT00032,Material MAT00032,186.0,EA,186.0,P002,SL02,1000000234,000010,C,WHOUSE01,2024-02-15,130556
100,8000000235,000010,MAT00030,Material MAT00030,171.0,EA,171.0,P001,SL02,1000000235,000010,C,WHOUSE02,2024-08-15,062005
100,8000000235,000020,MAT00032,Material MAT00032,55.0,EA,55.0,P001,SL02,1000000235,000020,C,WHOUSE02,2024-08-15,122257
100,8000000236,000010,MAT00021,Material MAT00021,130.0,EA,130.0,P003,SL03,1000000236,000010,C,WHOUSE02,2024-09-18,111342
100,8000000237,000010,MAT00021,Material MAT00021,71.0,EA,71.0,P002,SL03,1000000237,000010,C,WHOUSE01,2024-03-05,151834
100,8000000237,000020,MAT00022,Material MAT00022,56.0,EA,56.0,P002,SL03,1000000237,000020,C,WHOUSE01,2024-03-05,143202
100,8000000238,000010,MAT00030,Material MAT00030,122.0,EA,122.0,P002,SL01,1000000238,000010,C,WHOUSE01,2024-02-18,150452
100,8000000239,000010,MAT00033,Material MAT00033,40.0,EA,40.0,P003,SL03,1000000239,000010,C,WHOUSE01,2024-08-31,125652
100,8000000239,000020,MAT00018,Material MAT00018,133.0,EA,133.0,P003,SL03,1000000239,000020,C,WHOUSE01,2024-08-31,074106
100,8000000240,000010,MAT00016,Material MAT00016,172.0,EA,172.0,P001,SL01,1000000240,000010,C,WHOUSE01,2024-05-10,090307
100,8000000241,000010,MAT00016,Material MAT00016,140.0,EA,140.0,P003,SL01,1000000241,000010,C,WHOUSE01,2024-10-10,064814
100,8000000242,000010,MAT00027,Material MAT00027,44.0,EA,44.0,P001,SL01,1000000242,000010,C,WHOUSE01,2024-06-25,082409
100,8000000243,000010,MAT00023,Material MAT00023,36.0,EA,36.0,P003,SL03,1000000243,000010,C,WHOUSE02,2024-08-31,132616
100,8000000243,000020,MAT00023,Material MAT00023,195.0,EA,195.0,P003,SL03,1000000243,000020,C,WHOUSE02,2024-08-31,112750
100,8000000244,000010,MAT00018,Material MAT00018,80.0,EA,80.0,P001,SL03,1000000244,000010,C,WHOUSE02,2024-01-23,161538
100,8000000245,000010,MAT00021,Material MAT00021,189.0,EA,189.0,P001,SL02,1000000245,000010,C,WHOUSE01,2024-06-03,172001
100,8000000245,000020,MAT00018,Material MAT00018,74.0,EA,74.0,P001,SL02,1000000245,000020,C,WHOUSE01,2024-06-03,160145
100,8000000246,000010,MAT00027,Material MAT00027,171.0,EA,171.0,P002,SL03,1000000246,000010,C,WHOUSE01,2024-09-03,083809
100,8000000247,000010,MAT00027,Material MAT00027,34.0,EA,34.0,P003,SL03,1000000247,000010,C,WHOUSE01,2024-08-13,082616
100,8000000248,000010,MAT00028,Material MAT00028,92.0,EA,92.0,P001,SL02,1000000248,000010,C,WHOUSE02,2024-09-14,080207
100,8000000249,000010,MAT00019,Material MAT00019,168.0,EA,168.0,P001,SL02,1000000249,000010,C,WHOUSE02,2024-07-18,064006
100,8000000250,000010,MAT00032,Material MAT00032,19.0,EA,19.0,P002,SL01,1000000250,000010,C,WHOUSE01,2024-09-17,081053
100,8000000251,000010,MAT00022,Material MAT00022,144.0,EA,144.0,P001,SL02,1000000251,000010,C,WHOUSE01,2024-05-15,112257
100,8000000252,000010,MAT00028,Material MAT00028,60.0,EA,60.0,P002,SL03,1000000252,000010,C,WHOUSE02,2024-07-25,131334
100,8000000252,000020,MAT00027,Material MAT00027,13.0,EA,13.0,P002,SL03,1000000252,000020,C,WHOUSE02,2024-07-25,062150
100,8000000253,000010,MAT00021,Material MAT00021,191.0,EA,191.0,P001,SL02,1000000253,000010,C,WHOUSE02,2024-06-15,162650
100,8000000254,000010,MAT00022,Material MAT00022,62.0,EA,62.0,P002,SL02,1000000254,000010,C,WHOUSE02,2024-10-15,124903
100,8000000255,000010,MAT00022,Material MAT00022,16.0,EA,16.0,P001,SL03,1000000255,000010,C,WHOUSE01,2024-06-20,161727
100,8000000256,000010,MAT00023,Material MAT00023,117.0,EA,117.0,P002,SL02,1000000256,000010,C,WHOUSE01,2024-04-18,145355
100,8000000257,000010,MAT00026,Material MAT00026,89.0,EA,89.0,P003,SL03,1000000257,000010,C,WHOUSE01,2024-03-10,165618
100,8000000258,000010,MAT00020,Material MAT00020,144.0,EA,144.0,P003,SL01,1000000258,000010,C,WHOUSE02,2024-04-03,061300
100,8000000259,000010,MAT00026,Material MAT00026,123.0,EA,123.0,P001,SL01,1000000259,000010,C,WHOUSE01,2024-06-17,063609
100,8000000260,000010,MAT00017,Material MAT00017,96.0,EA,96.0,P003,SL03,1000000260,000010,C,WHOUSE02,2024-06-29,081504
100,8000000261,000010,MAT00033,Material MAT00033,1.0,EA,1.0,P002,SL01,1000000261,000010,C,WHOUSE01,2024-08-16,130452
100,8000000261,000020,MAT00016,Material MAT00016,108.0,EA,108.0,P002,SL01,1000000261,000020,C,WHOUSE01,2024-08-16,173005
100,8000000262,000010,MAT00033,Material MAT00033,138.0,EA,138.0,P003,SL03,1000000262,000010,C,WHOUSE02,2024-09-29,153347
100,8000000263,000010,MAT00025,Material MAT00025,127.0,EA,127.0,P003,SL02,1000000263,000010,C,WHOUSE02,2024-09-25,060215
100,8000000264,000010,MAT00021,Material MAT00021,62.0,EA,62.0,P001,SL03,1000000264,000010,C,WHOUSE02,2024-05-15,060022
100,8000000265,000010,MAT00024,Material MAT00024,45.0,EA,45.0,P003,SL01,1000000265,000010,C,WHOUSE01,2024-05-07,084032
100,8000000266,000010,MAT00016,Material MAT00016,70.0,EA,70.0,P003,SL03,1000000266,000010,C,WHOUSE01,2024-08-23,085644
100,8000000267,000010,MAT00023,Material MAT00023,173.0,EA,173.0,P002,SL02,1000000267,000010,C,WHOUSE02,2024-09-19,141534
100,8000000267,000020,MAT00030,Material MAT00030,115.0,EA,115.0,P002,SL02,1000000267,000020,C,WHOUSE02,2024-09-19,061312
100,8000000268,000010,MAT00017,Material MAT00017,92.0,EA,92.0,P002,SL01,1000000268,000010,C,WHOUSE01,2024-05-03,101500
100,8000000269,000010,MAT00016,Material MAT00016,103.0,EA,103.0,P003,SL02,1000000269,000010,C,WHOUSE02,2024-02-05,113150
100,8000000270,000010,MAT00022,Material MAT00022,83.0,EA,83.0,P002,SL01,1000000270,000010,C,WHOUSE02,2024-07-16,121149
100,8000000271,000010,MAT00018,Material MAT00018,122.0,EA,122.0,P001,SL01,1000000271,000010,C,WHOUSE02,2024-06-04,080222
100,8000000271,000020,MAT00031,Material MAT00031,95.0,EA,95.0,P001,SL01,1000000271,000020,C,WHOUSE02,2024-06-04,082916
100,8000000272,000010,MAT00026,Material MAT00026,130.0,EA,130.0,P003,SL03,1000000272,000010,C,WHOUSE01,2024-08-03,162208
100,8000000272,000020,MAT00017,Material MAT00017,107.0,EA,107.0,P003,SL03,1000000272,000020,C,WHOUSE01,2024-08-03,080934
100,8000000274,000010,MAT00026,Material MAT00026,71.0,EA,71.0,P001,SL01,1000000274,000010,C,WHOUSE01,2024-07-26,132731
100,8000000275,000010,MAT00031,Material MAT00031,121.0,EA,121.0,P003,SL03,1000000275,000010,C,WHOUSE01,2024-04-18,134848
100,8000000276,000010,MAT00028,Material MAT00028,164.0,EA,164.0,P001,SL02,1000000276,000010,C,WHOUSE02,2024-05-19,140515
100,8000000277,000010,MAT00017,Material MAT00017,85.0,EA,85.0,P003,SL01,1000000277,000010,C,WHOUSE02,2024-02-02,173505
100,8000000278,000010,MAT00024,Material MAT00024,83.0,EA,83.0,P001,SL03,1000000278,000010,C,WHOUSE02,2024-03-21,085318
100,8000000279,000010,MAT00023,Material MAT00023,197.0,EA,197.0,P002,SL02,1000000279,000010,C,WHOUSE01,2024-03-10,112820
100,8000000280,000010,MAT00020,Material MAT00020,56.0,EA,56.0,P001,SL02,1000000280,000010,C,WHOUSE02,2024-03-02,082312
100,8000000281,000010,MAT00021,Material MAT00021,75.0,EA,75.0,P001,SL01,1000000281,000010,C,WHOUSE01,2024-04-29,112424
100,8000000282,000010,MAT00022,Material MAT00022,88.0,EA,88.0,P003,SL02,1000000282,000010,C,WHOUSE01,2024-07-27,060352
100,8000000283,000010,MAT00031,Material MAT00031,61.0,EA,61.0,P002,SL03,1000000283,000010,C,WHOUSE02,2024-08-15,070915
100,8000000284,000010,MAT00030,Material MAT00030,27.0,EA,27.0,P001,SL01,1000000284,000010,C,WHOUSE01,2024-03-12,140622
100,8000000284,000020,MAT00031,Material MAT00031,25.0,EA,25.0,P001,SL01,1000000284,000020,C,WHOUSE01,2024-03-12,064821
100,8000000285,000010,MAT00024,Material MAT00024,158.0,EA,158.0,P002,SL02,1000000285,000010,C,WHOUSE02,2024-07-26,142742
100,8000000285,000020,MAT00028,Material MAT00028,110.0,EA,110.0,P002,SL02,1000000285,000020,C,WHOUSE02,2024-07-26,092642
100,8000000286,000010,MAT00023,Material MAT00023,75.0,EA,75.0,P002,SL02,1000000286,000010,C,WHOUSE01,2024-03-05,171415
100,8000000286,000020,MAT00029,Material MAT00029,91.0,EA,91.0,P002,SL02,1000000286,000020,C,WHOUSE01,2024-03-05,080419
100,8000000287,000010,MAT00017,Material MAT00017,161.0,EA,161.0,P002,SL03,1000000287,000010,C,WHOUSE01,2024-03-02,124903
100,8000000287,000020,MAT00018,Material MAT00018,40.0,EA,40.0,P002,SL03,1000000287,000020,C,WHOUSE01,2024-03-02,151119
100,8000000288,000010,MAT00023,Material MAT00023,199.0,EA,199.0,P003,SL02,1000000288,000010,C,WHOUSE02,2024-10-06,083951
100,8000000289,000010,MAT00027,Material MAT00027,165.0,EA,165.0,P001,SL03,1000000289,000010,C,WHOUSE01,2024-02-28,120541
100,8000000290,000010,MAT00021,Material MAT00021,105.0,EA,105.0,P003,SL03,1000000290,000010,C,WHOUSE02,2024-06-03,141508
100,8000000291,000010,MAT00019,Material MAT00019,75.0,EA,75.0,P003,SL02,1000000291,000010,C,WHOUSE02,2024-06-20,172454
100,8000000291,000020,MAT00017,Material MAT00017,32.0,EA,32.0,P003,SL02,1000000291,000020,C,WHOUSE02,2024-06-20,112135
100,8000000292,000010,MAT00017,Material MAT00017,81.0,EA,81.0,P001,SL01,1000000292,000010,C,WHOUSE01,2024-08-16,154432
100,8000000293,000010,MAT00017,Material MAT00017,21.0,EA,21.0,P002,SL01,1000000293,000010,C,WHOUSE01,2024-01-25,151134
100,8000000293,000020,MAT00027,Material MAT00027,34.0,EA,34.0,P002,SL01,1000000293,000020,C,WHOUSE01,2024-01-25,151746
100,8000000294,000010,MAT00027,Material MAT00027,184.0,EA,184.0,P003,SL01,1000000294,000010,C,WHOUSE02,2024-06-13,134021
100,8000000294,000020,MAT00026,Material MAT00026,70.0,EA,70.0,P003,SL01,1000000294,000020,C,WHOUSE02,2024-06-13,134610
100,8000000295,000010,MAT00020,Material MAT00020,36.0,EA,36.0,P003,SL03,1000000295,000010,C,WHOUSE02,2024-03-25,112554
100,8000000296,000010,MAT00020,Material MAT00020,157.0,EA,157.0,P002,SL03,1000000296,000010,C,WHOUSE02,2024-05-07,113347
100,8000000297,000010,MAT00028,Material MAT00028,103.0,EA,103.0,P001,SL03,1000000297,000010,C,WHOUSE01,2024-10-19,085922
100,8000000297,000020,MAT00028,Material MAT00028,186.0,EA,186.0,P001,SL03,1000000297,000020,C,WHOUSE01,2024-10-19,080022
100,8000000298,000010,MAT00026,Material MAT00026,17.0,EA,17.0,P002,SL01,1000000298,000010,C,WHOUSE01,2024-02-01,085959
100,8000000298,000020,MAT00023,Material MAT00023,104.0,EA,104.0,P002,SL01,1000000298,000020,C,WHOUSE01,2024-02-01,073302
100,8000000299,000010,MAT00021,Material MAT00021,75.0,EA,75.0,P001,SL01,1000000299,000010,C,WHOUSE01,2024-09-28,062431
100,8000000300,000010,MAT00023,Material MAT00023,158.0,EA,158.0,P001,SL01,1000000300,000010,C,WHOUSE01,2024-08-19,111849
100,8000000301,000010,MAT00019,Material MAT00019,88.0,EA,88.0,P003,SL03,1000000301,000010,C,WHOUSE02,2024-08-05,161704
100,8000000301,000020,MAT00031,Material MAT00031,61.0,EA,61.0,P003,SL03,1000000301,000020,C,WHOUSE02,2024-08-05,173209
100,8000000302,000010,MAT00016,Material MAT00016,175.0,EA,175.0,P002,SL02,1000000302,000010,C,WHOUSE02,2024-04-09,061530
100,8000000303,000010,MAT00026,Material MAT00026,90.0,EA,90.0,P002,SL02,1000000303,000010,C,WHOUSE02,2024-03-12,064829
100,8000000304,000010,MAT00023,Material MAT00023,112.0,EA,112.0,P003,SL03,1000000304,000010,C,WHOUSE02,2024-06-10,164803
100,8000000305,000010,MAT00018,Material MAT00018,27.0,EA,27.0,P003,SL02,1000000305,000010,C,WHOUSE01,2024-10-11,061823
100,8000000306,000010,MAT00028,Material MAT00028,45.0,EA,45.0,P002,SL02,1000000306,000010,C,WHOUSE01,2024-04-30,140700
100,8000000307,000010,MAT00030,Material MAT00030,15.0,EA,15.0,P002,SL01,1000000307,000010,C,WHOUSE02,2024-05-04,063658
100,8000000308,000010,MAT00023,Material MAT00023,110.0,EA,110.0,P003,SL02,1000000308,000010,C,WHOUSE01,2024-06-08,091642
100,8000000309,000010,MAT00017,Material MAT00017,110.0,EA,110.0,P002,SL03,1000000309,000010,C,WHOUSE01,2024-09-23,061753
100,8000000310,000010,MAT00028,Material MAT00028,169.0,EA,169.0,P002,SL03,1000000310,000010,C,WHOUSE01,2024-05-09,085110
100,8000000310,000020,MAT00023,Material MAT00023,90.0,EA,90.0,P002,SL03,1000000310,000020,C,WHOUSE01,2024-05-09,104140
100,8000000311,000010,MAT00027,Material MAT00027,25.0,EA,25.0,P002,SL03,1000000311,000010,C,WHOUSE01,2024-09-09,165811
100,8000000312,000010,MAT00027,Material MAT00027,167.0,EA,167.0,P002,SL02,1000000312,000010,C,WHOUSE02,2024-05-14,095514
100,8000000313,000010,MAT00032,Material MAT00032,73.0,EA,73.0,P003,SL03,1000000313,000010,C,WHOUSE01,2024-08-13,060422
100,8000000314,000010,MAT00017,Material MAT00017,107.0,EA,107.0,P002,SL03,1000000314,000010,C,WHOUSE01,2024-04-05,092335
100,8000000315,000010,MAT00022,Material MAT00022,31.0,EA,31.0,P003,SL02,1000000315,000010,C,WHOUSE01,2024-02-03,120337
100,8000000316,000010,MAT00029,Material MAT00029,91.0,EA,91.0,P002,SL01,1000000316,000010,C,WHOUSE01,2024-05-21,103450
100,8000000317,000010,MAT00019,Material MAT00019,52.0,EA,52.0,P003,SL02,1000000317,000010,C,WHOUSE01,2024-04-02,105637
100,8000000317,000020,MAT00024,Material MAT00024,66.0,EA,66.0,P003,SL02,1000000317,000020,C,WHOUSE01,2024-04-02,145959
100,8000000318,000010,MAT00031,Material MAT00031,187.0,EA,187.0,P001,SL03,1000000318,000010,C,WHOUSE02,2024-10-02,102135
100,8000000319,000010,MAT00019,Material MAT00019,54.0,EA,54.0,P002,SL02,1000000319,000010,C,WHOUSE02,2024-10-03,074155
100,8000000320,000010,MAT00032,Material MAT00032,71.0,EA,71.0,P003,SL01,1000000320,000010,C,WHOUSE01,2024-09-26,135711
100,8000000320,000020,MAT00020,Material MAT00020,83.0,EA,83.0,P003,SL01,1000000320,000020,C,WHOUSE01,2024-09-26,123339
100,8000000321,000010,MAT00020,Material MAT00020,192.0,EA,192.0,P001,SL03,1000000321,000010,C,WHOUSE01,2024-08-20,081542
100,8000000322,000010,MAT00024,Material MAT00024,21.0,EA,21.0,P003,SL02,1000000322,000010,C,WHOUSE01,2024-06-23,170752
100,8000000323,000010,MAT00019,Material MAT00019,34.0,EA,34.0,P002,SL02,1000000323,000010,C,WHOUSE01,2024-07-01,120018
100,8000000323,000020,MAT00019,Material MAT00019,20.0,EA,20.0,P002,SL02,1000000323,000020,C,WHOUSE01,2024-07-01,081238
100,8000000324,000010,MAT00023,Material MAT00023,176.0,EA,176.0,P003,SL01,1000000324,000010,C,WHOUSE02,2024-02-19,124944
100,8000000324,000020,MAT00033,Material MAT00033,65.0,EA,65.0,P003,SL01,1000000324,000020,C,WHOUSE02,2024-02-19,103443
100,8000000325,000010,MAT00032,Material MAT00032,165.0,EA,165.0,P003,SL03,1000000325,000010,C,WHOUSE02,2024-05-09,170956
100,8000000326,000010,MAT00030,Material MAT00030,2.0,EA,2.0,P003,SL03,1000000326,000010,C,WHOUSE02,2024-08-24,175852
100,8000000327,000010,MAT00029,Material MAT00029,141.0,EA,141.0,P001,SL01,1000000327,000010,C,WHOUSE01,2024-06-01,065903
100,8000000328,000010,MAT00017,Material MAT00017,10.0,EA,10.0,P002,SL02,1000000328,000010,C,WHOUSE02,2024-03-18,103413
100,8000000329,000010,MAT00028,Material MAT00028,30.0,EA,30.0,P001,SL03,1000000329,000010,C,WHOUSE01,2024-06-03,134636
100,8000000330,000010,MAT00024,Material MAT00024,184.0,EA,184.0,P003,SL03,1000000330,000010,C,WHOUSE01,2024-10-05,114313
100,8000000331,000010,MAT00032,Material MAT00032,75.0,EA,75.0,P001,SL01,1000000331,000010,C,WHOUSE01,2024-05-10,162624
100,8000000332,000010,MAT00019,Material MAT00019,189.0,EA,189.0,P003,SL03,1000000332,000010,C,WHOUSE01,2024-03-29,132435
100,8000000333,000010,MAT00018,Material MAT00018,38.0,EA,38.0,P003,SL02,1000000333,000010,C,WHOUSE02,2024-08-16,084313
100,8000000336,000010,MAT00030,Material MAT00030,195.0,EA,195.0,P002,SL03,1000000336,000010,C,WHOUSE01,2024-02-19,154158
100,8000000337,000010,MAT00027,Material MAT00027,11.0,EA,11.0,P001,SL01,1000000337,000010,C,WHOUSE02,2024-04-05,142557
100,8000000338,000010,MAT00025,Material MAT00025,161.0,EA,161.0,P002,SL03,1000000338,000010,C,WHOUSE01,2024-07-18,135418
100,8000000339,000010,MAT00033,Material MAT00033,185.0,EA,185.0,P002,SL02,1000000339,000010,C,WHOUSE02,2024-10-04,125807
100,8000000340,000010,MAT00018,Material MAT00018,5.0,EA,5.0,P001,SL03,1000000340,000010,C,WHOUSE02,2024-04-24,070622
100,8000000340,000020,MAT00031,Material MAT00031,199.0,EA,199.0,P001,SL03,1000000340,000020,C,WHOUSE02,2024-04-24,173851
100,8000000341,000010,MAT00016,Material MAT00016,129.0,EA,129.0,P002,SL03,1000000341,000010,C,WHOUSE02,2024-03-29,124951
100,8000000342,000010,MAT00027,Material MAT00027,166.0,EA,166.0,P002,SL01,1000000342,000010,C,WHOUSE02,2024-05-24,105055
100,8000000343,000010,MAT00018,Material MAT00018,125.0,EA,125.0,P001,SL01,1000000343,000010,C,WHOUSE01,2024-01-25,060045
100,8000000344,000010,MAT00019,Material MAT00019,112.0,EA,112.0,P001,SL02,1000000344,000010,C,WHOUSE01,2024-03-03,153558
100,8000000345,000010,MAT00030,Material MAT00030,97.0,EA,97.0,P001,SL02,1000000345,000010,C,WHOUSE01,2024-03-20,162612
100,8000000346,000010,MAT00031,Material MAT00031,194.0,EA,194.0,P003,SL01,1000000346,000010,C,WHOUSE01,2024-07-30,085018
100,8000000347,000010,MAT00027,Material MAT00027,102.0,EA,102.0,P003,SL03,1000000347,000010,C,WHOUSE02,2024-04-09,072709
100,8000000348,000010,MAT00029,Material MAT00029,83.0,EA,83.0,P003,SL03,1000000348,000010,C,WHOUSE01,2024-05-26,083128
100,8000000348,000020,MAT00020,Material MAT00020,47.0,EA,47.0,P003,SL03,1000000348,000020,C,WHOUSE01,2024-05-26,065310
100,8000000349,000010,MAT00025,Material MAT00025,41.0,EA,41.0,P001,SL02,1000000349,000010,C,WHOUSE01,2024-06-07,104736
100,8000000350,000010,MAT00028,Material MAT00028,24.0,EA,24.0,P003,SL01,1000000350,000010,C,WHOUSE02,2024-07-07,131038
100,8000000351,000010,MAT00026,Material MAT00026,15.0,EA,15.0,P002,SL03,1000000351,000010,C,WHOUSE02,2024-06-04,154121
100,8000000352,000010,MAT00016,Material MAT00016,23.0,EA,23.0,P001,SL03,1000000352,000010,C,WHOUSE02,2024-03-04,120437
100,8000000353,000010,MAT00019,Material MAT00019,143.0,EA,143.0,P003,SL01,1000000353,000010,C,WHOUSE02,2024-05-03,175607
100,8000000354,000010,MAT00025,Material MAT00025,135.0,EA,135.0,P003,SL03,1000000354,000010,C,WHOUSE01,2024-09-09,095155
100,8000000355,000010,MAT00031,Material MAT00031,16.0,EA,16.0,P002,SL01,1000000355,000010,C,WHOUSE02,2024-05-23,093039
100,8000000355,000020,MAT00023,Material MAT00023,68.0,EA,68.0,P002,SL01,1000000355,000020,C,WHOUSE02,2024-05-23,142746
100,8000000356,000010,MAT00019,Material MAT00019,33.0,EA,33.0,P003,SL02,1000000356,000010,C,WHOUSE02,2024-08-20,113339
100,8000000356,000020,MAT00030,Material MAT00030,48.0,EA,48.0,P003,SL02,1000000356,000020,C,WHOUSE02,2024-08-20,170552
100,8000000357,000010,MAT00021,Material MAT00021,145.0,EA,145.0,P001,SL03,1000000357,000010,C,WHOUSE01,2024-09-09,160230
100,8000000358,000010,MAT00027,Material MAT00027,183.0,EA,183.0,P003,SL01,1000000358,000010,C,WHOUSE02,2024-10-19,141934
100,8000000358,000020,MAT00017,Material MAT00017,166.0,EA,166.0,P003,SL01,1000000358,000020,C,WHOUSE02,2024-10-19,112931
100,8000000359,000010,MAT00023,Material MAT00023,170.0,EA,170.0,P001,SL03,1000000359,000010,C,WHOUSE02,2024-08-31,093954
100,8000000359,000020,MAT00033,Material MAT00033,39.0,EA,39.0,P001,SL03,1000000359,000020,C,WHOUSE02,2024-08-31,130130
100,8000000360,000010,MAT00028,Material MAT00028,135.0,EA,135.0,P002,SL01,1000000360,000010,C,WHOUSE02,2024-01-31,132208
100,8000000361,000010,MAT00023,Material MAT00023,184.0,EA,184.0,P001,SL02,1000000361,000010,C,WHOUSE02,2024-07-01,112405
100,8000000362,000010,MAT00018,Material MAT00018,92.0,EA,92.0,P001,SL02,1000000362,000010,C,WHOUSE01,2024-01-20,161149
100,8000000363,000010,MAT00026,Material MAT00026,66.0,EA,66.0,P003,SL02,1000000363,000010,C,WHOUSE02,2024-04-17,164143
100,8000000363,000020,MAT00025,Material MAT00025,65.0,EA,65.0,P003,SL02,1000000363,000020,C,WHOUSE02,2024-04-17,162331
100,8000000364,000010,MAT00016,Material MAT00016,11.0,EA,11.0,P001,SL01,1000000364,000010,C,WHOUSE01,2024-09-14,063858
100,8000000365,000010,MAT00022,Material MAT00022,91.0,EA,91.0,P001,SL01,1000000365,000010,C,WHOUSE01,2024-09-02,122828
100,8000000366,000010,MAT00030,Material MAT00030,35.0,EA,35.0,P002,SL03,1000000366,000010,C,WHOUSE01,2024-05-27,065151
100,8000000366,000020,MAT00018,Material MAT00018,72.0,EA,72.0,P002,SL03,1000000366,000020,C,WHOUSE01,2024-05-27,070945
100,8000000367,000010,MAT00022,Material MAT00022,168.0,EA,168.0,P003,SL01,1000000367,000010,C,WHOUSE01,2024-06-24,072520
100,8000000370,000010,MAT00033,Material MAT00033,27.0,EA,27.0,P003,SL01,1000000370,000010,C,WHOUSE01,2024-10-17,122612
100,8000000371,000010,MAT00023,Material MAT00023,80.0,EA,80.0,P001,SL01,1000000371,000010,C,WHOUSE01,2024-05-11,161727
100,8000000372,000010,MAT00022,Material MAT00022,62.0,EA,62.0,P003,SL03,1000000372,000010,C,WHOUSE02,2024-07-25,104759
100,8000000373,000010,MAT00017,Material MAT00017,18.0,EA,18.0,P003,SL01,1000000373,000010,C,WHOUSE02,2024-06-09,114555
100,8000000374,000010,MAT00023,Material MAT00023,167.0,EA,167.0,P001,SL02,1000000374,000010,C,WHOUSE01,2024-08-09,125807
100,8000000375,000010,MAT00017,Material MAT00017,105.0,EA,105.0,P003,SL02,1000000375,000010,C,WHOUSE02,2024-03-05,121723
100,8000000375,000020,MAT00025,Material MAT00025,117.0,EA,117.0,P003,SL02,1000000375,000020,C,WHOUSE02,2024-03-05,175010
100,8000000376,000010,MAT00029,Material MAT00029,89.0,EA,89.0,P002,SL02,1000000376,000010,C,WHOUSE02,2024-02-19,163213
100,8000000377,000010,MAT00020,Material MAT00020,2.0,EA,2.0,P001,SL01,1000000377,000010,C,WHOUSE02,2024-07-14,094206
100,8000000378,000010,MAT00017,Material MAT00017,144.0,EA,144.0,P003,SL03,1000000378,000010,C,WHOUSE02,2024-04-17,104206
100,8000000378,000020,MAT00025,Material MAT00025,161.0,EA,161.0,P003,SL03,1000000378,000020,C,WHOUSE02,2024-04-17,154610
100,8000000379,000010,MAT00018,Material MAT00018,185.0,EA,185.0,P003,SL01,1000000379,000010,C,WHOUSE01,2024-03-15,175748
100,8000000380,000010,MAT00019,Material MAT00019,31.0,EA,31.0,P002,SL02,1000000380,000010,C,WHOUSE01,2024-08-10,063817
100,8000000381,000010,MAT00018,Material MAT00018,117.0,EA,117.0,P001,SL01,1000000381,000010,C,WHOUSE01,2024-10-19,081149
100,8000000382,000010,MAT00033,Material MAT00033,13.0,EA,13.0,P003,SL02,1000000382,000010,C,WHOUSE01,2024-02-16,132546
100,8000000383,000010,MAT00028,Material MAT00028,89.0,EA,89.0,P002,SL03,1000000383,000010,C,WHOUSE01,2024-09-17,170649
100,8000000384,000010,MAT00033,Material MAT00033,22.0,EA,22.0,P003,SL01,1000000384,000010,C,WHOUSE02,2024-06-10,101308
100,8000000385,000010,MAT00021,Material MAT00021,193.0,EA,193.0,P001,SL01,1000000385,000010,C,WHOUSE02,2024-01-30,063454
100,8000000386,000010,MAT00029,Material MAT00029,197.0,EA,197.0,P002,SL01,1000000386,000010,C,WHOUSE01,2024-07-27,103554
100,8000000386,000020,MAT00021,Material MAT00021,93.0,EA,93.0,P002,SL01,1000000386,000020,C,WHOUSE01,2024-07-27,100218
100,8000000387,000010,MAT00032,Material MAT00032,114.0,EA,114.0,P001,SL01,1000000387,000010,C,WHOUSE02,2024-07-31,150541
100,8000000387,000020,MAT00026,Material MAT00026,52.0,EA,52.0,P001,SL01,1000000387,000020,C,WHOUSE02,2024-07-31,101108
100,8000000388,000010,MAT00016,Material MAT00016,18.0,EA,18.0,P003,SL03,1000000388,000010,C,WHOUSE01,2024-03-18,133743
100,8000000389,000010,MAT00026,Material MAT00026,191.0,EA,191.0,P001,SL03,1000000389,000010,C,WHOUSE02,2024-11-02,144451
100,8000000390,000010,MAT00031,Material MAT00031,11.0,EA,11.0,P003,SL02,1000000390,000010,C,WHOUSE01,2024-04-27,084906
100,8000000391,000010,MAT00018,Material MAT00018,30.0,EA,30.0,P001,SL01,1000000391,000010,C,WHOUSE02,2024-04-08,073235
100,8000000391,000020,MAT00018,Material MAT00018,58.0,EA,58.0,P001,SL01,1000000391,000020,C,WHOUSE02,2024-04-08,151434
100,8000000392,000010,MAT00026,Material MAT00026,35.0,EA,35.0,P001,SL03,1000000392,000010,C,WHOUSE02,2024-07-10,145048
100,8000000393,000010,MAT00031,Material MAT00031,89.0,EA,89.0,P001,SL01,1000000393,000010,C,WHOUSE02,2024-04-12,144706
100,8000000393,000020,MAT00017,Material MAT00017,62.0,EA,62.0,P001,SL01,1000000393,000020,C,WHOUSE02,2024-04-12,143150
100,8000000395,000010,MAT00030,Material MAT00030,192.0,EA,192.0,P001,SL03,1000000395,000010,C,WHOUSE02,2024-07-06,120419
100,8000000396,000010,MAT00033,Material MAT00033,106.0,EA,106.0,P001,SL02,1000000396,000010,C,WHOUSE01,2024-07-15,080845
100,8000000397,000010,MAT00017,Material MAT00017,195.0,EA,195.0,P002,SL03,1000000397,000010,C,WHOUSE02,2024-01-25,133517
100,8000000397,000020,MAT00027,Material MAT00027,21.0,EA,21.0,P002,SL03,1000000397,000020,C,WHOUSE02,2024-01-25,071708
100,8000000398,000010,MAT00016,Material MAT00016,21.0,EA,21.0,P002,SL01,1000000398,000010,C,WHOUSE01,2024-04-24,171119
100,8000000399,000010,MAT00030,Material MAT00030,70.0,EA,70.0,P001,SL02,1000000399,000010,C,WHOUSE02,2024-05-10,122101
100,8000000400,000010,MAT00020,Material MAT00020,19.0,EA,19.0,P003,SL01,1000000400,000010,C,WHOUSE02,2024-07-13,115310
100,8000000401,000010,MAT00018,Material MAT00018,123.0,EA,123.0,P002,SL02,1000000401,000010,C,WHOUSE01,2024-03-15,130752
100,8000000402,000010,MAT00018,Material MAT00018,111.0,EA,111.0,P001,SL01,1000000402,000010,C,WHOUSE01,2024-03-20,165929
100,8000000403,000010,MAT00025,Material MAT00025,1.0,EA,1.0,P003,SL02,1000000403,000010,C,WHOUSE01,2024-07-01,170230
100,8000000404,000010,MAT00019,Material MAT00019,14.0,EA,14.0,P001,SL02,1000000404,000010,C,WHOUSE01,2024-06-10,135656
100,8000000404,000020,MAT00024,Material MAT00024,41.0,EA,41.0,P001,SL02,1000000404,000020,C,WHOUSE01,2024-06-10,115952
100,8000000405,000010,MAT00029,Material MAT00029,171.0,EA,171.0,P003,SL02,1000000405,000010,C,WHOUSE01,2024-04-07,140515
100,8000000406,000010,MAT00031,Material MAT00031,10.0,EA,10.0,P002,SL01,1000000406,000010,C,WHOUSE02,2024-02-01,090745
100,8000000406,000020,MAT00033,Material MAT00033,191.0,EA,191.0,P002,SL01,1000000406,000020,C,WHOUSE02,2024-02-01,174313
100,8000000407,000010,MAT00019,Material MAT00019,72.0,EA,72.0,P001,SL03,1000000407,000010,C,WHOUSE02,2024-04-13,080622
100,8000000407,000020,MAT00025,Material MAT00025,112.0,EA,112.0,P001,SL03,1000000407,000020,C,WHOUSE02,2024-04-13,114914
100,8000000408,000010,MAT00032,Material MAT00032,10.0,EA,10.0,P003,SL01,1000000408,000010,C,WHOUSE01,2024-02-13,160015
100,8000000409,000010,MAT00021,Material MAT00021,22.0,EA,22.0,P001,SL01,1000000409,000010,C,WHOUSE01,2024-04-06,134002
100,8000000410,000010,MAT00027,Material MAT00027,42.0,EA,42.0,P003,SL01,1000000410,000010,C,WHOUSE02,2024-02-23,163235
100,8000000411,000010,MAT00022,Material MAT00022,180.0,EA,180.0,P003,SL01,1000000411,000010,C,WHOUSE01,2024-02-21,150622
100,8000000412,000010,MAT00026,Material MAT00026,199.0,EA,199.0,P002,SL01,1000000412,000010,C,WHOUSE02,2024-04-03,103813
100,8000000412,000020,MAT00030,Material MAT00030,155.0,EA,155.0,P002,SL01,1000000412,000020,C,WHOUSE02,2024-04-03,083624
100,8000000413,000010,MAT00031,Material MAT00031,97.0,EA,97.0,P002,SL02,1000000413,000010,C,WHOUSE02,2024-09-13,161134
100,8000000414,000010,MAT00027,Material MAT00027,81.0,EA,81.0,P003,SL01,1000000414,000010,C,WHOUSE02,2024-05-26,083309
100,8000000417,000010,MAT00018,Material MAT00018,1.0,EA,1.0,P001,SL02,1000000417,000010,C,WHOUSE02,2024-06-18,072416
100,8000000418,000010,MAT00029,Material MAT00029,151.0,EA,151.0,P002,SL03,1000000418,000010,C,WHOUSE01,2024-07-07,125140
100,8000000419,000010,MAT00022,Material MAT00022,101.0,EA,101.0,P001,SL03,1000000419,000010,C,WHOUSE02,2024-02-23,122350
100,8000000420,000010,MAT00030,Material MAT00030,53.0,EA,53.0,P002,SL01,1000000420,000010,C,WHOUSE02,2024-09-29,153458
100,8000000422,000010,MAT00021,Material MAT00021,120.0,EA,120.0,P002,SL02,1000000422,000010,C,WHOUSE02,2024-02-26,115837
100,8000000423,000010,MAT00023,Material MAT00023,86.0,EA,86.0,P002,SL01,1000000423,000010,C,WHOUSE02,2024-02-22,172031
100,8000000423,000020,MAT00028,Material MAT00028,47.0,EA,47.0,P002,SL01,1000000423,000020,C,WHOUSE02,2024-02-22,104243
100,8000000424,000010,MAT00023,Material MAT00023,159.0,EA,159.0,P001,SL02,1000000424,000010,C,WHOUSE01,2024-04-14,112205
100,8000000424,000020,MAT00030,Material MAT00030,7.0,EA,7.0,P001,SL02,1000000424,000020,C,WHOUSE01,2024-04-14,090011
100,8000000425,000010,MAT00019,Material MAT00019,92.0,EA,92.0,P001,SL02,1000000425,000010,C,WHOUSE01,2024-10-09,095018
100,8000000425,000020,MAT00022,Material MAT00022,115.0,EA,115.0,P001,SL02,1000000425,000020,C,WHOUSE01,2024-10-09,115607
100,8000000426,000010,MAT00030,Material MAT00030,124.0,EA,124.0,P001,SL03,1000000426,000010,C,WHOUSE02,2024-02-02,175118
100,8000000427,000010,MAT00019,Material MAT00019,131.0,EA,131.0,P001,SL03,1000000427,000010,C,WHOUSE02,2024-09-14,114006
100,8000000428,000010,MAT00030,Material MAT00030,173.0,EA,173.0,P001,SL01,1000000428,000010,C,WHOUSE02,2024-03-25,172053
100,8000000429,000010,MAT00027,Material MAT00027,24.0,EA,24.0,P002,SL03,1000000429,000010,C,WHOUSE01,2024-10-04,090222
100,8000000430,000010,MAT00025,Material MAT00025,155.0,EA,155.0,P003,SL03,1000000430,000010,C,WHOUSE01,2024-05-08,064602
100,8000000431,000010,MAT00032,Material MAT00032,184.0,EA,184.0,P002,SL02,1000000431,000010,C,WHOUSE01,2024-04-13,130207
100,8000000432,000010,MAT00020,Material MAT00020,54.0,EA,54.0,P001,SL03,1000000432,000010,C,WHOUSE02,2024-08-24,152524
100,8000000432,000020,MAT00022,Material MAT00022,113.0,EA,113.0,P001,SL03,1000000432,000020,C,WHOUSE02,2024-08-24,140003
100,8000000433,000010,MAT00029,Material MAT00029,176.0,EA,176.0,P003,SL02,1000000433,000010,C,WHOUSE01,2024-09-07,062205
100,8000000434,000010,MAT00023,Material MAT00023,43.0,EA,43.0,P002,SL03,1000000434,000010,C,WHOUSE02,2024-02-09,133124
100,8000000435,000010,MAT00027,Material MAT00027,14.0,EA,14.0,P001,SL02,1000000435,000010,C,WHOUSE01,2024-08-13,074143
100,8000000435,000020,MAT00033,Material MAT00033,101.0,EA,101.0,P001,SL02,1000000435,000020,C,WHOUSE01,2024-08-13,145407
100,8000000436,000010,MAT00020,Material MAT00020,91.0,EA,91.0,P002,SL02,1000000436,000010,C,WHOUSE02,2024-08-26,071004
100,8000000439,000010,MAT00026,Material MAT00026,5.0,EA,5.0,P001,SL02,1000000439,000010,C,WHOUSE01,2024-03-17,082931
100,8000000439,000020,MAT00020,Material MAT00020,131.0,EA,131.0,P001,SL02,1000000439,000020,C,WHOUSE01,2024-03-17,123917
100,8000000440,000010,MAT00017,Material MAT00017,95.0,EA,95.0,P002,SL03,1000000440,000010,C,WHOUSE01,2024-04-19,082454
100,8000000441,000010,MAT00029,Material MAT00029,73.0,EA,73.0,P003,SL03,1000000441,000010,C,WHOUSE02,2024-04-17,121853
100,8000000442,000010,MAT00025,Material MAT00025,191.0,EA,191.0,P001,SL01,1000000442,000010,C,WHOUSE02,2024-04-18,094644
100,8000000442,000020,MAT00031,Material MAT00031,69.0,EA,69.0,P001,SL01,1000000442,000020,C,WHOUSE02,2024-04-18,171946
100,8000000443,000010,MAT00027,Material MAT00027,119.0,EA,119.0,P003,SL01,1000000443,000010,C,WHOUSE02,2024-08-24,074128
100,8000000444,000010,MAT00019,Material MAT00019,200.0,EA,200.0,P001,SL03,1000000444,000010,C,WHOUSE01,2024-03-20,083651
100,8000000444,000020,MAT00033,Material MAT00033,36.0,EA,36.0,P001,SL03,1000000444,000020,C,WHOUSE01,2024-03-20,171208
100,8000000445,000010,MAT00018,Material MAT00018,54.0,EA,54.0,P002,SL01,1000000445,000010,C,WHOUSE01,2024-07-15,123609
100,8000000446,000010,MAT00023,Material MAT00023,135.0,EA,135.0,P003,SL02,1000000446,000010,C,WHOUSE02,2024-02-02,124355
100,8000000448,000010,MAT00030,Material MAT00030,54.0,EA,54.0,P003,SL03,1000000448,000010,C,WHOUSE02,2024-03-13,114906
100,8000000449,000010,MAT00030,Material MAT00030,124.0,EA,124.0,P001,SL01,1000000449,000010,C,WHOUSE02,2024-10-19,132524
100,8000000449,000020,MAT00031,Material MAT00031,167.0,EA,167.0,P001,SL01,1000000449,000020,C,WHOUSE02,2024-10-19,104228
100,8000000451,000010,MAT00031,Material MAT00031,103.0,EA,103.0,P001,SL01,1000000451,000010,C,WHOUSE02,2024-02-20,115959
100,8000000452,000010,MAT00031,Material MAT00031,54.0,EA,54.0,P001,SL02,1000000452,000010,C,WHOUSE01,2024-06-17,114717
100,8000000453,000010,MAT00030,Material MAT00030,150.0,EA,150.0,P001,SL03,1000000453,000010,C,WHOUSE02,2024-05-25,115044
100,8000000454,000010,MAT00033,Material MAT00033,69.0,EA,69.0,P001,SL02,1000000454,000010,C,WHOUSE02,2024-10-18,100700
100,8000000455,000010,MAT00025,Material MAT00025,30.0,EA,30.0,P002,SL02,1000000455,000010,C,WHOUSE02,2024-04-29,153509
100,8000000456,000010,MAT00020,Material MAT00020,139.0,EA,139.0,P001,SL03,1000000456,000010,C,WHOUSE02,2024-02-11,151508
100,8000000456,000020,MAT00023,Material MAT00023,104.0,EA,104.0,P001,SL03,1000000456,000020,C,WHOUSE02,2024-02-11,170045
100,8000000457,000010,MAT00032,Material MAT00032,106.0,EA,106.0,P001,SL03,1000000457,000010,C,WHOUSE01,2024-05-09,083621
100,8000000457,000020,MAT00016,Material MAT00016,158.0,EA,158.0,P001,SL03,1000000457,000020,C,WHOUSE01,2024-05-09,062905
100,8000000458,000010,MAT00029,Material MAT00029,128.0,EA,128.0,P002,SL02,1000000458,000010,C,WHOUSE02,2024-02-02,133113
100,8000000459,000010,MAT00020,Material MAT00020,194.0,EA,194.0,P002,SL01,1000000459,000010,C,WHOUSE02,2024-08-28,113050
100,8000000460,000010,MAT00022,Material MAT00022,109.0,EA,109.0,P002,SL03,1000000460,000010,C,WHOUSE01,2024-09-13,110719
100,8000000461,000010,MAT00019,Material MAT00019,107.0,EA,107.0,P002,SL01,1000000461,000010,C,WHOUSE02,2024-09-10,150252
100,8000000462,000010,MAT00026,Material MAT00026,63.0,EA,63.0,P002,SL01,1000000462,000010,C,WHOUSE01,2024-05-21,121423
100,8000000463,000010,MAT00020,Material MAT00020,47.0,EA,47.0,P003,SL03,1000000463,000010,C,WHOUSE02,2024-10-10,071749
100,8000000464,000010,MAT00016,Material MAT00016,115.0,EA,115.0,P001,SL02,1000000464,000010,C,WHOUSE02,2024-09-25,083932
100,8000000465,000010,MAT00030,Material MAT00030,61.0,EA,61.0,P002,SL01,1000000465,000010,C,WHOUSE02,2024-02-18,134551
100,8000000466,000010,MAT00024,Material MAT00024,95.0,EA,95.0,P001,SL03,1000000466,000010,C,WHOUSE01,2024-08-06,142454
100,8000000467,000010,MAT00020,Material MAT00020,146.0,EA,146.0,P001,SL03,1000000467,000010,C,WHOUSE02,2024-09-30,094217
100,8000000468,000010,MAT00024,Material MAT00024,101.0,EA,101.0,P001,SL03,1000000468,000010,C,WHOUSE01,2024-02-07,092105
100,8000000469,000010,MAT00023,Material MAT00023,61.0,EA,61.0,P001,SL02,1000000469,000010,C,WHOUSE01,2024-05-17,080018
100,8000000470,000010,MAT00023,Material MAT00023,185.0,EA,185.0,P001,SL03,1000000470,000010,C,WHOUSE01,2024-09-07,062005
100,8000000470,000020,MAT00028,Material MAT00028,58.0,EA,58.0,P001,SL03,1000000470,000020,C,WHOUSE01,2024-09-07,150652
100,8000000471,000010,MAT00030,Material MAT00030,85.0,EA,85.0,P003,SL01,1000000471,000010,C,WHOUSE02,2024-06-13,154258
100,8000000473,000010,MAT00025,Material MAT00025,115.0,EA,115.0,P003,SL03,1000000473,000010,C,WHOUSE02,2024-09-27,065440
100,8000000474,000010,MAT00032,Material MAT00032,31.0,EA,31.0,P001,SL03,1000000474,000010,C,WHOUSE02,2024-09-04,114747
100,8000000475,000010,MAT00022,Material MAT00022,167.0,EA,167.0,P002,SL02,1000000475,000010,C,WHOUSE02,2024-08-09,173202
100,8000000476,000010,MAT00029,Material MAT00029,145.0,EA,145.0,P001,SL03,1000000476,000010,C,WHOUSE01,2024-01-26,141919
100,8000000476,000020,MAT00026,Material MAT00026,129.0,EA,129.0,P001,SL03,1000000476,000020,C,WHOUSE01,2024-01-26,104610
100,8000000477,000010,MAT00018,Material MAT00018,46.0,EA,46.0,P003,SL02,1000000477,000010,C,WHOUSE01,2024-10-03,075907
100,8000000477,000020,MAT00020,Material MAT00020,162.0,EA,162.0,P003,SL02,1000000477,000020,C,WHOUSE01,2024-10-03,155956
100,8000000478,000010,MAT00022,Material MAT00022,50.0,EA,50.0,P003,SL03,1000000478,000010,C,WHOUSE01,2024-06-18,112205
100,8000000479,000010,MAT00016,Material MAT00016,183.0,EA,183.0,P001,SL03,1000000479,000010,C,WHOUSE01,2024-06-19,083906
100,8000000480,000010,MAT00029,Material MAT00029,150.0,EA,150.0,P002,SL01,1000000480,000010,C,WHOUSE01,2024-05-05,171134
100,8000000480,000020,MAT00017,Material MAT00017,106.0,EA,106.0,P002,SL01,1000000480,000020,C,WHOUSE01,2024-05-05,171430
100,8000000481,000010,MAT00026,Material MAT00026,101.0,EA,101.0,P003,SL02,1000000481,000010,C,WHOUSE01,2024-03-07,160611
100,8000000482,000010,MAT00028,Material MAT00028,162.0,EA,162.0,P003,SL01,1000000482,000010,C,WHOUSE02,2024-08-26,075937
100,8000000483,000010,MAT00030,Material MAT00030,70.0,EA,70.0,P002,SL01,1000000483,000010,C,WHOUSE02,2024-03-05,152150
100,8000000484,000010,MAT00017,Material MAT00017,113.0,EA,113.0,P001,SL01,1000000484,000010,C,WHOUSE02,2024-04-04,083050
100,8000000485,000010,MAT00027,Material MAT00027,192.0,EA,192.0,P003,SL01,1000000485,000010,C,WHOUSE01,2024-04-04,063809
100,8000000486,000010,MAT00032,Material MAT00032,169.0,EA,169.0,P002,SL01,1000000486,000010,C,WHOUSE02,2024-03-24,140611
100,8000000487,000010,MAT00027,Material MAT00027,122.0,EA,122.0,P003,SL03,1000000487,000010,C,WHOUSE01,2024-06-16,171653
100,8000000488,000010,MAT00028,Material MAT00028,117.0,EA,117.0,P001,SL02,1000000488,000010,C,WHOUSE01,2024-07-03,090015
100,8000000489,000010,MAT00017,Material MAT00017,176.0,EA,176.0,P003,SL02,1000000489,000010,C,WHOUSE02,2024-10-04,173543
100,8000000490,000010,MAT00019,Material MAT00019,179.0,EA,179.0,P001,SL02,1000000490,000010,C,WHOUSE01,2024-03-20,095533
100,8000000490,000020,MAT00017,Material MAT00017,157.0,EA,157.0,P001,SL02,1000000490,000020,C,WHOUSE01,2024-03-20,120118
100,8000000491,000010,MAT00018,Material MAT00018,104.0,EA,104.0,P001,SL02,1000000491,000010,C,WHOUSE01,2024-09-14,172909
100,8000000492,000010,MAT00016,Material MAT00016,192.0,EA,192.0,P003,SL02,1000000492,000010,C,WHOUSE01,2024-02-29,080622
100,8000000493,000010,MAT00032,Material MAT00032,75.0,EA,75.0,P003,SL03,1000000493,000010,C,WHOUSE02,2024-09-24,085425
100,8000000493,000020,MAT00018,Material MAT00018,101.0,EA,101.0,P003,SL03,1000000493,000020,C,WHOUSE02,2024-09-24,114814
100,8000000494,000010,MAT00022,Material MAT00022,78.0,EA,78.0,P003,SL01,1000000494,000010,C,WHOUSE01,2024-03-12,061249
100,8000000495,000010,MAT00022,Material MAT00022,134.0,EA,134.0,P001,SL02,1000000495,000010,C,WHOUSE02,2024-10-14,122439
100,8000000495,000020,MAT00017,Material MAT00017,75.0,EA,75.0,P001,SL02,1000000495,000020,C,WHOUSE02,2024-10-14,073028
100,8000000496,000010,MAT00031,Material MAT00031,39.0,EA,39.0,P003,SL02,1000000496,000010,C,WHOUSE01,2024-05-22,142616
100,8000000497,000010,MAT00026,Material MAT00026,125.0,EA,125.0,P002,SL02,1000000497,000010,C,WHOUSE02,2024-06-11,131942
100,8000000498,000010,MAT00019,Material MAT00019,171.0,EA,171.0,P003,SL02,1000000498,000010,C,WHOUSE01,2024-01-23,144225
100,8000000499,000010,MAT00027,Material MAT00027,26.0,EA,26.0,P002,SL01,1000000499,000010,C,WHOUSE01,2024-06-21,110148
100,8000000499,000020,MAT00025,Material MAT00025,39.0,EA,39.0,P002,SL01,1000000499,000020,C,WHOUSE01,2024-06-21,122531
