MANDT,BELNR,GJAHR,BLART,BLDAT,BUDAT,USNAM,TCODE,CPUDT,VGART,XBLNR,BUKRS,LIFNR,WAERS,KURSF,RMWWR,WMWST1,MWSKZ1,ZTERM,ZBD1T,ZBD1P,RBSTAT,XRECH
100,5100000000,2024,RE,2024-05-21,2024-05-21,FINANCE02,MIRO,2024-05-21,RD,INV-4500000000-00010,1000,V0001,USD,1.00,23748.65,2374.87,I1,N030,30,2.000,9,X
100,5100000001,2024,RE,2024-05-26,2024-05-26,FINANCE01,MIRO,2024-05-26,RD,INV-4500000001-00010,1000,V0013,USD,1.00,81049.92,8104.99,I1,2/10N30,30,2.000,5,X
100,5100000002,2024,RE,2024-06-24,2024-06-24,FINANCE01,MIRO,2024-06-24,RD,INV-4500000002-00010,1000,V0001,USD,1.00,25900.38,2590.04,I1,N014,30,2.000,9,X
100,5100000003,2024,RE,2024-06-24,2024-06-24,FINANCE01,MIRO,2024-06-24,RD,INV-4500000003-00010,1000,V0002,USD,1.00,64247.0,6424.7,I1,N060,30,2.000,9,X
100,5100000003,2024,RE,2024-06-29,2024-06-29,FINANCE01,MIRO,2024-06-29,RD,INV-4500000003-00020,1000,V0002,USD,1.00,47626.96,4762.7,I1,N060,30,2.000,9,X
100,5100000004,2024,RE,2024-09-15,2024-09-15,FINANCE02,MIRO,2024-09-15,RD,INV-4500000004-00010,1000,V0003,USD,1.00,20807.84,2080.78,I1,2/10N30,30,2.000,9,X
100,5100000005,2024,RE,2024-04-24,2024-04-24,FINANCE02,MIRO,2024-04-24,RD,INV-4500000005-00010,1000,V0014,USD,1.00,77614.24,7761.42,I1,N060,30,2.000,9,X
100,5100000006,2024,RE,2024-06-19,2024-06-19,FINANCE02,MIRO,2024-06-19,RD,INV-4500000006-00010,1000,V0012,USD,1.00,63955.2,6395.52,I1,2/10N30,30,2.000,9,X
100,5100000007,2024,RE,2024-07-27,2024-07-27,FINANCE02,MIRO,2024-07-27,RD,INV-4500000007-00010,1000,V0007,USD,1.00,8767.28,876.73,I1,N030,30,2.000,9,X
100,5100000008,2024,RE,2024-04-26,2024-04-26,FINANCE02,MIRO,2024-04-26,RD,INV-4500000008-00010,1000,V0007,USD,1.00,34037.82,3403.78,I1,N014,30,2.000,9,X
100,5100000009,2024,RE,2024-08-21,2024-08-21,FINANCE01,MIRO,2024-08-21,RD,INV-4500000009-00010,1000,V0001,USD,1.00,88823.68,8882.37,I1,2/10N30,30,2.000,9,X
100,5100000010,2024,RE,2024-10-03,2024-10-03,FINANCE01,MIRO,2024-10-03,RD,INV-4500000010-00010,1000,V0001,USD,1.00,71730.3,7173.03,I1,N030,30,2.000,9,X
100,5100000010,2024,RE,2024-10-17,2024-10-17,FINANCE02,MIRO,2024-10-17,RD,INV-4500000010-00020,1000,V0001,USD,1.00,1798.0,179.8,I1,N030,30,2.000,9,X
100,5100000011,2024,RE,2024-07-31,2024-07-31,FINANCE01,MIRO,2024-07-31,RD,INV-4500000011-00010,1000,V0012,USD,1.00,45822.35,4582.23,I1,N060,30,2.000,9,X
100,5100000012,2024,RE,2024-03-27,2024-03-27,FINANCE02,MIRO,2024-03-27,RD,INV-4500000012-00010,1000,V0002,USD,1.00,103839.76,10383.98,I1,2/10N30,30,2.000,9,X
100,5100000013,2024,RE,2024-11-01,2024-11-01,FINANCE02,MIRO,2024-11-01,RD,INV-4500000013-00010,1000,V0015,USD,1.00,71385.16,7138.52,I1,N014,30,2.000,9,X
100,5100000014,2024,RE,2024-10-07,2024-10-07,FINANCE02,MIRO,2024-10-07,RD,INV-4500000014-00010,1000,V0003,USD,1.00,64540.35,6454.03,I1,N014,30,2.000,9,X
100,5100000015,2024,RE,2024-05-01,2024-05-01,FINANCE02,MIRO,2024-05-01,RD,INV-4500000015-00010,1000,V0004,USD,1.00,32263.28,3226.33,I1,N060,30,2.000,9,X
100,5100000016,2024,RE,2024-08-10,2024-08-10,FINANCE01,MIRO,2024-08-10,RD,INV-4500000016-00010,1000,V0007,USD,1.00,162060.75,16206.08,I1,N030,30,2.000,9,X
100,5100000016,2024,RE,2024-08-01,2024-08-01,FINANCE01,MIRO,2024-08-01,RD,INV-4500000016-00020,1000,V0007,USD,1.00,10002.46,1000.25,I1,N030,30,2.000,9,X
100,5100000017,2024,RE,2024-06-21,2024-06-21,FINANCE01,MIRO,2024-06-21,RD,INV-4500000017-00010,1000,V0008,USD,1.00,57234.58,5723.46,I1,N014,30,2.000,9,X
100,5100000018,2024,RE,2024-05-30,2024-05-30,FINANCE01,MIRO,2024-05-30,RD,INV-4500000018-00010,1000,V0010,USD,1.00,58946.36,5894.64,I1,N030,30,2.000,9,X
100,5100000019,2024,RE,2024-09-11,2024-09-11,FINANCE01,MIRO,2024-09-11,RD,INV-4500000019-00010,1000,V0006,USD,1.00,19046.17,1904.62,I1,N014,30,2.000,9,X
100,5100000020,2024,RE,2024-08-15,2024-08-15,FINANCE01,MIRO,2024-08-15,RD,INV-4500000020-00010,1000,V0010,USD,1.00,25714.71,2571.47,I1,N014,30,2.000,9,X
100,5100000021,2024,RE,2024-08-26,2024-08-26,FINANCE01,MIRO,2024-08-26,RD,INV-4500000021-00010,1000,V0003,USD,1.00,11533.86,1153.39,I1,N030,30,2.000,9,X
100,5100000022,2024,RE,2024-04-19,2024-04-19,FINANCE01,MIRO,2024-04-19,RD,INV-4500000022-00010,1000,V0007,USD,1.00,6969.2,696.92,I1,N030,30,2.000,9,X
100,5100000023,2024,RE,2024-06-09,2024-06-09,FINANCE02,MIRO,2024-06-09,RD,INV-4500000023-00010,1000,V0014,USD,1.00,9960.0,996.0,I1,N060,30,2.000,9,X
100,5100000024,2024,RE,2024-03-12,2024-03-12,FINANCE02,MIRO,2024-03-12,RD,INV-4500000024-00010,1000,V0005,USD,1.00,8478.75,847.88,I1,2/10N30,30,2.000,9,X
100,5100000025,2024,RE,2024-09-02,2024-09-02,FINANCE01,MIRO,2024-09-02,RD,INV-4500000025-00010,1000,V0007,USD,1.00,71444.14,7144.41,I1,N030,30,2.000,9,X
100,5100000026,2024,RE,2024-09-15,2024-09-15,FINANCE01,MIRO,2024-09-15,RD,INV-4500000026-00010,1000,V0004,USD,1.00,10462.2,1046.22,I1,2/10N30,30,2.000,9,X
100,5100000027,2024,RE,2024-08-19,2024-08-19,FINANCE01,MIRO,2024-08-19,RD,INV-4500000027-00010,1000,V0004,USD,1.00,52733.88,5273.39,I1,N060,30,2.000,9,X
100,5100000027,2024,RE,2024-08-16,2024-08-16,FINANCE02,MIRO,2024-08-16,RD,INV-4500000027-00020,1000,V0004,USD,1.00,22521.91,2252.19,I1,N060,30,2.000,9,X
100,5100000028,2024,RE,2024-07-15,2024-07-15,FINANCE02,MIRO,2024-07-15,RD,INV-4500000028-00010,1000,V0013,USD,1.00,90639.12,9063.91,I1,N014,30,2.000,9,X
100,5100000029,2024,RE,2024-05-29,2024-05-29,FINANCE02,MIRO,2024-05-29,RD,INV-4500000029-00010,1000,V0014,USD,1.00,18468.65,1846.87,I1,2/10N30,30,2.000,9,X
100,5100000030,2024,RE,2024-06-24,2024-06-24,FINANCE02,MIRO,2024-06-24,RD,INV-4500000030-00010,1000,V0008,USD,1.00,187081.62,18708.16,I1,N030,30,2.000,9,X
100,5100000030,2024,RE,2024-06-29,2024-06-29,FINANCE01,MIRO,2024-06-29,RD,INV-4500000030-00020,1000,V0008,USD,1.00,9047.1,904.71,I1,N030,30,2.000,9,X
100,5100000031,2024,RE,2024-06-18,2024-06-18,FINANCE02,MIRO,2024-06-18,RD,INV-4500000031-00010,1000,V0003,USD,1.00,35923.72,3592.37,I1,N014,30,2.000,9,X
100,5100000031,2024,RE,2024-06-18,2024-06-18,FINANCE01,MIRO,2024-06-18,RD,INV-4500000031-00020,1000,V0003,USD,1.00,4126.98,412.7,I1,N014,30,2.000,9,X
100,5100000032,2024,RE,2024-06-23,2024-06-23,FINANCE01,MIRO,2024-06-23,RD,INV-4500000032-00010,1000,V0012,USD,1.00,106749.44,10674.94,I1,2/10N30,30,2.000,9,X
100,5100000032,2024,RE,2024-06-20,2024-06-20,FINANCE02,MIRO,2024-06-20,RD,INV-4500000032-00020,1000,V0012,USD,1.00,62550.62,6255.06,I1,2/10N30,30,2.000,9,X
100,5100000033,2024,RE,2024-09-07,2024-09-07,FINANCE01,MIRO,2024-09-07,RD,INV-4500000033-00010,1000,V0003,USD,1.00,9878.4,987.84,I1,2/10N30,30,2.000,9,X
100,5100000034,2024,RE,2024-08-09,2024-08-09,FINANCE02,MIRO,2024-08-09,RD,INV-4500000034-00010,1000,V0010,USD,1.00,36946.26,3694.63,I1,2/10N30,30,2.000,9,X
100,5100000034,2024,RE,2024-07-26,2024-07-26,FINANCE02,MIRO,2024-07-26,RD,INV-4500000034-00020,1000,V0010,USD,1.00,26054.76,2605.48,I1,2/10N30,30,2.000,9,X
100,5100000035,2024,RE,2024-09-06,2024-09-06,FINANCE01,MIRO,2024-09-06,RD,INV-4500000035-00010,1000,V0004,USD,1.00,7195.58,719.56,I1,N014,30,2.000,9,X
100,5100000036,2024,RE,2024-08-23,2024-08-23,FINANCE01,MIRO,2024-08-23,RD,INV-4500000036-00010,1000,V0002,USD,1.00,5136.89,513.69,I1,N060,30,2.000,9,X
100,5100000036,2024,RE,2024-08-25,2024-08-25,FINANCE02,MIRO,2024-08-25,RD,INV-4500000036-00020,1000,V0002,USD,1.00,4489.05,448.91,I1,N060,30,2.000,9,X
100,5100000037,2024,RE,2024-03-21,2024-03-21,FINANCE01,MIRO,2024-03-21,RD,INV-4500000037-00010,1000,V0010,USD,1.00,71661.33,7166.13,I1,N014,30,2.000,9,X
100,5100000038,2024,RE,2024-10-20,2024-10-20,FINANCE02,MIRO,2024-10-20,RD,INV-4500000038-00010,1000,V0007,USD,1.00,140790.6,14079.06,I1,2/10N30,30,2.000,9,X
100,5100000038,2024,RE,2024-10-12,2024-10-12,FINANCE01,MIRO,2024-10-12,RD,INV-4500000038-00020,1000,V0007,USD,1.00,5423.34,542.33,I1,2/10N30,30,2.000,9,X
100,5100000039,2024,RE,2024-10-20,2024-10-20,FINANCE02,MIRO,2024-10-20,RD,INV-4500000039-00010,1000,V0006,USD,1.00,147537.0,14753.7,I1,N014,30,2.000,9,X
100,5100000040,2024,RE,2024-07-06,2024-07-06,FINANCE02,MIRO,2024-07-06,RD,INV-4500000040-00010,1000,V0007,USD,1.00,57135.6,5713.56,I1,N030,30,2.000,9,X
100,5100000041,2024,RE,2024-03-28,2024-03-28,FINANCE02,MIRO,2024-03-28,RD,INV-4500000041-00010,1000,V0008,USD,1.00,13064.4,1306.44,I1,N014,30,2.000,9,X
100,5100000042,2024,RE,2024-07-20,2024-07-20,FINANCE02,MIRO,2024-07-20,RD,INV-4500000042-00010,1000,V0005,USD,1.00,18125.28,1812.53,I1,2/10N30,30,2.000,9,X
100,5100000043,2024,RE,2024-10-01,2024-10-01,FINANCE01,MIRO,2024-10-01,RD,INV-4500000043-00010,1000,V0009,USD,1.00,126195.84,12619.58,I1,2/10N30,30,2.000,9,X
100,5100000044,2024,RE,2024-10-02,2024-10-02,FINANCE01,MIRO,2024-10-02,RD,INV-4500000044-00010,1000,V0015,USD,1.00,33054.12,3305.41,I1,N030,30,2.000,9,X
100,5100000045,2024,RE,2024-06-29,2024-06-29,FINANCE02,MIRO,2024-06-29,RD,INV-4500000045-00010,1000,V0014,USD,1.00,32468.3,3246.83,I1,N030,30,2.000,9,X
100,5100000046,2024,RE,2024-04-16,2024-04-16,FINANCE02,MIRO,2024-04-16,RD,INV-4500000046-00010,1000,V0005,USD,1.00,6098.4,609.84,I1,N014,30,2.000,9,X
100,5100000047,2024,RE,2024-03-12,2024-03-12,FINANCE02,MIRO,2024-03-12,RD,INV-4500000047-00010,1000,V0009,USD,1.00,176922.06,17692.21,I1,N030,30,2.000,9,X
100,5100000048,2024,RE,2024-07-22,2024-07-22,FINANCE02,MIRO,2024-07-22,RD,INV-4500000048-00010,1000,V0006,USD,1.00,75927.3,7592.73,I1,2/10N30,30,2.000,9,X
100,5100000048,2024,RE,2024-07-20,2024-07-20,FINANCE02,MIRO,2024-07-20,RD,INV-4500000048-00020,1000,V0006,USD,1.00,45327.44,4532.74,I1,2/10N30,30,2.000,9,X
100,5100000049,2024,RE,2024-04-08,2024-04-08,FINANCE01,MIRO,2024-04-08,RD,INV-4500000049-00010,1000,V0013,USD,1.00,101911.56,10191.16,I1,N060,30,2.000,9,X
100,5100000049,2024,RE,2024-04-15,2024-04-15,FINANCE02,MIRO,2024-04-15,RD,INV-4500000049-00020,1000,V0013,USD,1.00,52718.06,5271.81,I1,N060,30,2.000,9,X
100,5100000050,2024,RE,2024-10-13,2024-10-13,FINANCE01,MIRO,2024-10-13,RD,INV-4500000050-00010,1000,V0004,USD,1.00,52886.62,5288.66,I1,N014,30,2.000,9,X
100,5100000050,2024,RE,2024-10-05,2024-10-05,FINANCE02,MIRO,2024-10-05,RD,INV-4500000050-00020,1000,V0004,USD,1.00,19549.53,1954.95,I1,N014,30,2.000,9,X
100,5100000051,2024,RE,2024-08-19,2024-08-19,FINANCE01,MIRO,2024-08-19,RD,INV-4500000051-00010,1000,V0002,USD,1.00,13326.08,1332.61,I1,N014,30,2.000,9,X
100,5100000052,2024,RE,2024-07-25,2024-07-25,FINANCE01,MIRO,2024-07-25,RD,INV-4500000052-00010,1000,V0010,USD,1.00,101803.14,10180.31,I1,N014,30,2.000,9,X
100,5100000053,2024,RE,2024-09-09,2024-09-09,FINANCE02,MIRO,2024-09-09,RD,INV-4500000053-00010,1000,V0010,USD,1.00,128018.52,12801.85,I1,N030,30,2.000,9,X
100,5100000054,2024,RE,2024-03-24,2024-03-24,FINANCE02,MIRO,2024-03-24,RD,INV-4500000054-00010,1000,V0011,USD,1.00,39178.11,3917.81,I1,N014,30,2.000,5,X
100,5100000055,2024,RE,2024-06-07,2024-06-07,FINANCE02,MIRO,2024-06-07,RD,INV-4500000055-00010,1000,V0014,USD,1.00,170656.32,17065.63,I1,N030,30,2.000,9,X
100,5100000055,2024,RE,2024-05-28,2024-05-28,FINANCE01,MIRO,2024-05-28,RD,INV-4500000055-00020,1000,V0014,USD,1.00,18243.2,1824.32,I1,N030,30,2.000,9,X
100,5100000056,2024,RE,2024-10-15,2024-10-15,FINANCE01,MIRO,2024-10-15,RD,INV-4500000056-00010,1000,V0005,USD,1.00,177389.22,17738.92,I1,2/10N30,30,2.000,9,X
100,5100000057,2024,RE,2024-03-23,2024-03-23,FINANCE02,MIRO,2024-03-23,RD,INV-4500000057-00010,1000,V0004,USD,1.00,91337.75,9133.77,I1,2/10N30,30,2.000,5,X
100,5100000058,2024,RE,2024-07-31,2024-07-31,FINANCE01,MIRO,2024-07-31,RD,INV-4500000058-00010,1000,V0005,USD,1.00,35929.6,3592.96,I1,N060,30,2.000,9,X
100,5100000059,2024,RE,2024-09-14,2024-09-14,FINANCE02,MIRO,2024-09-14,RD,INV-4500000059-00010,1000,V0002,USD,1.00,117511.52,11751.15,I1,2/10N30,30,2.000,9,X
100,5100000060,2024,RE,2024-05-14,2024-05-14,FINANCE01,MIRO,2024-05-14,RD,INV-4500000060-00010,1000,V0011,USD,1.00,111467.52,11146.75,I1,N014,30,2.000,9,X
100,5100000061,2024,RE,2024-04-23,2024-04-23,FINANCE01,MIRO,2024-04-23,RD,INV-4500000061-00010,1000,V0009,USD,1.00,88356.0,8835.6,I1,N014,30,2.000,9,X
100,5100000061,2024,RE,2024-04-29,2024-04-29,FINANCE02,MIRO,2024-04-29,RD,INV-4500000061-00020,1000,V0009,USD,1.00,15617.19,1561.72,I1,N014,30,2.000,9,X
100,5100000062,2024,RE,2024-08-03,2024-08-03,FINANCE02,MIRO,2024-08-03,RD,INV-4500000062-00010,1000,V0008,USD,1.00,14175.44,1417.54,I1,N060,30,2.000,9,X
100,5100000063,2024,RE,2024-08-11,2024-08-11,FINANCE01,MIRO,2024-08-11,RD,INV-4500000063-00010,1000,V0010,USD,1.00,105339.25,10533.93,I1,N014,30,2.000,9,X
100,5100000064,2024,RE,2024-02-09,2024-02-09,FINANCE01,MIRO,2024-02-09,RD,INV-4500000064-00010,1000,V0014,USD,1.00,10608.84,1060.88,I1,N014,30,2.000,9,X
100,5100000065,2024,RE,2024-04-26,2024-04-26,FINANCE01,MIRO,2024-04-26,RD,INV-4500000065-00010,1000,V0008,USD,1.00,139969.96,13997.0,I1,N030,30,2.000,9,X
100,5100000066,2024,RE,2024-08-09,2024-08-09,FINANCE01,MIRO,2024-08-09,RD,INV-4500000066-00010,1000,V0008,USD,1.00,58262.64,5826.26,I1,N060,30,2.000,9,X
100,5100000067,2024,RE,2024-11-18,2024-11-18,FINANCE01,MIRO,2024-11-18,RD,INV-4500000067-00010,1000,V0013,USD,1.00,142616.7,14261.67,I1,N030,30,2.000,9,X
100,5100000067,2024,RE,2024-11-21,2024-11-21,FINANCE01,MIRO,2024-11-21,RD,INV-4500000067-00020,1000,V0013,USD,1.00,9775.5,977.55,I1,N030,30,2.000,9,X
100,5100000068,2024,RE,2024-09-30,2024-09-30,FINANCE01,MIRO,2024-09-30,RD,INV-4500000068-00010,1000,V0007,USD,1.00,113659.0,11365.9,I1,N014,30,2.000,9,X
100,5100000069,2024,RE,2024-05-21,2024-05-21,FINANCE02,MIRO,2024-05-21,RD,INV-4500000069-00010,1000,V0008,USD,1.00,96094.88,9609.49,I1,N014,30,2.000,9,X
100,5100000070,2024,RE,2024-06-14,2024-06-14,FINANCE01,MIRO,2024-06-14,RD,INV-4500000070-00010,1000,V0005,USD,1.00,60191.32,6019.13,I1,N060,30,2.000,9,X
100,5100000071,2024,RE,2024-06-07,2024-06-07,FINANCE01,MIRO,2024-06-07,RD,INV-4500000071-00010,1000,V0005,USD,1.00,45804.46,4580.45,I1,N030,30,2.000,9,X
100,5100000071,2024,RE,2024-06-12,2024-06-12,FINANCE01,MIRO,2024-06-12,RD,INV-4500000071-00020,1000,V0005,USD,1.00,51739.38,5173.94,I1,N030,30,2.000,9,X
100,5100000072,2024,RE,2024-09-30,2024-09-30,FINANCE01,MIRO,2024-09-30,RD,INV-4500000072-00010,1000,V0012,USD,1.00,35296.11,3529.61,I1,N060,30,2.000,9,X
100,5100000073,2024,RE,2024-08-20,2024-08-20,FINANCE02,MIRO,2024-08-20,RD,INV-4500000073-00010,1000,V0005,USD,1.00,95337.3,9533.73,I1,N030,30,2.000,9,X
100,5100000074,2024,RE,2024-04-12,2024-04-12,FINANCE01,MIRO,2024-04-12,RD,INV-4500000074-00010,1000,V0007,USD,1.00,17135.85,1713.59,I1,N060,30,2.000,9,X
100,5100000075,2024,RE,2024-11-13,2024-11-13,FINANCE01,MIRO,2024-11-13,RD,INV-4500000075-00010,1000,V0002,USD,1.00,8989.66,898.97,I1,2/10N30,30,2.000,9,X
100,5100000076,2024,RE,2024-05-23,2024-05-23,FINANCE01,MIRO,2024-05-23,RD,INV-4500000076-00010,1000,V0015,USD,1.00,119021.4,11902.14,I1,N014,30,2.000,9,X
100,5100000077,2024,RE,2024-03-18,2024-03-18,FINANCE02,MIRO,2024-03-18,RD,INV-4500000077-00010,1000,V0009,USD,1.00,78850.84,7885.08,I1,N060,30,2.000,9,X
100,5100000078,2024,RE,2024-03-24,2024-03-24,FINANCE02,MIRO,2024-03-24,RD,INV-4500000078-00010,1000,V0015,USD,1.00,13589.4,1358.94,I1,N030,30,2.000,5,X
100,5100000079,2024,RE,2024-09-07,2024-09-07,FINANCE02,MIRO,2024-09-07,RD,INV-4500000079-00010,1000,V0005,USD,1.00,159650.16,15965.02,I1,N060,30,2.000,9,X
100,5100000080,2024,RE,2024-10-13,2024-10-13,FINANCE01,MIRO,2024-10-13,RD,INV-4500000080-00010,1000,V0005,USD,1.00,9804.0,980.4,I1,N030,30,2.000,5,X
100,5100000081,2024,RE,2024-05-26,2024-05-26,FINANCE01,MIRO,2024-05-26,RD,INV-4500000081-00010,1000,V0013,USD,1.00,13954.74,1395.47,I1,N060,30,2.000,9,X
100,5100000082,2024,RE,2024-10-30,2024-10-30,FINANCE02,MIRO,2024-10-30,RD,INV-4500000082-00010,1000,V0005,USD,1.00,40863.36,4086.34,I1,2/10N30,30,2.000,5,X
100,5100000083,2024,RE,2024-05-27,2024-05-27,FINANCE01,MIRO,2024-05-27,RD,INV-4500000083-00010,1000,V0014,USD,1.00,21946.99,2194.7,I1,2/10N30,30,2.000,9,X
100,5100000084,2024,RE,2024-10-29,2024-10-29,FINANCE01,MIRO,2024-10-29,RD,INV-4500000084-00010,1000,V0001,USD,1.00,3644.03,364.4,I1,N014,30,2.000,9,X
100,5100000084,2024,RE,2024-10-31,2024-10-31,FINANCE02,MIRO,2024-10-31,RD,INV-4500000084-00020,1000,V0001,USD,1.00,35416.44,3541.64,I1,N014,30,2.000,9,X
100,5100000085,2024,RE,2024-09-24,2024-09-24,FINANCE01,MIRO,2024-09-24,RD,INV-4500000085-00010,1000,V0014,USD,1.00,78248.43,7824.84,I1,N030,30,2.000,9,X
100,5100000086,2024,RE,2024-03-04,2024-03-04,FINANCE02,MIRO,2024-03-04,RD,INV-4500000086-00010,1000,V0005,USD,1.00,143169.65,14316.97,I1,N014,30,2.000,9,X
100,5100000087,2024,RE,2024-04-11,2024-04-11,FINANCE02,MIRO,2024-04-11,RD,INV-4500000087-00010,1000,V0004,USD,1.00,124198.4,12419.84,I1,2/10N30,30,2.000,9,X
100,5100000088,2024,RE,2024-08-01,2024-08-01,FINANCE02,MIRO,2024-08-01,RD,INV-4500000088-00010,1000,V0012,USD,1.00,107578.24,10757.82,I1,2/10N30,30,2.000,9,X
100,5100000089,2024,RE,2024-09-05,2024-09-05,FINANCE02,MIRO,2024-09-05,RD,INV-4500000089-00010,1000,V0010,USD,1.00,205004.6,20500.46,I1,N030,30,2.000,9,X
100,5100000090,2024,RE,2024-07-24,2024-07-24,FINANCE02,MIRO,2024-07-24,RD,INV-4500000090-00010,1000,V0007,USD,1.00,31851.82,3185.18,I1,N014,30,2.000,9,X
100,5100000091,2024,RE,2024-06-04,2024-06-04,FINANCE02,MIRO,2024-06-04,RD,INV-4500000091-00010,1000,V0011,USD,1.00,234100.44,23410.04,I1,N014,30,2.000,5,X
100,5100000092,2024,RE,2024-04-14,2024-04-14,FINANCE01,MIRO,2024-04-14,RD,INV-4500000092-00010,1000,V0012,USD,1.00,81684.15,8168.41,I1,2/10N30,30,2.000,9,X
100,5100000093,2024,RE,2024-03-23,2024-03-23,FINANCE02,MIRO,2024-03-23,RD,INV-4500000093-00010,1000,V0014,USD,1.00,30747.36,3074.74,I1,N030,30,2.000,9,X
100,5100000093,2024,RE,2024-03-23,2024-03-23,FINANCE01,MIRO,2024-03-23,RD,INV-4500000093-00020,1000,V0014,USD,1.00,38539.26,3853.93,I1,N030,30,2.000,9,X
100,5100000094,2024,RE,2024-06-10,2024-06-10,FINANCE01,MIRO,2024-06-10,RD,INV-4500000094-00010,1000,V0012,USD,1.00,54602.1,5460.21,I1,N014,30,2.000,9,X
100,5100000095,2024,RE,2024-09-23,2024-09-23,FINANCE02,MIRO,2024-09-23,RD,INV-4500000095-00010,1000,V0012,USD,1.00,20879.04,2087.9,I1,N060,30,2.000,9,X
100,5100000096,2024,RE,2024-08-06,2024-08-06,FINANCE02,MIRO,2024-08-06,RD,INV-4500000096-00010,1000,V0013,USD,1.00,60143.91,6014.39,I1,N060,30,2.000,9,X
100,5100000097,2024,RE,2024-04-22,2024-04-22,FINANCE02,MIRO,2024-04-22,RD,INV-4500000097-00010,1000,V0005,USD,1.00,34978.0,3497.8,I1,N060,30,2.000,9,X
100,5100000097,2024,RE,2024-04-20,2024-04-20,FINANCE02,MIRO,2024-04-20,RD,INV-4500000097-00020,1000,V0005,USD,1.00,13873.17,1387.32,I1,N060,30,2.000,9,X
100,5100000098,2024,RE,2024-10-13,2024-10-13,FINANCE01,MIRO,2024-10-13,RD,INV-4500000098-00010,1000,V0008,USD,1.00,114794.26,11479.43,I1,2/10N30,30,2.000,9,X
100,5100000098,2024,RE,2024-10-13,2024-10-13,FINANCE01,MIRO,2024-10-13,RD,INV-4500000098-00020,1000,V0008,USD,1.00,6064.8,606.48,I1,2/10N30,30,2.000,9,X
100,5100000099,2024,RE,2024-06-29,2024-06-29,FINANCE01,MIRO,2024-06-29,RD,INV-4500000099-00010,1000,V0005,USD,1.00,65205.14,6520.51,I1,N030,30,2.000,9,X
100,5100000100,2024,RE,2024-04-14,2024-04-14,FINANCE02,MIRO,2024-04-14,RD,INV-4500000100-00010,1000,V0012,USD,1.00,215685.6,21568.56,I1,N014,30,2.000,9,X
100,5100000101,2024,RE,2024-07-19,2024-07-19,FINANCE02,MIRO,2024-07-19,RD,INV-4500000101-00010,1000,V0008,USD,1.00,1905.7,190.57,I1,2/10N30,30,2.000,5,X
100,5100000102,2024,RE,2024-04-17,2024-04-17,FINANCE01,MIRO,2024-04-17,RD,INV-4500000102-00010,1000,V0003,USD,1.00,30547.75,3054.78,I1,N030,30,2.000,9,X
100,5100000102,2024,RE,2024-04-25,2024-04-25,FINANCE01,MIRO,2024-04-25,RD,INV-4500000102-00020,1000,V0003,USD,1.00,28273.44,2827.34,I1,N030,30,2.000,9,X
100,5100000103,2024,RE,2024-03-08,2024-03-08,FINANCE01,MIRO,2024-03-08,RD,INV-4500000103-00010,1000,V0003,USD,1.00,29778.33,2977.83,I1,2/10N30,30,2.000,9,X
100,5100000104,2024,RE,2024-03-16,2024-03-16,FINANCE01,MIRO,2024-03-16,RD,INV-4500000104-00010,1000,V0014,USD,1.00,82261.74,8226.17,I1,N060,30,2.000,9,X
100,5100000105,2024,RE,2024-08-18,2024-08-18,FINANCE02,MIRO,2024-08-18,RD,INV-4500000105-00010,1000,V0006,USD,1.00,141363.5,14136.35,I1,N030,30,2.000,9,X
100,5100000106,2024,RE,2024-03-04,2024-03-04,FINANCE01,MIRO,2024-03-04,RD,INV-4500000106-00010,1000,V0007,USD,1.00,84220.0,8422.0,I1,N030,30,2.000,9,X
100,5100000107,2024,RE,2024-10-22,2024-10-22,FINANCE02,MIRO,2024-10-22,RD,INV-4500000107-00010,1000,V0013,USD,1.00,23153.13,2315.31,I1,2/10N30,30,2.000,9,X
100,5100000108,2024,RE,2024-10-29,2024-10-29,FINANCE02,MIRO,2024-10-29,RD,INV-4500000108-00010,1000,V0004,USD,1.00,60495.66,6049.57,I1,2/10N30,30,2.000,9,X
100,5100000108,2024,RE,2024-11-08,2024-11-08,FINANCE02,MIRO,2024-11-08,RD,INV-4500000108-00020,1000,V0004,USD,1.00,51772.0,5177.2,I1,2/10N30,30,2.000,9,X
100,5100000109,2024,RE,2024-05-05,2024-05-05,FINANCE02,MIRO,2024-05-05,RD,INV-4500000109-00010,1000,V0008,USD,1.00,174345.91,17434.59,I1,N030,30,2.000,9,X
100,5100000109,2024,RE,2024-05-05,2024-05-05,FINANCE01,MIRO,2024-05-05,RD,INV-4500000109-00020,1000,V0008,USD,1.00,3878.64,387.86,I1,N030,30,2.000,9,X
100,5100000110,2024,RE,2024-03-30,2024-03-30,FINANCE02,MIRO,2024-03-30,RD,INV-4500000110-00010,1000,V0009,USD,1.00,62747.56,6274.76,I1,N060,30,2.000,9,X
100,5100000111,2024,RE,2024-06-29,2024-06-29,FINANCE01,MIRO,2024-06-29,RD,INV-4500000111-00010,1000,V0008,USD,1.00,22289.0,2228.9,I1,N060,30,2.000,9,X
100,5100000112,2024,RE,2024-12-08,2024-12-08,FINANCE01,MIRO,2024-12-08,RD,INV-4500000112-00010,1000,V0003,USD,1.00,3136.12,313.61,I1,N030,30,2.000,9,X
100,5100000112,2024,RE,2024-12-14,2024-12-14,FINANCE01,MIRO,2024-12-14,RD,INV-4500000112-00020,1000,V0003,USD,1.00,30658.16,3065.82,I1,N030,30,2.000,9,X
100,5100000113,2024,RE,2024-06-18,2024-06-18,FINANCE02,MIRO,2024-06-18,RD,INV-4500000113-00010,1000,V0009,USD,1.00,30116.79,3011.68,I1,N014,30,2.000,9,X
100,5100000114,2024,RE,2024-09-28,2024-09-28,FINANCE01,MIRO,2024-09-28,RD,INV-4500000114-00010,1000,V0001,USD,1.00,15706.8,1570.68,I1,N060,30,2.000,9,X
100,5100000115,2024,RE,2024-04-25,2024-04-25,FINANCE01,MIRO,2024-04-25,RD,INV-4500000115-00010,1000,V0004,USD,1.00,26790.4,2679.04,I1,N030,30,2.000,9,X
100,5100000115,2024,RE,2024-05-05,2024-05-05,FINANCE02,MIRO,2024-05-05,RD,INV-4500000115-00020,1000,V0004,USD,1.00,31327.5,3132.75,I1,N030,30,2.000,9,X
100,5100000116,2024,RE,2024-09-29,2024-09-29,FINANCE01,MIRO,2024-09-29,RD,INV-4500000116-00010,1000,V0015,USD,1.00,112930.87,11293.09,I1,N030,30,2.000,9,X
100,5100000117,2024,RE,2024-08-06,2024-08-06,FINANCE02,MIRO,2024-08-06,RD,INV-4500000117-00010,1000,V0013,USD,1.00,17166.6,1716.66,I1,N030,30,2.000,9,X
100,5100000117,2024,RE,2024-08-16,2024-08-16,FINANCE01,MIRO,2024-08-16,RD,INV-4500000117-00020,1000,V0013,USD,1.00,26405.15,2640.52,I1,N030,30,2.000,9,X
100,5100000118,2024,RE,2024-08-06,2024-08-06,FINANCE01,MIRO,2024-08-06,RD,INV-4500000118-00010,1000,V0009,USD,1.00,71469.44,7146.94,I1,N060,30,2.000,9,X
100,5100000119,2024,RE,2024-09-12,2024-09-12,FINANCE01,MIRO,2024-09-12,RD,INV-4500000119-00010,1000,V0003,USD,1.00,47278.44,4727.84,I1,2/10N30,30,2.000,9,X
100,5100000120,2024,RE,2024-06-27,2024-06-27,FINANCE02,MIRO,2024-06-27,RD,INV-4500000120-00010,1000,V0013,USD,1.00,37013.48,3701.35,I1,N014,30,2.000,9,X
100,5100000121,2024,RE,2024-11-05,2024-11-05,FINANCE02,MIRO,2024-11-05,RD,INV-4500000121-00010,1000,V0007,USD,1.00,80727.28,8072.73,I1,N060,30,2.000,9,X
100,5100000121,2024,RE,2024-11-11,2024-11-11,FINANCE02,MIRO,2024-11-11,RD,INV-4500000121-00020,1000,V0007,USD,1.00,1413.0,141.3,I1,N060,30,2.000,9,X
100,5100000122,2024,RE,2024-07-10,2024-07-10,FINANCE02,MIRO,2024-07-10,RD,INV-4500000122-00010,1000,V0012,USD,1.00,9865.78,986.58,I1,N014,30,2.000,9,X
100,5100000123,2024,RE,2024-10-20,2024-10-20,FINANCE01,MIRO,2024-10-20,RD,INV-4500000123-00010,1000,V0002,USD,1.00,95100.2,9510.02,I1,N014,30,2.000,9,X
100,5100000124,2024,RE,2024-05-09,2024-05-09,FINANCE01,MIRO,2024-05-09,RD,INV-4500000124-00010,1000,V0008,USD,1.00,86417.1,8641.71,I1,N030,30,2.000,9,X
100,5100000124,2024,RE,2024-04-26,2024-04-26,FINANCE02,MIRO,2024-04-26,RD,INV-4500000124-00020,1000,V0008,USD,1.00,2793.36,279.34,I1,N030,30,2.000,9,X
100,5100000125,2024,RE,2024-04-29,2024-04-29,FINANCE01,MIRO,2024-04-29,RD,INV-4500000125-00010,1000,V0014,USD,1.00,120759.75,12075.98,I1,N014,30,2.000,9,X
100,5100000126,2024,RE,2024-08-17,2024-08-17,FINANCE02,MIRO,2024-08-17,RD,INV-4500000126-00010,1000,V0002,USD,1.00,102964.17,10296.42,I1,N014,30,2.000,9,X
100,5100000126,2024,RE,2024-08-20,2024-08-20,FINANCE01,MIRO,2024-08-20,RD,INV-4500000126-00020,1000,V0002,USD,1.00,3517.2,351.72,I1,N014,30,2.000,9,X
100,5100000127,2024,RE,2024-11-20,2024-11-20,FINANCE01,MIRO,2024-11-20,RD,INV-4500000127-00010,1000,V0011,USD,1.00,7245.22,724.52,I1,N060,30,2.000,9,X
100,5100000127,2024,RE,2024-11-16,2024-11-16,FINANCE02,MIRO,2024-11-16,RD,INV-4500000127-00020,1000,V0011,USD,1.00,10152.54,1015.25,I1,N060,30,2.000,9,X
100,5100000128,2024,RE,2024-05-15,2024-05-15,FINANCE01,MIRO,2024-05-15,RD,INV-4500000128-00010,1000,V0003,USD,1.00,26671.32,2667.13,I1,N014,30,2.000,9,X
100,5100000129,2024,RE,2024-07-03,2024-07-03,FINANCE02,MIRO,2024-07-03,RD,INV-4500000129-00010,1000,V0015,USD,1.00,157270.96,15727.1,I1,N030,30,2.000,9,X
100,5100000130,2024,RE,2024-03-30,2024-03-30,FINANCE01,MIRO,2024-03-30,RD,INV-4500000130-00010,1000,V0014,USD,1.00,160001.66,16000.17,I1,N014,30,2.000,9,X
100,5100000131,2024,RE,2024-09-02,2024-09-02,FINANCE02,MIRO,2024-09-02,RD,INV-4500000131-00010,1000,V0011,USD,1.00,103637.1,10363.71,I1,2/10N30,30,2.000,9,X
100,5100000132,2024,RE,2024-05-31,2024-05-31,FINANCE02,MIRO,2024-05-31,RD,INV-4500000132-00010,1000,V0003,USD,1.00,9940.86,994.09,I1,N060,30,2.000,9,X
100,5100000133,2024,RE,2024-09-11,2024-09-11,FINANCE02,MIRO,2024-09-11,RD,INV-4500000133-00010,1000,V0010,USD,1.00,15428.88,1542.89,I1,N030,30,2.000,9,X
100,5100000134,2024,RE,2024-07-05,2024-07-05,FINANCE02,MIRO,2024-07-05,RD,INV-4500000134-00010,1000,V0003,USD,1.00,110160.05,11016.01,I1,N030,30,2.000,5,X
100,5100000135,2024,RE,2024-08-03,2024-08-03,FINANCE02,MIRO,2024-08-03,RD,INV-4500000135-00010,1000,V0001,USD,1.00,49025.32,4902.53,I1,N060,30,2.000,9,X
100,5100000135,2024,RE,2024-07-24,2024-07-24,FINANCE01,MIRO,2024-07-24,RD,INV-4500000135-00020,1000,V0001,USD,1.00,12164.56,1216.46,I1,N060,30,2.000,9,X
100,5100000136,2024,RE,2024-04-14,2024-04-14,FINANCE01,MIRO,2024-04-14,RD,INV-4500000136-00010,1000,V0009,USD,1.00,74548.56,7454.86,I1,N030,30,2.000,5,X
100,5100000137,2024,RE,2024-05-01,2024-05-01,FINANCE01,MIRO,2024-05-01,RD,INV-4500000137-00010,1000,V0015,USD,1.00,11543.16,1154.32,I1,N030,30,2.000,9,X
100,5100000138,2024,RE,2024-11-19,2024-11-19,FINANCE02,MIRO,2024-11-19,RD,INV-4500000138-00010,1000,V0004,USD,1.00,95147.55,9514.76,I1,N030,30,2.000,9,X
100,5100000139,2024,RE,2024-05-16,2024-05-16,FINANCE02,MIRO,2024-05-16,RD,INV-4500000139-00010,1000,V0012,USD,1.00,67622.66,6762.27,I1,N030,30,2.000,9,X
100,5100000140,2024,RE,2024-03-08,2024-03-08,FINANCE01,MIRO,2024-03-08,RD,INV-4500000140-00010,1000,V0007,USD,1.00,112655.07,11265.51,I1,N060,30,2.000,9,X
100,5100000141,2024,RE,2024-12-15,2024-12-15,FINANCE02,MIRO,2024-12-15,RD,INV-4500000141-00010,1000,V0008,USD,1.00,140391.79,14039.18,I1,N014,30,2.000,9,X
100,5100000142,2024,RE,2024-06-28,2024-06-28,FINANCE02,MIRO,2024-06-28,RD,INV-4500000142-00010,1000,V0008,USD,1.00,38702.37,3870.24,I1,2/10N30,30,2.000,9,X
100,5100000142,2024,RE,2024-06-15,2024-06-15,FINANCE01,MIRO,2024-06-15,RD,INV-4500000142-00020,1000,V0008,USD,1.00,2539.5,253.95,I1,2/10N30,30,2.000,9,X
100,5100000143,2024,RE,2024-08-23,2024-08-23,FINANCE02,MIRO,2024-08-23,RD,INV-4500000143-00010,1000,V0008,USD,1.00,80346.42,8034.64,I1,N060,30,2.000,9,X
100,5100000144,2024,RE,2024-05-14,2024-05-14,FINANCE02,MIRO,2024-05-14,RD,INV-4500000144-00010,1000,V0012,USD,1.00,47491.85,4749.19,I1,N030,30,2.000,9,X
100,5100000145,2024,RE,2024-05-07,2024-05-07,FINANCE02,MIRO,2024-05-07,RD,INV-4500000145-00010,1000,V0009,USD,1.00,60854.0,6085.4,I1,N060,30,2.000,9,X
100,5100000146,2024,RE,2024-06-07,2024-06-07,FINANCE02,MIRO,2024-06-07,RD,INV-4500000146-00010,1000,V0012,USD,1.00,124718.4,12471.84,I1,N014,30,2.000,9,X
100,5100000147,2024,RE,2024-10-25,2024-10-25,FINANCE01,MIRO,2024-10-25,RD,INV-4500000147-00010,1000,V0011,USD,1.00,27412.02,2741.2,I1,2/10N30,30,2.000,9,X
100,5100000148,2024,RE,2024-10-21,2024-10-21,FINANCE01,MIRO,2024-10-21,RD,INV-4500000148-00010,1000,V0008,USD,1.00,140440.0,14044.0,I1,N060,30,2.000,9,X
100,5100000149,2024,RE,2024-06-24,2024-06-24,FINANCE01,MIRO,2024-06-24,RD,INV-4500000149-00010,1000,V0008,USD,1.00,14928.76,1492.88,I1,N014,30,2.000,9,X
100,5100000150,2024,RE,2024-06-06,2024-06-06,FINANCE02,MIRO,2024-06-06,RD,INV-4500000150-00010,1000,V0005,USD,1.00,123091.27,12309.13,I1,N060,30,2.000,5,X
100,5100000151,2024,RE,2024-08-17,2024-08-17,FINANCE01,MIRO,2024-08-17,RD,INV-4500000151-00010,1000,V0007,USD,1.00,44319.6,4431.96,I1,N060,30,2.000,9,X
100,5100000152,2024,RE,2024-03-26,2024-03-26,FINANCE01,MIRO,2024-03-26,RD,INV-4500000152-00010,1000,V0015,USD,1.00,8408.45,840.85,I1,2/10N30,30,2.000,5,X
100,5100000153,2024,RE,2024-05-28,2024-05-28,FINANCE02,MIRO,2024-05-28,RD,INV-4500000153-00010,1000,V0012,USD,1.00,18566.55,1856.65,I1,N030,30,2.000,9,X
100,5100000154,2024,RE,2024-04-12,2024-04-12,FINANCE02,MIRO,2024-04-12,RD,INV-4500000154-00010,1000,V0010,USD,1.00,52604.16,5260.42,I1,N030,30,2.000,9,X
100,5100000155,2024,RE,2024-09-10,2024-09-10,FINANCE01,MIRO,2024-09-10,RD,INV-4500000155-00010,1000,V0009,USD,1.00,19849.98,1985.0,I1,N014,30,2.000,9,X
100,5100000156,2024,RE,2024-05-14,2024-05-14,FINANCE01,MIRO,2024-05-14,RD,INV-4500000156-00010,1000,V0003,USD,1.00,10555.2,1055.52,I1,N014,30,2.000,9,X
100,5100000157,2024,RE,2024-08-15,2024-08-15,FINANCE01,MIRO,2024-08-15,RD,INV-4500000157-00010,1000,V0004,USD,1.00,49851.36,4985.14,I1,N030,30,2.000,9,X
100,5100000158,2024,RE,2024-10-30,2024-10-30,FINANCE02,MIRO,2024-10-30,RD,INV-4500000158-00010,1000,V0005,USD,1.00,44851.2,4485.12,I1,N014,30,2.000,9,X
100,5100000159,2024,RE,2024-06-22,2024-06-22,FINANCE02,MIRO,2024-06-22,RD,INV-4500000159-00010,1000,V0011,USD,1.00,137828.88,13782.89,I1,2/10N30,30,2.000,9,X
100,5100000159,2024,RE,2024-06-29,2024-06-29,FINANCE02,MIRO,2024-06-29,RD,INV-4500000159-00020,1000,V0011,USD,1.00,20069.92,2006.99,I1,2/10N30,30,2.000,9,X
100,5100000160,2024,RE,2024-06-30,2024-06-30,FINANCE02,MIRO,2024-06-30,RD,INV-4500000160-00010,1000,V0003,USD,1.00,7831.82,783.18,I1,N014,30,2.000,9,X
100,5100000161,2024,RE,2024-07-07,2024-07-07,FINANCE02,MIRO,2024-07-07,RD,INV-4500000161-00010,1000,V0009,USD,1.00,62394.57,6239.46,I1,N014,30,2.000,9,X
100,5100000162,2024,RE,2024-11-04,2024-11-04,FINANCE02,MIRO,2024-11-04,RD,INV-4500000162-00010,1000,V0009,USD,1.00,7317.24,731.72,I1,N060,30,2.000,9,X
100,5100000163,2024,RE,2024-11-14,2024-11-14,FINANCE01,MIRO,2024-11-14,RD,INV-4500000163-00010,1000,V0004,USD,1.00,5052.35,505.24,I1,N060,30,2.000,9,X
100,5100000164,2024,RE,2024-10-28,2024-10-28,FINANCE01,MIRO,2024-10-28,RD,INV-4500000164-00010,1000,V0004,USD,1.00,159834.7,15983.47,I1,N060,30,2.000,9,X
100,5100000165,2024,RE,2024-10-10,2024-10-10,FINANCE01,MIRO,2024-10-10,RD,INV-4500000165-00010,1000,V0015,USD,1.00,2901.66,290.17,I1,N030,30,2.000,9,X
100,5100000166,2024,RE,2024-06-25,2024-06-25,FINANCE01,MIRO,2024-06-25,RD,INV-4500000166-00010,1000,V0012,USD,1.00,65503.38,6550.34,I1,2/10N30,30,2.000,9,X
100,5100000167,2024,RE,2024-10-08,2024-10-08,FINANCE02,MIRO,2024-10-08,RD,INV-4500000167-00010,1000,V0003,USD,1.00,49807.5,4980.75,I1,N014,30,2.000,9,X
100,5100000168,2024,RE,2024-10-25,2024-10-25,FINANCE01,MIRO,2024-10-25,RD,INV-4500000168-00010,1000,V0012,USD,1.00,15286.31,1528.63,I1,N030,30,2.000,9,X
100,5100000169,2024,RE,2024-12-18,2024-12-18,FINANCE01,MIRO,2024-12-18,RD,INV-4500000169-00010,1000,V0010,USD,1.00,14784.66,1478.47,I1,2/10N30,30,2.000,9,X
100,5100000169,2024,RE,2024-12-10,2024-12-10,FINANCE02,MIRO,2024-12-10,RD,INV-4500000169-00020,1000,V0010,USD,1.00,525.72,52.57,I1,2/10N30,30,2.000,9,X
100,5100000170,2024,RE,2024-06-05,2024-06-05,FINANCE02,MIRO,2024-06-05,RD,INV-4500000170-00010,1000,V0012,USD,1.00,135932.2,13593.22,I1,N014,30,2.000,9,X
100,5100000171,2024,RE,2024-10-28,2024-10-28,FINANCE02,MIRO,2024-10-28,RD,INV-4500000171-00010,1000,V0014,USD,1.00,68647.04,6864.7,I1,2/10N30,30,2.000,9,X
100,5100000172,2024,RE,2024-08-08,2024-08-08,FINANCE02,MIRO,2024-08-08,RD,INV-4500000172-00010,1000,V0006,USD,1.00,19467.0,1946.7,I1,N014,30,2.000,9,X
100,5100000173,2024,RE,2024-08-06,2024-08-06,FINANCE02,MIRO,2024-08-06,RD,INV-4500000173-00010,1000,V0014,USD,1.00,157270.15,15727.01,I1,N060,30,2.000,9,X
100,5100000173,2024,RE,2024-08-12,2024-08-12,FINANCE02,MIRO,2024-08-12,RD,INV-4500000173-00020,1000,V0014,USD,1.00,25113.31,2511.33,I1,N060,30,2.000,9,X
100,5100000174,2024,RE,2024-02-26,2024-02-26,FINANCE02,MIRO,2024-02-26,RD,INV-4500000174-00010,1000,V0003,USD,1.00,11044.21,1104.42,I1,2/10N30,30,2.000,5,X
100,5100000175,2024,RE,2024-07-06,2024-07-06,FINANCE02,MIRO,2024-07-06,RD,INV-4500000175-00010,1000,V0008,USD,1.00,43651.86,4365.19,I1,N060,30,2.000,9,X
100,5100000176,2024,RE,2024-06-21,2024-06-21,FINANCE02,MIRO,2024-06-21,RD,INV-4500000176-00010,1000,V0010,USD,1.00,73507.17,7350.72,I1,N060,30,2.000,9,X
100,5100000177,2024,RE,2024-09-20,2024-09-20,FINANCE01,MIRO,2024-09-20,RD,INV-4500000177-00010,1000,V0004,USD,1.00,92354.1,9235.41,I1,N060,30,2.000,9,X
100,5100000178,2024,RE,2024-08-28,2024-08-28,FINANCE02,MIRO,2024-08-28,RD,INV-4500000178-00010,1000,V0015,USD,1.00,109777.12,10977.71,I1,N014,30,2.000,9,X
100,5100000179,2024,RE,2024-04-25,2024-04-25,FINANCE02,MIRO,2024-04-25,RD,INV-4500000179-00010,1000,V0005,USD,1.00,18062.96,1806.3,I1,N030,30,2.000,9,X
100,5100000180,2024,RE,2024-05-20,2024-05-20,FINANCE02,MIRO,2024-05-20,RD,INV-4500000180-00010,1000,V0004,USD,1.00,2559.62,255.96,I1,2/10N30,30,2.000,9,X
100,5100000181,2024,RE,2024-11-12,2024-11-12,FINANCE02,MIRO,2024-11-12,RD,INV-4500000181-00010,1000,V0015,USD,1.00,8686.44,868.64,I1,N014,30,2.000,9,X
100,5100000181,2024,RE,2024-11-21,2024-11-21,FINANCE01,MIRO,2024-11-21,RD,INV-4500000181-00020,1000,V0015,USD,1.00,37251.4,3725.14,I1,N014,30,2.000,9,X
100,5100000182,2024,RE,2024-05-29,2024-05-29,FINANCE01,MIRO,2024-05-29,RD,INV-4500000182-00010,1000,V0004,USD,1.00,83152.24,8315.22,I1,2/10N30,30,2.000,9,X
100,5100000183,2024,RE,2024-07-20,2024-07-20,FINANCE01,MIRO,2024-07-20,RD,INV-4500000183-00010,1000,V0010,USD,1.00,10215.24,1021.52,I1,2/10N30,30,2.000,9,X
100,5100000184,2024,RE,2024-03-28,2024-03-28,FINANCE01,MIRO,2024-03-28,RD,INV-4500000184-00010,1000,V0013,USD,1.00,28522.89,2852.29,I1,N030,30,2.000,9,X
100,5100000185,2024,RE,2024-07-16,2024-07-16,FINANCE02,MIRO,2024-07-16,RD,INV-4500000185-00010,1000,V0001,USD,1.00,268446.1,26844.61,I1,N030,30,2.000,9,X
100,5100000186,2024,RE,2024-04-23,2024-04-23,FINANCE02,MIRO,2024-04-23,RD,INV-4500000186-00010,1000,V0007,USD,1.00,142944.05,14294.4,I1,N014,30,2.000,9,X
100,5100000187,2024,RE,2024-10-31,2024-10-31,FINANCE02,MIRO,2024-10-31,RD,INV-4500000187-00010,1000,V0001,USD,1.00,150788.88,15078.89,I1,N030,30,2.000,9,X
100,5100000188,2024,RE,2024-11-17,2024-11-17,FINANCE02,MIRO,2024-11-17,RD,INV-4500000188-00010,1000,V0008,USD,1.00,12337.5,1233.75,I1,N014,30,2.000,9,X
100,5100000189,2024,RE,2024-10-10,2024-10-10,FINANCE01,MIRO,2024-10-10,RD,INV-4500000189-00010,1000,V0006,USD,1.00,71175.88,7117.59,I1,N030,30,2.000,9,X
100,5100000190,2024,RE,2024-09-08,2024-09-08,FINANCE02,MIRO,2024-09-08,RD,INV-4500000190-00010,1000,V0011,USD,1.00,20961.0,2096.1,I1,N014,30,2.000,9,X
100,5100000191,2024,RE,2024-06-05,2024-06-05,FINANCE01,MIRO,2024-06-05,RD,INV-4500000191-00010,1000,V0009,USD,1.00,98736.15,9873.61,I1,N014,30,2.000,5,X
100,5100000191,2024,RE,2024-05-31,2024-05-31,FINANCE01,MIRO,2024-05-31,RD,INV-4500000191-00020,1000,V0009,USD,1.00,13285.62,1328.56,I1,N014,30,2.000,5,X
100,5100000192,2024,RE,2024-06-29,2024-06-29,FINANCE01,MIRO,2024-06-29,RD,INV-4500000192-00010,1000,V0011,USD,1.00,64963.35,6496.34,I1,N060,30,2.000,9,X
100,5100000193,2024,RE,2024-03-18,2024-03-18,FINANCE01,MIRO,2024-03-18,RD,INV-4500000193-00010,1000,V0001,USD,1.00,14809.86,1480.99,I1,N060,30,2.000,9,X
100,5100000194,2024,RE,2024-08-01,2024-08-01,FINANCE01,MIRO,2024-08-01,RD,INV-4500000194-00010,1000,V0014,USD,1.00,180994.24,18099.42,I1,N030,30,2.000,9,X
100,5100000195,2024,RE,2024-04-12,2024-04-12,FINANCE02,MIRO,2024-04-12,RD,INV-4500000195-00010,1000,V0010,USD,1.00,215069.58,21506.96,I1,N060,30,2.000,9,X
100,5100000196,2024,RE,2024-06-15,2024-06-15,FINANCE01,MIRO,2024-06-15,RD,INV-4500000196-00010,1000,V0009,USD,1.00,82641.3,8264.13,I1,N060,30,2.000,9,X
100,5100000197,2024,RE,2024-09-19,2024-09-19,FINANCE01,MIRO,2024-09-19,RD,INV-4500000197-00010,1000,V0010,USD,1.00,14027.84,1402.78,I1,N060,30,2.000,9,X
100,5100000198,2024,RE,2024-11-24,2024-11-24,FINANCE02,MIRO,2024-11-24,RD,INV-4500000198-00010,1000,V0001,USD,1.00,90812.02,9081.2,I1,N060,30,2.000,9,X
100,5100000199,2024,RE,2024-07-28,2024-07-28,FINANCE02,MIRO,2024-07-28,RD,INV-4500000199-00010,1000,V0001,USD,1.00,8378.55,837.86,I1,N030,30,2.000,9,X
100,5100000200,2024,RE,2024-08-06,2024-08-06,FINANCE01,MIRO,2024-08-06,RD,INV-4500000200-00010,1000,V0015,USD,1.00,7125.0,712.5,I1,N060,30,2.000,9,X
100,5100000201,2024,RE,2024-08-25,2024-08-25,FINANCE02,MIRO,2024-08-25,RD,INV-4500000201-00010,1000,V0001,USD,1.00,97575.2,9757.52,I1,N060,30,2.000,9,X
100,5100000202,2024,RE,2024-11-20,2024-11-20,FINANCE02,MIRO,2024-11-20,RD,INV-4500000202-00010,1000,V0010,USD,1.00,42759.09,4275.91,I1,N060,30,2.000,9,X
100,5100000203,2024,RE,2024-04-02,2024-04-02,FINANCE02,MIRO,2024-04-02,RD,INV-4500000203-00010,1000,V0012,USD,1.00,118990.08,11899.01,I1,N060,30,2.000,9,X
100,5100000204,2024,RE,2024-04-15,2024-04-15,FINANCE02,MIRO,2024-04-15,RD,INV-4500000204-00010,1000,V0011,USD,1.00,11636.82,1163.68,I1,2/10N30,30,2.000,9,X
100,5100000204,2024,RE,2024-04-25,2024-04-25,FINANCE02,MIRO,2024-04-25,RD,INV-4500000204-00020,1000,V0011,USD,1.00,10324.93,1032.49,I1,2/10N30,30,2.000,9,X
100,5100000205,2024,RE,2024-04-04,2024-04-04,FINANCE01,MIRO,2024-04-04,RD,INV-4500000205-00010,1000,V0007,USD,1.00,32642.15,3264.22,I1,2/10N30,30,2.000,9,X
100,5100000206,2024,RE,2024-07-13,2024-07-13,FINANCE01,MIRO,2024-07-13,RD,INV-4500000206-00010,1000,V0010,USD,1.00,104246.88,10424.69,I1,2/10N30,30,2.000,9,X
100,5100000206,2024,RE,2024-07-13,2024-07-13,FINANCE02,MIRO,2024-07-13,RD,INV-4500000206-00020,1000,V0010,USD,1.00,25481.6,2548.16,I1,2/10N30,30,2.000,9,X
100,5100000207,2024,RE,2024-08-18,2024-08-18,FINANCE01,MIRO,2024-08-18,RD,INV-4500000207-00010,1000,V0003,USD,1.00,72871.5,7287.15,I1,N030,30,2.000,9,X
100,5100000208,2024,RE,2024-03-12,2024-03-12,FINANCE01,MIRO,2024-03-12,RD,INV-4500000208-00010,1000,V0011,USD,1.00,88924.8,8892.48,I1,2/10N30,30,2.000,9,X
100,5100000208,2024,RE,2024-03-06,2024-03-06,FINANCE02,MIRO,2024-03-06,RD,INV-4500000208-00020,1000,V0011,USD,1.00,3094.0,309.4,I1,2/10N30,30,2.000,9,X
100,5100000209,2024,RE,2024-04-12,2024-04-12,FINANCE01,MIRO,2024-04-12,RD,INV-4500000209-00010,1000,V0001,USD,1.00,42977.2,4297.72,I1,N014,30,2.000,9,X
100,5100000210,2024,RE,2024-08-15,2024-08-15,FINANCE01,MIRO,2024-08-15,RD,INV-4500000210-00010,1000,V0011,USD,1.00,91328.22,9132.82,I1,N014,30,2.000,9,X
100,5100000210,2024,RE,2024-08-21,2024-08-21,FINANCE02,MIRO,2024-08-21,RD,INV-4500000210-00020,1000,V0011,USD,1.00,13538.14,1353.81,I1,N014,30,2.000,9,X
100,5100000211,2024,RE,2024-04-25,2024-04-25,FINANCE02,MIRO,2024-04-25,RD,INV-4500000211-00010,1000,V0013,USD,1.00,58909.08,5890.91,I1,N014,30,2.000,9,X
100,5100000212,2024,RE,2024-12-05,2024-12-05,FINANCE01,MIRO,2024-12-05,RD,INV-4500000212-00010,1000,V0015,USD,1.00,96457.68,9645.77,I1,2/10N30,30,2.000,9,X
100,5100000213,2024,RE,2024-04-25,2024-04-25,FINANCE02,MIRO,2024-04-25,RD,INV-4500000213-00010,1000,V0003,USD,1.00,153862.6,15386.26,I1,N060,30,2.000,9,X
100,5100000214,2024,RE,2024-08-06,2024-08-06,FINANCE02,MIRO,2024-08-06,RD,INV-4500000214-00010,1000,V0009,USD,1.00,65798.5,6579.85,I1,N060,30,2.000,9,X
100,5100000215,2024,RE,2024-12-10,2024-12-10,FINANCE02,MIRO,2024-12-10,RD,INV-4500000215-00010,1000,V0010,USD,1.00,47759.0,4775.9,I1,N030,30,2.000,9,X
100,5100000216,2024,RE,2024-08-10,2024-08-10,FINANCE01,MIRO,2024-08-10,RD,INV-4500000216-00010,1000,V0003,USD,1.00,209110.16,20911.02,I1,N030,30,2.000,9,X
100,5100000216,2024,RE,2024-08-14,2024-08-14,FINANCE02,MIRO,2024-08-14,RD,INV-4500000216-00020,1000,V0003,USD,1.00,4030.4,403.04,I1,N030,30,2.000,9,X
100,5100000217,2024,RE,2024-08-27,2024-08-27,FINANCE01,MIRO,2024-08-27,RD,INV-4500000217-00010,1000,V0003,USD,1.00,92860.02,9286.0,I1,N030,30,2.000,9,X
100,5100000218,2024,RE,2024-10-10,2024-10-10,FINANCE02,MIRO,2024-10-10,RD,INV-4500000218-00010,1000,V0001,USD,1.00,118185.48,11818.55,I1,N014,30,2.000,9,X
100,5100000219,2024,RE,2024-07-13,2024-07-13,FINANCE02,MIRO,2024-07-13,RD,INV-4500000219-00010,1000,V0009,USD,1.00,125790.99,12579.1,I1,N030,30,2.000,9,X
100,5100000220,2024,RE,2024-03-19,2024-03-19,FINANCE02,MIRO,2024-03-19,RD,INV-4500000220-00010,1000,V0011,USD,1.00,22977.24,2297.72,I1,2/10N30,30,2.000,9,X
100,5100000220,2024,RE,2024-03-12,2024-03-12,FINANCE02,MIRO,2024-03-12,RD,INV-4500000220-00020,1000,V0011,USD,1.00,44004.8,4400.48,I1,2/10N30,30,2.000,9,X
100,5100000221,2024,RE,2024-07-03,2024-07-03,FINANCE01,MIRO,2024-07-03,RD,INV-4500000221-00010,1000,V0001,USD,1.00,66417.96,6641.8,I1,N014,30,2.000,9,X
100,5100000222,2024,RE,2024-03-19,2024-03-19,FINANCE02,MIRO,2024-03-19,RD,INV-4500000222-00010,1000,V0014,USD,1.00,35931.6,3593.16,I1,N060,30,2.000,5,X
100,5100000223,2024,RE,2024-11-06,2024-11-06,FINANCE01,MIRO,2024-11-06,RD,INV-4500000223-00010,1000,V0007,USD,1.00,7708.8,770.88,I1,2/10N30,30,2.000,9,X
100,5100000224,2024,RE,2024-07-15,2024-07-15,FINANCE01,MIRO,2024-07-15,RD,INV-4500000224-00010,1000,V0002,USD,1.00,4156.16,415.62,I1,N030,30,2.000,9,X
100,5100000224,2024,RE,2024-07-15,2024-07-15,FINANCE02,MIRO,2024-07-15,RD,INV-4500000224-00020,1000,V0002,USD,1.00,30141.44,3014.14,I1,N030,30,2.000,9,X
100,5100000225,2024,RE,2024-02-20,2024-02-20,FINANCE02,MIRO,2024-02-20,RD,INV-4500000225-00010,1000,V0005,USD,1.00,28797.12,2879.71,I1,N014,30,2.000,9,X
100,5100000226,2024,RE,2024-09-10,2024-09-10,FINANCE02,MIRO,2024-09-10,RD,INV-4500000226-00010,1000,V0007,USD,1.00,25399.2,2539.92,I1,N060,30,2.000,9,X
100,5100000226,2024,RE,2024-09-05,2024-09-05,FINANCE01,MIRO,2024-09-05,RD,INV-4500000226-00020,1000,V0007,USD,1.00,11036.7,1103.67,I1,N060,30,2.000,9,X
100,5100000227,2024,RE,2024-07-18,2024-07-18,FINANCE01,MIRO,2024-07-18,RD,INV-4500000227-00010,1000,V0014,USD,1.00,80450.04,8045.0,I1,N014,30,2.000,9,X
100,5100000228,2024,RE,2024-02-12,2024-02-12,FINANCE02,MIRO,2024-02-12,RD,INV-4500000228-00010,1000,V0004,USD,1.00,155917.8,15591.78,I1,N060,30,2.000,9,X
100,5100000229,2024,RE,2024-09-17,2024-09-17,FINANCE02,MIRO,2024-09-17,RD,INV-4500000229-00010,1000,V0008,USD,1.00,57326.91,5732.69,I1,2/10N30,30,2.000,9,X
100,5100000229,2024,RE,2024-09-10,2024-09-10,FINANCE02,MIRO,2024-09-10,RD,INV-4500000229-00020,1000,V0008,USD,1.00,7177.72,717.77,I1,2/10N30,30,2.000,9,X
100,5100000230,2024,RE,2024-03-20,2024-03-20,FINANCE02,MIRO,2024-03-20,RD,INV-4500000230-00010,1000,V0005,USD,1.00,49777.23,4977.72,I1,N060,30,2.000,9,X
100,5100000231,2024,RE,2024-07-10,2024-07-10,FINANCE01,MIRO,2024-07-10,RD,INV-4500000231-00010,1000,V0014,USD,1.00,163207.93,16320.79,I1,N014,30,2.000,9,X
100,5100000231,2024,RE,2024-07-10,2024-07-10,FINANCE01,MIRO,2024-07-10,RD,INV-4500000231-00020,1000,V0014,USD,1.00,19214.08,1921.41,I1,N014,30,2.000,9,X
100,5100000232,2024,RE,2024-10-12,2024-10-12,FINANCE01,MIRO,2024-10-12,RD,INV-4500000232-00010,1000,V0002,USD,1.00,14652.37,1465.24,I1,2/10N30,30,2.000,5,X
100,5100000233,2024,RE,2024-06-11,2024-06-11,FINANCE02,MIRO,2024-06-11,RD,INV-4500000233-00010,1000,V0011,USD,1.00,25523.1,2552.31,I1,2/10N30,30,2.000,9,X
100,5100000234,2024,RE,2024-05-22,2024-05-22,FINANCE02,MIRO,2024-05-22,RD,INV-4500000234-00010,1000,V0006,USD,1.00,13027.56,1302.76,I1,N060,30,2.000,9,X
100,5100000235,2024,RE,2024-07-13,2024-07-13,FINANCE02,MIRO,2024-07-13,RD,INV-4500000235-00010,1000,V0013,USD,1.00,145305.2,14530.52,I1,N060,30,2.000,9,X
100,5100000236,2024,RE,2024-05-25,2024-05-25,FINANCE02,MIRO,2024-05-25,RD,INV-4500000236-00010,1000,V0014,USD,1.00,5402.8,540.28,I1,2/10N30,30,2.000,9,X
100,5100000236,2024,RE,2024-06-10,2024-06-10,FINANCE01,MIRO,2024-06-10,RD,INV-4500000236-00020,1000,V0014,USD,1.00,4114.17,411.42,I1,2/10N30,30,2.000,9,X
100,5100000237,2024,RE,2024-06-25,2024-06-25,FINANCE01,MIRO,2024-06-25,RD,INV-4500000237-00010,1000,V0012,USD,1.00,7868.31,786.83,I1,N014,30,2.000,9,X
100,5100000238,2024,RE,2024-05-19,2024-05-19,FINANCE01,MIRO,2024-05-19,RD,INV-4500000238-00010,1000,V0004,USD,1.00,156166.4,15616.64,I1,2/10N30,30,2.000,9,X
100,5100000239,2024,RE,2024-06-24,2024-06-24,FINANCE02,MIRO,2024-06-24,RD,INV-4500000239-00010,1000,V0015,USD,1.00,133388.36,13338.84,I1,N060,30,2.000,9,X
100,5100000239,2024,RE,2024-07-02,2024-07-02,FINANCE02,MIRO,2024-07-02,RD,INV-4500000239-00020,1000,V0015,USD,1.00,69631.5,6963.15,I1,N060,30,2.000,9,X
100,5100000240,2024,RE,2024-04-17,2024-04-17,FINANCE02,MIRO,2024-04-17,RD,INV-4500000240-00010,1000,V0002,USD,1.00,17808.42,1780.84,I1,2/10N30,30,2.000,9,X
100,5100000241,2024,RE,2024-04-24,2024-04-24,FINANCE02,MIRO,2024-04-24,RD,INV-4500000241-00010,1000,V0006,USD,1.00,41939.1,4193.91,I1,N030,30,2.000,9,X
100,5100000242,2024,RE,2024-06-22,2024-06-22,FINANCE02,MIRO,2024-06-22,RD,INV-4500000242-00010,1000,V0002,USD,1.00,114723.92,11472.39,I1,N060,30,2.000,9,X
100,5100000242,2024,RE,2024-06-23,2024-06-23,FINANCE02,MIRO,2024-06-23,RD,INV-4500000242-00020,1000,V0002,USD,1.00,6248.88,624.89,I1,N060,30,2.000,9,X
100,5100000243,2024,RE,2024-09-01,2024-09-01,FINANCE02,MIRO,2024-09-01,RD,INV-4500000243-00010,1000,V0015,USD,1.00,9293.44,929.34,I1,N030,30,2.000,9,X
100,5100000244,2024,RE,2024-11-27,2024-11-27,FINANCE02,MIRO,2024-11-27,RD,INV-4500000244-00010,1000,V0001,USD,1.00,97408.08,9740.81,I1,N030,30,2.000,9,X
100,5100000245,2024,RE,2024-08-24,2024-08-24,FINANCE01,MIRO,2024-08-24,RD,INV-4500000245-00010,1000,V0004,USD,1.00,27791.27,2779.13,I1,N030,30,2.000,9,X
100,5100000246,2024,RE,2024-05-12,2024-05-12,FINANCE02,MIRO,2024-05-12,RD,INV-4500000246-00010,1000,V0004,USD,1.00,132487.12,13248.71,I1,N014,30,2.000,9,X
100,5100000247,2024,RE,2024-06-07,2024-06-07,FINANCE02,MIRO,2024-06-07,RD,INV-4500000247-00010,1000,V0011,USD,1.00,102890.02,10289.0,I1,N014,30,2.000,9,X
100,5100000248,2024,RE,2024-11-18,2024-11-18,FINANCE01,MIRO,2024-11-18,RD,INV-4500000248-00010,1000,V0006,USD,1.00,5750.22,575.02,I1,N060,30,2.000,9,X
100,5100000248,2024,RE,2024-11-14,2024-11-14,FINANCE02,MIRO,2024-11-14,RD,INV-4500000248-00020,1000,V0006,USD,1.00,11965.8,1196.58,I1,N060,30,2.000,9,X
100,5100000249,2024,RE,2024-05-29,2024-05-29,FINANCE01,MIRO,2024-05-29,RD,INV-4500000249-00010,1000,V0007,USD,1.00,5814.12,581.41,I1,2/10N30,30,2.000,9,X
100,5100000250,2024,RE,2024-10-22,2024-10-22,FINANCE02,MIRO,2024-10-22,RD,INV-4500000250-00010,1000,V0013,USD,1.00,74876.67,7487.67,I1,2/10N30,30,2.000,9,X
100,5100000251,2024,RE,2024-04-24,2024-04-24,FINANCE01,MIRO,2024-04-24,RD,INV-4500000251-00010,1000,V0003,USD,1.00,21221.9,2122.19,I1,N060,30,2.000,9,X
100,5100000252,2024,RE,2024-08-26,2024-08-26,FINANCE02,MIRO,2024-08-26,RD,INV-4500000252-00010,1000,V0003,USD,1.00,147193.2,14719.32,I1,2/10N30,30,2.000,9,X
100,5100000253,2024,RE,2024-11-04,2024-11-04,FINANCE02,MIRO,2024-11-04,RD,INV-4500000253-00010,1000,V0006,USD,1.00,5143.8,514.38,I1,N014,30,2.000,9,X
100,5100000254,2024,RE,2024-07-05,2024-07-05,FINANCE02,MIRO,2024-07-05,RD,INV-4500000254-00010,1000,V0014,USD,1.00,25563.14,2556.31,I1,N014,30,2.000,9,X
100,5100000255,2024,RE,2024-03-30,2024-03-30,FINANCE02,MIRO,2024-03-30,RD,INV-4500000255-00010,1000,V0001,USD,1.00,2703.38,270.34,I1,N030,30,2.000,9,X
100,5100000256,2024,RE,2024-04-06,2024-04-06,FINANCE01,MIRO,2024-04-06,RD,INV-4500000256-00010,1000,V0003,USD,1.00,1977.61,197.76,I1,N060,30,2.000,5,X
100,5100000257,2024,RE,2024-07-29,2024-07-29,FINANCE02,MIRO,2024-07-29,RD,INV-4500000257-00010,1000,V0007,USD,1.00,67031.75,6703.18,I1,2/10N30,30,2.000,9,X
100,5100000258,2024,RE,2024-10-10,2024-10-10,FINANCE01,MIRO,2024-10-10,RD,INV-4500000258-00010,1000,V0014,USD,1.00,3091.3,309.13,I1,2/10N30,30,2.000,9,X
100,5100000259,2024,RE,2024-06-07,2024-06-07,FINANCE02,MIRO,2024-06-07,RD,INV-4500000259-00010,1000,V0012,USD,1.00,27045.64,2704.56,I1,N060,30,2.000,5,X
100,5100000260,2024,RE,2024-10-10,2024-10-10,FINANCE02,MIRO,2024-10-10,RD,INV-4500000260-00010,1000,V0003,USD,1.00,71885.3,7188.53,I1,N030,30,2.000,9,X
100,5100000261,2024,RE,2024-05-01,2024-05-01,FINANCE02,MIRO,2024-05-01,RD,INV-4500000261-00010,1000,V0014,USD,1.00,97091.8,9709.18,I1,N030,30,2.000,9,X
100,5100000262,2024,RE,2024-04-20,2024-04-20,FINANCE01,MIRO,2024-04-20,RD,INV-4500000262-00010,1000,V0010,USD,1.00,41645.79,4164.58,I1,2/10N30,30,2.000,9,X
100,5100000263,2024,RE,2024-06-14,2024-06-14,FINANCE01,MIRO,2024-06-14,RD,INV-4500000263-00010,1000,V0006,USD,1.00,8414.06,841.41,I1,N030,30,2.000,9,X
100,5100000263,2024,RE,2024-06-26,2024-06-26,FINANCE02,MIRO,2024-06-26,RD,INV-4500000263-00020,1000,V0006,USD,1.00,1738.62,173.86,I1,N030,30,2.000,9,X
100,5100000264,2024,RE,2024-07-30,2024-07-30,FINANCE01,MIRO,2024-07-30,RD,INV-4500000264-00010,1000,V0006,USD,1.00,107998.26,10799.83,I1,N014,30,2.000,9,X
100,5100000264,2024,RE,2024-08-03,2024-08-03,FINANCE02,MIRO,2024-08-03,RD,INV-4500000264-00020,1000,V0006,USD,1.00,2573.04,257.3,I1,N014,30,2.000,9,X
100,5100000265,2024,RE,2024-10-01,2024-10-01,FINANCE01,MIRO,2024-10-01,RD,INV-4500000265-00010,1000,V0007,USD,1.00,89108.88,8910.89,I1,N060,30,2.000,9,X
100,5100000266,2024,RE,2024-06-04,2024-06-04,FINANCE02,MIRO,2024-06-04,RD,INV-4500000266-00010,1000,V0014,USD,1.00,48096.0,4809.6,I1,N030,30,2.000,9,X
100,5100000267,2024,RE,2024-06-29,2024-06-29,FINANCE01,MIRO,2024-06-29,RD,INV-4500000267-00010,1000,V0007,USD,1.00,122941.04,12294.1,I1,N060,30,2.000,9,X
100,5100000268,2024,RE,2024-07-10,2024-07-10,FINANCE01,MIRO,2024-07-10,RD,INV-4500000268-00010,1000,V0012,USD,1.00,152264.88,15226.49,I1,N030,30,2.000,9,X
100,5100000269,2024,RE,2024-09-03,2024-09-03,FINANCE02,MIRO,2024-09-03,RD,INV-4500000269-00010,1000,V0013,USD,1.00,46584.96,4658.5,I1,2/10N30,30,2.000,9,X
100,5100000270,2024,RE,2024-03-24,2024-03-24,FINANCE01,MIRO,2024-03-24,RD,INV-4500000270-00010,1000,V0005,USD,1.00,154760.06,15476.01,I1,N014,30,2.000,9,X
100,5100000270,2024,RE,2024-03-20,2024-03-20,FINANCE01,MIRO,2024-03-20,RD,INV-4500000270-00020,1000,V0005,USD,1.00,81481.02,8148.1,I1,N014,30,2.000,9,X
100,5100000271,2024,RE,2024-09-27,2024-09-27,FINANCE02,MIRO,2024-09-27,RD,INV-4500000271-00010,1000,V0002,USD,1.00,12271.32,1227.13,I1,2/10N30,30,2.000,5,X
100,5100000272,2024,RE,2024-06-01,2024-06-01,FINANCE01,MIRO,2024-06-01,RD,INV-4500000272-00010,1000,V0004,USD,1.00,202245.0,20224.5,I1,N030,30,2.000,9,X
100,5100000273,2024,RE,2024-10-04,2024-10-04,FINANCE01,MIRO,2024-10-04,RD,INV-4500000273-00010,1000,V0004,USD,1.00,425.2,42.52,I1,N060,30,2.000,9,X
100,5100000274,2024,RE,2024-11-23,2024-11-23,FINANCE02,MIRO,2024-11-23,RD,INV-4500000274-00010,1000,V0003,USD,1.00,44532.05,4453.21,I1,2/10N30,30,2.000,5,X
100,5100000274,2024,RE,2024-11-15,2024-11-15,FINANCE02,MIRO,2024-11-15,RD,INV-4500000274-00020,1000,V0003,USD,1.00,12325.95,1232.6,I1,2/10N30,30,2.000,5,X
100,5100000275,2024,RE,2024-06-17,2024-06-17,FINANCE02,MIRO,2024-06-17,RD,INV-4500000275-00010,1000,V0008,USD,1.00,69468.21,6946.82,I1,2/10N30,30,2.000,9,X
100,5100000276,2024,RE,2024-06-01,2024-06-01,FINANCE01,MIRO,2024-06-01,RD,INV-4500000276-00010,1000,V0006,USD,1.00,32841.6,3284.16,I1,N060,30,2.000,5,X
100,5100000276,2024,RE,2024-06-01,2024-06-01,FINANCE01,MIRO,2024-06-01,RD,INV-4500000276-00020,1000,V0006,USD,1.00,20389.65,2038.97,I1,N060,30,2.000,5,X
100,5100000277,2024,RE,2024-08-06,2024-08-06,FINANCE02,MIRO,2024-08-06,RD,INV-4500000277-00010,1000,V0003,USD,1.00,111473.6,11147.36,I1,N030,30,2.000,9,X
100,5100000278,2024,RE,2024-05-25,2024-05-25,FINANCE02,MIRO,2024-05-25,RD,INV-4500000278-00010,1000,V0014,USD,1.00,38013.28,3801.33,I1,N014,30,2.000,9,X
100,5100000279,2024,RE,2024-11-03,2024-11-03,FINANCE01,MIRO,2024-11-03,RD,INV-4500000279-00010,1000,V0014,USD,1.00,6307.47,630.75,I1,N030,30,2.000,9,X
100,5100000280,2024,RE,2024-06-18,2024-06-18,FINANCE01,MIRO,2024-06-18,RD,INV-4500000280-00010,1000,V0005,USD,1.00,67711.77,6771.18,I1,N030,30,2.000,9,X
100,5100000281,2024,RE,2024-09-29,2024-09-29,FINANCE01,MIRO,2024-09-29,RD,INV-4500000281-00010,1000,V0015,USD,1.00,32223.04,3222.3,I1,2/10N30,30,2.000,9,X
100,5100000281,2024,RE,2024-10-02,2024-10-02,FINANCE02,MIRO,2024-10-02,RD,INV-4500000281-00020,1000,V0015,USD,1.00,25205.12,2520.51,I1,2/10N30,30,2.000,9,X
100,5100000282,2024,RE,2024-07-23,2024-07-23,FINANCE01,MIRO,2024-07-23,RD,INV-4500000282-00010,1000,V0009,USD,1.00,12834.5,1283.45,I1,2/10N30,30,2.000,9,X
100,5100000283,2024,RE,2024-06-17,2024-06-17,FINANCE02,MIRO,2024-06-17,RD,INV-4500000283-00010,1000,V0008,USD,1.00,29191.6,2919.16,I1,N060,30,2.000,9,X
100,5100000283,2024,RE,2024-06-04,2024-06-04,FINANCE01,MIRO,2024-06-04,RD,INV-4500000283-00020,1000,V0008,USD,1.00,23950.5,2395.05,I1,N060,30,2.000,9,X
100,5100000284,2024,RE,2024-06-04,2024-06-04,FINANCE02,MIRO,2024-06-04,RD,INV-4500000284-00010,1000,V0011,USD,1.00,57413.25,5741.33,I1,2/10N30,30,2.000,9,X
100,5100000285,2024,RE,2024-11-16,2024-11-16,FINANCE01,MIRO,2024-11-16,RD,INV-4500000285-00010,1000,V0014,USD,1.00,108259.62,10825.96,I1,N030,30,2.000,9,X
100,5100000286,2024,RE,2024-11-30,2024-11-30,FINANCE02,MIRO,2024-11-30,RD,INV-4500000286-00010,1000,V0002,USD,1.00,51462.5,5146.25,I1,2/10N30,30,2.000,9,X
100,5100000287,2024,RE,2024-09-11,2024-09-11,FINANCE01,MIRO,2024-09-11,RD,INV-4500000287-00010,1000,V0014,USD,1.00,49960.8,4996.08,I1,N060,30,2.000,9,X
100,5100000288,2024,RE,2024-05-20,2024-05-20,FINANCE02,MIRO,2024-05-20,RD,INV-4500000288-00010,1000,V0009,USD,1.00,71073.45,7107.35,I1,N014,30,2.000,9,X
100,5100000289,2024,RE,2024-03-28,2024-03-28,FINANCE01,MIRO,2024-03-28,RD,INV-4500000289-00010,1000,V0015,USD,1.00,185280.4,18528.04,I1,N030,30,2.000,9,X
100,5100000290,2024,RE,2024-05-13,2024-05-13,FINANCE01,MIRO,2024-05-13,RD,INV-4500000290-00010,1000,V0008,USD,1.00,187656.2,18765.62,I1,N014,30,2.000,9,X
100,5100000291,2024,RE,2024-05-05,2024-05-05,FINANCE01,MIRO,2024-05-05,RD,INV-4500000291-00010,1000,V0011,USD,1.00,207023.0,20702.3,I1,2/10N30,30,2.000,9,X
100,5100000292,2024,RE,2024-04-23,2024-04-23,FINANCE02,MIRO,2024-04-23,RD,INV-4500000292-00010,1000,V0007,USD,1.00,88406.46,8840.65,I1,N060,30,2.000,9,X
100,5100000292,2024,RE,2024-04-28,2024-04-28,FINANCE02,MIRO,2024-04-28,RD,INV-4500000292-00020,1000,V0007,USD,1.00,26129.42,2612.94,I1,N060,30,2.000,9,X
100,5100000293,2024,RE,2024-07-01,2024-07-01,FINANCE02,MIRO,2024-07-01,RD,INV-4500000293-00010,1000,V0007,USD,1.00,74326.0,7432.6,I1,N060,30,2.000,9,X
100,5100000294,2024,RE,2024-02-20,2024-02-20,FINANCE01,MIRO,2024-02-20,RD,INV-4500000294-00010,1000,V0002,USD,1.00,200317.05,20031.71,I1,2/10N30,30,2.000,9,X
100,5100000295,2024,RE,2024-04-06,2024-04-06,FINANCE02,MIRO,2024-04-06,RD,INV-4500000295-00010,1000,V0008,USD,1.00,108295.2,10829.52,I1,2/10N30,30,2.000,9,X
100,5100000295,2024,RE,2024-03-29,2024-03-29,FINANCE02,MIRO,2024-03-29,RD,INV-4500000295-00020,1000,V0008,USD,1.00,37572.04,3757.2,I1,2/10N30,30,2.000,9,X
100,5100000296,2024,RE,2024-05-07,2024-05-07,FINANCE01,MIRO,2024-05-07,RD,INV-4500000296-00010,1000,V0002,USD,1.00,64117.1,6411.71,I1,2/10N30,30,2.000,9,X
100,5100000297,2024,RE,2024-07-23,2024-07-23,FINANCE02,MIRO,2024-07-23,RD,INV-4500000297-00010,1000,V0013,USD,1.00,102548.61,10254.86,I1,2/10N30,30,2.000,9,X
100,5100000298,2024,RE,2024-10-25,2024-10-25,FINANCE02,MIRO,2024-10-25,RD,INV-4500000298-00010,1000,V0012,USD,1.00,18793.08,1879.31,I1,2/10N30,30,2.000,9,X
100,5100000299,2024,RE,2024-03-25,2024-03-25,FINANCE01,MIRO,2024-03-25,RD,INV-4500000299-00010,1000,V0011,USD,1.00,104331.78,10433.18,I1,N030,30,2.000,9,X
100,5100000300,2024,RE,2024-03-18,2024-03-18,FINANCE01,MIRO,2024-03-18,RD,INV-4500000300-00010,1000,V0008,USD,1.00,10756.2,1075.62,I1,N060,30,2.000,9,X
100,5100000301,2024,RE,2024-09-20,2024-09-20,FINANCE02,MIRO,2024-09-20,RD,INV-4500000301-00010,1000,V0001,USD,1.00,15974.42,1597.44,I1,N014,30,2.000,9,X
100,5100000301,2024,RE,2024-09-13,2024-09-13,FINANCE01,MIRO,2024-09-13,RD,INV-4500000301-00020,1000,V0001,USD,1.00,382.86,38.29,I1,N014,30,2.000,9,X
100,5100000302,2024,RE,2024-10-25,2024-10-25,FINANCE02,MIRO,2024-10-25,RD,INV-4500000302-00010,1000,V0009,USD,1.00,103620.0,10362.0,I1,2/10N30,30,2.000,9,X
100,5100000303,2024,RE,2024-03-21,2024-03-21,FINANCE02,MIRO,2024-03-21,RD,INV-4500000303-00010,1000,V0014,USD,1.00,146762.88,14676.29,I1,N060,30,2.000,9,X
100,5100000304,2024,RE,2024-09-02,2024-09-02,FINANCE02,MIRO,2024-09-02,RD,INV-4500000304-00010,1000,V0011,USD,1.00,3597.0,359.7,I1,2/10N30,30,2.000,9,X
100,5100000305,2024,RE,2024-06-16,2024-06-16,FINANCE01,MIRO,2024-06-16,RD,INV-4500000305-00010,1000,V0002,USD,1.00,15795.37,1579.54,I1,N014,30,2.000,9,X
100,5100000306,2024,RE,2024-06-23,2024-06-23,FINANCE01,MIRO,2024-06-23,RD,INV-4500000306-00010,1000,V0008,USD,1.00,9337.6,933.76,I1,N060,30,2.000,9,X
100,5100000307,2024,RE,2024-04-02,2024-04-02,FINANCE02,MIRO,2024-04-02,RD,INV-4500000307-00010,1000,V0014,USD,1.00,106837.83,10683.78,I1,N014,30,2.000,9,X
100,5100000308,2024,RE,2024-09-19,2024-09-19,FINANCE01,MIRO,2024-09-19,RD,INV-4500000308-00010,1000,V0013,USD,1.00,35150.02,3515.0,I1,N030,30,2.000,9,X
100,5100000309,2024,RE,2024-06-20,2024-06-20,FINANCE02,MIRO,2024-06-20,RD,INV-4500000309-00010,1000,V0001,USD,1.00,172466.8,17246.68,I1,N014,30,2.000,9,X
100,5100000310,2024,RE,2024-09-15,2024-09-15,FINANCE02,MIRO,2024-09-15,RD,INV-4500000310-00010,1000,V0003,USD,1.00,1316.46,131.65,I1,N014,30,2.000,9,X
100,5100000310,2024,RE,2024-09-22,2024-09-22,FINANCE01,MIRO,2024-09-22,RD,INV-4500000310-00020,1000,V0003,USD,1.00,6596.5,659.65,I1,N014,30,2.000,9,X
100,5100000311,2024,RE,2024-11-19,2024-11-19,FINANCE02,MIRO,2024-11-19,RD,INV-4500000311-00010,1000,V0014,USD,1.00,29443.92,2944.39,I1,N014,30,2.000,5,X
100,5100000312,2024,RE,2024-03-28,2024-03-28,FINANCE02,MIRO,2024-03-28,RD,INV-4500000312-00010,1000,V0011,USD,1.00,158048.56,15804.86,I1,N060,30,2.000,9,X
100,5100000313,2024,RE,2024-06-09,2024-06-09,FINANCE02,MIRO,2024-06-09,RD,INV-4500000313-00010,1000,V0008,USD,1.00,40169.92,4016.99,I1,N030,30,2.000,9,X
100,5100000314,2024,RE,2024-07-05,2024-07-05,FINANCE01,MIRO,2024-07-05,RD,INV-4500000314-00010,1000,V0013,USD,1.00,63896.62,6389.66,I1,N060,30,2.000,9,X
100,5100000315,2024,RE,2024-03-16,2024-03-16,FINANCE01,MIRO,2024-03-16,RD,INV-4500000315-00010,1000,V0006,USD,1.00,41568.0,4156.8,I1,2/10N30,30,2.000,9,X
100,5100000316,2024,RE,2024-12-05,2024-12-05,FINANCE02,MIRO,2024-12-05,RD,INV-4500000316-00010,1000,V0003,USD,1.00,10887.24,1088.72,I1,N060,30,2.000,9,X
100,5100000317,2024,RE,2024-06-26,2024-06-26,FINANCE01,MIRO,2024-06-26,RD,INV-4500000317-00010,1000,V0007,USD,1.00,14638.75,1463.88,I1,N030,30,2.000,9,X
100,5100000318,2024,RE,2024-10-23,2024-10-23,FINANCE02,MIRO,2024-10-23,RD,INV-4500000318-00010,1000,V0001,USD,1.00,48222.0,4822.2,I1,N014,30,2.000,9,X
100,5100000319,2024,RE,2024-03-24,2024-03-24,FINANCE01,MIRO,2024-03-24,RD,INV-4500000319-00010,1000,V0009,USD,1.00,3136.35,313.63,I1,N014,30,2.000,9,X
100,5100000320,2024,RE,2024-11-15,2024-11-15,FINANCE02,MIRO,2024-11-15,RD,INV-4500000320-00010,1000,V0013,USD,1.00,24843.95,2484.4,I1,N030,30,2.000,5,X
100,5100000321,2024,RE,2024-05-01,2024-05-01,FINANCE02,MIRO,2024-05-01,RD,INV-4500000321-00010,1000,V0014,USD,1.00,196511.81,19651.18,I1,N060,30,2.000,9,X
100,5100000322,2024,RE,2024-05-16,2024-05-16,FINANCE01,MIRO,2024-05-16,RD,INV-4500000322-00010,1000,V0011,USD,1.00,48285.36,4828.54,I1,2/10N30,30,2.000,9,X
100,5100000323,2024,RE,2024-07-10,2024-07-10,FINANCE01,MIRO,2024-07-10,RD,INV-4500000323-00010,1000,V0003,USD,1.00,1678.6,167.86,I1,N014,30,2.000,9,X
100,5100000323,2024,RE,2024-07-18,2024-07-18,FINANCE01,MIRO,2024-07-18,RD,INV-4500000323-00020,1000,V0003,USD,1.00,10556.58,1055.66,I1,N014,30,2.000,9,X
100,5100000324,2024,RE,2024-09-04,2024-09-04,FINANCE02,MIRO,2024-09-04,RD,INV-4500000324-00010,1000,V0005,USD,1.00,49405.32,4940.53,I1,2/10N30,30,2.000,9,X
100,5100000325,2024,RE,2024-10-31,2024-10-31,FINANCE01,MIRO,2024-10-31,RD,INV-4500000325-00010,1000,V0007,USD,1.00,28862.0,2886.2,I1,N060,30,2.000,9,X
100,5100000326,2024,RE,2024-10-06,2024-10-06,FINANCE02,MIRO,2024-10-06,RD,INV-4500000326-00010,1000,V0002,USD,1.00,61006.68,6100.67,I1,N014,30,2.000,9,X
100,5100000327,2024,RE,2024-10-23,2024-10-23,FINANCE01,MIRO,2024-10-23,RD,INV-4500000327-00010,1000,V0002,USD,1.00,129423.82,12942.38,I1,2/10N30,30,2.000,5,X
100,5100000328,2024,RE,2024-07-11,2024-07-11,FINANCE01,MIRO,2024-07-11,RD,INV-4500000328-00010,1000,V0008,USD,1.00,4661.76,466.18,I1,N030,30,2.000,5,X
100,5100000329,2024,RE,2024-09-07,2024-09-07,FINANCE01,MIRO,2024-09-07,RD,INV-4500000329-00010,1000,V0002,USD,1.00,57779.6,5777.96,I1,N060,30,2.000,9,X
100,5100000330,2024,RE,2024-08-10,2024-08-10,FINANCE01,MIRO,2024-08-10,RD,INV-4500000330-00010,1000,V0008,USD,1.00,81467.1,8146.71,I1,N014,30,2.000,9,X
100,5100000330,2024,RE,2024-07-31,2024-07-31,FINANCE02,MIRO,2024-07-31,RD,INV-4500000330-00020,1000,V0008,USD,1.00,52896.48,5289.65,I1,N014,30,2.000,9,X
100,5100000331,2024,RE,2024-06-02,2024-06-02,FINANCE01,MIRO,2024-06-02,RD,INV-4500000331-00010,1000,V0004,USD,1.00,21159.08,2115.91,I1,N030,30,2.000,9,X
100,5100000332,2024,RE,2024-08-25,2024-08-25,FINANCE01,MIRO,2024-08-25,RD,INV-4500000332-00010,1000,V0007,USD,1.00,152475.9,15247.59,I1,N060,30,2.000,9,X
100,5100000332,2024,RE,2024-08-15,2024-08-15,FINANCE01,MIRO,2024-08-15,RD,INV-4500000332-00020,1000,V0007,USD,1.00,5953.2,595.32,I1,N060,30,2.000,9,X
100,5100000333,2024,RE,2024-08-02,2024-08-02,FINANCE02,MIRO,2024-08-02,RD,INV-4500000333-00010,1000,V0004,USD,1.00,47152.31,4715.23,I1,N060,30,2.000,9,X
100,5100000334,2024,RE,2024-08-11,2024-08-11,FINANCE01,MIRO,2024-08-11,RD,INV-4500000334-00010,1000,V0014,USD,1.00,27001.29,2700.13,I1,2/10N30,30,2.000,9,X
100,5100000334,2024,RE,2024-08-14,2024-08-14,FINANCE02,MIRO,2024-08-14,RD,INV-4500000334-00020,1000,V0014,USD,1.00,630.42,63.04,I1,2/10N30,30,2.000,9,X
100,5100000335,2024,RE,2024-05-27,2024-05-27,FINANCE02,MIRO,2024-05-27,RD,INV-4500000335-00010,1000,V0002,USD,1.00,146768.76,14676.88,I1,2/10N30,30,2.000,9,X
100,5100000336,2024,RE,2024-10-07,2024-10-07,FINANCE01,MIRO,2024-10-07,RD,INV-4500000336-00010,1000,V0011,USD,1.00,38434.09,3843.41,I1,N060,30,2.000,9,X
100,5100000337,2024,RE,2024-08-09,2024-08-09,FINANCE02,MIRO,2024-08-09,RD,INV-4500000337-00010,1000,V0012,USD,1.00,160915.45,16091.55,I1,2/10N30,30,2.000,9,X
100,5100000337,2024,RE,2024-08-14,2024-08-14,FINANCE02,MIRO,2024-08-14,RD,INV-4500000337-00020,1000,V0012,USD,1.00,186.2,18.62,I1,2/10N30,30,2.000,9,X
100,5100000338,2024,RE,2024-06-01,2024-06-01,FINANCE01,MIRO,2024-06-01,RD,INV-4500000338-00010,1000,V0004,USD,1.00,153250.5,15325.05,I1,N030,30,2.000,9,X
100,5100000339,2024,RE,2024-03-10,2024-03-10,FINANCE02,MIRO,2024-03-10,RD,INV-4500000339-00010,1000,V0010,USD,1.00,145709.35,14570.94,I1,N030,30,2.000,9,X
100,5100000340,2024,RE,2024-03-21,2024-03-21,FINANCE01,MIRO,2024-03-21,RD,INV-4500000340-00010,1000,V0006,USD,1.00,13799.51,1379.95,I1,2/10N30,30,2.000,9,X
100,5100000341,2024,RE,2024-08-07,2024-08-07,FINANCE02,MIRO,2024-08-07,RD,INV-4500000341-00010,1000,V0007,USD,1.00,126952.49,12695.25,I1,N014,30,2.000,9,X
100,5100000342,2024,RE,2024-10-30,2024-10-30,FINANCE01,MIRO,2024-10-30,RD,INV-4500000342-00010,1000,V0003,USD,1.00,208243.42,20824.34,I1,N030,30,2.000,9,X
100,5100000342,2024,RE,2024-10-23,2024-10-23,FINANCE02,MIRO,2024-10-23,RD,INV-4500000342-00020,1000,V0003,USD,1.00,10332.66,1033.27,I1,N030,30,2.000,9,X
100,5100000343,2024,RE,2024-09-05,2024-09-05,FINANCE01,MIRO,2024-09-05,RD,INV-4500000343-00010,1000,V0011,USD,1.00,117471.38,11747.14,I1,2/10N30,30,2.000,9,X
100,5100000343,2024,RE,2024-09-03,2024-09-03,FINANCE02,MIRO,2024-09-03,RD,INV-4500000343-00020,1000,V0011,USD,1.00,55950.99,5595.1,I1,2/10N30,30,2.000,9,X
100,5100000344,2024,RE,2024-06-10,2024-06-10,FINANCE01,MIRO,2024-06-10,RD,INV-4500000344-00010,1000,V0007,USD,1.00,64581.8,6458.18,I1,N060,30,2.000,9,X
100,5100000344,2024,RE,2024-06-21,2024-06-21,FINANCE02,MIRO,2024-06-21,RD,INV-4500000344-00020,1000,V0007,USD,1.00,11564.33,1156.43,I1,N060,30,2.000,9,X
100,5100000345,2024,RE,2024-11-06,2024-11-06,FINANCE02,MIRO,2024-11-06,RD,INV-4500000345-00010,1000,V0012,USD,1.00,163850.76,16385.08,I1,N030,30,2.000,9,X
100,5100000346,2024,RE,2024-04-13,2024-04-13,FINANCE02,MIRO,2024-04-13,RD,INV-4500000346-00010,1000,V0012,USD,1.00,74412.0,7441.2,I1,2/10N30,30,2.000,9,X
100,5100000347,2024,RE,2024-05-10,2024-05-10,FINANCE02,MIRO,2024-05-10,RD,INV-4500000347-00010,1000,V0001,USD,1.00,195694.06,19569.41,I1,N030,30,2.000,9,X
100,5100000348,2024,RE,2024-06-05,2024-06-05,FINANCE01,MIRO,2024-06-05,RD,INV-4500000348-00010,1000,V0001,USD,1.00,152233.8,15223.38,I1,2/10N30,30,2.000,9,X
100,5100000349,2024,RE,2024-07-08,2024-07-08,FINANCE02,MIRO,2024-07-08,RD,INV-4500000349-00010,1000,V0010,USD,1.00,63978.42,6397.84,I1,N030,30,2.000,9,X
100,5100000350,2024,RE,2024-06-03,2024-06-03,FINANCE01,MIRO,2024-06-03,RD,INV-4500000350-00010,1000,V0014,USD,1.00,27617.38,2761.74,I1,N030,30,2.000,9,X
100,5100000351,2024,RE,2024-02-24,2024-02-24,FINANCE02,MIRO,2024-02-24,RD,INV-4500000351-00010,1000,V0009,USD,1.00,125387.22,12538.72,I1,N060,30,2.000,9,X
100,5100000352,2024,RE,2024-09-12,2024-09-12,FINANCE01,MIRO,2024-09-12,RD,INV-4500000352-00010,1000,V0014,USD,1.00,14628.6,1462.86,I1,N060,30,2.000,9,X
100,5100000353,2024,RE,2024-09-17,2024-09-17,FINANCE01,MIRO,2024-09-17,RD,INV-4500000353-00010,1000,V0011,USD,1.00,126245.04,12624.5,I1,N060,30,2.000,9,X
100,5100000353,2024,RE,2024-09-25,2024-09-25,FINANCE01,MIRO,2024-09-25,RD,INV-4500000353-00020,1000,V0011,USD,1.00,4674.06,467.41,I1,N060,30,2.000,9,X
100,5100000354,2024,RE,2024-11-10,2024-11-10,FINANCE01,MIRO,2024-11-10,RD,INV-4500000354-00010,1000,V0002,USD,1.00,153219.65,15321.97,I1,N014,30,2.000,9,X
100,5100000355,2024,RE,2024-09-06,2024-09-06,FINANCE02,MIRO,2024-09-06,RD,INV-4500000355-00010,1000,V0003,USD,1.00,109749.64,10974.96,I1,N014,30,2.000,9,X
100,5100000356,2024,RE,2024-06-08,2024-06-08,FINANCE02,MIRO,2024-06-08,RD,INV-4500000356-00010,1000,V0007,USD,1.00,14222.26,1422.23,I1,N030,30,2.000,9,X
100,5100000357,2024,RE,2024-10-27,2024-10-27,FINANCE02,MIRO,2024-10-27,RD,INV-4500000357-00010,1000,V0012,USD,1.00,21293.4,2129.34,I1,N014,30,2.000,9,X
100,5100000358,2024,RE,2024-07-15,2024-07-15,FINANCE02,MIRO,2024-07-15,RD,INV-4500000358-00010,1000,V0006,USD,1.00,42365.82,4236.58,I1,N030,30,2.000,9,X
100,5100000359,2024,RE,2024-09-20,2024-09-20,FINANCE01,MIRO,2024-09-20,RD,INV-4500000359-00010,1000,V0002,USD,1.00,28810.82,2881.08,I1,N060,30,2.000,9,X
100,5100000360,2024,RE,2024-09-29,2024-09-29,FINANCE02,MIRO,2024-09-29,RD,INV-4500000360-00010,1000,V0007,USD,1.00,4831.6,483.16,I1,N030,30,2.000,9,X
100,5100000361,2024,RE,2024-11-25,2024-11-25,FINANCE01,MIRO,2024-11-25,RD,INV-4500000361-00010,1000,V0008,USD,1.00,27218.16,2721.82,I1,2/10N30,30,2.000,9,X
100,5100000362,2024,RE,2024-10-22,2024-10-22,FINANCE02,MIRO,2024-10-22,RD,INV-4500000362-00010,1000,V0011,USD,1.00,11009.5,1100.95,I1,N030,30,2.000,9,X
100,5100000362,2024,RE,2024-10-18,2024-10-18,FINANCE01,MIRO,2024-10-18,RD,INV-4500000362-00020,1000,V0011,USD,1.00,36504.51,3650.45,I1,N030,30,2.000,9,X
100,5100000363,2024,RE,2024-09-09,2024-09-09,FINANCE01,MIRO,2024-09-09,RD,INV-4500000363-00010,1000,V0007,USD,1.00,173061.78,17306.18,I1,N030,30,2.000,9,X
100,5100000364,2024,RE,2024-03-15,2024-03-15,FINANCE02,MIRO,2024-03-15,RD,INV-4500000364-00010,1000,V0007,USD,1.00,25168.08,2516.81,I1,N060,30,2.000,9,X
100,5100000365,2024,RE,2024-11-16,2024-11-16,FINANCE01,MIRO,2024-11-16,RD,INV-4500000365-00010,1000,V0013,USD,1.00,37150.68,3715.07,I1,N014,30,2.000,9,X
100,5100000365,2024,RE,2024-11-30,2024-11-30,FINANCE01,MIRO,2024-11-30,RD,INV-4500000365-00020,1000,V0013,USD,1.00,16075.08,1607.51,I1,N014,30,2.000,9,X
100,5100000366,2024,RE,2024-04-28,2024-04-28,FINANCE02,MIRO,2024-04-28,RD,INV-4500000366-00010,1000,V0013,USD,1.00,127278.9,12727.89,I1,2/10N30,30,2.000,9,X
100,5100000367,2024,RE,2024-11-02,2024-11-02,FINANCE01,MIRO,2024-11-02,RD,INV-4500000367-00010,1000,V0007,USD,1.00,57548.92,5754.89,I1,N030,30,2.000,9,X
100,5100000368,2024,RE,2024-04-05,2024-04-05,FINANCE01,MIRO,2024-04-05,RD,INV-4500000368-00010,1000,V0014,USD,1.00,41463.0,4146.3,I1,N014,30,2.000,5,X
100,5100000369,2024,RE,2024-07-15,2024-07-15,FINANCE02,MIRO,2024-07-15,RD,INV-4500000369-00010,1000,V0015,USD,1.00,202831.1,20283.11,I1,N060,30,2.000,5,X
100,5100000370,2024,RE,2024-09-04,2024-09-04,FINANCE02,MIRO,2024-09-04,RD,INV-4500000370-00010,1000,V0011,USD,1.00,59480.3,5948.03,I1,N060,30,2.000,9,X
100,5100000370,2024,RE,2024-09-07,2024-09-07,FINANCE01,MIRO,2024-09-07,RD,INV-4500000370-00020,1000,V0011,USD,1.00,723.9,72.39,I1,N060,30,2.000,9,X
100,5100000371,2024,RE,2024-04-24,2024-04-24,FINANCE01,MIRO,2024-04-24,RD,INV-4500000371-00010,1000,V0004,USD,1.00,38962.98,3896.3,I1,N030,30,2.000,9,X
100,5100000372,2024,RE,2024-11-18,2024-11-18,FINANCE02,MIRO,2024-11-18,RD,INV-4500000372-00010,1000,V0001,USD,1.00,1319.01,131.9,I1,N014,30,2.000,9,X
100,5100000372,2024,RE,2024-11-19,2024-11-19,FINANCE02,MIRO,2024-11-19,RD,INV-4500000372-00020,1000,V0001,USD,1.00,9569.5,956.95,I1,N014,30,2.000,9,X
100,5100000373,2024,RE,2024-07-21,2024-07-21,FINANCE01,MIRO,2024-07-21,RD,INV-4500000373-00010,1000,V0010,USD,1.00,36412.09,3641.21,I1,N060,30,2.000,9,X
100,5100000373,2024,RE,2024-08-03,2024-08-03,FINANCE01,MIRO,2024-08-03,RD,INV-4500000373-00020,1000,V0010,USD,1.00,63903.45,6390.35,I1,N060,30,2.000,9,X
100,5100000374,2024,RE,2024-08-22,2024-08-22,FINANCE01,MIRO,2024-08-22,RD,INV-4500000374-00010,1000,V0006,USD,1.00,55277.64,5527.76,I1,2/10N30,30,2.000,9,X
100,5100000375,2024,RE,2024-04-07,2024-04-07,FINANCE01,MIRO,2024-04-07,RD,INV-4500000375-00010,1000,V0001,USD,1.00,166796.04,16679.6,I1,N060,30,2.000,9,X
100,5100000376,2024,RE,2024-09-14,2024-09-14,FINANCE01,MIRO,2024-09-14,RD,INV-4500000376-00010,1000,V0012,USD,1.00,18289.38,1828.94,I1,N030,30,2.000,9,X
100,5100000377,2024,RE,2024-08-07,2024-08-07,FINANCE01,MIRO,2024-08-07,RD,INV-4500000377-00010,1000,V0013,USD,1.00,74323.44,7432.34,I1,N060,30,2.000,9,X
100,5100000378,2024,RE,2024-12-01,2024-12-01,FINANCE01,MIRO,2024-12-01,RD,INV-4500000378-00010,1000,V0011,USD,1.00,18928.94,1892.89,I1,N014,30,2.000,9,X
100,5100000379,2024,RE,2024-08-22,2024-08-22,FINANCE02,MIRO,2024-08-22,RD,INV-4500000379-00010,1000,V0002,USD,1.00,132051.44,13205.14,I1,N014,30,2.000,9,X
100,5100000380,2024,RE,2024-05-20,2024-05-20,FINANCE02,MIRO,2024-05-20,RD,INV-4500000380-00010,1000,V0002,USD,1.00,69375.52,6937.55,I1,N014,30,2.000,9,X
100,5100000381,2024,RE,2024-04-12,2024-04-12,FINANCE01,MIRO,2024-04-12,RD,INV-4500000381-00010,1000,V0006,USD,1.00,73807.83,7380.78,I1,N060,30,2.000,9,X
100,5100000382,2024,RE,2024-04-20,2024-04-20,FINANCE02,MIRO,2024-04-20,RD,INV-4500000382-00010,1000,V0012,USD,1.00,178410.44,17841.04,I1,N014,30,2.000,9,X
100,5100000383,2024,RE,2024-07-24,2024-07-24,FINANCE01,MIRO,2024-07-24,RD,INV-4500000383-00010,1000,V0008,USD,1.00,5281.2,528.12,I1,N060,30,2.000,9,X
100,5100000384,2024,RE,2024-11-25,2024-11-25,FINANCE01,MIRO,2024-11-25,RD,INV-4500000384-00010,1000,V0014,USD,1.00,66446.04,6644.6,I1,2/10N30,30,2.000,5,X
100,5100000385,2024,RE,2024-09-30,2024-09-30,FINANCE02,MIRO,2024-09-30,RD,INV-4500000385-00010,1000,V0008,USD,1.00,169577.64,16957.76,I1,2/10N30,30,2.000,9,X
100,5100000386,2024,RE,2024-03-17,2024-03-17,FINANCE02,MIRO,2024-03-17,RD,INV-4500000386-00010,1000,V0008,USD,1.00,103578.65,10357.86,I1,N014,30,2.000,9,X
100,5100000386,2024,RE,2024-03-12,2024-03-12,FINANCE01,MIRO,2024-03-12,RD,INV-4500000386-00020,1000,V0008,USD,1.00,8314.32,831.43,I1,N014,30,2.000,9,X
100,5100000387,2024,RE,2024-10-23,2024-10-23,FINANCE02,MIRO,2024-10-23,RD,INV-4500000387-00010,1000,V0008,USD,1.00,2988.87,298.89,I1,N060,30,2.000,9,X
100,5100000388,2024,RE,2024-03-14,2024-03-14,FINANCE02,MIRO,2024-03-14,RD,INV-4500000388-00010,1000,V0006,USD,1.00,94768.2,9476.82,I1,N014,30,2.000,9,X
100,5100000389,2024,RE,2024-11-01,2024-11-01,FINANCE02,MIRO,2024-11-01,RD,INV-4500000389-00010,1000,V0001,USD,1.00,127380.15,12738.01,I1,N014,30,2.000,9,X
100,5100000390,2024,RE,2024-10-15,2024-10-15,FINANCE02,MIRO,2024-10-15,RD,INV-4500000390-00010,1000,V0003,USD,1.00,213323.6,21332.36,I1,N014,30,2.000,5,X
100,5100000391,2024,RE,2024-07-04,2024-07-04,FINANCE01,MIRO,2024-07-04,RD,INV-4500000391-00010,1000,V0013,USD,1.00,20846.54,2084.65,I1,2/10N30,30,2.000,9,X
100,5100000392,2024,RE,2024-02-20,2024-02-20,FINANCE02,MIRO,2024-02-20,RD,INV-4500000392-00010,1000,V0005,USD,1.00,167526.06,16752.61,I1,N030,30,2.000,9,X
100,5100000393,2024,RE,2024-08-16,2024-08-16,FINANCE01,MIRO,2024-08-16,RD,INV-4500000393-00010,1000,V0003,USD,1.00,44022.93,4402.29,I1,N060,30,2.000,5,X
100,5100000394,2024,RE,2024-08-19,2024-08-19,FINANCE01,MIRO,2024-08-19,RD,INV-4500000394-00010,1000,V0001,USD,1.00,69970.5,6997.05,I1,2/10N30,30,2.000,9,X
100,5100000395,2024,RE,2024-11-13,2024-11-13,FINANCE02,MIRO,2024-11-13,RD,INV-4500000395-00010,1000,V0003,USD,1.00,50372.61,5037.26,I1,N030,30,2.000,9,X
100,5100000396,2024,RE,2024-08-18,2024-08-18,FINANCE01,MIRO,2024-08-18,RD,INV-4500000396-00010,1000,V0005,USD,1.00,3787.84,378.78,I1,N030,30,2.000,9,X
100,5100000397,2024,RE,2024-07-16,2024-07-16,FINANCE01,MIRO,2024-07-16,RD,INV-4500000397-00010,1000,V0004,USD,1.00,50721.63,5072.16,I1,N060,30,2.000,9,X
100,5100000398,2024,RE,2024-06-24,2024-06-24,FINANCE01,MIRO,2024-06-24,RD,INV-4500000398-00010,1000,V0007,USD,1.00,96410.09,9641.01,I1,N014,30,2.000,5,X
100,5100000399,2024,RE,2024-04-22,2024-04-22,FINANCE02,MIRO,2024-04-22,RD,INV-4500000399-00010,1000,V0014,USD,1.00,73745.42,7374.54,I1,2/10N30,30,2.000,9,X
100,5100000400,2024,RE,2024-07-14,2024-07-14,FINANCE01,MIRO,2024-07-14,RD,INV-4500000400-00010,1000,V0008,USD,1.00,33329.79,3332.98,I1,N030,30,2.000,9,X
100,5100000401,2024,RE,2024-08-04,2024-08-04,FINANCE02,MIRO,2024-08-04,RD,INV-4500000401-00010,1000,V0007,USD,1.00,43703.64,4370.36,I1,N060,30,2.000,9,X
100,5100000401,2024,RE,2024-08-15,2024-08-15,FINANCE02,MIRO,2024-08-15,RD,INV-4500000401-00020,1000,V0007,USD,1.00,10955.54,1095.55,I1,N060,30,2.000,9,X
100,5100000402,2024,RE,2024-05-20,2024-05-20,FINANCE01,MIRO,2024-05-20,RD,INV-4500000402-00010,1000,V0014,USD,1.00,10428.4,1042.84,I1,N030,30,2.000,9,X
100,5100000403,2024,RE,2024-10-07,2024-10-07,FINANCE02,MIRO,2024-10-07,RD,INV-4500000403-00010,1000,V0012,USD,1.00,163723.68,16372.37,I1,N060,30,2.000,9,X
100,5100000404,2024,RE,2024-07-13,2024-07-13,FINANCE02,MIRO,2024-07-13,RD,INV-4500000404-00010,1000,V0004,USD,1.00,150377.37,15037.74,I1,N030,30,2.000,9,X
100,5100000405,2024,RE,2024-10-14,2024-10-14,FINANCE02,MIRO,2024-10-14,RD,INV-4500000405-00010,1000,V0010,USD,1.00,138890.51,13889.05,I1,N014,30,2.000,9,X
100,5100000406,2024,RE,2024-10-01,2024-10-01,FINANCE02,MIRO,2024-10-01,RD,INV-4500000406-00010,1000,V0008,USD,1.00,65641.59,6564.16,I1,N060,30,2.000,9,X
100,5100000407,2024,RE,2024-09-07,2024-09-07,FINANCE01,MIRO,2024-09-07,RD,INV-4500000407-00010,1000,V0008,USD,1.00,31927.28,3192.73,I1,N030,30,2.000,9,X
100,5100000408,2024,RE,2024-09-17,2024-09-17,FINANCE02,MIRO,2024-09-17,RD,INV-4500000408-00010,1000,V0004,USD,1.00,48827.22,4882.72,I1,N014,30,2.000,9,X
100,5100000409,2024,RE,2024-06-29,2024-06-29,FINANCE01,MIRO,2024-06-29,RD,INV-4500000409-00010,1000,V0012,USD,1.00,4479.2,447.92,I1,N014,30,2.000,9,X
100,5100000409,2024,RE,2024-06-16,2024-06-16,FINANCE01,MIRO,2024-06-16,RD,INV-4500000409-00020,1000,V0012,USD,1.00,41323.86,4132.39,I1,N014,30,2.000,9,X
100,5100000410,2024,RE,2024-04-10,2024-04-10,FINANCE02,MIRO,2024-04-10,RD,INV-4500000410-00010,1000,V0005,USD,1.00,85990.38,8599.04,I1,N060,30,2.000,9,X
100,5100000411,2024,RE,2024-11-25,2024-11-25,FINANCE02,MIRO,2024-11-25,RD,INV-4500000411-00010,1000,V0011,USD,1.00,17306.92,1730.69,I1,N014,30,2.000,9,X
100,5100000412,2024,RE,2024-05-26,2024-05-26,FINANCE01,MIRO,2024-05-26,RD,INV-4500000412-00010,1000,V0011,USD,1.00,141480.82,14148.08,I1,2/10N30,30,2.000,9,X
100,5100000413,2024,RE,2024-05-23,2024-05-23,FINANCE02,MIRO,2024-05-23,RD,INV-4500000413-00010,1000,V0002,USD,1.00,53353.44,5335.34,I1,N060,30,2.000,9,X
100,5100000413,2024,RE,2024-05-14,2024-05-14,FINANCE02,MIRO,2024-05-14,RD,INV-4500000413-00020,1000,V0002,USD,1.00,1199.0,119.9,I1,N060,30,2.000,9,X
100,5100000414,2024,RE,2024-05-13,2024-05-13,FINANCE01,MIRO,2024-05-13,RD,INV-4500000414-00010,1000,V0013,USD,1.00,28297.62,2829.76,I1,N014,30,2.000,9,X
100,5100000414,2024,RE,2024-05-06,2024-05-06,FINANCE01,MIRO,2024-05-06,RD,INV-4500000414-00020,1000,V0013,USD,1.00,18600.49,1860.05,I1,N014,30,2.000,9,X
100,5100000415,2024,RE,2024-04-29,2024-04-29,FINANCE02,MIRO,2024-04-29,RD,INV-4500000415-00010,1000,V0011,USD,1.00,89904.5,8990.45,I1,2/10N30,30,2.000,9,X
100,5100000416,2024,RE,2024-11-03,2024-11-03,FINANCE02,MIRO,2024-11-03,RD,INV-4500000416-00010,1000,V0002,USD,1.00,79247.88,7924.79,I1,N060,30,2.000,9,X
100,5100000417,2024,RE,2024-10-28,2024-10-28,FINANCE01,MIRO,2024-10-28,RD,INV-4500000417-00010,1000,V0011,USD,1.00,14913.2,1491.32,I1,N030,30,2.000,9,X
100,5100000418,2024,RE,2024-03-07,2024-03-07,FINANCE02,MIRO,2024-03-07,RD,INV-4500000418-00010,1000,V0001,USD,1.00,116737.11,11673.71,I1,N060,30,2.000,9,X
100,5100000419,2024,RE,2024-04-15,2024-04-15,FINANCE02,MIRO,2024-04-15,RD,INV-4500000419-00010,1000,V0004,USD,1.00,1668.03,166.8,I1,2/10N30,30,2.000,9,X
100,5100000420,2024,RE,2024-10-05,2024-10-05,FINANCE01,MIRO,2024-10-05,RD,INV-4500000420-00010,1000,V0011,USD,1.00,5615.28,561.53,I1,N030,30,2.000,9,X
100,5100000421,2024,RE,2024-11-30,2024-11-30,FINANCE02,MIRO,2024-11-30,RD,INV-4500000421-00010,1000,V0003,USD,1.00,8082.24,808.22,I1,N060,30,2.000,9,X
100,5100000421,2024,RE,2024-11-22,2024-11-22,FINANCE02,MIRO,2024-11-22,RD,INV-4500000421-00020,1000,V0003,USD,1.00,58108.26,5810.83,I1,N060,30,2.000,9,X
100,5100000422,2024,RE,2024-10-24,2024-10-24,FINANCE01,MIRO,2024-10-24,RD,INV-4500000422-00010,1000,V0004,USD,1.00,149814.0,14981.4,I1,2/10N30,30,2.000,9,X
100,5100000423,2024,RE,2024-05-17,2024-05-17,FINANCE01,MIRO,2024-05-17,RD,INV-4500000423-00010,1000,V0003,USD,1.00,14441.76,1444.18,I1,2/10N30,30,2.000,9,X
100,5100000424,2024,RE,2024-04-22,2024-04-22,FINANCE02,MIRO,2024-04-22,RD,INV-4500000424-00010,1000,V0013,USD,1.00,167947.84,16794.78,I1,2/10N30,30,2.000,9,X
100,5100000425,2024,RE,2024-07-09,2024-07-09,FINANCE02,MIRO,2024-07-09,RD,INV-4500000425-00010,1000,V0014,USD,1.00,37481.79,3748.18,I1,N060,30,2.000,9,X
100,5100000426,2024,RE,2024-04-19,2024-04-19,FINANCE01,MIRO,2024-04-19,RD,INV-4500000426-00010,1000,V0002,USD,1.00,138850.64,13885.06,I1,N014,30,2.000,9,X
100,5100000427,2024,RE,2024-03-06,2024-03-06,FINANCE01,MIRO,2024-03-06,RD,INV-4500000427-00010,1000,V0015,USD,1.00,93957.27,9395.73,I1,2/10N30,30,2.000,9,X
100,5100000428,2024,RE,2024-10-06,2024-10-06,FINANCE01,MIRO,2024-10-06,RD,INV-4500000428-00010,1000,V0014,USD,1.00,4678.94,467.89,I1,N030,30,2.000,9,X
100,5100000429,2024,RE,2024-06-24,2024-06-24,FINANCE02,MIRO,2024-06-24,RD,INV-4500000429-00010,1000,V0006,USD,1.00,45527.46,4552.75,I1,N030,30,2.000,9,X
100,5100000429,2024,RE,2024-07-05,2024-07-05,FINANCE01,MIRO,2024-07-05,RD,INV-4500000429-00020,1000,V0006,USD,1.00,71465.75,7146.58,I1,N030,30,2.000,9,X
100,5100000430,2024,RE,2024-08-16,2024-08-16,FINANCE01,MIRO,2024-08-16,RD,INV-4500000430-00010,1000,V0012,USD,1.00,56531.76,5653.18,I1,2/10N30,30,2.000,5,X
100,5100000431,2024,RE,2024-05-24,2024-05-24,FINANCE02,MIRO,2024-05-24,RD,INV-4500000431-00010,1000,V0005,USD,1.00,86885.7,8688.57,I1,N030,30,2.000,9,X
100,5100000432,2024,RE,2024-05-23,2024-05-23,FINANCE02,MIRO,2024-05-23,RD,INV-4500000432-00010,1000,V0001,USD,1.00,7869.81,786.98,I1,N030,30,2.000,9,X
100,5100000433,2024,RE,2024-09-21,2024-09-21,FINANCE01,MIRO,2024-09-21,RD,INV-4500000433-00010,1000,V0007,USD,1.00,79007.56,7900.76,I1,N030,30,2.000,9,X
100,5100000434,2024,RE,2024-07-12,2024-07-12,FINANCE01,MIRO,2024-07-12,RD,INV-4500000434-00010,1000,V0010,USD,1.00,128063.1,12806.31,I1,N014,30,2.000,9,X
100,5100000435,2024,RE,2024-07-31,2024-07-31,FINANCE01,MIRO,2024-07-31,RD,INV-4500000435-00010,1000,V0007,USD,1.00,53788.0,5378.8,I1,N014,30,2.000,9,X
100,5100000435,2024,RE,2024-07-28,2024-07-28,FINANCE02,MIRO,2024-07-28,RD,INV-4500000435-00020,1000,V0007,USD,1.00,3110.48,311.05,I1,N014,30,2.000,9,X
100,5100000436,2024,RE,2024-03-24,2024-03-24,FINANCE01,MIRO,2024-03-24,RD,INV-4500000436-00010,1000,V0002,USD,1.00,120304.92,12030.49,I1,N030,30,2.000,9,X
100,5100000437,2024,RE,2024-03-20,2024-03-20,FINANCE02,MIRO,2024-03-20,RD,INV-4500000437-00010,1000,V0008,USD,1.00,7093.89,709.39,I1,N060,30,2.000,9,X
100,5100000438,2024,RE,2024-05-15,2024-05-15,FINANCE02,MIRO,2024-05-15,RD,INV-4500000438-00010,1000,V0010,USD,1.00,8450.4,845.04,I1,2/10N30,30,2.000,9,X
100,5100000439,2024,RE,2024-04-17,2024-04-17,FINANCE01,MIRO,2024-04-17,RD,INV-4500000439-00010,1000,V0012,USD,1.00,8813.91,881.39,I1,2/10N30,30,2.000,9,X
100,5100000440,2024,RE,2024-09-29,2024-09-29,FINANCE01,MIRO,2024-09-29,RD,INV-4500000440-00010,1000,V0013,USD,1.00,99802.68,9980.27,I1,N030,30,2.000,9,X
100,5100000440,2024,RE,2024-10-02,2024-10-02,FINANCE02,MIRO,2024-10-02,RD,INV-4500000440-00020,1000,V0013,USD,1.00,14467.86,1446.79,I1,N030,30,2.000,9,X
100,5100000441,2024,RE,2024-11-04,2024-11-04,FINANCE01,MIRO,2024-11-04,RD,INV-4500000441-00010,1000,V0002,USD,1.00,63583.25,6358.33,I1,N014,30,2.000,9,X
100,5100000441,2024,RE,2024-10-22,2024-10-22,FINANCE02,MIRO,2024-10-22,RD,INV-4500000441-00020,1000,V0002,USD,1.00,18962.58,1896.26,I1,N014,30,2.000,9,X
100,5100000442,2024,RE,2024-05-09,2024-05-09,FINANCE02,MIRO,2024-05-09,RD,INV-4500000442-00010,1000,V0009,USD,1.00,209241.01,20924.1,I1,2/10N30,30,2.000,9,X
100,5100000443,2024,RE,2024-07-18,2024-07-18,FINANCE01,MIRO,2024-07-18,RD,INV-4500000443-00010,1000,V0015,USD,1.00,72852.06,7285.21,I1,N030,30,2.000,9,X
100,5100000444,2024,RE,2024-08-12,2024-08-12,FINANCE01,MIRO,2024-08-12,RD,INV-4500000444-00010,1000,V0007,USD,1.00,31634.2,3163.42,I1,N060,30,2.000,9,X
100,5100000445,2024,RE,2024-07-12,2024-07-12,FINANCE02,MIRO,2024-07-12,RD,INV-4500000445-00010,1000,V0008,USD,1.00,66070.41,6607.04,I1,N030,30,2.000,5,X
100,5100000446,2024,RE,2024-10-10,2024-10-10,FINANCE02,MIRO,2024-10-10,RD,INV-4500000446-00010,1000,V0004,USD,1.00,110591.1,11059.11,I1,N060,30,2.000,9,X
100,5100000446,2024,RE,2024-10-14,2024-10-14,FINANCE02,MIRO,2024-10-14,RD,INV-4500000446-00020,1000,V0004,USD,1.00,12348.54,1234.85,I1,N060,30,2.000,9,X
100,5100000447,2024,RE,2024-09-22,2024-09-22,FINANCE02,MIRO,2024-09-22,RD,INV-4500000447-00010,1000,V0005,USD,1.00,159842.3,15984.23,I1,N060,30,2.000,9,X
100,5100000448,2024,RE,2024-09-09,2024-09-09,FINANCE02,MIRO,2024-09-09,RD,INV-4500000448-00010,1000,V0014,USD,1.00,46614.45,4661.44,I1,N014,30,2.000,5,X
100,5100000449,2024,RE,2024-09-23,2024-09-23,FINANCE01,MIRO,2024-09-23,RD,INV-4500000449-00010,1000,V0006,USD,1.00,176287.75,17628.78,I1,N030,30,2.000,9,X
100,5100000450,2024,RE,2024-06-12,2024-06-12,FINANCE01,MIRO,2024-06-12,RD,INV-4500000450-00010,1000,V0015,USD,1.00,9415.4,941.54,I1,N060,30,2.000,9,X
100,5100000450,2024,RE,2024-06-05,2024-06-05,FINANCE01,MIRO,2024-06-05,RD,INV-4500000450-00020,1000,V0015,USD,1.00,41958.48,4195.85,I1,N060,30,2.000,9,X
100,5100000451,2024,RE,2024-08-03,2024-08-03,FINANCE02,MIRO,2024-08-03,RD,INV-4500000451-00010,1000,V0015,USD,1.00,5606.28,560.63,I1,2/10N30,30,2.000,9,X
100,5100000452,2024,RE,2024-04-01,2024-04-01,FINANCE02,MIRO,2024-04-01,RD,INV-4500000452-00010,1000,V0008,USD,1.00,218503.04,21850.3,I1,N060,30,2.000,9,X
100,5100000453,2024,RE,2024-06-18,2024-06-18,FINANCE02,MIRO,2024-06-18,RD,INV-4500000453-00010,1000,V0009,USD,1.00,112100.38,11210.04,I1,N060,30,2.000,5,X
100,5100000454,2024,RE,2024-07-06,2024-07-06,FINANCE01,MIRO,2024-07-06,RD,INV-4500000454-00010,1000,V0009,USD,1.00,69619.42,6961.94,I1,N014,30,2.000,9,X
100,5100000455,2024,RE,2024-08-31,2024-08-31,FINANCE02,MIRO,2024-08-31,RD,INV-4500000455-00010,1000,V0001,USD,1.00,33857.88,3385.79,I1,2/10N30,30,2.000,9,X
100,5100000456,2024,RE,2024-05-15,2024-05-15,FINANCE02,MIRO,2024-05-15,RD,INV-4500000456-00010,1000,V0010,USD,1.00,40092.14,4009.21,I1,N060,30,2.000,9,X
100,5100000457,2024,RE,2024-09-05,2024-09-05,FINANCE02,MIRO,2024-09-05,RD,INV-4500000457-00010,1000,V0002,USD,1.00,3028.68,302.87,I1,N060,30,2.000,9,X
100,5100000458,2024,RE,2024-12-03,2024-12-03,FINANCE01,MIRO,2024-12-03,RD,INV-4500000458-00010,1000,V0005,USD,1.00,57829.86,5782.99,I1,N030,30,2.000,9,X
100,5100000459,2024,RE,2024-07-14,2024-07-14,FINANCE01,MIRO,2024-07-14,RD,INV-4500000459-00010,1000,V0013,USD,1.00,65075.76,6507.58,I1,2/10N30,30,2.000,9,X
100,5100000460,2024,RE,2024-07-30,2024-07-30,FINANCE02,MIRO,2024-07-30,RD,INV-4500000460-00010,1000,V0013,USD,1.00,45053.82,4505.38,I1,2/10N30,30,2.000,9,X
100,5100000460,2024,RE,2024-08-01,2024-08-01,FINANCE02,MIRO,2024-08-01,RD,INV-4500000460-00020,1000,V0013,USD,1.00,786.3,78.63,I1,2/10N30,30,2.000,9,X
100,5100000461,2024,RE,2024-04-01,2024-04-01,FINANCE02,MIRO,2024-04-01,RD,INV-4500000461-00010,1000,V0012,USD,1.00,159580.2,15958.02,I1,N030,30,2.000,9,X
100,5100000462,2024,RE,2024-03-10,2024-03-10,FINANCE01,MIRO,2024-03-10,RD,INV-4500000462-00010,1000,V0002,USD,1.00,136247.99,13624.8,I1,2/10N30,30,2.000,9,X
100,5100000462,2024,RE,2024-03-13,2024-03-13,FINANCE01,MIRO,2024-03-13,RD,INV-4500000462-00020,1000,V0002,USD,1.00,5971.86,597.19,I1,2/10N30,30,2.000,9,X
100,5100000463,2024,RE,2024-08-15,2024-08-15,FINANCE01,MIRO,2024-08-15,RD,INV-4500000463-00010,1000,V0003,USD,1.00,101139.84,10113.98,I1,N014,30,2.000,9,X
100,5100000464,2024,RE,2024-05-21,2024-05-21,FINANCE01,MIRO,2024-05-21,RD,INV-4500000464-00010,1000,V0006,USD,1.00,12812.4,1281.24,I1,N060,30,2.000,9,X
100,5100000465,2024,RE,2024-08-21,2024-08-21,FINANCE02,MIRO,2024-08-21,RD,INV-4500000465-00010,1000,V0005,USD,1.00,103320.52,10332.05,I1,N030,30,2.000,9,X
100,5100000466,2024,RE,2024-06-08,2024-06-08,FINANCE02,MIRO,2024-06-08,RD,INV-4500000466-00010,1000,V0014,USD,1.00,121663.08,12166.31,I1,N060,30,2.000,9,X
100,5100000466,2024,RE,2024-06-08,2024-06-08,FINANCE01,MIRO,2024-06-08,RD,INV-4500000466-00020,1000,V0014,USD,1.00,2289.0,228.9,I1,N060,30,2.000,9,X
100,5100000467,2024,RE,2024-11-01,2024-11-01,FINANCE02,MIRO,2024-11-01,RD,INV-4500000467-00010,1000,V0001,USD,1.00,110823.44,11082.34,I1,2/10N30,30,2.000,5,X
100,5100000468,2024,RE,2024-07-19,2024-07-19,FINANCE01,MIRO,2024-07-19,RD,INV-4500000468-00010,1000,V0003,USD,1.00,40222.8,4022.28,I1,N030,30,2.000,9,X
100,5100000468,2024,RE,2024-07-28,2024-07-28,FINANCE02,MIRO,2024-07-28,RD,INV-4500000468-00020,1000,V0003,USD,1.00,52977.07,5297.71,I1,N030,30,2.000,9,X
100,5100000469,2024,RE,2024-09-19,2024-09-19,FINANCE01,MIRO,2024-09-19,RD,INV-4500000469-00010,1000,V0015,USD,1.00,151566.56,15156.66,I1,N014,30,2.000,9,X
100,5100000470,2024,RE,2024-07-01,2024-07-01,FINANCE02,MIRO,2024-07-01,RD,INV-4500000470-00010,1000,V0014,USD,1.00,5054.4,505.44,I1,2/10N30,30,2.000,5,X
100,5100000470,2024,RE,2024-07-04,2024-07-04,FINANCE02,MIRO,2024-07-04,RD,INV-4500000470-00020,1000,V0014,USD,1.00,33500.16,3350.02,I1,2/10N30,30,2.000,5,X
100,5100000471,2024,RE,2024-11-27,2024-11-27,FINANCE02,MIRO,2024-11-27,RD,INV-4500000471-00010,1000,V0003,USD,1.00,7966.07,796.61,I1,2/10N30,30,2.000,9,X
100,5100000472,2024,RE,2024-08-02,2024-08-02,FINANCE02,MIRO,2024-08-02,RD,INV-4500000472-00010,1000,V0007,USD,1.00,85488.98,8548.9,I1,N030,30,2.000,5,X
100,5100000473,2024,RE,2024-10-25,2024-10-25,FINANCE01,MIRO,2024-10-25,RD,INV-4500000473-00010,1000,V0005,USD,1.00,1747.44,174.74,I1,2/10N30,30,2.000,9,X
100,5100000474,2024,RE,2024-04-03,2024-04-03,FINANCE02,MIRO,2024-04-03,RD,INV-4500000474-00010,1000,V0008,USD,1.00,40069.3,4006.93,I1,2/10N30,30,2.000,9,X
100,5100000475,2024,RE,2024-07-29,2024-07-29,FINANCE01,MIRO,2024-07-29,RD,INV-4500000475-00010,1000,V0012,USD,1.00,109304.08,10930.41,I1,N060,30,2.000,9,X
100,5100000475,2024,RE,2024-07-16,2024-07-16,FINANCE01,MIRO,2024-07-16,RD,INV-4500000475-00020,1000,V0012,USD,1.00,730.17,73.02,I1,N060,30,2.000,9,X
100,5100000476,2024,RE,2024-04-03,2024-04-03,FINANCE02,MIRO,2024-04-03,RD,INV-4500000476-00010,1000,V0002,USD,1.00,149063.98,14906.4,I1,N014,30,2.000,9,X
100,5100000477,2024,RE,2024-09-04,2024-09-04,FINANCE02,MIRO,2024-09-04,RD,INV-4500000477-00010,1000,V0012,USD,1.00,96839.96,9684.0,I1,N060,30,2.000,9,X
100,5100000478,2024,RE,2024-09-10,2024-09-10,FINANCE01,MIRO,2024-09-10,RD,INV-4500000478-00010,1000,V0003,USD,1.00,137655.42,13765.54,I1,N014,30,2.000,9,X
100,5100000479,2024,RE,2024-07-23,2024-07-23,FINANCE01,MIRO,2024-07-23,RD,INV-4500000479-00010,1000,V0003,USD,1.00,31389.32,3138.93,I1,2/10N30,30,2.000,9,X
100,5100000480,2024,RE,2024-08-24,2024-08-24,FINANCE01,MIRO,2024-08-24,RD,INV-4500000480-00010,1000,V0008,USD,1.00,42729.58,4272.96,I1,N014,30,2.000,9,X
100,5100000481,2024,RE,2024-03-25,2024-03-25,FINANCE01,MIRO,2024-03-25,RD,INV-4500000481-00010,1000,V0006,USD,1.00,121097.2,12109.72,I1,2/10N30,30,2.000,9,X
100,5100000482,2024,RE,2024-10-09,2024-10-09,FINANCE01,MIRO,2024-10-09,RD,INV-4500000482-00010,1000,V0004,USD,1.00,19043.4,1904.34,I1,N060,30,2.000,9,X
100,5100000483,2024,RE,2024-11-27,2024-11-27,FINANCE01,MIRO,2024-11-27,RD,INV-4500000483-00010,1000,V0015,USD,1.00,31602.34,3160.23,I1,N030,30,2.000,9,X
100,5100000484,2024,RE,2024-08-17,2024-08-17,FINANCE02,MIRO,2024-08-17,RD,INV-4500000484-00010,1000,V0013,USD,1.00,34344.06,3434.41,I1,N014,30,2.000,9,X
100,5100000484,2024,RE,2024-08-03,2024-08-03,FINANCE01,MIRO,2024-08-03,RD,INV-4500000484-00020,1000,V0013,USD,1.00,32657.01,3265.7,I1,N014,30,2.000,9,X
100,5100000485,2024,RE,2024-08-26,2024-08-26,FINANCE01,MIRO,2024-08-26,RD,INV-4500000485-00010,1000,V0012,USD,1.00,29131.2,2913.12,I1,N060,30,2.000,9,X
100,5100000486,2024,RE,2024-05-21,2024-05-21,FINANCE02,MIRO,2024-05-21,RD,INV-4500000486-00010,1000,V0014,USD,1.00,51925.86,5192.59,I1,N060,30,2.000,9,X
100,5100000487,2024,RE,2024-11-26,2024-11-26,FINANCE02,MIRO,2024-11-26,RD,INV-4500000487-00010,1000,V0005,USD,1.00,191401.86,19140.19,I1,N060,30,2.000,9,X
100,5100000487,2024,RE,2024-11-30,2024-11-30,FINANCE01,MIRO,2024-11-30,RD,INV-4500000487-00020,1000,V0005,USD,1.00,52548.0,5254.8,I1,N060,30,2.000,9,X
100,5100000488,2024,RE,2024-06-26,2024-06-26,FINANCE01,MIRO,2024-06-26,RD,INV-4500000488-00010,1000,V0012,USD,1.00,138133.16,13813.32,I1,N030,30,2.000,5,X
100,5100000489,2024,RE,2024-06-29,2024-06-29,FINANCE02,MIRO,2024-06-29,RD,INV-4500000489-00010,1000,V0002,USD,1.00,85266.56,8526.66,I1,N060,30,2.000,9,X
100,5100000489,2024,RE,2024-06-23,2024-06-23,FINANCE02,MIRO,2024-06-23,RD,INV-4500000489-00020,1000,V0002,USD,1.00,13695.12,1369.51,I1,N060,30,2.000,9,X
100,5100000490,2024,RE,2024-05-17,2024-05-17,FINANCE01,MIRO,2024-05-17,RD,INV-4500000490-00010,1000,V0003,USD,1.00,73679.01,7367.9,I1,2/10N30,30,2.000,9,X
100,5100000491,2024,RE,2024-06-28,2024-06-28,FINANCE02,MIRO,2024-06-28,RD,INV-4500000491-00010,1000,V0009,USD,1.00,17581.07,1758.11,I1,N014,30,2.000,9,X
100,5100000492,2024,RE,2024-08-28,2024-08-28,FINANCE02,MIRO,2024-08-28,RD,INV-4500000492-00010,1000,V0008,USD,1.00,46047.61,4604.76,I1,N014,30,2.000,9,X
100,5100000492,2024,RE,2024-08-27,2024-08-27,FINANCE02,MIRO,2024-08-27,RD,INV-4500000492-00020,1000,V0008,USD,1.00,14714.54,1471.45,I1,N014,30,2.000,9,X
100,5100000493,2024,RE,2024-11-17,2024-11-17,FINANCE01,MIRO,2024-11-17,RD,INV-4500000493-00010,1000,V0005,USD,1.00,226045.53,22604.55,I1,N060,30,2.000,9,X
100,5100000494,2024,RE,2024-09-18,2024-09-18,FINANCE02,MIRO,2024-09-18,RD,INV-4500000494-00010,1000,V0002,USD,1.00,13140.96,1314.1,I1,N030,30,2.000,9,X
100,5100000495,2024,RE,2024-06-01,2024-06-01,FINANCE01,MIRO,2024-06-01,RD,INV-4500000495-00010,1000,V0012,USD,1.00,22872.56,2287.26,I1,N014,30,2.000,9,X
100,5100000496,2024,RE,2024-10-09,2024-10-09,FINANCE01,MIRO,2024-10-09,RD,INV-4500000496-00010,1000,V0014,USD,1.00,159265.17,15926.52,I1,N014,30,2.000,9,X
100,5100000497,2024,RE,2024-10-02,2024-10-02,FINANCE02,MIRO,2024-10-02,RD,INV-4500000497-00010,1000,V0002,USD,1.00,116985.33,11698.53,I1,N060,30,2.000,5,X
100,5100000498,2024,RE,2024-11-19,2024-11-19,FINANCE01,MIRO,2024-11-19,RD,INV-4500000498-00010,1000,V0014,USD,1.00,112798.89,11279.89,I1,N014,30,2.000,9,X
100,5100000498,2024,RE,2024-11-16,2024-11-16,FINANCE01,MIRO,2024-11-16,RD,INV-4500000498-00020,1000,V0014,USD,1.00,9175.62,917.56,I1,N014,30,2.000,9,X
100,5100000499,2024,RE,2024-09-28,2024-09-28,FINANCE01,MIRO,2024-09-28,RD,INV-4500000499-00010,1000,V0001,USD,1.00,7646.26,764.63,I1,2/10N30,30,2.000,9,X
