MANDT,BELNR,GJAHR,DOCLB,EBELN,EBELP,ZEKKN,MATNR,BWKEY,BUKRS,WRBTR,SHKZG,MWSKZ,MENGE,BSTME,EREKZ
100,5100000000,2024,000001,4500000000,00010,0,MAT00008,P003,1000,23748.65,S,I1,115.0,EA,
100,5100000001,2024,000001,4500000001,00010,0,MAT00005,P003,1000,81049.92,S,I1,294.0,EA,
100,5100000002,2024,000001,4500000002,00010,0,MAT00009,P001,1000,25900.38,S,I1,127.0,EA,
100,5100000003,2024,000001,4500000003,00010,0,MAT00015,P002,1000,64247.0,S,I1,410.0,EA,
100,5100000003,2024,000002,4500000003,00020,0,MAT00004,P002,1000,47626.96,S,I1,139.0,EA,
100,5100000004,2024,000001,4500000004,00010,0,MAT00018,P002,1000,20807.84,S,I1,47.0,EA,
100,5100000005,2024,000001,4500000005,00010,0,MAT00022,P002,1000,77614.24,S,I1,209.0,EA,
100,5100000006,2024,000001,4500000006,00010,0,MAT00008,P002,1000,63955.2,S,I1,160.0,EA,
100,5100000007,2024,000001,4500000007,00010,0,MAT00004,P003,1000,8767.28,S,I1,29.0,EA,
100,5100000008,2024,000001,4500000008,00010,0,MAT00022,P003,1000,34037.82,S,I1,162.0,EA,
100,5100000009,2024,000001,4500000009,00010,0,MAT00019,P002,1000,88823.68,S,I1,341.0,EA,
100,5100000010,2024,000001,4500000010,00010,0,MAT00015,P001,1000,71730.3,S,I1,362.0,EA,
100,5100000010,2024,000002,4500000010,00020,0,MAT00014,P001,1000,1798.0,S,I1,29.0,EA,
100,5100000011,2024,000001,4500000011,00010,0,MAT00021,P002,1000,45822.35,S,I1,317.0,EA,
100,5100000012,2024,000001,4500000012,00010,0,MAT00014,P002,1000,103839.76,S,I1,296.0,EA,
100,5100000013,2024,000001,4500000013,00010,0,MAT00014,P002,1000,71385.16,S,I1,343.0,EA,
100,5100000014,2024,000001,4500000014,00010,0,MAT00007,P002,1000,64540.35,S,I1,441.0,EA,
100,5100000015,2024,000001,4500000015,00010,0,MAT00008,P001,1000,32263.28,S,I1,238.0,EA,
100,5100000016,2024,000001,4500000016,00010,0,MAT00019,P003,1000,162060.75,S,I1,405.0,EA,
100,5100000016,2024,000002,4500000016,00020,0,MAT00008,P003,1000,10002.46,S,I1,26.0,EA,
100,5100000017,2024,000001,4500000017,00010,0,MAT00011,P003,1000,57234.58,S,I1,442.0,EA,
100,5100000018,2024,000001,4500000018,00010,0,MAT00017,P002,1000,58946.36,S,I1,209.0,EA,
100,5100000019,2024,000001,4500000019,00010,0,MAT00014,P003,1000,19046.17,S,I1,143.0,EA,
100,5100000020,2024,000001,4500000020,00010,0,MAT00008,P001,1000,25714.71,S,I1,357.0,EA,
100,5100000021,2024,000001,4500000021,00010,0,MAT00003,P002,1000,11533.86,S,I1,318.0,EA,
100,5100000022,2024,000001,4500000022,00010,0,MAT00020,P003,1000,6969.2,S,I1,140.0,EA,
100,5100000023,2024,000001,4500000023,00010,0,MAT00009,P001,1000,9960.0,S,I1,120.0,EA,
100,5100000024,2024,000001,4500000024,00010,0,MAT00003,P003,1000,8478.75,S,I1,133.0,EA,
100,5100000025,2024,000001,4500000025,00010,0,MAT00006,P002,1000,71444.14,S,I1,151.0,EA,
100,5100000026,2024,000001,4500000026,00010,0,MAT00021,P002,1000,10462.2,S,I1,141.0,EA,
100,5100000027,2024,000001,4500000027,00010,0,MAT00016,P002,1000,52733.88,S,I1,214.0,EA,
100,5100000027,2024,000002,4500000027,00020,0,MAT00007,P002,1000,22521.91,S,I1,71.0,EA,
100,5100000028,2024,000001,4500000028,00010,0,MAT00007,P002,1000,90639.12,S,I1,429.0,EA,
100,5100000029,2024,000001,4500000029,00010,0,MAT00001,P001,1000,18468.65,S,I1,47.0,EA,
100,5100000030,2024,000001,4500000030,00010,0,MAT00008,P001,1000,187081.62,S,I1,489.0,EA,
100,5100000030,2024,000002,4500000030,00020,0,MAT00003,P001,1000,9047.1,S,I1,53.0,EA,
100,5100000031,2024,000001,4500000031,00010,0,MAT00015,P002,1000,35923.72,S,I1,238.0,EA,
100,5100000031,2024,000002,4500000031,00020,0,MAT00008,P002,1000,4126.98,S,I1,26.0,EA,
100,5100000032,2024,000001,4500000032,00010,0,MAT00010,P003,1000,106749.44,S,I1,322.0,EA,
100,5100000032,2024,000002,4500000032,00020,0,MAT00003,P003,1000,62550.62,S,I1,158.0,EA,
100,5100000033,2024,000001,4500000033,00010,0,MAT00018,P003,1000,9878.4,S,I1,140.0,EA,
100,5100000034,2024,000001,4500000034,00010,0,MAT00023,P003,1000,36946.26,S,I1,78.0,EA,
100,5100000034,2024,000002,4500000034,00020,0,MAT00009,P003,1000,26054.76,S,I1,87.0,EA,
100,5100000035,2024,000001,4500000035,00010,0,MAT00018,P001,1000,7195.58,S,I1,103.0,EA,
100,5100000036,2024,000001,4500000036,00010,0,MAT00008,P001,1000,5136.89,S,I1,451.0,EA,
100,5100000036,2024,000002,4500000036,00020,0,MAT00005,P001,1000,4489.05,S,I1,15.0,EA,
100,5100000037,2024,000001,4500000037,00010,0,MAT00015,P003,1000,71661.33,S,I1,207.0,EA,
100,5100000038,2024,000001,4500000038,00010,0,MAT00017,P003,1000,140790.6,S,I1,428.0,EA,
100,5100000038,2024,000002,4500000038,00020,0,MAT00005,P003,1000,5423.34,S,I1,78.0,EA,
100,5100000039,2024,000001,4500000039,00010,0,MAT00022,P001,1000,147537.0,S,I1,485.0,EA,
100,5100000040,2024,000001,4500000040,00010,0,MAT00020,P003,1000,57135.6,S,I1,354.0,EA,
100,5100000041,2024,000001,4500000041,00010,0,MAT00011,P001,1000,13064.4,S,I1,380.0,EA,
100,5100000042,2024,000001,4500000042,00010,0,MAT00017,P003,1000,18125.28,S,I1,492.0,EA,
100,5100000043,2024,000001,4500000043,00010,0,MAT00002,P002,1000,126195.84,S,I1,432.0,EA,
100,5100000044,2024,000001,4500000044,00010,0,MAT00008,P001,1000,33054.12,S,I1,204.0,EA,
100,5100000045,2024,000001,4500000045,00010,0,MAT00005,P001,1000,32468.3,S,I1,85.0,EA,
100,5100000046,2024,000001,4500000046,00010,0,MAT00017,P003,1000,6098.4,S,I1,28.0,EA,
100,5100000047,2024,000001,4500000047,00010,0,MAT00011,P001,1000,176922.06,S,I1,357.0,EA,
100,5100000048,2024,000001,4500000048,00010,0,MAT00010,P002,1000,75927.3,S,I1,438.0,EA,
100,5100000048,2024,000002,4500000048,00020,0,MAT00003,P002,1000,45327.44,S,I1,136.0,EA,
100,5100000049,2024,000001,4500000049,00010,0,MAT00005,P001,1000,101911.56,S,I1,274.0,EA,
100,5100000049,2024,000002,4500000049,00020,0,MAT00013,P001,1000,52718.06,S,I1,181.0,EA,
100,5100000050,2024,000001,4500000050,00010,0,MAT00022,P002,1000,52886.62,S,I1,197.0,EA,
100,5100000050,2024,000002,4500000050,00020,0,MAT00005,P002,1000,19549.53,S,I1,93.0,EA,
100,5100000051,2024,000001,4500000051,00010,0,MAT00004,P001,1000,13326.08,S,I1,29.0,EA,
100,5100000052,2024,000001,4500000052,00010,0,MAT00008,P002,1000,101803.14,S,I1,323.0,EA,
100,5100000053,2024,000001,4500000053,00010,0,MAT00017,P001,1000,128018.52,S,I1,259.0,EA,
100,5100000054,2024,000001,4500000054,00010,0,MAT00005,P001,1000,39178.11,S,I1,409.0,EA,
100,5100000055,2024,000001,4500000055,00010,0,MAT00021,P002,1000,170656.32,S,I1,393.0,EA,
100,5100000055,2024,000002,4500000055,00020,0,MAT00015,P002,1000,18243.2,S,I1,160.0,EA,
100,5100000056,2024,000001,4500000056,00010,0,MAT00006,P003,1000,177389.22,S,I1,366.0,EA,
100,5100000057,2024,000001,4500000057,00010,0,MAT00019,P002,1000,91337.75,S,I1,475.0,EA,
100,5100000058,2024,000001,4500000058,00010,0,MAT00020,P003,1000,35929.6,S,I1,70.0,EA,
100,5100000059,2024,000001,4500000059,00010,0,MAT00001,P001,1000,117511.52,S,I1,239.0,EA,
100,5100000060,2024,000001,4500000060,00010,0,MAT00005,P002,1000,111467.52,S,I1,256.0,EA,
100,5100000061,2024,000001,4500000061,00010,0,MAT00020,P001,1000,88356.0,S,I1,300.0,EA,
100,5100000061,2024,000002,4500000061,00020,0,MAT00015,P001,1000,15617.19,S,I1,127.0,EA,
100,5100000062,2024,000001,4500000062,00010,0,MAT00011,P002,1000,14175.44,S,I1,74.0,EA,
100,5100000063,2024,000001,4500000063,00010,0,MAT00019,P001,1000,105339.25,S,I1,239.0,EA,
100,5100000064,2024,000001,4500000064,00010,0,MAT00018,P003,1000,10608.84,S,I1,76.0,EA,
100,5100000065,2024,000001,4500000065,00010,0,MAT00005,P002,1000,139969.96,S,I1,494.0,EA,
100,5100000066,2024,000001,4500000066,00010,0,MAT00011,P003,1000,58262.64,S,I1,372.0,EA,
100,5100000067,2024,000001,4500000067,00010,0,MAT00020,P003,1000,142616.7,S,I1,486.0,EA,
100,5100000067,2024,000002,4500000067,00020,0,MAT00007,P003,1000,9775.5,S,I1,35.0,EA,
100,5100000068,2024,000001,4500000068,00010,0,MAT00018,P001,1000,113659.0,S,I1,325.0,EA,
100,5100000069,2024,000001,4500000069,00010,0,MAT00010,P003,1000,96094.88,S,I1,196.0,EA,
100,5100000070,2024,000001,4500000070,00010,0,MAT00004,P003,1000,60191.32,S,I1,454.0,EA,
100,5100000071,2024,000001,4500000071,00010,0,MAT00003,P002,1000,45804.46,S,I1,442.0,EA,
100,5100000071,2024,000002,4500000071,00020,0,MAT00008,P002,1000,51739.38,S,I1,198.0,EA,
100,5100000072,2024,000001,4500000072,00010,0,MAT00006,P002,1000,35296.11,S,I1,171.0,EA,
100,5100000073,2024,000001,4500000073,00010,0,MAT00009,P003,1000,95337.3,S,I1,337.0,EA,
100,5100000074,2024,000001,4500000074,00010,0,MAT00008,P003,1000,17135.85,S,I1,355.0,EA,
100,5100000075,2024,000001,4500000075,00010,0,MAT00005,P002,1000,8989.66,S,I1,38.0,EA,
100,5100000076,2024,000001,4500000076,00010,0,MAT00014,P002,1000,119021.4,S,I1,324.0,EA,
100,5100000077,2024,000001,4500000077,00010,0,MAT00001,P003,1000,78850.84,S,I1,362.0,EA,
100,5100000078,2024,000001,4500000078,00010,0,MAT00004,P001,1000,13589.4,S,I1,355.0,EA,
100,5100000079,2024,000001,4500000079,00010,0,MAT00021,P003,1000,159650.16,S,I1,471.0,EA,
100,5100000080,2024,000001,4500000080,00010,0,MAT00018,P001,1000,9804.0,S,I1,76.0,EA,
100,5100000081,2024,000001,4500000081,00010,0,MAT00016,P003,1000,13954.74,S,I1,114.0,EA,
100,5100000082,2024,000001,4500000082,00010,0,MAT00004,P003,1000,40863.36,S,I1,192.0,EA,
100,5100000083,2024,000001,4500000083,00010,0,MAT00015,P003,1000,21946.99,S,I1,79.0,EA,
100,5100000084,2024,000001,4500000084,00010,0,MAT00002,P003,1000,3644.03,S,I1,13.0,EA,
100,5100000084,2024,000002,4500000084,00020,0,MAT00010,P003,1000,35416.44,S,I1,108.0,EA,
100,5100000085,2024,000001,4500000085,00010,0,MAT00003,P003,1000,78248.43,S,I1,243.0,EA,
100,5100000086,2024,000001,4500000086,00010,0,MAT00018,P001,1000,143169.65,S,I1,481.0,EA,
100,5100000087,2024,000001,4500000087,00010,0,MAT00011,P002,1000,124198.4,S,I1,496.0,EA,
100,5100000088,2024,000001,4500000088,00010,0,MAT00011,P001,1000,107578.24,S,I1,472.0,EA,
100,5100000089,2024,000001,4500000089,00010,0,MAT00010,P002,1000,205004.6,S,I1,452.0,EA,
100,5100000090,2024,000001,4500000090,00010,0,MAT00009,P002,1000,31851.82,S,I1,301.0,EA,
100,5100000091,2024,000001,4500000091,00010,0,MAT00020,P001,1000,234100.44,S,I1,483.0,EA,
100,5100000092,2024,000001,4500000092,00010,0,MAT00010,P003,1000,81684.15,S,I1,255.0,EA,
100,5100000093,2024,000001,4500000093,00010,0,MAT00012,P002,1000,30747.36,S,I1,336.0,EA,
100,5100000093,2024,000002,4500000093,00020,0,MAT00013,P002,1000,38539.26,S,I1,138.0,EA,
100,5100000094,2024,000001,4500000094,00010,0,MAT00015,P002,1000,54602.1,S,I1,243.0,EA,
100,5100000095,2024,000001,4500000095,00010,0,MAT00011,P003,1000,20879.04,S,I1,208.0,EA,
100,5100000096,2024,000001,4500000096,00010,0,MAT00012,P003,1000,60143.91,S,I1,139.0,EA,
100,5100000097,2024,000001,4500000097,00010,0,MAT00011,P003,1000,34978.0,S,I1,100.0,EA,
100,5100000097,2024,000002,4500000097,00020,0,MAT00003,P003,1000,13873.17,S,I1,41.0,EA,
100,5100000098,2024,000001,4500000098,00010,0,MAT00023,P003,1000,114794.26,S,I1,287.0,EA,
100,5100000098,2024,000002,4500000098,00020,0,MAT00008,P003,1000,6064.8,S,I1,112.0,EA,
100,5100000099,2024,000001,4500000099,00010,0,MAT00008,P001,1000,65205.14,S,I1,182.0,EA,
100,5100000100,2024,000001,4500000100,00010,0,MAT00017,P002,1000,215685.6,S,I1,496.0,EA,
100,5100000101,2024,000001,4500000101,00010,0,MAT00017,P003,1000,1905.7,S,I1,170.0,EA,
100,5100000102,2024,000001,4500000102,00010,0,MAT00002,P002,1000,30547.75,S,I1,71.0,EA,
100,5100000102,2024,000002,4500000102,00020,0,MAT00002,P002,1000,28273.44,S,I1,78.0,EA,
100,5100000103,2024,000001,4500000103,00010,0,MAT00001,P001,1000,29778.33,S,I1,69.0,EA,
100,5100000104,2024,000001,4500000104,00010,0,MAT00003,P003,1000,82261.74,S,I1,226.0,EA,
100,5100000105,2024,000001,4500000105,00010,0,MAT00008,P001,1000,141363.5,S,I1,425.0,EA,
100,5100000106,2024,000001,4500000106,00010,0,MAT00017,P001,1000,84220.0,S,I1,200.0,EA,
100,5100000107,2024,000001,4500000107,00010,0,MAT00014,P003,1000,23153.13,S,I1,273.0,EA,
100,5100000108,2024,000001,4500000108,00010,0,MAT00004,P001,1000,60495.66,S,I1,162.0,EA,
100,5100000108,2024,000002,4500000108,00020,0,MAT00013,P001,1000,51772.0,S,I1,175.0,EA,
100,5100000109,2024,000001,4500000109,00010,0,MAT00016,P003,1000,174345.91,S,I1,389.0,EA,
100,5100000109,2024,000002,4500000109,00020,0,MAT00014,P003,1000,3878.64,S,I1,12.0,EA,
100,5100000110,2024,000001,4500000110,00010,0,MAT00017,P001,1000,62747.56,S,I1,148.0,EA,
100,5100000111,2024,000001,4500000111,00010,0,MAT00018,P003,1000,22289.0,S,I1,124.0,EA,
100,5100000112,2024,000001,4500000112,00010,0,MAT00008,P002,1000,3136.12,S,I1,52.0,EA,
100,5100000112,2024,000002,4500000112,00020,0,MAT00013,P002,1000,30658.16,S,I1,82.0,EA,
100,5100000113,2024,000001,4500000113,00010,0,MAT00015,P001,1000,30116.79,S,I1,87.0,EA,
100,5100000114,2024,000001,4500000114,00010,0,MAT00004,P002,1000,15706.8,S,I1,40.0,EA,
100,5100000115,2024,000001,4500000115,00010,0,MAT00011,P002,1000,26790.4,S,I1,92.0,EA,
100,5100000115,2024,000002,4500000115,00020,0,MAT00001,P002,1000,31327.5,S,I1,125.0,EA,
100,5100000116,2024,000001,4500000116,00010,0,MAT00013,P001,1000,112930.87,S,I1,247.0,EA,
100,5100000117,2024,000001,4500000117,00010,0,MAT00008,P001,1000,17166.6,S,I1,459.0,EA,
100,5100000117,2024,000002,4500000117,00020,0,MAT00010,P001,1000,26405.15,S,I1,115.0,EA,
100,5100000118,2024,000001,4500000118,00010,0,MAT00005,P001,1000,71469.44,S,I1,424.0,EA,
100,5100000119,2024,000001,4500000119,00010,0,MAT00021,P002,1000,47278.44,S,I1,396.0,EA,
100,5100000120,2024,000001,4500000120,00010,0,MAT00020,P001,1000,37013.48,S,I1,469.0,EA,
100,5100000121,2024,000001,4500000121,00010,0,MAT00014,P003,1000,80727.28,S,I1,194.0,EA,
100,5100000121,2024,000002,4500000121,00020,0,MAT00007,P003,1000,1413.0,S,I1,36.0,EA,
100,5100000122,2024,000001,4500000122,00010,0,MAT00022,P003,1000,9865.78,S,I1,34.0,EA,
100,5100000123,2024,000001,4500000123,00010,0,MAT00003,P001,1000,95100.2,S,I1,395.0,EA,
100,5100000124,2024,000001,4500000124,00010,0,MAT00005,P001,1000,86417.1,S,I1,406.0,EA,
100,5100000124,2024,000002,4500000124,00020,0,MAT00012,P001,1000,2793.36,S,I1,12.0,EA,
100,5100000125,2024,000001,4500000125,00010,0,MAT00011,P001,1000,120759.75,S,I1,281.0,EA,
100,5100000126,2024,000001,4500000126,00010,0,MAT00018,P003,1000,102964.17,S,I1,331.0,EA,
100,5100000126,2024,000002,4500000126,00020,0,MAT00005,P003,1000,3517.2,S,I1,180.0,EA,
100,5100000127,2024,000001,4500000127,00010,0,MAT00014,P001,1000,7245.22,S,I1,193.0,EA,
100,5100000127,2024,000002,4500000127,00020,0,MAT00001,P001,1000,10152.54,S,I1,54.0,EA,
100,5100000128,2024,000001,4500000128,00010,0,MAT00012,P003,1000,26671.32,S,I1,417.0,EA,
100,5100000129,2024,000001,4500000129,00010,0,MAT00008,P003,1000,157270.96,S,I1,484.0,EA,
100,5100000130,2024,000001,4500000130,00010,0,MAT00010,P003,1000,160001.66,S,I1,494.0,EA,
100,5100000131,2024,000001,4500000131,00010,0,MAT00013,P002,1000,103637.1,S,I1,357.0,EA,
100,5100000132,2024,000001,4500000132,00010,0,MAT00009,P001,1000,9940.86,S,I1,54.0,EA,
100,5100000133,2024,000001,4500000133,00010,0,MAT00022,P002,1000,15428.88,S,I1,36.0,EA,
100,5100000134,2024,000001,4500000134,00010,0,MAT00015,P003,1000,110160.05,S,I1,385.0,EA,
100,5100000135,2024,000001,4500000135,00010,0,MAT00023,P003,1000,49025.32,S,I1,257.0,EA,
100,5100000135,2024,000002,4500000135,00020,0,MAT00006,P003,1000,12164.56,S,I1,151.0,EA,
100,5100000136,2024,000001,4500000136,00010,0,MAT00022,P001,1000,74548.56,S,I1,348.0,EA,
100,5100000137,2024,000001,4500000137,00010,0,MAT00010,P003,1000,11543.16,S,I1,107.0,EA,
100,5100000138,2024,000001,4500000138,00010,0,MAT00004,P001,1000,95147.55,S,I1,261.0,EA,
100,5100000139,2024,000001,4500000139,00010,0,MAT00005,P001,1000,67622.66,S,I1,478.0,EA,
100,5100000140,2024,000001,4500000140,00010,0,MAT00023,P001,1000,112655.07,S,I1,457.0,EA,
100,5100000141,2024,000001,4500000141,00010,0,MAT00001,P001,1000,140391.79,S,I1,287.0,EA,
100,5100000142,2024,000001,4500000142,00010,0,MAT00011,P001,1000,38702.37,S,I1,119.0,EA,
100,5100000142,2024,000002,4500000142,00020,0,MAT00008,P001,1000,2539.5,S,I1,150.0,EA,
100,5100000143,2024,000001,4500000143,00010,0,MAT00015,P002,1000,80346.42,S,I1,242.0,EA,
100,5100000144,2024,000001,4500000144,00010,0,MAT00009,P003,1000,47491.85,S,I1,203.0,EA,
100,5100000145,2024,000001,4500000145,00010,0,MAT00023,P003,1000,60854.0,S,I1,200.0,EA,
100,5100000146,2024,000001,4500000146,00010,0,MAT00023,P003,1000,124718.4,S,I1,360.0,EA,
100,5100000147,2024,000001,4500000147,00010,0,MAT00001,P003,1000,27412.02,S,I1,81.0,EA,
100,5100000148,2024,000001,4500000148,00010,0,MAT00021,P003,1000,140440.0,S,I1,400.0,EA,
100,5100000149,2024,000001,4500000149,00010,0,MAT00019,P003,1000,14928.76,S,I1,154.0,EA,
100,5100000150,2024,000001,4500000150,00010,0,MAT00002,P002,1000,123091.27,S,I1,389.0,EA,
100,5100000151,2024,000001,4500000151,00010,0,MAT00022,P002,1000,44319.6,S,I1,117.0,EA,
100,5100000152,2024,000001,4500000152,00010,0,MAT00016,P002,1000,8408.45,S,I1,167.0,EA,
100,5100000153,2024,000001,4500000153,00010,0,MAT00002,P001,1000,18566.55,S,I1,45.0,EA,
100,5100000154,2024,000001,4500000154,00010,0,MAT00023,P003,1000,52604.16,S,I1,152.0,EA,
100,5100000155,2024,000001,4500000155,00010,0,MAT00022,P003,1000,19849.98,S,I1,282.0,EA,
100,5100000156,2024,000001,4500000156,00010,0,MAT00007,P001,1000,10555.2,S,I1,288.0,EA,
100,5100000157,2024,000001,4500000157,00010,0,MAT00007,P002,1000,49851.36,S,I1,312.0,EA,
100,5100000158,2024,000001,4500000158,00010,0,MAT00016,P001,1000,44851.2,S,I1,160.0,EA,
100,5100000159,2024,000001,4500000159,00010,0,MAT00019,P003,1000,137828.88,S,I1,276.0,EA,
100,5100000159,2024,000002,4500000159,00020,0,MAT00011,P003,1000,20069.92,S,I1,52.0,EA,
100,5100000160,2024,000001,4500000160,00010,0,MAT00002,P003,1000,7831.82,S,I1,41.0,EA,
100,5100000161,2024,000001,4500000161,00010,0,MAT00019,P002,1000,62394.57,S,I1,189.0,EA,
100,5100000162,2024,000001,4500000162,00010,0,MAT00003,P002,1000,7317.24,S,I1,84.0,EA,
100,5100000163,2024,000001,4500000163,00010,0,MAT00005,P001,1000,5052.35,S,I1,37.0,EA,
100,5100000164,2024,000001,4500000164,00010,0,MAT00020,P003,1000,159834.7,S,I1,346.0,EA,
100,5100000165,2024,000001,4500000165,00010,0,MAT00003,P003,1000,2901.66,S,I1,274.0,EA,
100,5100000166,2024,000001,4500000166,00010,0,MAT00005,P003,1000,65503.38,S,I1,149.0,EA,
100,5100000167,2024,000001,4500000167,00010,0,MAT00009,P003,1000,49807.5,S,I1,145.0,EA,
100,5100000168,2024,000001,4500000168,00010,0,MAT00008,P003,1000,15286.31,S,I1,59.0,EA,
100,5100000169,2024,000001,4500000169,00010,0,MAT00020,P003,1000,14784.66,S,I1,38.0,EA,
100,5100000169,2024,000002,4500000169,00020,0,MAT00006,P003,1000,525.72,S,I1,52.0,EA,
100,5100000170,2024,000001,4500000170,00010,0,MAT00009,P003,1000,135932.2,S,I1,466.0,EA,
100,5100000171,2024,000001,4500000171,00010,0,MAT00013,P002,1000,68647.04,S,I1,176.0,EA,
100,5100000172,2024,000001,4500000172,00010,0,MAT00008,P003,1000,19467.0,S,I1,412.0,EA,
100,5100000173,2024,000001,4500000173,00010,0,MAT00008,P001,1000,157270.15,S,I1,461.0,EA,
100,5100000173,2024,000002,4500000173,00020,0,MAT00005,P001,1000,25113.31,S,I1,83.0,EA,
100,5100000174,2024,000001,4500000174,00010,0,MAT00011,P001,1000,11044.21,S,I1,59.0,EA,
100,5100000175,2024,000001,4500000175,00010,0,MAT00004,P003,1000,43651.86,S,I1,222.0,EA,
100,5100000176,2024,000001,4500000176,00010,0,MAT00002,P002,1000,73507.17,S,I1,319.0,EA,
100,5100000177,2024,000001,4500000177,00010,0,MAT00010,P003,1000,92354.1,S,I1,249.0,EA,
100,5100000178,2024,000001,4500000178,00010,0,MAT00008,P001,1000,109777.12,S,I1,358.0,EA,
100,5100000179,2024,000001,4500000179,00010,0,MAT00007,P003,1000,18062.96,S,I1,41.0,EA,
100,5100000180,2024,000001,4500000180,00010,0,MAT00021,P003,1000,2559.62,S,I1,94.0,EA,
100,5100000181,2024,000001,4500000181,00010,0,MAT00012,P002,1000,8686.44,S,I1,54.0,EA,
100,5100000181,2024,000002,4500000181,00020,0,MAT00008,P002,1000,37251.4,S,I1,190.0,EA,
100,5100000182,2024,000001,4500000182,00010,0,MAT00013,P003,1000,83152.24,S,I1,316.0,EA,
100,5100000183,2024,000001,4500000183,00010,0,MAT00007,P002,1000,10215.24,S,I1,21.0,EA,
100,5100000184,2024,000001,4500000184,00010,0,MAT00011,P002,1000,28522.89,S,I1,141.0,EA,
100,5100000185,2024,000001,4500000185,00010,0,MAT00017,P002,1000,268446.1,S,I1,481.0,EA,
100,5100000186,2024,000001,4500000186,00010,0,MAT00019,P001,1000,142944.05,S,I1,485.0,EA,
100,5100000187,2024,000001,4500000187,00010,0,MAT00005,P003,1000,150788.88,S,I1,396.0,EA,
100,5100000188,2024,000001,4500000188,00010,0,MAT00011,P003,1000,12337.5,S,I1,282.0,EA,
100,5100000189,2024,000001,4500000189,00010,0,MAT00022,P001,1000,71175.88,S,I1,254.0,EA,
100,5100000190,2024,000001,4500000190,00010,0,MAT00002,P003,1000,20961.0,S,I1,45.0,EA,
100,5100000191,2024,000001,4500000191,00010,0,MAT00003,P003,1000,98736.15,S,I1,365.0,EA,
100,5100000191,2024,000002,4500000191,00020,0,MAT00007,P003,1000,13285.62,S,I1,177.0,EA,
100,5100000192,2024,000001,4500000192,00010,0,MAT00019,P003,1000,64963.35,S,I1,135.0,EA,
100,5100000193,2024,000001,4500000193,00010,0,MAT00004,P002,1000,14809.86,S,I1,78.0,EA,
100,5100000194,2024,000001,4500000194,00010,0,MAT00020,P003,1000,180994.24,S,I1,392.0,EA,
100,5100000195,2024,000001,4500000195,00010,0,MAT00005,P002,1000,215069.58,S,I1,486.0,EA,
100,5100000196,2024,000001,4500000196,00010,0,MAT00016,P003,1000,82641.3,S,I1,290.0,EA,
100,5100000197,2024,000001,4500000197,00010,0,MAT00012,P001,1000,14027.84,S,I1,32.0,EA,
100,5100000198,2024,000001,4500000198,00010,0,MAT00007,P001,1000,90812.02,S,I1,247.0,EA,
100,5100000199,2024,000001,4500000199,00010,0,MAT00013,P003,1000,8378.55,S,I1,433.0,EA,
100,5100000200,2024,000001,4500000200,00010,0,MAT00017,P001,1000,7125.0,S,I1,375.0,EA,
100,5100000201,2024,000001,4500000201,00010,0,MAT00011,P002,1000,97575.2,S,I1,368.0,EA,
100,5100000202,2024,000001,4500000202,00010,0,MAT00010,P003,1000,42759.09,S,I1,81.0,EA,
100,5100000203,2024,000001,4500000203,00010,0,MAT00007,P003,1000,118990.08,S,I1,384.0,EA,
100,5100000204,2024,000001,4500000204,00010,0,MAT00016,P001,1000,11636.82,S,I1,26.0,EA,
100,5100000204,2024,000002,4500000204,00020,0,MAT00015,P001,1000,10324.93,S,I1,53.0,EA,
100,5100000205,2024,000001,4500000205,00010,0,MAT00017,P001,1000,32642.15,S,I1,205.0,EA,
100,5100000206,2024,000001,4500000206,00010,0,MAT00014,P003,1000,104246.88,S,I1,232.0,EA,
100,5100000206,2024,000002,4500000206,00020,0,MAT00012,P003,1000,25481.6,S,I1,80.0,EA,
100,5100000207,2024,000001,4500000207,00010,0,MAT00014,P001,1000,72871.5,S,I1,481.0,EA,
100,5100000208,2024,000001,4500000208,00010,0,MAT00003,P002,1000,88924.8,S,I1,314.0,EA,
100,5100000208,2024,000002,4500000208,00020,0,MAT00005,P002,1000,3094.0,S,I1,70.0,EA,
100,5100000209,2024,000001,4500000209,00010,0,MAT00013,P002,1000,42977.2,S,I1,280.0,EA,
100,5100000210,2024,000001,4500000210,00010,0,MAT00014,P001,1000,91328.22,S,I1,498.0,EA,
100,5100000210,2024,000002,4500000210,00020,0,MAT00002,P001,1000,13538.14,S,I1,149.0,EA,
100,5100000211,2024,000001,4500000211,00010,0,MAT00001,P002,1000,58909.08,S,I1,204.0,EA,
100,5100000212,2024,000001,4500000212,00010,0,MAT00002,P002,1000,96457.68,S,I1,342.0,EA,
100,5100000213,2024,000001,4500000213,00010,0,MAT00020,P003,1000,153862.6,S,I1,430.0,EA,
100,5100000214,2024,000001,4500000214,00010,0,MAT00007,P002,1000,65798.5,S,I1,170.0,EA,
100,5100000215,2024,000001,4500000215,00010,0,MAT00004,P002,1000,47759.0,S,I1,163.0,EA,
100,5100000216,2024,000001,4500000216,00010,0,MAT00007,P001,1000,209110.16,S,I1,472.0,EA,
100,5100000216,2024,000002,4500000216,00020,0,MAT00002,P001,1000,4030.4,S,I1,80.0,EA,
100,5100000217,2024,000001,4500000217,00010,0,MAT00015,P003,1000,92860.02,S,I1,386.0,EA,
100,5100000218,2024,000001,4500000218,00010,0,MAT00016,P002,1000,118185.48,S,I1,386.0,EA,
100,5100000219,2024,000001,4500000219,00010,0,MAT00011,P002,1000,125790.99,S,I1,221.0,EA,
100,5100000220,2024,000001,4500000220,00010,0,MAT00021,P002,1000,22977.24,S,I1,78.0,EA,
100,5100000220,2024,000002,4500000220,00020,0,MAT00010,P002,1000,44004.8,S,I1,160.0,EA,
100,5100000221,2024,000001,4500000221,00010,0,MAT00004,P003,1000,66417.96,S,I1,222.0,EA,
100,5100000222,2024,000001,4500000222,00010,0,MAT00005,P001,1000,35931.6,S,I1,81.0,EA,
100,5100000223,2024,000001,4500000223,00010,0,MAT00008,P001,1000,7708.8,S,I1,292.0,EA,
100,5100000224,2024,000001,4500000224,00010,0,MAT00022,P002,1000,4156.16,S,I1,272.0,EA,
100,5100000224,2024,000002,4500000224,00020,0,MAT00001,P002,1000,30141.44,S,I1,128.0,EA,
100,5100000225,2024,000001,4500000225,00010,0,MAT00009,P003,1000,28797.12,S,I1,96.0,EA,
100,5100000226,2024,000001,4500000226,00010,0,MAT00007,P003,1000,25399.2,S,I1,380.0,EA,
100,5100000226,2024,000002,4500000226,00020,0,MAT00014,P003,1000,11036.7,S,I1,90.0,EA,
100,5100000227,2024,000001,4500000227,00010,0,MAT00004,P002,1000,80450.04,S,I1,236.0,EA,
100,5100000228,2024,000001,4500000228,00010,0,MAT00002,P002,1000,155917.8,S,I1,470.0,EA,
100,5100000229,2024,000001,4500000229,00010,0,MAT00009,P001,1000,57326.91,S,I1,393.0,EA,
100,5100000229,2024,000002,4500000229,00020,0,MAT00015,P001,1000,7177.72,S,I1,44.0,EA,
100,5100000230,2024,000001,4500000230,00010,0,MAT00021,P001,1000,49777.23,S,I1,141.0,EA,
100,5100000231,2024,000001,4500000231,00010,0,MAT00011,P001,1000,163207.93,S,I1,499.0,EA,
100,5100000231,2024,000002,4500000231,00020,0,MAT00002,P001,1000,19214.08,S,I1,128.0,EA,
100,5100000232,2024,000001,4500000232,00010,0,MAT00018,P003,1000,14652.37,S,I1,37.0,EA,
100,5100000233,2024,000001,4500000233,00010,0,MAT00020,P002,1000,25523.1,S,I1,411.0,EA,
100,5100000234,2024,000001,4500000234,00010,0,MAT00014,P001,1000,13027.56,S,I1,91.0,EA,
100,5100000235,2024,000001,4500000235,00010,0,MAT00005,P003,1000,145305.2,S,I1,470.0,EA,
100,5100000236,2024,000001,4500000236,00010,0,MAT00021,P003,1000,5402.8,S,I1,65.0,EA,
100,5100000236,2024,000002,4500000236,00020,0,MAT00015,P003,1000,4114.17,S,I1,153.0,EA,
100,5100000237,2024,000001,4500000237,00010,0,MAT00014,P003,1000,7868.31,S,I1,123.0,EA,
100,5100000238,2024,000001,4500000238,00010,0,MAT00012,P002,1000,156166.4,S,I1,320.0,EA,
100,5100000239,2024,000001,4500000239,00010,0,MAT00019,P003,1000,133388.36,S,I1,266.0,EA,
100,5100000239,2024,000002,4500000239,00020,0,MAT00003,P003,1000,69631.5,S,I1,183.0,EA,
100,5100000240,2024,000001,4500000240,00010,0,MAT00007,P001,1000,17808.42,S,I1,327.0,EA,
100,5100000241,2024,000001,4500000241,00010,0,MAT00021,P002,1000,41939.1,S,I1,270.0,EA,
100,5100000242,2024,000001,4500000242,00010,0,MAT00011,P003,1000,114723.92,S,I1,244.0,EA,
100,5100000242,2024,000002,4500000242,00020,0,MAT00009,P003,1000,6248.88,S,I1,108.0,EA,
100,5100000243,2024,000001,4500000243,00010,0,MAT00003,P001,1000,9293.44,S,I1,64.0,EA,
100,5100000244,2024,000001,4500000244,00010,0,MAT00008,P001,1000,97408.08,S,I1,294.0,EA,
100,5100000245,2024,000001,4500000245,00010,0,MAT00005,P002,1000,27791.27,S,I1,313.0,EA,
100,5100000246,2024,000001,4500000246,00010,0,MAT00012,P003,1000,132487.12,S,I1,488.0,EA,
100,5100000247,2024,000001,4500000247,00010,0,MAT00019,P002,1000,102890.02,S,I1,454.0,EA,
100,5100000248,2024,000001,4500000248,00010,0,MAT00019,P003,1000,5750.22,S,I1,21.0,EA,
100,5100000248,2024,000002,4500000248,00020,0,MAT00007,P003,1000,11965.8,S,I1,77.0,EA,
100,5100000249,2024,000001,4500000249,00010,0,MAT00014,P002,1000,5814.12,S,I1,52.0,EA,
100,5100000250,2024,000001,4500000250,00010,0,MAT00010,P001,1000,74876.67,S,I1,297.0,EA,
100,5100000251,2024,000001,4500000251,00010,0,MAT00001,P003,1000,21221.9,S,I1,497.0,EA,
100,5100000252,2024,000001,4500000252,00010,0,MAT00021,P002,1000,147193.2,S,I1,270.0,EA,
100,5100000253,2024,000001,4500000253,00010,0,MAT00012,P001,1000,5143.8,S,I1,60.0,EA,
100,5100000254,2024,000001,4500000254,00010,0,MAT00006,P003,1000,25563.14,S,I1,73.0,EA,
100,5100000255,2024,000001,4500000255,00010,0,MAT00016,P001,1000,2703.38,S,I1,158.0,EA,
100,5100000256,2024,000001,4500000256,00010,0,MAT00017,P003,1000,1977.61,S,I1,17.0,EA,
100,5100000257,2024,000001,4500000257,00010,0,MAT00004,P003,1000,67031.75,S,I1,265.0,EA,
100,5100000258,2024,000001,4500000258,00010,0,MAT00010,P001,1000,3091.3,S,I1,190.0,EA,
100,5100000259,2024,000001,4500000259,00010,0,MAT00011,P001,1000,27045.64,S,I1,124.0,EA,
100,5100000260,2024,000001,4500000260,00010,0,MAT00003,P001,1000,71885.3,S,I1,197.0,EA,
100,5100000261,2024,000001,4500000261,00010,0,MAT00014,P003,1000,97091.8,S,I1,428.0,EA,
100,5100000262,2024,000001,4500000262,00010,0,MAT00016,P002,1000,41645.79,S,I1,139.0,EA,
100,5100000263,2024,000001,4500000263,00010,0,MAT00022,P002,1000,8414.06,S,I1,163.0,EA,
100,5100000263,2024,000002,4500000263,00020,0,MAT00005,P002,1000,1738.62,S,I1,9.0,EA,
100,5100000264,2024,000001,4500000264,00010,0,MAT00006,P003,1000,107998.26,S,I1,254.0,EA,
100,5100000264,2024,000002,4500000264,00020,0,MAT00010,P003,1000,2573.04,S,I1,71.0,EA,
100,5100000265,2024,000001,4500000265,00010,0,MAT00014,P003,1000,89108.88,S,I1,232.0,EA,
100,5100000266,2024,000001,4500000266,00010,0,MAT00017,P003,1000,48096.0,S,I1,128.0,EA,
100,5100000267,2024,000001,4500000267,00010,0,MAT00001,P001,1000,122941.04,S,I1,248.0,EA,
100,5100000268,2024,000001,4500000268,00010,0,MAT00011,P001,1000,152264.88,S,I1,449.0,EA,
100,5100000269,2024,000001,4500000269,00010,0,MAT00008,P002,1000,46584.96,S,I1,96.0,EA,
100,5100000270,2024,000001,4500000270,00010,0,MAT00010,P002,1000,154760.06,S,I1,422.0,EA,
100,5100000270,2024,000002,4500000270,00020,0,MAT00007,P002,1000,81481.02,S,I1,186.0,EA,
100,5100000271,2024,000001,4500000271,00010,0,MAT00011,P002,1000,12271.32,S,I1,89.0,EA,
100,5100000272,2024,000001,4500000272,00010,0,MAT00004,P002,1000,202245.0,S,I1,485.0,EA,
100,5100000273,2024,000001,4500000273,00010,0,MAT00013,P002,1000,425.2,S,I1,20.0,EA,
100,5100000274,2024,000001,4500000274,00010,0,MAT00015,P001,1000,44532.05,S,I1,103.0,EA,
100,5100000274,2024,000002,4500000274,00020,0,MAT00005,P001,1000,12325.95,S,I1,147.0,EA,
100,5100000275,2024,000001,4500000275,00010,0,MAT00022,P002,1000,69468.21,S,I1,217.0,EA,
100,5100000276,2024,000001,4500000276,00010,0,MAT00009,P003,1000,32841.6,S,I1,440.0,EA,
100,5100000276,2024,000002,4500000276,00020,0,MAT00005,P003,1000,20389.65,S,I1,181.0,EA,
100,5100000277,2024,000001,4500000277,00010,0,MAT00016,P001,1000,111473.6,S,I1,224.0,EA,
100,5100000278,2024,000001,4500000278,00010,0,MAT00019,P003,1000,38013.28,S,I1,386.0,EA,
100,5100000279,2024,000001,4500000279,00010,0,MAT00015,P001,1000,6307.47,S,I1,13.0,EA,
100,5100000280,2024,000001,4500000280,00010,0,MAT00001,P001,1000,67711.77,S,I1,207.0,EA,
100,5100000281,2024,000001,4500000281,00010,0,MAT00003,P002,1000,32223.04,S,I1,101.0,EA,
100,5100000281,2024,000002,4500000281,00020,0,MAT00008,P002,1000,25205.12,S,I1,64.0,EA,
100,5100000282,2024,000001,4500000282,00010,0,MAT00022,P002,1000,12834.5,S,I1,50.0,EA,
100,5100000283,2024,000001,4500000283,00010,0,MAT00007,P002,1000,29191.6,S,I1,437.0,EA,
100,5100000283,2024,000002,4500000283,00020,0,MAT00010,P002,1000,23950.5,S,I1,75.0,EA,
100,5100000284,2024,000001,4500000284,00010,0,MAT00021,P003,1000,57413.25,S,I1,237.0,EA,
100,5100000285,2024,000001,4500000285,00010,0,MAT00004,P001,1000,108259.62,S,I1,294.0,EA,
100,5100000286,2024,000001,4500000286,00010,0,MAT00004,P003,1000,51462.5,S,I1,230.0,EA,
100,5100000287,2024,000001,4500000287,00010,0,MAT00010,P003,1000,49960.8,S,I1,486.0,EA,
100,5100000288,2024,000001,4500000288,00010,0,MAT00012,P001,1000,71073.45,S,I1,405.0,EA,
100,5100000289,2024,000001,4500000289,00010,0,MAT00023,P003,1000,185280.4,S,I1,380.0,EA,
100,5100000290,2024,000001,4500000290,00010,0,MAT00011,P001,1000,187656.2,S,I1,485.0,EA,
100,5100000291,2024,000001,4500000291,00010,0,MAT00008,P001,1000,207023.0,S,I1,460.0,EA,
100,5100000292,2024,000001,4500000292,00010,0,MAT00019,P003,1000,88406.46,S,I1,334.0,EA,
100,5100000292,2024,000002,4500000292,00020,0,MAT00003,P003,1000,26129.42,S,I1,142.0,EA,
100,5100000293,2024,000001,4500000293,00010,0,MAT00017,P003,1000,74326.0,S,I1,280.0,EA,
100,5100000294,2024,000001,4500000294,00010,0,MAT00010,P003,1000,200317.05,S,I1,405.0,EA,
100,5100000295,2024,000001,4500000295,00010,0,MAT00014,P001,1000,108295.2,S,I1,445.0,EA,
100,5100000295,2024,000002,4500000295,00020,0,MAT00012,P001,1000,37572.04,S,I1,187.0,EA,
100,5100000296,2024,000001,4500000296,00010,0,MAT00002,P001,1000,64117.1,S,I1,305.0,EA,
100,5100000297,2024,000001,4500000297,00010,0,MAT00002,P001,1000,102548.61,S,I1,411.0,EA,
100,5100000298,2024,000001,4500000298,00010,0,MAT00015,P001,1000,18793.08,S,I1,54.0,EA,
100,5100000299,2024,000001,4500000299,00010,0,MAT00007,P003,1000,104331.78,S,I1,378.0,EA,
100,5100000300,2024,000001,4500000300,00010,0,MAT00014,P002,1000,10756.2,S,I1,197.0,EA,
100,5100000301,2024,000001,4500000301,00010,0,MAT00005,P002,1000,15974.42,S,I1,451.0,EA,
100,5100000301,2024,000002,4500000301,00020,0,MAT00007,P002,1000,382.86,S,I1,18.0,EA,
100,5100000302,2024,000001,4500000302,00010,0,MAT00018,P001,1000,103620.0,S,I1,314.0,EA,
100,5100000303,2024,000001,4500000303,00010,0,MAT00018,P002,1000,146762.88,S,I1,352.0,EA,
100,5100000304,2024,000001,4500000304,00010,0,MAT00020,P002,1000,3597.0,S,I1,327.0,EA,
100,5100000305,2024,000001,4500000305,00010,0,MAT00013,P002,1000,15795.37,S,I1,71.0,EA,
100,5100000306,2024,000001,4500000306,00010,0,MAT00001,P003,1000,9337.6,S,I1,64.0,EA,
100,5100000307,2024,000001,4500000307,00010,0,MAT00007,P003,1000,106837.83,S,I1,311.0,EA,
100,5100000308,2024,000001,4500000308,00010,0,MAT00009,P003,1000,35150.02,S,I1,202.0,EA,
100,5100000309,2024,000001,4500000309,00010,0,MAT00009,P002,1000,172466.8,S,I1,418.0,EA,
100,5100000310,2024,000001,4500000310,00010,0,MAT00020,P002,1000,1316.46,S,I1,37.0,EA,
100,5100000310,2024,000002,4500000310,00020,0,MAT00010,P002,1000,6596.5,S,I1,25.0,EA,
100,5100000311,2024,000001,4500000311,00010,0,MAT00012,P003,1000,29443.92,S,I1,228.0,EA,
100,5100000312,2024,000001,4500000312,00010,0,MAT00017,P001,1000,158048.56,S,I1,488.0,EA,
100,5100000313,2024,000001,4500000313,00010,0,MAT00021,P002,1000,40169.92,S,I1,316.0,EA,
100,5100000314,2024,000001,4500000314,00010,0,MAT00007,P001,1000,63896.62,S,I1,362.0,EA,
100,5100000315,2024,000001,4500000315,00010,0,MAT00023,P003,1000,41568.0,S,I1,400.0,EA,
100,5100000316,2024,000001,4500000316,00010,0,MAT00003,P003,1000,10887.24,S,I1,42.0,EA,
100,5100000317,2024,000001,4500000317,00010,0,MAT00007,P003,1000,14638.75,S,I1,125.0,EA,
100,5100000318,2024,000001,4500000318,00010,0,MAT00014,P003,1000,48222.0,S,I1,190.0,EA,
100,5100000319,2024,000001,4500000319,00010,0,MAT00008,P003,1000,3136.35,S,I1,29.0,EA,
100,5100000320,2024,000001,4500000320,00010,0,MAT00016,P002,1000,24843.95,S,I1,205.0,EA,
100,5100000321,2024,000001,4500000321,00010,0,MAT00019,P001,1000,196511.81,S,I1,407.0,EA,
100,5100000322,2024,000001,4500000322,00010,0,MAT00013,P003,1000,48285.36,S,I1,199.0,EA,
100,5100000323,2024,000001,4500000323,00010,0,MAT00007,P001,1000,1678.6,S,I1,44.0,EA,
100,5100000323,2024,000002,4500000323,00020,0,MAT00015,P001,1000,10556.58,S,I1,174.0,EA,
100,5100000324,2024,000001,4500000324,00010,0,MAT00003,P001,1000,49405.32,S,I1,171.0,EA,
100,5100000325,2024,000001,4500000325,00010,0,MAT00006,P001,1000,28862.0,S,I1,100.0,EA,
100,5100000326,2024,000001,4500000326,00010,0,MAT00014,P001,1000,61006.68,S,I1,258.0,EA,
100,5100000327,2024,000001,4500000327,00010,0,MAT00005,P003,1000,129423.82,S,I1,421.0,EA,
100,5100000328,2024,000001,4500000328,00010,0,MAT00013,P001,1000,4661.76,S,I1,12.0,EA,
100,5100000329,2024,000001,4500000329,00010,0,MAT00002,P001,1000,57779.6,S,I1,170.0,EA,
100,5100000330,2024,000001,4500000330,00010,0,MAT00021,P001,1000,81467.1,S,I1,211.0,EA,
100,5100000330,2024,000002,4500000330,00020,0,MAT00006,P001,1000,52896.48,S,I1,196.0,EA,
100,5100000331,2024,000001,4500000331,00010,0,MAT00002,P002,1000,21159.08,S,I1,109.0,EA,
100,5100000332,2024,000001,4500000332,00010,0,MAT00011,P002,1000,152475.9,S,I1,454.0,EA,
100,5100000332,2024,000002,4500000332,00020,0,MAT00004,P002,1000,5953.2,S,I1,15.0,EA,
100,5100000333,2024,000001,4500000333,00010,0,MAT00010,P002,1000,47152.31,S,I1,109.0,EA,
100,5100000334,2024,000001,4500000334,00010,0,MAT00003,P001,1000,27001.29,S,I1,281.0,EA,
100,5100000334,2024,000002,4500000334,00020,0,MAT00015,P001,1000,630.42,S,I1,42.0,EA,
100,5100000335,2024,000001,4500000335,00010,0,MAT00019,P001,1000,146768.76,S,I1,388.0,EA,
100,5100000336,2024,000001,4500000336,00010,0,MAT00009,P003,1000,38434.09,S,I1,131.0,EA,
100,5100000337,2024,000001,4500000337,00010,0,MAT00019,P003,1000,160915.45,S,I1,439.0,EA,
100,5100000337,2024,000002,4500000337,00020,0,MAT00008,P003,1000,186.2,S,I1,5.0,EA,
100,5100000338,2024,000001,4500000338,00010,0,MAT00015,P001,1000,153250.5,S,I1,377.0,EA,
100,5100000339,2024,000001,4500000339,00010,0,MAT00001,P002,1000,145709.35,S,I1,295.0,EA,
100,5100000340,2024,000001,4500000340,00010,0,MAT00013,P001,1000,13799.51,S,I1,59.0,EA,
100,5100000341,2024,000001,4500000341,00010,0,MAT00001,P001,1000,126952.49,S,I1,371.0,EA,
100,5100000342,2024,000001,4500000342,00010,0,MAT00005,P003,1000,208243.42,S,I1,418.0,EA,
100,5100000342,2024,000002,4500000342,00020,0,MAT00002,P003,1000,10332.66,S,I1,26.0,EA,
100,5100000343,2024,000001,4500000343,00010,0,MAT00003,P003,1000,117471.38,S,I1,386.0,EA,
100,5100000343,2024,000002,4500000343,00020,0,MAT00006,P003,1000,55950.99,S,I1,149.0,EA,
100,5100000344,2024,000001,4500000344,00010,0,MAT00017,P002,1000,64581.8,S,I1,274.0,EA,
100,5100000344,2024,000002,4500000344,00020,0,MAT00012,P002,1000,11564.33,S,I1,29.0,EA,
100,5100000345,2024,000001,4500000345,00010,0,MAT00006,P003,1000,163850.76,S,I1,492.0,EA,
100,5100000346,2024,000001,4500000346,00010,0,MAT00004,P003,1000,74412.0,S,I1,468.0,EA,
100,5100000347,2024,000001,4500000347,00010,0,MAT00022,P003,1000,195694.06,S,I1,422.0,EA,
100,5100000348,2024,000001,4500000348,00010,0,MAT00010,P001,1000,152233.8,S,I1,349.0,EA,
100,5100000349,2024,000001,4500000349,00010,0,MAT00019,P002,1000,63978.42,S,I1,354.0,EA,
100,5100000350,2024,000001,4500000350,00010,0,MAT00007,P003,1000,27617.38,S,I1,98.0,EA,
100,5100000351,2024,000001,4500000351,00010,0,MAT00014,P002,1000,125387.22,S,I1,474.0,EA,
100,5100000352,2024,000001,4500000352,00010,0,MAT00019,P001,1000,14628.6,S,I1,315.0,EA,
100,5100000353,2024,000001,4500000353,00010,0,MAT00023,P002,1000,126245.04,S,I1,412.0,EA,
100,5100000353,2024,000002,4500000353,00020,0,MAT00007,P002,1000,4674.06,S,I1,18.0,EA,
100,5100000354,2024,000001,4500000354,00010,0,MAT00019,P001,1000,153219.65,S,I1,353.0,EA,
100,5100000355,2024,000001,4500000355,00010,0,MAT00002,P002,1000,109749.64,S,I1,308.0,EA,
100,5100000356,2024,000001,4500000356,00010,0,MAT00003,P001,1000,14222.26,S,I1,38.0,EA,
100,5100000357,2024,000001,4500000357,00010,0,MAT00008,P003,1000,21293.4,S,I1,230.0,EA,
100,5100000358,2024,000001,4500000358,00010,0,MAT00010,P001,1000,42365.82,S,I1,114.0,EA,
100,5100000359,2024,000001,4500000359,00010,0,MAT00013,P002,1000,28810.82,S,I1,107.0,EA,
100,5100000360,2024,000001,4500000360,00010,0,MAT00015,P003,1000,4831.6,S,I1,376.0,EA,
100,5100000361,2024,000001,4500000361,00010,0,MAT00016,P002,1000,27218.16,S,I1,72.0,EA,
100,5100000362,2024,000001,4500000362,00010,0,MAT00014,P002,1000,11009.5,S,I1,50.0,EA,
100,5100000362,2024,000002,4500000362,00020,0,MAT00012,P002,1000,36504.51,S,I1,147.0,EA,
100,5100000363,2024,000001,4500000363,00010,0,MAT00002,P003,1000,173061.78,S,I1,353.0,EA,
100,5100000364,2024,000001,4500000364,00010,0,MAT00002,P002,1000,25168.08,S,I1,168.0,EA,
100,5100000365,2024,000001,4500000365,00010,0,MAT00019,P002,1000,37150.68,S,I1,329.0,EA,
100,5100000365,2024,000002,4500000365,00020,0,MAT00009,P002,1000,16075.08,S,I1,126.0,EA,
100,5100000366,2024,000001,4500000366,00010,0,MAT00021,P002,1000,127278.9,S,I1,267.0,EA,
100,5100000367,2024,000001,4500000367,00010,0,MAT00006,P003,1000,57548.92,S,I1,286.0,EA,
100,5100000368,2024,000001,4500000368,00010,0,MAT00018,P002,1000,41463.0,S,I1,271.0,EA,
100,5100000369,2024,000001,4500000369,00010,0,MAT00014,P002,1000,202831.1,S,I1,410.0,EA,
100,5100000370,2024,000001,4500000370,00010,0,MAT00014,P001,1000,59480.3,S,I1,253.0,EA,
100,5100000370,2024,000002,4500000370,00020,0,MAT00004,P001,1000,723.9,S,I1,19.0,EA,
100,5100000371,2024,000001,4500000371,00010,0,MAT00001,P002,1000,38962.98,S,I1,357.0,EA,
100,5100000372,2024,000001,4500000372,00010,0,MAT00004,P001,1000,1319.01,S,I1,11.0,EA,
100,5100000372,2024,000002,4500000372,00020,0,MAT00004,P001,1000,9569.5,S,I1,25.0,EA,
100,5100000373,2024,000001,4500000373,00010,0,MAT00022,P003,1000,36412.09,S,I1,143.0,EA,
100,5100000373,2024,000002,4500000373,00020,0,MAT00013,P003,1000,63903.45,S,I1,195.0,EA,
100,5100000374,2024,000001,4500000374,00010,0,MAT00020,P002,1000,55277.64,S,I1,198.0,EA,
100,5100000375,2024,000001,4500000375,00010,0,MAT00004,P003,1000,166796.04,S,I1,426.0,EA,
100,5100000376,2024,000001,4500000376,00010,0,MAT00023,P002,1000,18289.38,S,I1,62.0,EA,
100,5100000377,2024,000001,4500000377,00010,0,MAT00017,P002,1000,74323.44,S,I1,228.0,EA,
100,5100000378,2024,000001,4500000378,00010,0,MAT00019,P003,1000,18928.94,S,I1,218.0,EA,
100,5100000379,2024,000001,4500000379,00010,0,MAT00021,P002,1000,132051.44,S,I1,404.0,EA,
100,5100000380,2024,000001,4500000380,00010,0,MAT00007,P003,1000,69375.52,S,I1,142.0,EA,
100,5100000381,2024,000001,4500000381,00010,0,MAT00023,P003,1000,73807.83,S,I1,257.0,EA,
100,5100000382,2024,000001,4500000382,00010,0,MAT00015,P003,1000,178410.44,S,I1,316.0,EA,
100,5100000383,2024,000001,4500000383,00010,0,MAT00003,P001,1000,5281.2,S,I1,54.0,EA,
100,5100000384,2024,000001,4500000384,00010,0,MAT00012,P003,1000,66446.04,S,I1,193.0,EA,
100,5100000385,2024,000001,4500000385,00010,0,MAT00015,P001,1000,169577.64,S,I1,369.0,EA,
100,5100000386,2024,000001,4500000386,00010,0,MAT00019,P003,1000,103578.65,S,I1,469.0,EA,
100,5100000386,2024,000002,4500000386,00020,0,MAT00007,P003,1000,8314.32,S,I1,21.0,EA,
100,5100000387,2024,000001,4500000387,00010,0,MAT00023,P003,1000,2988.87,S,I1,201.0,EA,
100,5100000388,2024,000001,4500000388,00010,0,MAT00017,P003,1000,94768.2,S,I1,323.0,EA,
100,5100000389,2024,000001,4500000389,00010,0,MAT00010,P002,1000,127380.15,S,I1,255.0,EA,
100,5100000390,2024,000001,4500000390,00010,0,MAT00022,P002,1000,213323.6,S,I1,470.0,EA,
100,5100000391,2024,000001,4500000391,00010,0,MAT00007,P003,1000,20846.54,S,I1,197.0,EA,
100,5100000392,2024,000001,4500000392,00010,0,MAT00014,P003,1000,167526.06,S,I1,397.0,EA,
100,5100000393,2024,000001,4500000393,00010,0,MAT00013,P002,1000,44022.93,S,I1,123.0,EA,
100,5100000394,2024,000001,4500000394,00010,0,MAT00021,P003,1000,69970.5,S,I1,450.0,EA,
100,5100000395,2024,000001,4500000395,00010,0,MAT00003,P002,1000,50372.61,S,I1,201.0,EA,
100,5100000396,2024,000001,4500000396,00010,0,MAT00004,P001,1000,3787.84,S,I1,304.0,EA,
100,5100000397,2024,000001,4500000397,00010,0,MAT00009,P003,1000,50721.63,S,I1,181.0,EA,
100,5100000398,2024,000001,4500000398,00010,0,MAT00006,P003,1000,96410.09,S,I1,443.0,EA,
100,5100000399,2024,000001,4500000399,00010,0,MAT00001,P003,1000,73745.42,S,I1,398.0,EA,
100,5100000400,2024,000001,4500000400,00010,0,MAT00013,P002,1000,33329.79,S,I1,117.0,EA,
100,5100000401,2024,000001,4500000401,00010,0,MAT00020,P001,1000,43703.64,S,I1,292.0,EA,
100,5100000401,2024,000002,4500000401,00020,0,MAT00013,P001,1000,10955.54,S,I1,86.0,EA,
100,5100000402,2024,000001,4500000402,00010,0,MAT00001,P001,1000,10428.4,S,I1,62.0,EA,
100,5100000403,2024,000001,4500000403,00010,0,MAT00005,P002,1000,163723.68,S,I1,432.0,EA,
100,5100000404,2024,000001,4500000404,00010,0,MAT00012,P002,1000,150377.37,S,I1,429.0,EA,
100,5100000405,2024,000001,4500000405,00010,0,MAT00023,P003,1000,138890.51,S,I1,257.0,EA,
100,5100000406,2024,000001,4500000406,00010,0,MAT00001,P003,1000,65641.59,S,I1,243.0,EA,
100,5100000407,2024,000001,4500000407,00010,0,MAT00021,P002,1000,31927.28,S,I1,154.0,EA,
100,5100000408,2024,000001,4500000408,00010,0,MAT00008,P003,1000,48827.22,S,I1,118.0,EA,
100,5100000409,2024,000001,4500000409,00010,0,MAT00023,P002,1000,4479.2,S,I1,44.0,EA,
100,5100000409,2024,000002,4500000409,00020,0,MAT00013,P002,1000,41323.86,S,I1,171.0,EA,
100,5100000410,2024,000001,4500000410,00010,0,MAT00005,P003,1000,85990.38,S,I1,371.0,EA,
100,5100000411,2024,000001,4500000411,00010,0,MAT00022,P002,1000,17306.92,S,I1,82.0,EA,
100,5100000412,2024,000001,4500000412,00010,0,MAT00017,P002,1000,141480.82,S,I1,299.0,EA,
100,5100000413,2024,000001,4500000413,00010,0,MAT00015,P002,1000,53353.44,S,I1,336.0,EA,
100,5100000413,2024,000002,4500000413,00020,0,MAT00001,P002,1000,1199.0,S,I1,100.0,EA,
100,5100000414,2024,000001,4500000414,00010,0,MAT00005,P001,1000,28297.62,S,I1,117.0,EA,
100,5100000414,2024,000002,4500000414,00020,0,MAT00007,P001,1000,18600.49,S,I1,137.0,EA,
100,5100000415,2024,000001,4500000415,00010,0,MAT00014,P003,1000,89904.5,S,I1,350.0,EA,
100,5100000416,2024,000001,4500000416,00010,0,MAT00019,P003,1000,79247.88,S,I1,276.0,EA,
100,5100000417,2024,000001,4500000417,00010,0,MAT00010,P002,1000,14913.2,S,I1,40.0,EA,
100,5100000418,2024,000001,4500000418,00010,0,MAT00004,P003,1000,116737.11,S,I1,441.0,EA,
100,5100000419,2024,000001,4500000419,00010,0,MAT00022,P002,1000,1668.03,S,I1,21.0,EA,
100,5100000420,2024,000001,4500000420,00010,0,MAT00015,P002,1000,5615.28,S,I1,24.0,EA,
100,5100000421,2024,000001,4500000421,00010,0,MAT00012,P003,1000,8082.24,S,I1,96.0,EA,
100,5100000421,2024,000002,4500000421,00020,0,MAT00012,P003,1000,58108.26,S,I1,186.0,EA,
100,5100000422,2024,000001,4500000422,00010,0,MAT00022,P003,1000,149814.0,S,I1,406.0,EA,
100,5100000423,2024,000001,4500000423,00010,0,MAT00013,P001,1000,14441.76,S,I1,108.0,EA,
100,5100000424,2024,000001,4500000424,00010,0,MAT00019,P001,1000,167947.84,S,I1,368.0,EA,
100,5100000425,2024,000001,4500000425,00010,0,MAT00017,P003,1000,37481.79,S,I1,123.0,EA,
100,5100000426,2024,000001,4500000426,00010,0,MAT00013,P003,1000,138850.64,S,I1,296.0,EA,
100,5100000427,2024,000001,4500000427,00010,0,MAT00003,P001,1000,93957.27,S,I1,303.0,EA,
100,5100000428,2024,000001,4500000428,00010,0,MAT00007,P001,1000,4678.94,S,I1,19.0,EA,
100,5100000429,2024,000001,4500000429,00010,0,MAT00008,P002,1000,45527.46,S,I1,121.0,EA,
100,5100000429,2024,000002,4500000429,00020,0,MAT00011,P002,1000,71465.75,S,I1,179.0,EA,
100,5100000430,2024,000001,4500000430,00010,0,MAT00023,P002,1000,56531.76,S,I1,436.0,EA,
100,5100000431,2024,000001,4500000431,00010,0,MAT00012,P003,1000,86885.7,S,I1,226.0,EA,
100,5100000432,2024,000001,4500000432,00010,0,MAT00008,P002,1000,7869.81,S,I1,221.0,EA,
100,5100000433,2024,000001,4500000433,00010,0,MAT00004,P003,1000,79007.56,S,I1,218.0,EA,
100,5100000434,2024,000001,4500000434,00010,0,MAT00012,P001,1000,128063.1,S,I1,330.0,EA,
100,5100000435,2024,000001,4500000435,00010,0,MAT00020,P003,1000,53788.0,S,I1,136.0,EA,
100,5100000435,2024,000002,4500000435,00020,0,MAT00008,P003,1000,3110.48,S,I1,118.0,EA,
100,5100000436,2024,000001,4500000436,00010,0,MAT00017,P003,1000,120304.92,S,I1,289.0,EA,
100,5100000437,2024,000001,4500000437,00010,0,MAT00012,P003,1000,7093.89,S,I1,23.0,EA,
100,5100000438,2024,000001,4500000438,00010,0,MAT00018,P003,1000,8450.4,S,I1,35.0,EA,
100,5100000439,2024,000001,4500000439,00010,0,MAT00012,P002,1000,8813.91,S,I1,47.0,EA,
100,5100000440,2024,000001,4500000440,00010,0,MAT00003,P002,1000,99802.68,S,I1,292.0,EA,
100,5100000440,2024,000002,4500000440,00020,0,MAT00003,P002,1000,14467.86,S,I1,198.0,EA,
100,5100000441,2024,000001,4500000441,00010,0,MAT00015,P001,1000,63583.25,S,I1,419.0,EA,
100,5100000441,2024,000002,4500000441,00020,0,MAT00006,P001,1000,18962.58,S,I1,91.0,EA,
100,5100000442,2024,000001,4500000442,00010,0,MAT00011,P002,1000,209241.01,S,I1,473.0,EA,
100,5100000443,2024,000001,4500000443,00010,0,MAT00008,P002,1000,72852.06,S,I1,281.0,EA,
100,5100000444,2024,000001,4500000444,00010,0,MAT00015,P002,1000,31634.2,S,I1,460.0,EA,
100,5100000445,2024,000001,4500000445,00010,0,MAT00023,P003,1000,66070.41,S,I1,399.0,EA,
100,5100000446,2024,000001,4500000446,00010,0,MAT00001,P001,1000,110591.1,S,I1,309.0,EA,
100,5100000446,2024,000002,4500000446,00020,0,MAT00015,P001,1000,12348.54,S,I1,62.0,EA,
100,5100000447,2024,000001,4500000447,00010,0,MAT00022,P002,1000,159842.3,S,I1,479.0,EA,
100,5100000448,2024,000001,4500000448,00010,0,MAT00009,P001,1000,46614.45,S,I1,227.0,EA,
100,5100000449,2024,000001,4500000449,00010,0,MAT00001,P003,1000,176287.75,S,I1,457.0,EA,
100,5100000450,2024,000001,4500000450,00010,0,MAT00018,P002,1000,9415.4,S,I1,20.0,EA,
100,5100000450,2024,000002,4500000450,00020,0,MAT00014,P002,1000,41958.48,S,I1,158.0,EA,
100,5100000451,2024,000001,4500000451,00010,0,MAT00007,P001,1000,5606.28,S,I1,261.0,EA,
100,5100000452,2024,000001,4500000452,00010,0,MAT00013,P003,1000,218503.04,S,I1,476.0,EA,
100,5100000453,2024,000001,4500000453,00010,0,MAT00003,P001,1000,112100.38,S,I1,266.0,EA,
100,5100000454,2024,000001,4500000454,00010,0,MAT00021,P003,1000,69619.42,S,I1,247.0,EA,
100,5100000455,2024,000001,4500000455,00010,0,MAT00005,P002,1000,33857.88,S,I1,68.0,EA,
100,5100000456,2024,000001,4500000456,00010,0,MAT00011,P002,1000,40092.14,S,I1,242.0,EA,
100,5100000457,2024,000001,4500000457,00010,0,MAT00003,P003,1000,3028.68,S,I1,179.0,EA,
100,5100000458,2024,000001,4500000458,00010,0,MAT00005,P002,1000,57829.86,S,I1,198.0,EA,
100,5100000459,2024,000001,4500000459,00010,0,MAT00011,P002,1000,65075.76,S,I1,284.0,EA,
100,5100000460,2024,000001,4500000460,00010,0,MAT00021,P003,1000,45053.82,S,I1,189.0,EA,
100,5100000460,2024,000002,4500000460,00020,0,MAT00004,P003,1000,786.3,S,I1,6.0,EA,
100,5100000461,2024,000001,4500000461,00010,0,MAT00019,P002,1000,159580.2,S,I1,499.0,EA,
100,5100000462,2024,000001,4500000462,00010,0,MAT00021,P001,1000,136247.99,S,I1,277.0,EA,
100,5100000462,2024,000002,4500000462,00020,0,MAT00001,P001,1000,5971.86,S,I1,18.0,EA,
100,5100000463,2024,000001,4500000463,00010,0,MAT00009,P003,1000,101139.84,S,I1,288.0,EA,
100,5100000464,2024,000001,4500000464,00010,0,MAT00010,P001,1000,12812.4,S,I1,36.0,EA,
100,5100000465,2024,000001,4500000465,00010,0,MAT00016,P002,1000,103320.52,S,I1,388.0,EA,
100,5100000466,2024,000001,4500000466,00010,0,MAT00009,P002,1000,121663.08,S,I1,462.0,EA,
100,5100000466,2024,000002,4500000466,00020,0,MAT00006,P002,1000,2289.0,S,I1,175.0,EA,
100,5100000467,2024,000001,4500000467,00010,0,MAT00013,P003,1000,110823.44,S,I1,364.0,EA,
100,5100000468,2024,000001,4500000468,00010,0,MAT00003,P003,1000,40222.8,S,I1,180.0,EA,
100,5100000468,2024,000002,4500000468,00020,0,MAT00003,P003,1000,52977.07,S,I1,139.0,EA,
100,5100000469,2024,000001,4500000469,00010,0,MAT00005,P002,1000,151566.56,S,I1,412.0,EA,
100,5100000470,2024,000001,4500000470,00010,0,MAT00003,P003,1000,5054.4,S,I1,32.0,EA,
100,5100000470,2024,000002,4500000470,00020,0,MAT00005,P003,1000,33500.16,S,I1,192.0,EA,
100,5100000471,2024,000001,4500000471,00010,0,MAT00001,P003,1000,7966.07,S,I1,217.0,EA,
100,5100000472,2024,000001,4500000472,00010,0,MAT00011,P001,1000,85488.98,S,I1,367.0,EA,
100,5100000473,2024,000001,4500000473,00010,0,MAT00001,P002,1000,1747.44,S,I1,27.0,EA,
100,5100000474,2024,000001,4500000474,00010,0,MAT00002,P003,1000,40069.3,S,I1,82.0,EA,
100,5100000475,2024,000001,4500000475,00010,0,MAT00019,P002,1000,109304.08,S,I1,274.0,EA,
100,5100000475,2024,000002,4500000475,00020,0,MAT00011,P002,1000,730.17,S,I1,61.0,EA,
100,5100000476,2024,000001,4500000476,00010,0,MAT00008,P001,1000,149063.98,S,I1,359.0,EA,
100,5100000477,2024,000001,4500000477,00010,0,MAT00022,P001,1000,96839.96,S,I1,334.0,EA,
100,5100000478,2024,000001,4500000478,00010,0,MAT00019,P003,1000,137655.42,S,I1,487.0,EA,
100,5100000479,2024,000001,4500000479,00010,0,MAT00012,P003,1000,31389.32,S,I1,167.0,EA,
100,5100000480,2024,000001,4500000480,00010,0,MAT00001,P001,1000,42729.58,S,I1,94.0,EA,
100,5100000481,2024,000001,4500000481,00010,0,MAT00022,P001,1000,121097.2,S,I1,305.0,EA,
100,5100000482,2024,000001,4500000482,00010,0,MAT00022,P002,1000,19043.4,S,I1,255.0,EA,
100,5100000483,2024,000001,4500000483,00010,0,MAT00015,P003,1000,31602.34,S,I1,154.0,EA,
100,5100000484,2024,000001,4500000484,00010,0,MAT00014,P003,1000,34344.06,S,I1,246.0,EA,
100,5100000484,2024,000002,4500000484,00020,0,MAT00008,P003,1000,32657.01,S,I1,141.0,EA,
100,5100000485,2024,000001,4500000485,00010,0,MAT00019,P002,1000,29131.2,S,I1,340.0,EA,
100,5100000486,2024,000001,4500000486,00010,0,MAT00012,P002,1000,51925.86,S,I1,266.0,EA,
100,5100000487,2024,000001,4500000487,00010,0,MAT00012,P003,1000,191401.86,S,I1,454.0,EA,
100,5100000487,2024,000002,4500000487,00020,0,MAT00014,P003,1000,52548.0,S,I1,150.0,EA,
100,5100000488,2024,000001,4500000488,00010,0,MAT00020,P002,1000,138133.16,S,I1,374.0,EA,
100,5100000489,2024,000001,4500000489,00010,0,MAT00004,P001,1000,85266.56,S,I1,289.0,EA,
100,5100000489,2024,000002,4500000489,00020,0,MAT00003,P001,1000,13695.12,S,I1,69.0,EA,
100,5100000490,2024,000001,4500000490,00010,0,MAT00016,P001,1000,73679.01,S,I1,159.0,EA,
100,5100000491,2024,000001,4500000491,00010,0,MAT00020,P001,1000,17581.07,S,I1,169.0,EA,
100,5100000492,2024,000001,4500000492,00010,0,MAT00011,P002,1000,46047.61,S,I1,161.0,EA,
100,5100000492,2024,000002,4500000492,00020,0,MAT00004,P002,1000,14714.54,S,I1,134.0,EA,
100,5100000493,2024,000001,4500000493,00010,0,MAT00011,P001,1000,226045.53,S,I1,477.0,EA,
100,5100000494,2024,000001,4500000494,00010,0,MAT00011,P001,1000,13140.96,S,I1,84.0,EA,
100,5100000495,2024,000001,4500000495,00010,0,MAT00015,P003,1000,22872.56,S,I1,122.0,EA,
100,5100000496,2024,000001,4500000496,00010,0,MAT00001,P001,1000,159265.17,S,I1,401.0,EA,
100,5100000497,2024,000001,4500000497,00010,0,MAT00003,P002,1000,116985.33,S,I1,231.0,EA,
100,5100000498,2024,000001,4500000498,00010,0,MAT00018,P003,1000,112798.89,S,I1,387.0,EA,
100,5100000498,2024,000002,4500000498,00020,0,MAT00002,P003,1000,9175.62,S,I1,69.0,EA,
100,5100000499,2024,000001,4500000499,00010,0,MAT00001,P002,1000,7646.26,S,I1,34.0,EA,
