MANDT,VBELN,ERDAT,ERZET,ERNAM,ANGDT,BNDDT,AUDAT,VBTYP,AUART,AUGRU,NETWR,WAERK,VKORG,VTWEG,SPART,VKGRP,VKBUR,KNUMV,VDATU,KUNNR,LIFSK,FAKSK,BUKRS_VF,AEDAT,BSTNK,BSTDK,VSART,OBJNR,KKBER,VSBED
100,1000000000,2024-04-02,08:00:00,SALEUSER1,,,2024-04-02,C,OR,,56576.85,USD,1000,10,0,100,1000,5700000000,2024-05-01,C00008,,,1000,2024-04-02,CUST-PO-000000,2024-04-02,1,OR1000000000      ,2000,4.0
100,1000000001,2024-03-27,08:00:00,SALEUSER3,,,2024-03-27,C,OR,,92427.12,USD,1000,10,0,100,1000,5700000001,2024-04-13,C00001,,,1000,2024-03-27,CUST-PO-000001,2024-03-27,1,OR1000000001      ,3000,1.0
100,1000000002,2024-02-23,08:00:00,SALEUSER3,,,2024-02-23,C,OR,,403526.69,USD,1000,10,0,100,1000,5700000002,2024-03-08,C00008,2.0,,1000,2024-02-23,CUST-PO-000002,2024-02-23,1,OR1000000002      ,1000,4.0
100,1000000003,2024-06-20,08:00:00,SALEUSER2,,,2024-06-20,C,OR,,42316.55,USD,1000,10,0,100,1000,5700000003,2024-06-28,C00008,,,1000,2024-06-20,CUST-PO-000003,2024-06-20,1,OR1000000003      ,2000,2.0
100,1000000004,2024-02-22,08:00:00,SALEUSER3,,,2024-02-22,C,OR,,72091.8,USD,1000,10,0,100,1000,5700000004,2024-03-13,C00003,,,1000,2024-02-22,CUST-PO-000004,2024-02-22,1,OR1000000004      ,1000,4.0
100,1000000005,2024-05-03,08:00:00,SALEUSER1,,,2024-05-03,C,OR,,27132.0,USD,1000,10,0,100,1000,5700000005,2024-05-20,C00003,,8.0,1000,2024-05-03,CUST-PO-000005,2024-05-03,1,OR1000000005      ,3000,2.0
100,1000000006,2024-05-11,08:00:00,SALEUSER3,,,2024-05-11,C,OR,,77687.13,USD,1000,10,0,100,1000,5700000006,2024-05-23,C00004,,,1000,2024-05-11,CUST-PO-000006,2024-05-11,1,OR1000000006      ,2000,2.0
100,1000000007,2024-06-14,08:00:00,SALEUSER1,,,2024-06-14,C,OR,,186298.6,USD,1000,10,0,100,1000,5700000007,2024-06-27,C00008,,,1000,2024-06-14,CUST-PO-000007,2024-06-14,1,OR1000000007      ,2000,
100,1000000008,2024-02-14,08:00:00,SALEUSER2,,,2024-02-14,C,OR,,169624.8,USD,1000,10,0,100,1000,5700000008,2024-03-04,C00004,,,1000,2024-02-14,CUST-PO-000008,2024-02-14,1,OR1000000008      ,1000,4.0
100,1000000009,2024-08-15,08:00:00,SALEUSER2,,,2024-08-15,C,OR,,270718.0,USD,1000,10,0,100,1000,5700000009,2024-08-24,C00010,,,1000,2024-08-15,CUST-PO-000009,2024-08-15,1,OR1000000009      ,2000,2.0
100,1000000010,2024-02-26,08:00:00,SALEUSER1,,,2024-02-26,C,OR,,140895.01,USD,1000,10,0,100,1000,5700000010,2024-03-12,C00009,,,1000,2024-02-26,CUST-PO-000010,2024-02-26,1,OR1000000010      ,3000,1.0
100,1000000011,2024-02-28,08:00:00,SALEUSER3,,,2024-02-28,C,ZOR,,91515.06,USD,1000,10,0,100,1000,5700000011,2024-03-15,C00008,,,1000,2024-02-28,CUST-PO-000011,2024-02-28,1,OR1000000011      ,1000,1.0
100,1000000012,2024-04-25,08:00:00,SALEUSER2,,,2024-04-25,C,OR,,11578.41,USD,1000,10,0,100,1000,5700000012,2024-05-08,C00014,,,1000,2024-04-25,CUST-PO-000012,2024-04-25,1,OR1000000012      ,2000,1.0
100,1000000013,2024-06-08,08:00:00,SALEUSER2,,,2024-06-08,C,OR,,9836.48,USD,1000,10,0,100,1000,5700000013,2024-06-23,C00013,,,1000,2024-06-08,CUST-PO-000013,2024-06-08,1,OR1000000013      ,3000,2.0
100,1000000014,2024-05-13,08:00:00,SALEUSER2,,,2024-05-13,C,OR,,19870.62,USD,1000,10,0,100,1000,5700000014,2024-06-09,C00010,,,1000,2024-05-13,CUST-PO-000014,2024-05-13,1,OR1000000014      ,2000,2.0
100,1000000015,2024-02-16,08:00:00,SALEUSER2,,,2024-02-16,C,OR,,7748.1,USD,1000,10,0,100,1000,5700000015,2024-02-23,C00009,,,1000,2024-02-16,CUST-PO-000015,2024-02-16,1,OR1000000015      ,2000,1.0
100,1000000016,2024-03-02,08:00:00,SALEUSER2,,,2024-03-02,C,ZOR,,149340.4,USD,1000,10,0,100,1000,5700000016,2024-03-19,C00012,,,1000,2024-03-02,CUST-PO-000016,2024-03-02,1,OR1000000016      ,2000,1.0
100,1000000017,2024-09-04,08:00:00,SALEUSER3,,,2024-09-04,C,FO,,184397.59,USD,1000,10,0,100,1000,5700000017,2024-09-16,C00012,,,1000,2024-09-04,CUST-PO-000017,2024-09-04,1,OR1000000017      ,2000,
100,1000000018,2024-04-02,08:00:00,SALEUSER2,,,2024-04-02,C,FO,,174253.91,USD,1000,10,0,100,1000,5700000018,2024-04-26,C00003,,,1000,2024-04-02,CUST-PO-000018,2024-04-02,1,OR1000000018      ,3000,3.0
100,1000000019,2024-03-13,08:00:00,SALEUSER3,,,2024-03-13,C,OR,,48925.84,USD,1000,10,0,100,1000,5700000019,2024-03-22,C00006,,,1000,2024-03-13,CUST-PO-000019,2024-03-13,1,OR1000000019      ,1000,
100,1000000020,2024-03-14,08:00:00,SALEUSER3,,,2024-03-14,C,OR,,57262.8,USD,1000,10,0,100,1000,5700000020,2024-04-11,C00004,,,1000,2024-03-14,CUST-PO-000020,2024-03-14,1,OR1000000020      ,2000,3.0
100,1000000021,2024-04-30,08:00:00,SALEUSER2,,,2024-04-30,C,OR,,308600.76,USD,1000,10,0,100,1000,5700000021,2024-05-22,C00005,,,1000,2024-04-30,CUST-PO-000021,2024-04-30,1,OR1000000021      ,1000,2.0
100,1000000022,2024-01-12,08:00:00,SALEUSER2,,,2024-01-12,C,OR,,7123.43,USD,1000,10,0,100,1000,5700000022,2024-02-02,C00011,,,1000,2024-01-12,CUST-PO-000022,2024-01-12,1,OR1000000022      ,2000,4.0
100,1000000023,2024-01-21,08:00:00,SALEUSER1,,,2024-01-21,C,ZOR,,319518.4,USD,1000,10,0,100,1000,5700000023,2024-02-06,C00003,,,1000,2024-01-21,CUST-PO-000023,2024-01-21,1,OR1000000023      ,3000,3.0
100,1000000024,2024-08-04,08:00:00,SALEUSER1,,,2024-08-04,C,ZOR,,313626.95,USD,1000,10,0,100,1000,5700000024,2024-09-01,C00012,,8.0,1000,2024-08-04,CUST-PO-000024,2024-08-04,1,OR1000000024      ,2000,
100,1000000025,2024-04-02,08:00:00,SALEUSER1,,,2024-04-02,C,FO,,41336.04,USD,1000,10,0,100,1000,5700000025,2024-04-30,C00008,,,1000,2024-04-02,CUST-PO-000025,2024-04-02,1,OR1000000025      ,1000,2.0
100,1000000026,2024-09-07,08:00:00,SALEUSER1,,,2024-09-07,C,OR,,19884.42,USD,1000,10,0,100,1000,5700000026,2024-10-04,C00013,,,1000,2024-09-07,CUST-PO-000026,2024-09-07,1,OR1000000026      ,1000,2.0
100,1000000027,2024-04-24,08:00:00,SALEUSER3,,,2024-04-24,C,ZOR,,16855.36,USD,1000,10,0,100,1000,5700000027,2024-05-23,C00013,,,1000,2024-04-24,CUST-PO-000027,2024-04-24,1,OR1000000027      ,2000,2.0
100,1000000028,2024-05-18,08:00:00,SALEUSER1,,,2024-05-18,C,OR,,176290.12,USD,1000,10,0,100,1000,5700000028,2024-06-08,C00012,2.0,,1000,2024-05-18,CUST-PO-000028,2024-05-18,1,OR1000000028      ,1000,4.0
100,1000000029,2024-08-19,08:00:00,SALEUSER1,,,2024-08-19,C,FO,,291671.28,USD,1000,10,0,100,1000,5700000029,2024-09-09,C00010,,,1000,2024-08-19,CUST-PO-000029,2024-08-19,1,OR1000000029      ,2000,4.0
100,1000000030,2024-08-11,08:00:00,SALEUSER2,,,2024-08-11,C,OR,,13450.08,USD,1000,10,0,100,1000,5700000030,2024-09-04,C00007,,,1000,2024-08-11,CUST-PO-000030,2024-08-11,1,OR1000000030      ,2000,
100,1000000031,2024-09-25,08:00:00,SALEUSER1,,,2024-09-25,C,ZOR,,120549.2,USD,1000,10,0,100,1000,5700000031,2024-10-02,C00001,,,1000,2024-09-25,CUST-PO-000031,2024-09-25,1,OR1000000031      ,1000,4.0
100,1000000032,2024-06-27,08:00:00,SALEUSER1,,,2024-06-27,C,OR,,10192.0,USD,1000,10,0,100,1000,5700000032,2024-07-09,C00002,,,1000,2024-06-27,CUST-PO-000032,2024-06-27,1,OR1000000032      ,1000,1.0
100,1000000033,2024-07-13,08:00:00,SALEUSER1,,,2024-07-13,C,FO,,329965.36,USD,1000,10,0,100,1000,5700000033,2024-07-31,C00002,,,1000,2024-07-13,CUST-PO-000033,2024-07-13,1,OR1000000033      ,1000,
100,1000000034,2024-02-15,08:00:00,SALEUSER2,,,2024-02-15,C,FO,,336084.45,USD,1000,10,0,100,1000,5700000034,2024-03-14,C00011,,,1000,2024-02-15,CUST-PO-000034,2024-02-15,1,OR1000000034      ,1000,2.0
100,1000000035,2024-09-15,08:00:00,SALEUSER3,,,2024-09-15,C,OR,,46559.04,USD,1000,10,0,100,1000,5700000035,2024-10-15,C00003,,,1000,2024-09-15,CUST-PO-000035,2024-09-15,1,OR1000000035      ,3000,
100,1000000036,2024-02-16,08:00:00,SALEUSER1,,,2024-02-16,C,OR,,318265.42,USD,1000,10,0,100,1000,5700000036,2024-03-11,C00006,,,1000,2024-02-16,CUST-PO-000036,2024-02-16,1,OR1000000036      ,1000,
100,1000000037,2024-04-25,08:00:00,SALEUSER2,,,2024-04-25,C,OR,,71240.4,USD,1000,10,0,100,1000,5700000037,2024-05-12,C00005,,8.0,1000,2024-04-25,CUST-PO-000037,2024-04-25,1,OR1000000037      ,3000,4.0
100,1000000038,2024-02-18,08:00:00,SALEUSER2,,,2024-02-18,C,OR,,130133.16,USD,1000,10,0,100,1000,5700000038,2024-02-28,C00014,,,1000,2024-02-18,CUST-PO-000038,2024-02-18,1,OR1000000038      ,2000,4.0
100,1000000039,2024-01-26,08:00:00,SALEUSER1,,,2024-01-26,C,FO,,84549.76,USD,1000,10,0,100,1000,5700000039,2024-02-22,C00015,,,1000,2024-01-26,CUST-PO-000039,2024-01-26,1,OR1000000039      ,3000,1.0
100,1000000040,2024-04-17,08:00:00,SALEUSER1,,,2024-04-17,C,OR,,8876.72,USD,1000,10,0,100,1000,5700000040,2024-04-28,C00012,,,1000,2024-04-17,CUST-PO-000040,2024-04-17,1,OR1000000040      ,3000,2.0
100,1000000041,2024-06-29,08:00:00,SALEUSER3,,,2024-06-29,C,OR,,32255.52,USD,1000,10,0,100,1000,5700000041,2024-07-21,C00012,2.0,,1000,2024-06-29,CUST-PO-000041,2024-06-29,1,OR1000000041      ,2000,4.0
100,1000000042,2024-07-07,08:00:00,SALEUSER3,,,2024-07-07,C,OR,,113163.0,USD,1000,10,0,100,1000,5700000042,2024-08-02,C00013,,,1000,2024-07-07,CUST-PO-000042,2024-07-07,1,OR1000000042      ,2000,1.0
100,1000000043,2024-04-27,08:00:00,SALEUSER2,,,2024-04-27,C,OR,,126110.4,USD,1000,10,0,100,1000,5700000043,2024-05-23,C00003,,,1000,2024-04-27,CUST-PO-000043,2024-04-27,1,OR1000000043      ,1000,3.0
100,1000000044,2024-07-16,08:00:00,SALEUSER1,,,2024-07-16,C,OR,,44496.15,USD,1000,10,0,100,1000,5700000044,2024-07-27,C00013,2.0,,1000,2024-07-16,CUST-PO-000044,2024-07-16,1,OR1000000044      ,1000,3.0
100,1000000045,2024-09-19,08:00:00,SALEUSER3,,,2024-09-19,C,ZOR,,247585.85,USD,1000,10,0,100,1000,5700000045,2024-10-08,C00013,,,1000,2024-09-19,CUST-PO-000045,2024-09-19,1,OR1000000045      ,1000,
100,1000000046,2024-05-29,08:00:00,SALEUSER3,,,2024-05-29,C,OR,,49379.9,USD,1000,10,0,100,1000,5700000046,2024-06-23,C00012,,,1000,2024-05-29,CUST-PO-000046,2024-05-29,1,OR1000000046      ,2000,3.0
100,1000000047,2024-08-10,08:00:00,SALEUSER2,,,2024-08-10,C,FO,,296382.46,USD,1000,10,0,100,1000,5700000047,2024-08-26,C00002,,,1000,2024-08-10,CUST-PO-000047,2024-08-10,1,OR1000000047      ,3000,4.0
100,1000000048,2024-09-23,08:00:00,SALEUSER2,,,2024-09-23,C,OR,,212345.72,USD,1000,10,0,100,1000,5700000048,2024-10-09,C00013,,,1000,2024-09-23,CUST-PO-000048,2024-09-23,1,OR1000000048      ,3000,
100,1000000049,2024-02-12,08:00:00,SALEUSER2,,,2024-02-12,C,OR,,12495.68,USD,1000,10,0,100,1000,5700000049,2024-03-09,C00003,,8.0,1000,2024-02-12,CUST-PO-000049,2024-02-12,1,OR1000000049      ,1000,2.0
100,1000000050,2024-01-14,08:00:00,SALEUSER1,,,2024-01-14,C,OR,,46023.95,USD,1000,10,0,100,1000,5700000050,2024-01-27,C00009,,,1000,2024-01-14,CUST-PO-000050,2024-01-14,1,OR1000000050      ,3000,1.0
100,1000000051,2024-06-14,08:00:00,SALEUSER1,,,2024-06-14,C,FO,,195902.0,USD,1000,10,0,100,1000,5700000051,2024-07-08,C00001,,,1000,2024-06-14,CUST-PO-000051,2024-06-14,1,OR1000000051      ,2000,
100,1000000052,2024-01-28,08:00:00,SALEUSER3,,,2024-01-28,C,OR,,28165.5,USD,1000,10,0,100,1000,5700000052,2024-02-19,C00009,,,1000,2024-01-28,CUST-PO-000052,2024-01-28,1,OR1000000052      ,1000,3.0
100,1000000053,2024-03-28,08:00:00,SALEUSER1,,,2024-03-28,C,ZOR,,325296.03,USD,1000,10,0,100,1000,5700000053,2024-04-26,C00001,,,1000,2024-03-28,CUST-PO-000053,2024-03-28,1,OR1000000053      ,1000,4.0
100,1000000054,2024-05-15,08:00:00,SALEUSER1,,,2024-05-15,C,FO,,88897.27,USD,1000,10,0,100,1000,5700000054,2024-05-30,C00014,,,1000,2024-05-15,CUST-PO-000054,2024-05-15,1,OR1000000054      ,2000,3.0
100,1000000055,2024-07-12,08:00:00,SALEUSER2,,,2024-07-12,C,FO,,49105.56,USD,1000,10,0,100,1000,5700000055,2024-07-26,C00014,,,1000,2024-07-12,CUST-PO-000055,2024-07-12,1,OR1000000055      ,1000,
100,1000000056,2024-03-17,08:00:00,SALEUSER2,,,2024-03-17,C,OR,,11128.48,USD,1000,10,0,100,1000,5700000056,2024-03-27,C00012,,,1000,2024-03-17,CUST-PO-000056,2024-03-17,1,OR1000000056      ,1000,1.0
100,1000000057,2024-02-28,08:00:00,SALEUSER1,,,2024-02-28,C,ZOR,,10084.16,USD,1000,10,0,100,1000,5700000057,2024-03-15,C00011,,,1000,2024-02-28,CUST-PO-000057,2024-02-28,1,OR1000000057      ,3000,1.0
100,1000000058,2024-09-12,08:00:00,SALEUSER1,,,2024-09-12,C,OR,,44282.83,USD,1000,10,0,100,1000,5700000058,2024-10-11,C00011,,,1000,2024-09-12,CUST-PO-000058,2024-09-12,1,OR1000000058      ,2000,2.0
100,1000000059,2024-04-15,08:00:00,SALEUSER3,,,2024-04-15,C,FO,,173222.5,USD,1000,10,0,100,1000,5700000059,2024-05-07,C00015,,,1000,2024-04-15,CUST-PO-000059,2024-04-15,1,OR1000000059      ,2000,2.0
100,1000000060,2024-08-12,08:00:00,SALEUSER2,,,2024-08-12,C,OR,,126325.32,USD,1000,10,0,100,1000,5700000060,2024-08-24,C00002,,8.0,1000,2024-08-12,CUST-PO-000060,2024-08-12,1,OR1000000060      ,1000,3.0
100,1000000061,2024-05-24,08:00:00,SALEUSER3,,,2024-05-24,C,OR,,28916.37,USD,1000,10,0,100,1000,5700000061,2024-06-21,C00005,,,1000,2024-05-24,CUST-PO-000061,2024-05-24,1,OR1000000061      ,3000,
100,1000000062,2024-05-15,08:00:00,SALEUSER3,,,2024-05-15,C,OR,,86595.4,USD,1000,10,0,100,1000,5700000062,2024-06-03,C00014,,,1000,2024-05-15,CUST-PO-000062,2024-05-15,1,OR1000000062      ,3000,3.0
100,1000000063,2024-09-28,08:00:00,SALEUSER1,,,2024-09-28,C,FO,,8583.48,USD,1000,10,0,100,1000,5700000063,2024-10-14,C00006,,8.0,1000,2024-09-28,CUST-PO-000063,2024-09-28,1,OR1000000063      ,3000,1.0
100,1000000064,2024-04-04,08:00:00,SALEUSER2,,,2024-04-04,C,OR,,13755.96,USD,1000,10,0,100,1000,5700000064,2024-04-23,C00005,2.0,,1000,2024-04-04,CUST-PO-000064,2024-04-04,1,OR1000000064      ,1000,
100,1000000065,2024-06-22,08:00:00,SALEUSER1,,,2024-06-22,C,FO,,276605.6,USD,1000,10,0,100,1000,5700000065,2024-07-17,C00009,,,1000,2024-06-22,CUST-PO-000065,2024-06-22,1,OR1000000065      ,2000,2.0
100,1000000066,2024-04-10,08:00:00,SALEUSER1,,,2024-04-10,C,FO,,122494.64,USD,1000,10,0,100,1000,5700000066,2024-04-27,C00002,,,1000,2024-04-10,CUST-PO-000066,2024-04-10,1,OR1000000066      ,1000,3.0
100,1000000067,2024-06-17,08:00:00,SALEUSER2,,,2024-06-17,C,OR,,91403.8,USD,1000,10,0,100,1000,5700000067,2024-07-08,C00008,2.0,,1000,2024-06-17,CUST-PO-000067,2024-06-17,1,OR1000000067      ,1000,1.0
100,1000000068,2024-01-08,08:00:00,SALEUSER2,,,2024-01-08,C,OR,,38388.24,USD,1000,10,0,100,1000,5700000068,2024-01-16,C00009,,,1000,2024-01-08,CUST-PO-000068,2024-01-08,1,OR1000000068      ,2000,1.0
100,1000000069,2024-02-12,08:00:00,SALEUSER1,,,2024-02-12,C,OR,,299864.7,USD,1000,10,0,100,1000,5700000069,2024-02-20,C00014,2.0,,1000,2024-02-12,CUST-PO-000069,2024-02-12,1,OR1000000069      ,2000,1.0
100,1000000070,2024-09-04,08:00:00,SALEUSER2,,,2024-09-04,C,FO,,18754.43,USD,1000,10,0,100,1000,5700000070,2024-09-29,C00001,,,1000,2024-09-04,CUST-PO-000070,2024-09-04,1,OR1000000070      ,1000,1.0
100,1000000071,2024-02-03,08:00:00,SALEUSER2,,,2024-02-03,C,OR,,161227.5,USD,1000,10,0,100,1000,5700000071,2024-02-29,C00014,,,1000,2024-02-03,CUST-PO-000071,2024-02-03,1,OR1000000071      ,3000,3.0
100,1000000072,2024-05-24,08:00:00,SALEUSER2,,,2024-05-24,C,FO,,154268.64,USD,1000,10,0,100,1000,5700000072,2024-06-06,C00003,,,1000,2024-05-24,CUST-PO-000072,2024-05-24,1,OR1000000072      ,1000,3.0
100,1000000073,2024-07-22,08:00:00,SALEUSER2,,,2024-07-22,C,ZOR,,96753.93,USD,1000,10,0,100,1000,5700000073,2024-08-04,C00012,2.0,8.0,1000,2024-07-22,CUST-PO-000073,2024-07-22,1,OR1000000073      ,1000,4.0
100,1000000074,2024-05-06,08:00:00,SALEUSER2,,,2024-05-06,C,OR,,156984.92,USD,1000,10,0,100,1000,5700000074,2024-06-01,C00004,,8.0,1000,2024-05-06,CUST-PO-000074,2024-05-06,1,OR1000000074      ,1000,1.0
100,1000000075,2024-06-15,08:00:00,SALEUSER3,,,2024-06-15,C,OR,,68505.36,USD,1000,10,0,100,1000,5700000075,2024-07-15,C00004,,,1000,2024-06-15,CUST-PO-000075,2024-06-15,1,OR1000000075      ,2000,4.0
100,1000000076,2024-03-22,08:00:00,SALEUSER2,,,2024-03-22,C,OR,,199520.55,USD,1000,10,0,100,1000,5700000076,2024-04-02,C00008,,,1000,2024-03-22,CUST-PO-000076,2024-03-22,1,OR1000000076      ,1000,3.0
100,1000000077,2024-02-16,08:00:00,SALEUSER3,,,2024-02-16,C,OR,,33172.67,USD,1000,10,0,100,1000,5700000077,2024-03-08,C00015,2.0,,1000,2024-02-16,CUST-PO-000077,2024-02-16,1,OR1000000077      ,2000,
100,1000000078,2024-08-20,08:00:00,SALEUSER2,,,2024-08-20,C,OR,,70915.2,USD,1000,10,0,100,1000,5700000078,2024-09-10,C00006,,,1000,2024-08-20,CUST-PO-000078,2024-08-20,1,OR1000000078      ,2000,1.0
100,1000000079,2024-03-23,08:00:00,SALEUSER3,,,2024-03-23,C,OR,,173146.94,USD,1000,10,0,100,1000,5700000079,2024-04-15,C00006,,,1000,2024-03-23,CUST-PO-000079,2024-03-23,1,OR1000000079      ,3000,
100,1000000080,2024-04-23,08:00:00,SALEUSER3,,,2024-04-23,C,OR,,7876.8,USD,1000,10,0,100,1000,5700000080,2024-05-14,C00014,,,1000,2024-04-23,CUST-PO-000080,2024-04-23,1,OR1000000080      ,1000,1.0
100,1000000081,2024-01-12,08:00:00,SALEUSER1,,,2024-01-12,C,OR,,43066.45,USD,1000,10,0,100,1000,5700000081,2024-01-24,C00012,,,1000,2024-01-12,CUST-PO-000081,2024-01-12,1,OR1000000081      ,1000,2.0
100,1000000082,2024-02-08,08:00:00,SALEUSER1,,,2024-02-08,C,OR,,108889.95,USD,1000,10,0,100,1000,5700000082,2024-02-16,C00014,,,1000,2024-02-08,CUST-PO-000082,2024-02-08,1,OR1000000082      ,2000,
100,1000000083,2024-09-12,08:00:00,SALEUSER2,,,2024-09-12,C,FO,,124620.08,USD,1000,10,0,100,1000,5700000083,2024-09-24,C00004,,,1000,2024-09-12,CUST-PO-000083,2024-09-12,1,OR1000000083      ,3000,
100,1000000084,2024-02-23,08:00:00,SALEUSER3,,,2024-02-23,C,OR,,223204.83,USD,1000,10,0,100,1000,5700000084,2024-03-09,C00006,,,1000,2024-02-23,CUST-PO-000084,2024-02-23,1,OR1000000084      ,1000,
100,1000000085,2024-02-22,08:00:00,SALEUSER1,,,2024-02-22,C,OR,,78350.84,USD,1000,10,0,100,1000,5700000085,2024-03-01,C00009,,,1000,2024-02-22,CUST-PO-000085,2024-02-22,1,OR1000000085      ,3000,1.0
100,1000000086,2024-09-08,08:00:00,SALEUSER1,,,2024-09-08,C,ZOR,,299628.9,USD,1000,10,0,100,1000,5700000086,2024-10-04,C00004,,,1000,2024-09-08,CUST-PO-000086,2024-09-08,1,OR1000000086      ,1000,3.0
100,1000000087,2024-01-07,08:00:00,SALEUSER2,,,2024-01-07,C,FO,,89705.28,USD,1000,10,0,100,1000,5700000087,2024-01-19,C00002,,,1000,2024-01-07,CUST-PO-000087,2024-01-07,1,OR1000000087      ,2000,3.0
100,1000000088,2024-09-14,08:00:00,SALEUSER1,,,2024-09-14,C,ZOR,,352807.94,USD,1000,10,0,100,1000,5700000088,2024-09-29,C00011,,,1000,2024-09-14,CUST-PO-000088,2024-09-14,1,OR1000000088      ,2000,1.0
100,1000000089,2024-09-09,08:00:00,SALEUSER1,,,2024-09-09,C,ZOR,,354574.31,USD,1000,10,0,100,1000,5700000089,2024-10-02,C00001,,8.0,1000,2024-09-09,CUST-PO-000089,2024-09-09,1,OR1000000089      ,3000,1.0
100,1000000090,2024-09-28,08:00:00,SALEUSER1,,,2024-09-28,C,ZOR,,70436.8,USD,1000,10,0,100,1000,5700000090,2024-10-27,C00003,,8.0,1000,2024-09-28,CUST-PO-000090,2024-09-28,1,OR1000000090      ,1000,3.0
100,1000000091,2024-04-03,08:00:00,SALEUSER3,,,2024-04-03,C,ZOR,,446446.03,USD,1000,10,0,100,1000,5700000091,2024-04-18,C00007,,,1000,2024-04-03,CUST-PO-000091,2024-04-03,1,OR1000000091      ,2000,1.0
100,1000000092,2024-08-02,08:00:00,SALEUSER2,,,2024-08-02,C,ZOR,,695.19,USD,1000,10,0,100,1000,5700000092,2024-08-21,C00006,,,1000,2024-08-02,CUST-PO-000092,2024-08-02,1,OR1000000092      ,1000,3.0
100,1000000093,2024-09-14,08:00:00,SALEUSER2,,,2024-09-14,C,OR,,30453.92,USD,1000,10,0,100,1000,5700000093,2024-10-09,C00001,,,1000,2024-09-14,CUST-PO-000093,2024-09-14,1,OR1000000093      ,2000,2.0
100,1000000094,2024-09-26,08:00:00,SALEUSER1,,,2024-09-26,C,ZOR,,96989.01,USD,1000,10,0,100,1000,5700000094,2024-10-20,C00008,,,1000,2024-09-26,CUST-PO-000094,2024-09-26,1,OR1000000094      ,1000,1.0
100,1000000095,2024-09-08,08:00:00,SALEUSER2,,,2024-09-08,C,OR,,20667.15,USD,1000,10,0,100,1000,5700000095,2024-09-29,C00005,,8.0,1000,2024-09-08,CUST-PO-000095,2024-09-08,1,OR1000000095      ,1000,3.0
100,1000000096,2024-01-23,08:00:00,SALEUSER1,,,2024-01-23,C,FO,,114902.64,USD,1000,10,0,100,1000,5700000096,2024-02-16,C00007,,,1000,2024-01-23,CUST-PO-000096,2024-01-23,1,OR1000000096      ,2000,4.0
100,1000000097,2024-08-14,08:00:00,SALEUSER1,,,2024-08-14,C,ZOR,,70124.82,USD,1000,10,0,100,1000,5700000097,2024-08-23,C00008,,,1000,2024-08-14,CUST-PO-000097,2024-08-14,1,OR1000000097      ,1000,4.0
100,1000000098,2024-01-09,08:00:00,SALEUSER2,,,2024-01-09,C,ZOR,,160186.14,USD,1000,10,0,100,1000,5700000098,2024-01-16,C00001,,,1000,2024-01-09,CUST-PO-000098,2024-01-09,1,OR1000000098      ,1000,
100,1000000099,2024-08-05,08:00:00,SALEUSER2,,,2024-08-05,C,ZOR,,420156.32,USD,1000,10,0,100,1000,5700000099,2024-08-26,C00015,,,1000,2024-08-05,CUST-PO-000099,2024-08-05,1,OR1000000099      ,1000,3.0
100,1000000100,2024-03-19,08:00:00,SALEUSER2,,,2024-03-19,C,FO,,180072.03,USD,1000,10,0,100,1000,5700000100,2024-03-28,C00015,,,1000,2024-03-19,CUST-PO-000100,2024-03-19,1,OR1000000100      ,1000,1.0
100,1000000101,2024-03-17,08:00:00,SALEUSER3,,,2024-03-17,C,OR,,14035.54,USD,1000,10,0,100,1000,5700000101,2024-04-14,C00008,,,1000,2024-03-17,CUST-PO-000101,2024-03-17,1,OR1000000101      ,3000,2.0
100,1000000102,2024-06-05,08:00:00,SALEUSER2,,,2024-06-05,C,FO,,233025.98,USD,1000,10,0,100,1000,5700000102,2024-07-04,C00004,2.0,,1000,2024-06-05,CUST-PO-000102,2024-06-05,1,OR1000000102      ,1000,3.0
100,1000000103,2024-02-21,08:00:00,SALEUSER1,,,2024-02-21,C,OR,,7422.24,USD,1000,10,0,100,1000,5700000103,2024-03-12,C00005,,,1000,2024-02-21,CUST-PO-000103,2024-02-21,1,OR1000000103      ,3000,2.0
100,1000000104,2024-07-29,08:00:00,SALEUSER2,,,2024-07-29,C,FO,,231166.8,USD,1000,10,0,100,1000,5700000104,2024-08-10,C00002,,,1000,2024-07-29,CUST-PO-000104,2024-07-29,1,OR1000000104      ,1000,
100,1000000105,2024-02-02,08:00:00,SALEUSER2,,,2024-02-02,C,OR,,226646.6,USD,1000,10,0,100,1000,5700000105,2024-03-01,C00004,,,1000,2024-02-02,CUST-PO-000105,2024-02-02,1,OR1000000105      ,2000,1.0
100,1000000106,2024-03-07,08:00:00,SALEUSER2,,,2024-03-07,C,ZOR,,287933.58,USD,1000,10,0,100,1000,5700000106,2024-04-03,C00009,,8.0,1000,2024-03-07,CUST-PO-000106,2024-03-07,1,OR1000000106      ,3000,3.0
100,1000000107,2024-01-15,08:00:00,SALEUSER2,,,2024-01-15,C,ZOR,,67411.8,USD,1000,10,0,100,1000,5700000107,2024-01-27,C00011,,,1000,2024-01-15,CUST-PO-000107,2024-01-15,1,OR1000000107      ,2000,
100,1000000108,2024-03-26,08:00:00,SALEUSER3,,,2024-03-26,C,ZOR,,24598.5,USD,1000,10,0,100,1000,5700000108,2024-04-14,C00014,2.0,,1000,2024-03-26,CUST-PO-000108,2024-03-26,1,OR1000000108      ,1000,2.0
100,1000000109,2024-04-05,08:00:00,SALEUSER2,,,2024-04-05,C,FO,,239318.4,USD,1000,10,0,100,1000,5700000109,2024-04-19,C00011,,,1000,2024-04-05,CUST-PO-000109,2024-04-05,1,OR1000000109      ,1000,4.0
100,1000000110,2024-06-23,08:00:00,SALEUSER3,,,2024-06-23,C,OR,,101328.6,USD,1000,10,0,100,1000,5700000110,2024-07-03,C00003,,,1000,2024-06-23,CUST-PO-000110,2024-06-23,1,OR1000000110      ,1000,3.0
100,1000000111,2024-06-03,08:00:00,SALEUSER3,,,2024-06-03,C,OR,,45719.18,USD,1000,10,0,100,1000,5700000111,2024-06-19,C00002,,,1000,2024-06-03,CUST-PO-000111,2024-06-03,1,OR1000000111      ,1000,4.0
100,1000000112,2024-09-15,08:00:00,SALEUSER3,,,2024-09-15,C,FO,,74843.98,USD,1000,10,0,100,1000,5700000112,2024-10-05,C00009,,,1000,2024-09-15,CUST-PO-000112,2024-09-15,1,OR1000000112      ,2000,3.0
100,1000000113,2024-08-09,08:00:00,SALEUSER3,,,2024-08-09,C,OR,,143243.09,USD,1000,10,0,100,1000,5700000113,2024-08-21,C00013,,,1000,2024-08-09,CUST-PO-000113,2024-08-09,1,OR1000000113      ,1000,3.0
100,1000000114,2024-03-02,08:00:00,SALEUSER3,,,2024-03-02,C,OR,,72342.27,USD,1000,10,0,100,1000,5700000114,2024-03-10,C00015,,,1000,2024-03-02,CUST-PO-000114,2024-03-02,1,OR1000000114      ,3000,
100,1000000115,2024-07-20,08:00:00,SALEUSER2,,,2024-07-20,C,OR,,72091.88,USD,1000,10,0,100,1000,5700000115,2024-08-08,C00014,,,1000,2024-07-20,CUST-PO-000115,2024-07-20,1,OR1000000115      ,3000,1.0
100,1000000116,2024-07-15,08:00:00,SALEUSER3,,,2024-07-15,C,OR,,41099.52,USD,1000,10,0,100,1000,5700000116,2024-08-13,C00013,,,1000,2024-07-15,CUST-PO-000116,2024-07-15,1,OR1000000116      ,1000,2.0
100,1000000117,2024-01-14,08:00:00,SALEUSER2,,,2024-01-14,C,OR,,254258.74,USD,1000,10,0,100,1000,5700000117,2024-01-24,C00012,,,1000,2024-01-14,CUST-PO-000117,2024-01-14,1,OR1000000117      ,1000,1.0
100,1000000118,2024-01-05,08:00:00,SALEUSER2,,,2024-01-05,C,OR,,28407.76,USD,1000,10,0,100,1000,5700000118,2024-01-31,C00008,,,1000,2024-01-05,CUST-PO-000118,2024-01-05,1,OR1000000118      ,3000,
100,1000000119,2024-06-16,08:00:00,SALEUSER2,,,2024-06-16,C,OR,,21775.74,USD,1000,10,0,100,1000,5700000119,2024-07-11,C00011,,8.0,1000,2024-06-16,CUST-PO-000119,2024-06-16,1,OR1000000119      ,1000,1.0
100,1000000120,2024-07-16,08:00:00,SALEUSER1,,,2024-07-16,C,FO,,99098.44,USD,1000,10,0,100,1000,5700000120,2024-08-15,C00006,,,1000,2024-07-16,CUST-PO-000120,2024-07-16,1,OR1000000120      ,3000,1.0
100,1000000121,2024-08-01,08:00:00,SALEUSER3,,,2024-08-01,C,ZOR,,127728.0,USD,1000,10,0,100,1000,5700000121,2024-08-27,C00012,,,1000,2024-08-01,CUST-PO-000121,2024-08-01,1,OR1000000121      ,1000,4.0
100,1000000122,2024-04-03,08:00:00,SALEUSER2,,,2024-04-03,C,OR,,30131.67,USD,1000,10,0,100,1000,5700000122,2024-04-24,C00008,,,1000,2024-04-03,CUST-PO-000122,2024-04-03,1,OR1000000122      ,1000,
100,1000000123,2024-03-19,08:00:00,SALEUSER3,,,2024-03-19,C,ZOR,,78857.46,USD,1000,10,0,100,1000,5700000123,2024-03-30,C00006,,,1000,2024-03-19,CUST-PO-000123,2024-03-19,1,OR1000000123      ,2000,3.0
100,1000000124,2024-05-27,08:00:00,SALEUSER3,,,2024-05-27,C,OR,,8998.7,USD,1000,10,0,100,1000,5700000124,2024-06-25,C00008,,,1000,2024-05-27,CUST-PO-000124,2024-05-27,1,OR1000000124      ,3000,4.0
100,1000000125,2024-06-16,08:00:00,SALEUSER3,,,2024-06-16,C,OR,,165627.88,USD,1000,10,0,100,1000,5700000125,2024-06-26,C00014,,,1000,2024-06-16,CUST-PO-000125,2024-06-16,1,OR1000000125      ,1000,3.0
100,1000000126,2024-06-22,08:00:00,SALEUSER2,,,2024-06-22,C,OR,,15674.67,USD,1000,10,0,100,1000,5700000126,2024-07-11,C00010,,,1000,2024-06-22,CUST-PO-000126,2024-06-22,1,OR1000000126      ,2000,4.0
100,1000000127,2024-08-16,08:00:00,SALEUSER1,,,2024-08-16,C,FO,,81363.48,USD,1000,10,0,100,1000,5700000127,2024-08-23,C00006,,,1000,2024-08-16,CUST-PO-000127,2024-08-16,1,OR1000000127      ,3000,1.0
100,1000000128,2024-05-01,08:00:00,SALEUSER1,,,2024-05-01,C,FO,,190263.31,USD,1000,10,0,100,1000,5700000128,2024-05-30,C00008,,,1000,2024-05-01,CUST-PO-000128,2024-05-01,1,OR1000000128      ,2000,4.0
100,1000000129,2024-08-31,08:00:00,SALEUSER3,,,2024-08-31,C,OR,,72450.7,USD,1000,10,0,100,1000,5700000129,2024-09-20,C00009,,,1000,2024-08-31,CUST-PO-000129,2024-08-31,1,OR1000000129      ,1000,4.0
100,1000000130,2024-06-25,08:00:00,SALEUSER1,,,2024-06-25,C,OR,,315321.4,USD,1000,10,0,100,1000,5700000130,2024-07-25,C00002,,,1000,2024-06-25,CUST-PO-000130,2024-06-25,1,OR1000000130      ,3000,
100,1000000131,2024-07-25,08:00:00,SALEUSER1,,,2024-07-25,C,OR,,252398.12,USD,1000,10,0,100,1000,5700000131,2024-08-07,C00010,2.0,8.0,1000,2024-07-25,CUST-PO-000131,2024-07-25,1,OR1000000131      ,1000,3.0
100,1000000132,2024-09-22,08:00:00,SALEUSER3,,,2024-09-22,C,OR,,88271.16,USD,1000,10,0,100,1000,5700000132,2024-10-19,C00006,,,1000,2024-09-22,CUST-PO-000132,2024-09-22,1,OR1000000132      ,1000,1.0
100,1000000133,2024-04-23,08:00:00,SALEUSER2,,,2024-04-23,C,OR,,187700.0,USD,1000,10,0,100,1000,5700000133,2024-05-08,C00009,,,1000,2024-04-23,CUST-PO-000133,2024-04-23,1,OR1000000133      ,1000,1.0
100,1000000134,2024-05-23,08:00:00,SALEUSER2,,,2024-05-23,C,OR,,35299.88,USD,1000,10,0,100,1000,5700000134,2024-06-16,C00011,,,1000,2024-05-23,CUST-PO-000134,2024-05-23,1,OR1000000134      ,3000,
100,1000000135,2024-08-13,08:00:00,SALEUSER3,,,2024-08-13,C,FO,,185257.96,USD,1000,10,0,100,1000,5700000135,2024-09-11,C00014,,,1000,2024-08-13,CUST-PO-000135,2024-08-13,1,OR1000000135      ,1000,1.0
100,1000000136,2024-05-18,08:00:00,SALEUSER2,,,2024-05-18,C,OR,,81337.52,USD,1000,10,0,100,1000,5700000136,2024-05-31,C00003,,,1000,2024-05-18,CUST-PO-000136,2024-05-18,1,OR1000000136      ,1000,2.0
100,1000000137,2024-04-04,08:00:00,SALEUSER1,,,2024-04-04,C,OR,,249124.77,USD,1000,10,0,100,1000,5700000137,2024-04-30,C00003,,,1000,2024-04-04,CUST-PO-000137,2024-04-04,1,OR1000000137      ,3000,4.0
100,1000000138,2024-06-19,08:00:00,SALEUSER1,,,2024-06-19,C,OR,,136795.56,USD,1000,10,0,100,1000,5700000138,2024-07-12,C00010,,,1000,2024-06-19,CUST-PO-000138,2024-06-19,1,OR1000000138      ,3000,1.0
100,1000000139,2024-07-12,08:00:00,SALEUSER3,,,2024-07-12,C,OR,,95053.77,USD,1000,10,0,100,1000,5700000139,2024-08-03,C00015,,,1000,2024-07-12,CUST-PO-000139,2024-07-12,1,OR1000000139      ,3000,4.0
100,1000000140,2024-06-05,08:00:00,SALEUSER2,,,2024-06-05,C,OR,,178551.08,USD,1000,10,0,100,1000,5700000140,2024-06-17,C00001,,,1000,2024-06-05,CUST-PO-000140,2024-06-05,1,OR1000000140      ,2000,
100,1000000141,2024-01-10,08:00:00,SALEUSER2,,,2024-01-10,C,OR,,124910.24,USD,1000,10,0,100,1000,5700000141,2024-02-01,C00015,,,1000,2024-01-10,CUST-PO-000141,2024-01-10,1,OR1000000141      ,2000,
100,1000000142,2024-03-02,08:00:00,SALEUSER2,,,2024-03-02,C,OR,,51435.2,USD,1000,10,0,100,1000,5700000142,2024-03-21,C00011,,,1000,2024-03-02,CUST-PO-000142,2024-03-02,1,OR1000000142      ,1000,
100,1000000143,2024-06-07,08:00:00,SALEUSER2,,,2024-06-07,C,OR,,206337.48,USD,1000,10,0,100,1000,5700000143,2024-07-04,C00005,,,1000,2024-06-07,CUST-PO-000143,2024-06-07,1,OR1000000143      ,2000,2.0
100,1000000144,2024-06-08,08:00:00,SALEUSER1,,,2024-06-08,C,OR,,85528.56,USD,1000,10,0,100,1000,5700000144,2024-06-23,C00006,,,1000,2024-06-08,CUST-PO-000144,2024-06-08,1,OR1000000144      ,1000,4.0
100,1000000145,2024-08-07,08:00:00,SALEUSER1,,,2024-08-07,C,OR,,7797.14,USD,1000,10,0,100,1000,5700000145,2024-09-05,C00015,,,1000,2024-08-07,CUST-PO-000145,2024-08-07,1,OR1000000145      ,1000,1.0
100,1000000146,2024-07-13,08:00:00,SALEUSER2,,,2024-07-13,C,OR,,160203.0,USD,1000,10,0,100,1000,5700000146,2024-07-23,C00015,,,1000,2024-07-13,CUST-PO-000146,2024-07-13,1,OR1000000146      ,2000,4.0
100,1000000147,2024-07-17,08:00:00,SALEUSER2,,,2024-07-17,C,OR,,195789.9,USD,1000,10,0,100,1000,5700000147,2024-08-01,C00009,,8.0,1000,2024-07-17,CUST-PO-000147,2024-07-17,1,OR1000000147      ,2000,1.0
100,1000000148,2024-04-01,08:00:00,SALEUSER1,,,2024-04-01,C,FO,,42218.52,USD,1000,10,0,100,1000,5700000148,2024-04-18,C00001,,,1000,2024-04-01,CUST-PO-000148,2024-04-01,1,OR1000000148      ,3000,1.0
100,1000000149,2024-08-02,08:00:00,SALEUSER3,,,2024-08-02,C,OR,,173602.85,USD,1000,10,0,100,1000,5700000149,2024-08-31,C00014,,,1000,2024-08-02,CUST-PO-000149,2024-08-02,1,OR1000000149      ,3000,3.0
100,1000000150,2024-08-21,08:00:00,SALEUSER2,,,2024-08-21,C,OR,,43091.0,USD,1000,10,0,100,1000,5700000150,2024-09-14,C00006,,,1000,2024-08-21,CUST-PO-000150,2024-08-21,1,OR1000000150      ,3000,
100,1000000151,2024-06-03,08:00:00,SALEUSER3,,,2024-06-03,C,OR,,289795.75,USD,1000,10,0,100,1000,5700000151,2024-06-19,C00007,,8.0,1000,2024-06-03,CUST-PO-000151,2024-06-03,1,OR1000000151      ,2000,4.0
100,1000000152,2024-06-08,08:00:00,SALEUSER3,,,2024-06-08,C,OR,,52412.9,USD,1000,10,0,100,1000,5700000152,2024-06-19,C00004,,,1000,2024-06-08,CUST-PO-000152,2024-06-08,1,OR1000000152      ,3000,4.0
100,1000000153,2024-02-15,08:00:00,SALEUSER3,,,2024-02-15,C,OR,,443169.91,USD,1000,10,0,100,1000,5700000153,2024-03-11,C00014,,,1000,2024-02-15,CUST-PO-000153,2024-02-15,1,OR1000000153      ,2000,
100,1000000154,2024-08-17,08:00:00,SALEUSER1,,,2024-08-17,C,OR,,75909.54,USD,1000,10,0,100,1000,5700000154,2024-08-31,C00012,,,1000,2024-08-17,CUST-PO-000154,2024-08-17,1,OR1000000154      ,1000,4.0
100,1000000155,2024-07-25,08:00:00,SALEUSER3,,,2024-07-25,C,ZOR,,123477.42,USD,1000,10,0,100,1000,5700000155,2024-08-09,C00006,,,1000,2024-07-25,CUST-PO-000155,2024-07-25,1,OR1000000155      ,3000,1.0
100,1000000156,2024-04-29,08:00:00,SALEUSER1,,,2024-04-29,C,OR,,231460.32,USD,1000,10,0,100,1000,5700000156,2024-05-18,C00008,,,1000,2024-04-29,CUST-PO-000156,2024-04-29,1,OR1000000156      ,3000,1.0
100,1000000157,2024-07-07,08:00:00,SALEUSER3,,,2024-07-07,C,OR,,268163.17,USD,1000,10,0,100,1000,5700000157,2024-07-31,C00006,,,1000,2024-07-07,CUST-PO-000157,2024-07-07,1,OR1000000157      ,2000,
100,1000000158,2024-05-02,08:00:00,SALEUSER2,,,2024-05-02,C,ZOR,,150043.68,USD,1000,10,0,100,1000,5700000158,2024-05-31,C00011,2.0,,1000,2024-05-02,CUST-PO-000158,2024-05-02,1,OR1000000158      ,2000,
100,1000000159,2024-03-09,08:00:00,SALEUSER1,,,2024-03-09,C,OR,,382490.55,USD,1000,10,0,100,1000,5700000159,2024-03-31,C00011,,,1000,2024-03-09,CUST-PO-000159,2024-03-09,1,OR1000000159      ,3000,4.0
100,1000000160,2024-09-06,08:00:00,SALEUSER3,,,2024-09-06,C,ZOR,,56450.46,USD,1000,10,0,100,1000,5700000160,2024-09-30,C00002,,,1000,2024-09-06,CUST-PO-000160,2024-09-06,1,OR1000000160      ,2000,4.0
100,1000000161,2024-04-14,08:00:00,SALEUSER2,,,2024-04-14,C,OR,,78817.99,USD,1000,10,0,100,1000,5700000161,2024-04-21,C00008,,,1000,2024-04-14,CUST-PO-000161,2024-04-14,1,OR1000000161      ,1000,4.0
100,1000000162,2024-06-16,08:00:00,SALEUSER1,,,2024-06-16,C,FO,,42442.32,USD,1000,10,0,100,1000,5700000162,2024-07-03,C00012,,,1000,2024-06-16,CUST-PO-000162,2024-06-16,1,OR1000000162      ,3000,3.0
100,1000000163,2024-09-11,08:00:00,SALEUSER1,,,2024-09-11,C,OR,,366866.88,USD,1000,10,0,100,1000,5700000163,2024-09-28,C00004,,8.0,1000,2024-09-11,CUST-PO-000163,2024-09-11,1,OR1000000163      ,2000,
100,1000000164,2024-01-07,08:00:00,SALEUSER1,,,2024-01-07,C,OR,,50384.46,USD,1000,10,0,100,1000,5700000164,2024-01-17,C00003,,,1000,2024-01-07,CUST-PO-000164,2024-01-07,1,OR1000000164      ,3000,
100,1000000165,2024-07-02,08:00:00,SALEUSER1,,,2024-07-02,C,OR,,21850.5,USD,1000,10,0,100,1000,5700000165,2024-07-11,C00007,,,1000,2024-07-02,CUST-PO-000165,2024-07-02,1,OR1000000165      ,3000,2.0
100,1000000166,2024-07-04,08:00:00,SALEUSER3,,,2024-07-04,C,OR,,57437.76,USD,1000,10,0,100,1000,5700000166,2024-07-16,C00008,,,1000,2024-07-04,CUST-PO-000166,2024-07-04,1,OR1000000166      ,1000,2.0
100,1000000167,2024-04-14,08:00:00,SALEUSER1,,,2024-04-14,C,OR,,351172.2,USD,1000,10,0,100,1000,5700000167,2024-04-27,C00010,,,1000,2024-04-14,CUST-PO-000167,2024-04-14,1,OR1000000167      ,1000,2.0
100,1000000168,2024-03-12,08:00:00,SALEUSER3,,,2024-03-12,C,OR,,99245.23,USD,1000,10,0,100,1000,5700000168,2024-03-27,C00007,2.0,,1000,2024-03-12,CUST-PO-000168,2024-03-12,1,OR1000000168      ,1000,4.0
100,1000000169,2024-02-28,08:00:00,SALEUSER3,,,2024-02-28,C,OR,,52374.92,USD,1000,10,0,100,1000,5700000169,2024-03-16,C00011,,,1000,2024-02-28,CUST-PO-000169,2024-02-28,1,OR1000000169      ,2000,1.0
100,1000000170,2024-03-10,08:00:00,SALEUSER2,,,2024-03-10,C,OR,,84283.68,USD,1000,10,0,100,1000,5700000170,2024-03-23,C00015,,,1000,2024-03-10,CUST-PO-000170,2024-03-10,1,OR1000000170      ,2000,4.0
100,1000000171,2024-02-23,08:00:00,SALEUSER3,,,2024-02-23,C,FO,,70078.51,USD,1000,10,0,100,1000,5700000171,2024-03-09,C00008,,,1000,2024-02-23,CUST-PO-000171,2024-02-23,1,OR1000000171      ,3000,1.0
100,1000000172,2024-05-03,08:00:00,SALEUSER3,,,2024-05-03,C,OR,,1481.05,USD,1000,10,0,100,1000,5700000172,2024-05-13,C00013,,8.0,1000,2024-05-03,CUST-PO-000172,2024-05-03,1,OR1000000172      ,1000,3.0
100,1000000173,2024-07-07,08:00:00,SALEUSER1,,,2024-07-07,C,OR,,14539.49,USD,1000,10,0,100,1000,5700000173,2024-07-24,C00007,,,1000,2024-07-07,CUST-PO-000173,2024-07-07,1,OR1000000173      ,1000,1.0
100,1000000174,2024-03-29,08:00:00,SALEUSER3,,,2024-03-29,C,OR,,52987.2,USD,1000,10,0,100,1000,5700000174,2024-04-22,C00003,,,1000,2024-03-29,CUST-PO-000174,2024-03-29,1,OR1000000174      ,3000,3.0
100,1000000175,2024-02-05,08:00:00,SALEUSER1,,,2024-02-05,C,OR,,22785.78,USD,1000,10,0,100,1000,5700000175,2024-03-05,C00007,,,1000,2024-02-05,CUST-PO-000175,2024-02-05,1,OR1000000175      ,1000,
100,1000000176,2024-07-27,08:00:00,SALEUSER1,,,2024-07-27,C,OR,,16363.48,USD,1000,10,0,100,1000,5700000176,2024-08-17,C00004,,,1000,2024-07-27,CUST-PO-000176,2024-07-27,1,OR1000000176      ,1000,2.0
100,1000000177,2024-06-12,08:00:00,SALEUSER2,,,2024-06-12,C,ZOR,,197430.3,USD,1000,10,0,100,1000,5700000177,2024-06-22,C00004,,,1000,2024-06-12,CUST-PO-000177,2024-06-12,1,OR1000000177      ,2000,3.0
100,1000000178,2024-04-01,08:00:00,SALEUSER2,,,2024-04-01,C,OR,,176559.88,USD,1000,10,0,100,1000,5700000178,2024-04-10,C00004,,,1000,2024-04-01,CUST-PO-000178,2024-04-01,1,OR1000000178      ,3000,2.0
100,1000000179,2024-07-13,08:00:00,SALEUSER1,,,2024-07-13,C,OR,,162468.66,USD,1000,10,0,100,1000,5700000179,2024-08-08,C00001,,,1000,2024-07-13,CUST-PO-000179,2024-07-13,1,OR1000000179      ,3000,3.0
100,1000000180,2024-05-22,08:00:00,SALEUSER1,,,2024-05-22,C,ZOR,,303703.2,USD,1000,10,0,100,1000,5700000180,2024-06-15,C00013,,,1000,2024-05-22,CUST-PO-000180,2024-05-22,1,OR1000000180      ,2000,3.0
100,1000000181,2024-06-01,08:00:00,SALEUSER3,,,2024-06-01,C,OR,,94412.36,USD,1000,10,0,100,1000,5700000181,2024-06-19,C00006,2.0,,1000,2024-06-01,CUST-PO-000181,2024-06-01,1,OR1000000181      ,2000,
100,1000000182,2024-04-15,08:00:00,SALEUSER3,,,2024-04-15,C,ZOR,,17332.56,USD,1000,10,0,100,1000,5700000182,2024-04-26,C00001,,,1000,2024-04-15,CUST-PO-000182,2024-04-15,1,OR1000000182      ,3000,1.0
100,1000000183,2024-07-09,08:00:00,SALEUSER3,,,2024-07-09,C,OR,,94.31,USD,1000,10,0,100,1000,5700000183,2024-07-24,C00006,,,1000,2024-07-09,CUST-PO-000183,2024-07-09,1,OR1000000183      ,1000,
100,1000000184,2024-09-29,08:00:00,SALEUSER2,,,2024-09-29,C,OR,,254746.76,USD,1000,10,0,100,1000,5700000184,2024-10-16,C00015,,,1000,2024-09-29,CUST-PO-000184,2024-09-29,1,OR1000000184      ,2000,3.0
100,1000000185,2024-04-19,08:00:00,SALEUSER2,,,2024-04-19,C,OR,,85642.7,USD,1000,10,0,100,1000,5700000185,2024-05-06,C00008,,8.0,1000,2024-04-19,CUST-PO-000185,2024-04-19,1,OR1000000185      ,2000,4.0
100,1000000186,2024-05-06,08:00:00,SALEUSER3,,,2024-05-06,C,OR,,105938.16,USD,1000,10,0,100,1000,5700000186,2024-06-05,C00004,,,1000,2024-05-06,CUST-PO-000186,2024-05-06,1,OR1000000186      ,2000,3.0
100,1000000187,2024-04-20,08:00:00,SALEUSER3,,,2024-04-20,C,FO,,127238.88,USD,1000,10,0,100,1000,5700000187,2024-05-20,C00001,,,1000,2024-04-20,CUST-PO-000187,2024-04-20,1,OR1000000187      ,2000,4.0
100,1000000188,2024-06-20,08:00:00,SALEUSER1,,,2024-06-20,C,ZOR,,94082.52,USD,1000,10,0,100,1000,5700000188,2024-07-01,C00007,,,1000,2024-06-20,CUST-PO-000188,2024-06-20,1,OR1000000188      ,2000,2.0
100,1000000189,2024-08-11,08:00:00,SALEUSER2,,,2024-08-11,C,OR,,107375.47,USD,1000,10,0,100,1000,5700000189,2024-08-23,C00004,,,1000,2024-08-11,CUST-PO-000189,2024-08-11,1,OR1000000189      ,3000,
100,1000000190,2024-04-09,08:00:00,SALEUSER2,,,2024-04-09,C,OR,,24975.8,USD,1000,10,0,100,1000,5700000190,2024-05-05,C00005,,,1000,2024-04-09,CUST-PO-000190,2024-04-09,1,OR1000000190      ,2000,3.0
100,1000000191,2024-04-23,08:00:00,SALEUSER2,,,2024-04-23,C,OR,,131953.17,USD,1000,10,0,100,1000,5700000191,2024-05-11,C00001,,,1000,2024-04-23,CUST-PO-000191,2024-04-23,1,OR1000000191      ,1000,2.0
100,1000000192,2024-05-18,08:00:00,SALEUSER2,,,2024-05-18,C,OR,,140655.24,USD,1000,10,0,100,1000,5700000192,2024-06-04,C00013,,,1000,2024-05-18,CUST-PO-000192,2024-05-18,1,OR1000000192      ,2000,3.0
100,1000000193,2024-09-24,08:00:00,SALEUSER2,,,2024-09-24,C,OR,,18237.31,USD,1000,10,0,100,1000,5700000193,2024-10-07,C00012,,,1000,2024-09-24,CUST-PO-000193,2024-09-24,1,OR1000000193      ,1000,2.0
100,1000000194,2024-05-31,08:00:00,SALEUSER3,,,2024-05-31,C,OR,,40992.0,USD,1000,10,0,100,1000,5700000194,2024-06-15,C00013,,,1000,2024-05-31,CUST-PO-000194,2024-05-31,1,OR1000000194      ,3000,2.0
100,1000000195,2024-05-01,08:00:00,SALEUSER2,,,2024-05-01,C,OR,,114799.67,USD,1000,10,0,100,1000,5700000195,2024-05-15,C00006,2.0,,1000,2024-05-01,CUST-PO-000195,2024-05-01,1,OR1000000195      ,1000,
100,1000000196,2024-04-29,08:00:00,SALEUSER1,,,2024-04-29,C,OR,,56984.85,USD,1000,10,0,100,1000,5700000196,2024-05-26,C00006,,,1000,2024-04-29,CUST-PO-000196,2024-04-29,1,OR1000000196      ,3000,
100,1000000197,2024-06-20,08:00:00,SALEUSER1,,,2024-06-20,C,OR,,141176.46,USD,1000,10,0,100,1000,5700000197,2024-07-03,C00015,,,1000,2024-06-20,CUST-PO-000197,2024-06-20,1,OR1000000197      ,2000,
100,1000000198,2024-08-10,08:00:00,SALEUSER3,,,2024-08-10,C,OR,,56957.04,USD,1000,10,0,100,1000,5700000198,2024-08-23,C00006,,,1000,2024-08-10,CUST-PO-000198,2024-08-10,1,OR1000000198      ,2000,2.0
100,1000000199,2024-03-02,08:00:00,SALEUSER2,,,2024-03-02,C,OR,,144521.16,USD,1000,10,0,100,1000,5700000199,2024-03-16,C00015,,,1000,2024-03-02,CUST-PO-000199,2024-03-02,1,OR1000000199      ,1000,3.0
100,1000000200,2024-02-15,08:00:00,SALEUSER1,,,2024-02-15,C,OR,,43651.74,USD,1000,10,0,100,1000,5700000200,2024-03-06,C00013,,,1000,2024-02-15,CUST-PO-000200,2024-02-15,1,OR1000000200      ,3000,2.0
100,1000000201,2024-09-16,08:00:00,SALEUSER1,,,2024-09-16,C,OR,,59073.84,USD,1000,10,0,100,1000,5700000201,2024-09-27,C00011,,,1000,2024-09-16,CUST-PO-000201,2024-09-16,1,OR1000000201      ,3000,4.0
100,1000000202,2024-06-29,08:00:00,SALEUSER3,,,2024-06-29,C,FO,,115897.4,USD,1000,10,0,100,1000,5700000202,2024-07-10,C00013,,,1000,2024-06-29,CUST-PO-000202,2024-06-29,1,OR1000000202      ,3000,4.0
100,1000000203,2024-05-20,08:00:00,SALEUSER2,,,2024-05-20,C,OR,,146681.94,USD,1000,10,0,100,1000,5700000203,2024-06-13,C00008,,,1000,2024-05-20,CUST-PO-000203,2024-05-20,1,OR1000000203      ,1000,2.0
100,1000000204,2024-07-02,08:00:00,SALEUSER1,,,2024-07-02,C,OR,,247521.02,USD,1000,10,0,100,1000,5700000204,2024-07-18,C00012,,,1000,2024-07-02,CUST-PO-000204,2024-07-02,1,OR1000000204      ,1000,1.0
100,1000000205,2024-05-18,08:00:00,SALEUSER2,,,2024-05-18,C,FO,,15252.48,USD,1000,10,0,100,1000,5700000205,2024-06-15,C00004,,,1000,2024-05-18,CUST-PO-000205,2024-05-18,1,OR1000000205      ,3000,4.0
100,1000000206,2024-09-01,08:00:00,SALEUSER2,,,2024-09-01,C,FO,,69176.38,USD,1000,10,0,100,1000,5700000206,2024-09-12,C00014,2.0,,1000,2024-09-01,CUST-PO-000206,2024-09-01,1,OR1000000206      ,2000,4.0
100,1000000207,2024-01-24,08:00:00,SALEUSER2,,,2024-01-24,C,FO,,25501.7,USD,1000,10,0,100,1000,5700000207,2024-02-22,C00004,2.0,,1000,2024-01-24,CUST-PO-000207,2024-01-24,1,OR1000000207      ,2000,3.0
100,1000000208,2024-08-20,08:00:00,SALEUSER3,,,2024-08-20,C,FO,,20708.4,USD,1000,10,0,100,1000,5700000208,2024-09-15,C00015,,,1000,2024-08-20,CUST-PO-000208,2024-08-20,1,OR1000000208      ,2000,
100,1000000209,2024-07-09,08:00:00,SALEUSER1,,,2024-07-09,C,ZOR,,45436.3,USD,1000,10,0,100,1000,5700000209,2024-07-30,C00011,,8.0,1000,2024-07-09,CUST-PO-000209,2024-07-09,1,OR1000000209      ,2000,1.0
100,1000000210,2024-01-23,08:00:00,SALEUSER1,,,2024-01-23,C,OR,,285147.42,USD,1000,10,0,100,1000,5700000210,2024-02-05,C00004,,,1000,2024-01-23,CUST-PO-000210,2024-01-23,1,OR1000000210      ,3000,1.0
100,1000000211,2024-01-28,08:00:00,SALEUSER2,,,2024-01-28,C,OR,,234468.61,USD,1000,10,0,100,1000,5700000211,2024-02-17,C00007,,,1000,2024-01-28,CUST-PO-000211,2024-01-28,1,OR1000000211      ,2000,3.0
100,1000000212,2024-09-12,08:00:00,SALEUSER2,,,2024-09-12,C,OR,,87406.86,USD,1000,10,0,100,1000,5700000212,2024-09-22,C00004,,,1000,2024-09-12,CUST-PO-000212,2024-09-12,1,OR1000000212      ,2000,
100,1000000213,2024-05-26,08:00:00,SALEUSER2,,,2024-05-26,C,OR,,285541.2,USD,1000,10,0,100,1000,5700000213,2024-06-18,C00014,,,1000,2024-05-26,CUST-PO-000213,2024-05-26,1,OR1000000213      ,1000,3.0
100,1000000214,2024-02-19,08:00:00,SALEUSER1,,,2024-02-19,C,OR,,71585.44,USD,1000,10,0,100,1000,5700000214,2024-03-10,C00005,2.0,,1000,2024-02-19,CUST-PO-000214,2024-02-19,1,OR1000000214      ,2000,4.0
100,1000000215,2024-05-18,08:00:00,SALEUSER1,,,2024-05-18,C,OR,,290536.4,USD,1000,10,0,100,1000,5700000215,2024-06-07,C00002,,,1000,2024-05-18,CUST-PO-000215,2024-05-18,1,OR1000000215      ,1000,4.0
100,1000000216,2024-06-16,08:00:00,SALEUSER3,,,2024-06-16,C,OR,,71315.66,USD,1000,10,0,100,1000,5700000216,2024-07-05,C00003,,,1000,2024-06-16,CUST-PO-000216,2024-06-16,1,OR1000000216      ,3000,
100,1000000217,2024-08-06,08:00:00,SALEUSER3,,,2024-08-06,C,OR,,110675.4,USD,1000,10,0,100,1000,5700000217,2024-08-17,C00015,2.0,,1000,2024-08-06,CUST-PO-000217,2024-08-06,1,OR1000000217      ,2000,4.0
100,1000000218,2024-09-29,08:00:00,SALEUSER3,,,2024-09-29,C,OR,,87624.66,USD,1000,10,0,100,1000,5700000218,2024-10-25,C00010,,,1000,2024-09-29,CUST-PO-000218,2024-09-29,1,OR1000000218      ,3000,
100,1000000219,2024-07-24,08:00:00,SALEUSER2,,,2024-07-24,C,OR,,4507.32,USD,1000,10,0,100,1000,5700000219,2024-08-17,C00003,,,1000,2024-07-24,CUST-PO-000219,2024-07-24,1,OR1000000219      ,2000,2.0
100,1000000220,2024-06-15,08:00:00,SALEUSER2,,,2024-06-15,C,FO,,176712.0,USD,1000,10,0,100,1000,5700000220,2024-07-11,C00002,,,1000,2024-06-15,CUST-PO-000220,2024-06-15,1,OR1000000220      ,1000,1.0
100,1000000221,2024-05-31,08:00:00,SALEUSER2,,,2024-05-31,C,OR,,4561.3,USD,1000,10,0,100,1000,5700000221,2024-06-25,C00004,,,1000,2024-05-31,CUST-PO-000221,2024-05-31,1,OR1000000221      ,1000,2.0
100,1000000222,2024-03-25,08:00:00,SALEUSER3,,,2024-03-25,C,ZOR,,26202.4,USD,1000,10,0,100,1000,5700000222,2024-04-20,C00006,,,1000,2024-03-25,CUST-PO-000222,2024-03-25,1,OR1000000222      ,1000,1.0
100,1000000223,2024-05-24,08:00:00,SALEUSER1,,,2024-05-24,C,OR,,39601.53,USD,1000,10,0,100,1000,5700000223,2024-06-16,C00014,,,1000,2024-05-24,CUST-PO-000223,2024-05-24,1,OR1000000223      ,3000,2.0
100,1000000224,2024-05-24,08:00:00,SALEUSER1,,,2024-05-24,C,OR,,204575.44,USD,1000,10,0,100,1000,5700000224,2024-06-11,C00015,,,1000,2024-05-24,CUST-PO-000224,2024-05-24,1,OR1000000224      ,1000,
100,1000000225,2024-05-10,08:00:00,SALEUSER1,,,2024-05-10,C,ZOR,,113454.0,USD,1000,10,0,100,1000,5700000225,2024-05-21,C00014,,,1000,2024-05-10,CUST-PO-000225,2024-05-10,1,OR1000000225      ,3000,3.0
100,1000000226,2024-08-04,08:00:00,SALEUSER3,,,2024-08-04,C,OR,,91282.11,USD,1000,10,0,100,1000,5700000226,2024-08-11,C00004,2.0,,1000,2024-08-04,CUST-PO-000226,2024-08-04,1,OR1000000226      ,1000,2.0
100,1000000227,2024-05-23,08:00:00,SALEUSER2,,,2024-05-23,C,OR,,10216.8,USD,1000,10,0,100,1000,5700000227,2024-06-09,C00004,,,1000,2024-05-23,CUST-PO-000227,2024-05-23,1,OR1000000227      ,3000,2.0
100,1000000228,2024-01-15,08:00:00,SALEUSER1,,,2024-01-15,C,OR,,45778.88,USD,1000,10,0,100,1000,5700000228,2024-02-09,C00004,,,1000,2024-01-15,CUST-PO-000228,2024-01-15,1,OR1000000228      ,3000,4.0
100,1000000229,2024-08-25,08:00:00,SALEUSER2,,,2024-08-25,C,OR,,122897.6,USD,1000,10,0,100,1000,5700000229,2024-09-11,C00008,,,1000,2024-08-25,CUST-PO-000229,2024-08-25,1,OR1000000229      ,2000,2.0
100,1000000230,2024-08-15,08:00:00,SALEUSER2,,,2024-08-15,C,OR,,41185.28,USD,1000,10,0,100,1000,5700000230,2024-09-02,C00003,,,1000,2024-08-15,CUST-PO-000230,2024-08-15,1,OR1000000230      ,2000,4.0
100,1000000231,2024-09-10,08:00:00,SALEUSER2,,,2024-09-10,C,OR,,105943.63,USD,1000,10,0,100,1000,5700000231,2024-10-01,C00009,,,1000,2024-09-10,CUST-PO-000231,2024-09-10,1,OR1000000231      ,3000,4.0
100,1000000232,2024-07-17,08:00:00,SALEUSER3,,,2024-07-17,C,ZOR,,193335.84,USD,1000,10,0,100,1000,5700000232,2024-07-26,C00004,,,1000,2024-07-17,CUST-PO-000232,2024-07-17,1,OR1000000232      ,1000,4.0
100,1000000233,2024-08-26,08:00:00,SALEUSER2,,,2024-08-26,C,OR,,8064.0,USD,1000,10,0,100,1000,5700000233,2024-09-23,C00008,,,1000,2024-08-26,CUST-PO-000233,2024-08-26,1,OR1000000233      ,2000,
100,1000000234,2024-01-27,08:00:00,SALEUSER2,,,2024-01-27,C,OR,,329193.96,USD,1000,10,0,100,1000,5700000234,2024-02-18,C00006,,,1000,2024-01-27,CUST-PO-000234,2024-01-27,1,OR1000000234      ,3000,
100,1000000235,2024-08-03,08:00:00,SALEUSER3,,,2024-08-03,C,ZOR,,83171.09,USD,1000,10,0,100,1000,5700000235,2024-08-17,C00011,,,1000,2024-08-03,CUST-PO-000235,2024-08-03,1,OR1000000235      ,1000,2.0
100,1000000236,2024-08-12,08:00:00,SALEUSER3,,,2024-08-12,C,OR,,157222.0,USD,1000,10,0,100,1000,5700000236,2024-09-09,C00001,,,1000,2024-08-12,CUST-PO-000236,2024-08-12,1,OR1000000236      ,3000,3.0
100,1000000237,2024-02-22,08:00:00,SALEUSER2,,,2024-02-22,C,OR,,177601.36,USD,1000,10,0,100,1000,5700000237,2024-03-06,C00010,,,1000,2024-02-22,CUST-PO-000237,2024-02-22,1,OR1000000237      ,3000,3.0
100,1000000238,2024-01-19,08:00:00,SALEUSER3,,,2024-01-19,C,OR,,49220.9,USD,1000,10,0,100,1000,5700000238,2024-02-16,C00011,,,1000,2024-01-19,CUST-PO-000238,2024-01-19,1,OR1000000238      ,1000,1.0
100,1000000239,2024-08-20,08:00:00,SALEUSER3,,,2024-08-20,C,OR,,64834.67,USD,1000,10,0,100,1000,5700000239,2024-09-03,C00002,,,1000,2024-08-20,CUST-PO-000239,2024-08-20,1,OR1000000239      ,1000,3.0
100,1000000240,2024-04-10,08:00:00,SALEUSER1,,,2024-04-10,C,FO,,46281.76,USD,1000,10,0,100,1000,5700000240,2024-04-19,C00010,,,1000,2024-04-10,CUST-PO-000240,2024-04-10,1,OR1000000240      ,1000,1.0
100,1000000241,2024-09-11,08:00:00,SALEUSER3,,,2024-09-11,C,ZOR,,202746.6,USD,1000,10,0,100,1000,5700000241,2024-10-07,C00003,,,1000,2024-09-11,CUST-PO-000241,2024-09-11,1,OR1000000241      ,1000,2.0
100,1000000242,2024-06-10,08:00:00,SALEUSER1,,,2024-06-10,C,OR,,83268.24,USD,1000,10,0,100,1000,5700000242,2024-06-24,C00002,2.0,,1000,2024-06-10,CUST-PO-000242,2024-06-10,1,OR1000000242      ,1000,3.0
100,1000000243,2024-08-11,08:00:00,SALEUSER2,,,2024-08-11,C,OR,,227178.33,USD,1000,10,0,100,1000,5700000243,2024-08-31,C00010,2.0,,1000,2024-08-11,CUST-PO-000243,2024-08-11,1,OR1000000243      ,3000,2.0
100,1000000244,2024-01-08,08:00:00,SALEUSER3,,,2024-01-08,C,ZOR,,96526.65,USD,1000,10,0,100,1000,5700000244,2024-01-22,C00011,,,1000,2024-01-08,CUST-PO-000244,2024-01-08,1,OR1000000244      ,1000,
100,1000000245,2024-05-08,08:00:00,SALEUSER1,,,2024-05-08,C,OR,,296563.57,USD,1000,10,0,100,1000,5700000245,2024-06-05,C00009,,,1000,2024-05-08,CUST-PO-000245,2024-05-08,1,OR1000000245      ,2000,3.0
100,1000000246,2024-08-05,08:00:00,SALEUSER3,,,2024-08-05,C,OR,,106141.41,USD,1000,10,0,100,1000,5700000246,2024-09-03,C00007,,,1000,2024-08-05,CUST-PO-000246,2024-08-05,1,OR1000000246      ,2000,3.0
100,1000000247,2024-08-05,08:00:00,SALEUSER2,,,2024-08-05,C,ZOR,,56005.48,USD,1000,10,0,100,1000,5700000247,2024-08-13,C00006,,,1000,2024-08-05,CUST-PO-000247,2024-08-05,1,OR1000000247      ,3000,4.0
100,1000000248,2024-08-24,08:00:00,SALEUSER2,,,2024-08-24,C,OR,,77306.68,USD,1000,10,0,100,1000,5700000248,2024-09-15,C00004,,,1000,2024-08-24,CUST-PO-000248,2024-08-24,1,OR1000000248      ,3000,1.0
100,1000000249,2024-06-22,08:00:00,SALEUSER2,,,2024-06-22,C,OR,,232243.2,USD,1000,10,0,100,1000,5700000249,2024-07-20,C00012,,,1000,2024-06-22,CUST-PO-000249,2024-06-22,1,OR1000000249      ,3000,2.0
100,1000000250,2024-08-02,08:00:00,SALEUSER1,,,2024-08-02,C,OR,,14651.85,USD,1000,10,0,100,1000,5700000250,2024-08-30,C00004,,,1000,2024-08-02,CUST-PO-000250,2024-08-02,1,OR1000000250      ,2000,1.0
100,1000000251,2024-04-20,08:00:00,SALEUSER2,,,2024-04-20,C,OR,,193772.16,USD,1000,10,0,100,1000,5700000251,2024-05-17,C00008,,,1000,2024-04-20,CUST-PO-000251,2024-04-20,1,OR1000000251      ,1000,
100,1000000252,2024-06-28,08:00:00,SALEUSER1,,,2024-06-28,C,ZOR,,95993.65,USD,1000,10,0,100,1000,5700000252,2024-07-22,C00014,,,1000,2024-06-28,CUST-PO-000252,2024-06-28,1,OR1000000252      ,2000,4.0
100,1000000253,2024-06-01,08:00:00,SALEUSER3,,,2024-06-01,C,OR,,35325.45,USD,1000,10,0,100,1000,5700000253,2024-06-13,C00005,,,1000,2024-06-01,CUST-PO-000253,2024-06-01,1,OR1000000253      ,3000,2.0
100,1000000254,2024-09-27,08:00:00,SALEUSER1,,,2024-09-27,C,OR,,21755.8,USD,1000,10,0,100,1000,5700000254,2024-10-12,C00009,,,1000,2024-09-27,CUST-PO-000254,2024-09-27,1,OR1000000254      ,2000,1.0
100,1000000255,2024-05-25,08:00:00,SALEUSER2,,,2024-05-25,C,OR,,14780.48,USD,1000,10,0,100,1000,5700000255,2024-06-17,C00008,,8.0,1000,2024-05-25,CUST-PO-000255,2024-05-25,1,OR1000000255      ,3000,
100,1000000256,2024-03-31,08:00:00,SALEUSER3,,,2024-03-31,C,OR,,212725.89,USD,1000,10,0,100,1000,5700000256,2024-04-19,C00006,,8.0,1000,2024-03-31,CUST-PO-000256,2024-03-31,1,OR1000000256      ,2000,
100,1000000257,2024-02-04,08:00:00,SALEUSER1,,,2024-02-04,C,OR,,137497.79,USD,1000,10,0,100,1000,5700000257,2024-03-02,C00005,,,1000,2024-02-04,CUST-PO-000257,2024-02-04,1,OR1000000257      ,1000,4.0
100,1000000258,2024-03-16,08:00:00,SALEUSER3,,,2024-03-16,C,OR,,281799.36,USD,1000,10,0,100,1000,5700000258,2024-04-05,C00002,,,1000,2024-03-16,CUST-PO-000258,2024-03-16,1,OR1000000258      ,2000,2.0
100,1000000259,2024-05-28,08:00:00,SALEUSER3,,,2024-05-28,C,FO,,238307.58,USD,1000,10,0,100,1000,5700000259,2024-06-16,C00006,,,1000,2024-05-28,CUST-PO-000259,2024-05-28,1,OR1000000259      ,1000,1.0
100,1000000260,2024-06-03,08:00:00,SALEUSER2,,,2024-06-03,C,OR,,83743.68,USD,1000,10,0,100,1000,5700000260,2024-06-29,C00011,,,1000,2024-06-03,CUST-PO-000260,2024-06-03,1,OR1000000260      ,1000,4.0
100,1000000261,2024-07-31,08:00:00,SALEUSER1,,,2024-07-31,C,OR,,49202.67,USD,1000,10,0,100,1000,5700000261,2024-08-19,C00004,,,1000,2024-07-31,CUST-PO-000261,2024-07-31,1,OR1000000261      ,1000,2.0
100,1000000262,2024-09-18,08:00:00,SALEUSER3,,,2024-09-18,C,OR,,254408.52,USD,1000,10,0,100,1000,5700000262,2024-09-28,C00001,,,1000,2024-09-18,CUST-PO-000262,2024-09-18,1,OR1000000262      ,1000,
100,1000000263,2024-09-06,08:00:00,SALEUSER2,,,2024-09-06,C,ZOR,,79593.44,USD,1000,10,0,100,1000,5700000263,2024-09-23,C00003,,,1000,2024-09-06,CUST-PO-000263,2024-09-06,1,OR1000000263      ,3000,2.0
100,1000000264,2024-04-22,08:00:00,SALEUSER2,,,2024-04-22,C,OR,,110929.16,USD,1000,10,0,100,1000,5700000264,2024-05-16,C00013,,,1000,2024-04-22,CUST-PO-000264,2024-04-22,1,OR1000000264      ,2000,4.0
100,1000000265,2024-04-07,08:00:00,SALEUSER3,,,2024-04-07,C,OR,,21840.75,USD,1000,10,0,100,1000,5700000265,2024-05-01,C00013,,,1000,2024-04-07,CUST-PO-000265,2024-04-07,1,OR1000000265      ,1000,4.0
100,1000000266,2024-07-21,08:00:00,SALEUSER2,,,2024-07-21,C,ZOR,,69944.0,USD,1000,10,0,100,1000,5700000266,2024-08-20,C00015,,,1000,2024-07-21,CUST-PO-000266,2024-07-21,1,OR1000000266      ,3000,4.0
100,1000000267,2024-08-31,08:00:00,SALEUSER1,,,2024-08-31,C,OR,,372277.64,USD,1000,10,0,100,1000,5700000267,2024-09-20,C00010,2.0,,1000,2024-08-31,CUST-PO-000267,2024-08-31,1,OR1000000267      ,2000,4.0
100,1000000268,2024-04-15,08:00:00,SALEUSER3,,,2024-04-15,C,OR,,53449.24,USD,1000,10,0,100,1000,5700000268,2024-05-05,C00015,,,1000,2024-04-15,CUST-PO-000268,2024-04-15,1,OR1000000268      ,3000,1.0
100,1000000269,2024-01-21,08:00:00,SALEUSER2,,,2024-01-21,C,FO,,163218.95,USD,1000,10,0,100,1000,5700000269,2024-02-04,C00002,,,1000,2024-01-21,CUST-PO-000269,2024-01-21,1,OR1000000269      ,1000,1.0
100,1000000270,2024-06-26,08:00:00,SALEUSER1,,,2024-06-26,C,OR,,112461.68,USD,1000,10,0,100,1000,5700000270,2024-07-09,C00008,,,1000,2024-06-26,CUST-PO-000270,2024-06-26,1,OR1000000270      ,1000,
100,1000000271,2024-05-01,08:00:00,SALEUSER1,,,2024-05-01,C,OR,,132973.31,USD,1000,10,0,100,1000,5700000271,2024-05-20,C00002,,,1000,2024-05-01,CUST-PO-000271,2024-05-01,1,OR1000000271      ,1000,3.0
100,1000000272,2024-07-17,08:00:00,SALEUSER2,,,2024-07-17,C,OR,,262781.82,USD,1000,10,0,100,1000,5700000272,2024-08-01,C00002,,,1000,2024-07-17,CUST-PO-000272,2024-07-17,1,OR1000000272      ,2000,2.0
100,1000000273,2024-06-08,08:00:00,SALEUSER1,,,2024-06-08,C,FO,,333828.32,USD,1000,10,0,100,1000,5700000273,2024-06-20,C00007,,,1000,2024-06-08,CUST-PO-000273,2024-06-08,1,OR1000000273      ,3000,3.0
100,1000000274,2024-06-27,08:00:00,SALEUSER1,,,2024-06-27,C,FO,,128239.49,USD,1000,10,0,100,1000,5700000274,2024-07-27,C00007,,,1000,2024-06-27,CUST-PO-000274,2024-06-27,1,OR1000000274      ,3000,2.0
100,1000000275,2024-03-25,08:00:00,SALEUSER1,,,2024-03-25,C,FO,,25804.46,USD,1000,10,0,100,1000,5700000275,2024-04-07,C00014,,,1000,2024-03-25,CUST-PO-000275,2024-03-25,1,OR1000000275      ,3000,4.0
100,1000000276,2024-05-06,08:00:00,SALEUSER3,,,2024-05-06,C,FO,,53762.48,USD,1000,10,0,100,1000,5700000276,2024-05-20,C00010,,,1000,2024-05-06,CUST-PO-000276,2024-05-06,1,OR1000000276      ,2000,
100,1000000277,2024-01-25,08:00:00,SALEUSER1,,,2024-01-25,C,OR,,77945.0,USD,1000,10,0,100,1000,5700000277,2024-02-02,C00003,,,1000,2024-01-25,CUST-PO-000277,2024-01-25,1,OR1000000277      ,3000,4.0
100,1000000278,2024-02-28,08:00:00,SALEUSER3,,,2024-02-28,C,ZOR,,109727.66,USD,1000,10,0,100,1000,5700000278,2024-03-24,C00007,,,1000,2024-02-28,CUST-PO-000278,2024-02-28,1,OR1000000278      ,3000,2.0
100,1000000279,2024-03-06,08:00:00,SALEUSER3,,,2024-03-06,C,FO,,217850.48,USD,1000,10,0,100,1000,5700000279,2024-03-13,C00005,2.0,,1000,2024-03-06,CUST-PO-000279,2024-03-06,1,OR1000000279      ,2000,1.0
100,1000000280,2024-02-14,08:00:00,SALEUSER2,,,2024-02-14,C,ZOR,,58753.52,USD,1000,10,0,100,1000,5700000280,2024-03-04,C00006,,,1000,2024-02-14,CUST-PO-000280,2024-02-14,1,OR1000000280      ,2000,
100,1000000281,2024-04-10,08:00:00,SALEUSER3,,,2024-04-10,C,OR,,129994.5,USD,1000,10,0,100,1000,5700000281,2024-04-30,C00013,,,1000,2024-04-10,CUST-PO-000281,2024-04-10,1,OR1000000281      ,1000,1.0
100,1000000282,2024-07-04,08:00:00,SALEUSER2,,,2024-07-04,C,OR,,134478.08,USD,1000,10,0,100,1000,5700000282,2024-07-24,C00013,,,1000,2024-07-04,CUST-PO-000282,2024-07-04,1,OR1000000282      ,2000,1.0
100,1000000283,2024-08-09,08:00:00,SALEUSER3,,,2024-08-09,C,OR,,98557.09,USD,1000,10,0,100,1000,5700000283,2024-08-17,C00004,,,1000,2024-08-09,CUST-PO-000283,2024-08-09,1,OR1000000283      ,1000,4.0
100,1000000284,2024-02-27,08:00:00,SALEUSER2,,,2024-02-27,C,OR,,73442.8,USD,1000,10,0,100,1000,5700000284,2024-03-12,C00013,,,1000,2024-02-27,CUST-PO-000284,2024-02-27,1,OR1000000284      ,1000,1.0
100,1000000285,2024-06-23,08:00:00,SALEUSER1,,,2024-06-23,C,OR,,386495.62,USD,1000,10,0,100,1000,5700000285,2024-07-18,C00004,,,1000,2024-06-23,CUST-PO-000285,2024-06-23,1,OR1000000285      ,2000,2.0
100,1000000286,2024-02-14,08:00:00,SALEUSER1,,,2024-02-14,C,OR,,182876.19,USD,1000,10,0,100,1000,5700000286,2024-03-02,C00002,,,1000,2024-02-14,CUST-PO-000286,2024-02-14,1,OR1000000286      ,1000,1.0
100,1000000287,2024-02-25,08:00:00,SALEUSER1,,,2024-02-25,C,OR,,389412.52,USD,1000,10,0,100,1000,5700000287,2024-03-05,C00007,,8.0,1000,2024-02-25,CUST-PO-000287,2024-02-25,1,OR1000000287      ,3000,1.0
100,1000000288,2024-09-12,08:00:00,SALEUSER1,,,2024-09-12,C,ZOR,,27525.68,USD,1000,10,0,100,1000,5700000288,2024-10-08,C00006,,,1000,2024-09-12,CUST-PO-000288,2024-09-12,1,OR1000000288      ,2000,2.0
100,1000000289,2024-02-05,08:00:00,SALEUSER1,,,2024-02-05,C,ZOR,,258668.85,USD,1000,10,0,100,1000,5700000289,2024-02-29,C00003,,,1000,2024-02-05,CUST-PO-000289,2024-02-05,1,OR1000000289      ,1000,3.0
100,1000000290,2024-05-01,08:00:00,SALEUSER2,,,2024-05-01,C,FO,,193335.45,USD,1000,10,0,100,1000,5700000290,2024-05-22,C00011,,,1000,2024-05-01,CUST-PO-000290,2024-05-01,1,OR1000000290      ,1000,2.0
100,1000000291,2024-06-10,08:00:00,SALEUSER1,,,2024-06-10,C,OR,,64702.32,USD,1000,10,0,100,1000,5700000291,2024-06-19,C00005,,,1000,2024-06-10,CUST-PO-000291,2024-06-10,1,OR1000000291      ,1000,2.0
100,1000000292,2024-08-11,08:00:00,SALEUSER1,,,2024-08-11,C,ZOR,,153196.92,USD,1000,10,0,100,1000,5700000292,2024-08-19,C00014,,,1000,2024-08-11,CUST-PO-000292,2024-08-11,1,OR1000000292      ,1000,3.0
100,1000000293,2024-01-10,08:00:00,SALEUSER3,,,2024-01-10,C,OR,,84221.89,USD,1000,10,0,100,1000,5700000293,2024-01-24,C00013,,,1000,2024-01-10,CUST-PO-000293,2024-01-10,1,OR1000000293      ,3000,3.0
100,1000000294,2024-05-28,08:00:00,SALEUSER1,,,2024-05-28,C,ZOR,,325526.36,USD,1000,10,0,100,1000,5700000294,2024-06-11,C00012,,,1000,2024-05-28,CUST-PO-000294,2024-05-28,1,OR1000000294      ,1000,4.0
100,1000000295,2024-03-04,08:00:00,SALEUSER3,,,2024-03-04,C,OR,,12868.2,USD,1000,10,0,100,1000,5700000295,2024-03-27,C00015,,,1000,2024-03-04,CUST-PO-000295,2024-03-04,1,OR1000000295      ,2000,2.0
100,1000000296,2024-04-16,08:00:00,SALEUSER1,,,2024-04-16,C,OR,,287003.85,USD,1000,10,0,100,1000,5700000296,2024-05-04,C00012,,,1000,2024-04-16,CUST-PO-000296,2024-04-16,1,OR1000000296      ,2000,1.0
100,1000000297,2024-09-24,08:00:00,SALEUSER1,,,2024-09-24,C,OR,,127784.04,USD,1000,10,0,100,1000,5700000297,2024-10-16,C00006,,,1000,2024-09-24,CUST-PO-000297,2024-09-24,1,OR1000000297      ,1000,3.0
100,1000000298,2024-01-07,08:00:00,SALEUSER3,,,2024-01-07,C,OR,,155845.83,USD,1000,10,0,100,1000,5700000298,2024-01-31,C00010,,,1000,2024-01-07,CUST-PO-000298,2024-01-07,1,OR1000000298      ,3000,4.0
100,1000000299,2024-09-18,08:00:00,SALEUSER1,,,2024-09-18,C,OR,,63932.25,USD,1000,10,0,100,1000,5700000299,2024-09-26,C00005,,8.0,1000,2024-09-18,CUST-PO-000299,2024-09-18,1,OR1000000299      ,3000,4.0
100,1000000300,2024-07-29,08:00:00,SALEUSER2,,,2024-07-29,C,ZOR,,58044.46,USD,1000,10,0,100,1000,5700000300,2024-08-22,C00003,,,1000,2024-07-29,CUST-PO-000300,2024-07-29,1,OR1000000300      ,3000,4.0
100,1000000301,2024-06-13,08:00:00,SALEUSER1,,,2024-06-13,C,OR,,66584.34,USD,1000,10,0,100,1000,5700000301,2024-07-13,C00005,,,1000,2024-06-13,CUST-PO-000301,2024-06-13,1,OR1000000301      ,3000,1.0
100,1000000302,2024-03-26,08:00:00,SALEUSER2,,,2024-03-26,C,OR,,139252.75,USD,1000,10,0,100,1000,5700000302,2024-04-09,C00008,,,1000,2024-03-26,CUST-PO-000302,2024-03-26,1,OR1000000302      ,1000,
100,1000000303,2024-03-04,08:00:00,SALEUSER2,,,2024-03-04,C,OR,,36296.1,USD,1000,10,0,100,1000,5700000303,2024-03-15,C00011,,,1000,2024-03-04,CUST-PO-000303,2024-03-04,1,OR1000000303      ,1000,4.0
100,1000000304,2024-04-27,08:00:00,SALEUSER3,,,2024-04-27,C,OR,,87207.68,USD,1000,10,0,100,1000,5700000304,2024-05-16,C00007,,,1000,2024-04-27,CUST-PO-000304,2024-04-27,1,OR1000000304      ,3000,1.0
100,1000000305,2024-09-19,08:00:00,SALEUSER3,,,2024-09-19,C,FO,,17634.78,USD,1000,10,0,100,1000,5700000305,2024-10-14,C00006,,,1000,2024-09-19,CUST-PO-000305,2024-09-19,1,OR1000000305      ,3000,
100,1000000306,2024-04-04,08:00:00,SALEUSER3,,,2024-04-04,C,OR,,5459.85,USD,1000,10,0,100,1000,5700000306,2024-04-14,C00005,,,1000,2024-04-04,CUST-PO-000306,2024-04-04,1,OR1000000306      ,1000,
100,1000000307,2024-04-25,08:00:00,SALEUSER3,,,2024-04-25,C,OR,,16750.05,USD,1000,10,0,100,1000,5700000307,2024-05-06,C00009,2.0,,1000,2024-04-25,CUST-PO-000307,2024-04-25,1,OR1000000307      ,1000,4.0
100,1000000308,2024-05-13,08:00:00,SALEUSER3,,,2024-05-13,C,OR,,185576.6,USD,1000,10,0,100,1000,5700000308,2024-06-08,C00010,,,1000,2024-05-13,CUST-PO-000308,2024-05-13,1,OR1000000308      ,1000,1.0
100,1000000309,2024-09-06,08:00:00,SALEUSER3,,,2024-09-06,C,FO,,135285.02,USD,1000,10,0,100,1000,5700000309,2024-09-25,C00013,,,1000,2024-09-06,CUST-PO-000309,2024-09-06,1,OR1000000309      ,2000,4.0
100,1000000310,2024-04-10,08:00:00,SALEUSER1,,,2024-04-10,C,ZOR,,123309.94,USD,1000,10,0,100,1000,5700000310,2024-05-01,C00012,,,1000,2024-04-10,CUST-PO-000310,2024-04-10,1,OR1000000310      ,2000,3.0
100,1000000311,2024-08-18,08:00:00,SALEUSER3,,,2024-08-18,C,OR,,25419.5,USD,1000,10,0,100,1000,5700000311,2024-09-09,C00001,,8.0,1000,2024-08-18,CUST-PO-000311,2024-08-18,1,OR1000000311      ,2000,
100,1000000312,2024-04-21,08:00:00,SALEUSER1,,,2024-04-21,C,FO,,230886.04,USD,1000,10,0,100,1000,5700000312,2024-05-16,C00007,,,1000,2024-04-21,CUST-PO-000312,2024-04-21,1,OR1000000312      ,3000,4.0
100,1000000313,2024-07-07,08:00:00,SALEUSER1,,,2024-07-07,C,FO,,138198.49,USD,1000,10,0,100,1000,5700000313,2024-08-02,C00013,,,1000,2024-07-07,CUST-PO-000313,2024-07-07,1,OR1000000313      ,3000,3.0
100,1000000314,2024-03-12,08:00:00,SALEUSER3,,,2024-03-12,C,ZOR,,114660.13,USD,1000,10,0,100,1000,5700000314,2024-04-02,C00013,,,1000,2024-03-12,CUST-PO-000314,2024-03-12,1,OR1000000314      ,3000,4.0
100,1000000315,2024-01-19,08:00:00,SALEUSER1,,,2024-01-19,C,OR,,16837.34,USD,1000,10,0,100,1000,5700000315,2024-02-05,C00004,,,1000,2024-01-19,CUST-PO-000315,2024-01-19,1,OR1000000315      ,3000,4.0
100,1000000316,2024-04-21,08:00:00,SALEUSER3,,,2024-04-21,C,ZOR,,222504.54,USD,1000,10,0,100,1000,5700000316,2024-05-18,C00003,2.0,,1000,2024-04-21,CUST-PO-000316,2024-04-21,1,OR1000000316      ,2000,4.0
100,1000000317,2024-03-19,08:00:00,SALEUSER1,,,2024-03-19,C,ZOR,,117534.66,USD,1000,10,0,100,1000,5700000317,2024-04-02,C00002,,,1000,2024-03-19,CUST-PO-000317,2024-03-19,1,OR1000000317      ,2000,4.0
100,1000000318,2024-09-27,08:00:00,SALEUSER3,,,2024-09-27,C,ZOR,,351124.29,USD,1000,10,0,100,1000,5700000318,2024-10-05,C00004,,,1000,2024-09-27,CUST-PO-000318,2024-09-27,1,OR1000000318      ,3000,3.0
100,1000000319,2024-09-03,08:00:00,SALEUSER2,,,2024-09-03,C,ZOR,,33593.94,USD,1000,10,0,100,1000,5700000319,2024-09-27,C00014,,,1000,2024-09-03,CUST-PO-000319,2024-09-03,1,OR1000000319      ,1000,1.0
100,1000000320,2024-09-19,08:00:00,SALEUSER3,,,2024-09-19,C,OR,,235906.89,USD,1000,10,0,100,1000,5700000320,2024-09-29,C00004,,,1000,2024-09-19,CUST-PO-000320,2024-09-19,1,OR1000000320      ,1000,
100,1000000321,2024-07-30,08:00:00,SALEUSER3,,,2024-07-30,C,OR,,198756.48,USD,1000,10,0,100,1000,5700000321,2024-08-18,C00005,,,1000,2024-07-30,CUST-PO-000321,2024-07-30,1,OR1000000321      ,2000,
100,1000000322,2024-06-05,08:00:00,SALEUSER2,,,2024-06-05,C,OR,,18929.4,USD,1000,10,0,100,1000,5700000322,2024-06-21,C00002,,,1000,2024-06-05,CUST-PO-000322,2024-06-05,1,OR1000000322      ,3000,4.0
100,1000000323,2024-06-17,08:00:00,SALEUSER3,,,2024-06-17,C,OR,,51145.74,USD,1000,10,0,100,1000,5700000323,2024-06-28,C00011,2.0,,1000,2024-06-17,CUST-PO-000323,2024-06-17,1,OR1000000323      ,3000,
100,1000000324,2024-02-07,08:00:00,SALEUSER3,,,2024-02-07,C,ZOR,,210430.87,USD,1000,10,0,100,1000,5700000324,2024-02-17,C00013,,,1000,2024-02-07,CUST-PO-000324,2024-02-07,1,OR1000000324      ,2000,2.0
100,1000000325,2024-04-21,08:00:00,SALEUSER3,,,2024-04-21,C,OR,,298353.0,USD,1000,10,0,100,1000,5700000325,2024-05-10,C00010,,,1000,2024-04-21,CUST-PO-000325,2024-04-21,1,OR1000000325      ,1000,2.0
100,1000000326,2024-08-05,08:00:00,SALEUSER3,,,2024-08-05,C,OR,,535.24,USD,1000,10,0,100,1000,5700000326,2024-08-27,C00009,,,1000,2024-08-05,CUST-PO-000326,2024-08-05,1,OR1000000326      ,2000,3.0
100,1000000327,2024-05-04,08:00:00,SALEUSER2,,,2024-05-04,C,OR,,223657.02,USD,1000,10,0,100,1000,5700000327,2024-06-02,C00004,2.0,,1000,2024-05-04,CUST-PO-000327,2024-05-04,1,OR1000000327      ,3000,3.0
100,1000000328,2024-03-03,08:00:00,SALEUSER1,,,2024-03-03,C,OR,,12274.9,USD,1000,10,0,100,1000,5700000328,2024-03-17,C00012,,,1000,2024-03-03,CUST-PO-000328,2024-03-03,1,OR1000000328      ,3000,1.0
100,1000000329,2024-05-06,08:00:00,SALEUSER2,,,2024-05-06,C,OR,,29122.2,USD,1000,10,0,100,1000,5700000329,2024-06-01,C00013,,,1000,2024-05-06,CUST-PO-000329,2024-05-06,1,OR1000000329      ,1000,1.0
100,1000000330,2024-09-14,08:00:00,SALEUSER1,,,2024-09-14,C,ZOR,,329716.96,USD,1000,10,0,100,1000,5700000330,2024-10-08,C00011,,,1000,2024-09-14,CUST-PO-000330,2024-09-14,1,OR1000000330      ,3000,
100,1000000331,2024-04-14,08:00:00,SALEUSER3,,,2024-04-14,C,OR,,49368.0,USD,1000,10,0,100,1000,5700000331,2024-05-08,C00007,,,1000,2024-04-14,CUST-PO-000331,2024-04-14,1,OR1000000331      ,2000,3.0
100,1000000332,2024-03-19,08:00:00,SALEUSER3,,,2024-03-19,C,ZOR,,168376.32,USD,1000,10,0,100,1000,5700000332,2024-03-31,C00013,,,1000,2024-03-19,CUST-PO-000332,2024-03-19,1,OR1000000332      ,2000,2.0
100,1000000333,2024-07-29,08:00:00,SALEUSER3,,,2024-07-29,C,ZOR,,64307.78,USD,1000,10,0,100,1000,5700000333,2024-08-13,C00012,,,1000,2024-07-29,CUST-PO-000333,2024-07-29,1,OR1000000333      ,2000,2.0
100,1000000334,2024-06-09,08:00:00,SALEUSER1,,,2024-06-09,C,OR,,9326.97,USD,1000,10,0,100,1000,5700000334,2024-07-01,C00012,,,1000,2024-06-09,CUST-PO-000334,2024-06-09,1,OR1000000334      ,3000,3.0
100,1000000335,2024-09-26,08:00:00,SALEUSER1,,,2024-09-26,C,OR,,154015.08,USD,1000,10,0,100,1000,5700000335,2024-10-17,C00006,,,1000,2024-09-26,CUST-PO-000335,2024-09-26,1,OR1000000335      ,1000,2.0
100,1000000336,2024-02-07,08:00:00,SALEUSER3,,,2024-02-07,C,FO,,294654.75,USD,1000,10,0,100,1000,5700000336,2024-02-21,C00003,,,1000,2024-02-07,CUST-PO-000336,2024-02-07,1,OR1000000336      ,2000,4.0
100,1000000337,2024-03-09,08:00:00,SALEUSER3,,,2024-03-09,C,OR,,4101.34,USD,1000,10,0,100,1000,5700000337,2024-04-06,C00010,,,1000,2024-03-09,CUST-PO-000337,2024-03-09,1,OR1000000337      ,1000,3.0
100,1000000338,2024-06-16,08:00:00,SALEUSER3,,,2024-06-16,C,ZOR,,111648.67,USD,1000,10,0,100,1000,5700000338,2024-06-30,C00002,,,1000,2024-06-16,CUST-PO-000338,2024-06-16,1,OR1000000338      ,3000,2.0
100,1000000339,2024-09-09,08:00:00,SALEUSER1,,,2024-09-09,C,OR,,257027.9,USD,1000,10,0,100,1000,5700000339,2024-10-04,C00007,,,1000,2024-09-09,CUST-PO-000339,2024-09-09,1,OR1000000339      ,1000,4.0
100,1000000340,2024-04-15,08:00:00,SALEUSER2,,,2024-04-15,C,ZOR,,362084.94,USD,1000,10,0,100,1000,5700000340,2024-04-25,C00006,,,1000,2024-04-15,CUST-PO-000340,2024-04-15,1,OR1000000340      ,1000,
100,1000000341,2024-03-12,08:00:00,SALEUSER2,,,2024-03-12,C,OR,,282581.31,USD,1000,10,0,100,1000,5700000341,2024-03-29,C00012,,,1000,2024-03-12,CUST-PO-000341,2024-03-12,1,OR1000000341      ,1000,2.0
100,1000000342,2024-05-02,08:00:00,SALEUSER1,,,2024-05-02,C,OR,,50309.62,USD,1000,10,0,100,1000,5700000342,2024-05-22,C00002,,,1000,2024-05-02,CUST-PO-000342,2024-05-02,1,OR1000000342      ,1000,2.0
100,1000000343,2024-01-11,08:00:00,SALEUSER2,,,2024-01-11,C,OR,,17053.75,USD,1000,10,0,100,1000,5700000343,2024-01-22,C00010,,,1000,2024-01-11,CUST-PO-000343,2024-01-11,1,OR1000000343      ,2000,2.0
100,1000000344,2024-02-04,08:00:00,SALEUSER1,,,2024-02-04,C,OR,,96770.24,USD,1000,10,0,100,1000,5700000344,2024-03-04,C00012,,,1000,2024-02-04,CUST-PO-000344,2024-02-04,1,OR1000000344      ,3000,1.0
100,1000000345,2024-02-24,08:00:00,SALEUSER2,,,2024-02-24,C,FO,,187746.64,USD,1000,10,0,100,1000,5700000345,2024-03-23,C00008,,,1000,2024-02-24,CUST-PO-000345,2024-02-24,1,OR1000000345      ,1000,
100,1000000346,2024-06-18,08:00:00,SALEUSER1,,,2024-06-18,C,FO,,300886.24,USD,1000,10,0,100,1000,5700000346,2024-07-15,C00010,,,1000,2024-06-18,CUST-PO-000346,2024-06-18,1,OR1000000346      ,2000,1.0
100,1000000347,2024-03-29,08:00:00,SALEUSER1,,,2024-03-29,C,FO,,175781.76,USD,1000,10,0,100,1000,5700000347,2024-04-07,C00002,,8.0,1000,2024-03-29,CUST-PO-000347,2024-03-29,1,OR1000000347      ,2000,3.0
100,1000000348,2024-05-02,08:00:00,SALEUSER3,,,2024-05-02,C,OR,,164617.87,USD,1000,10,0,100,1000,5700000348,2024-05-28,C00008,,,1000,2024-05-02,CUST-PO-000348,2024-05-02,1,OR1000000348      ,1000,2.0
100,1000000349,2024-05-25,08:00:00,SALEUSER1,,,2024-05-25,C,OR,,75863.12,USD,1000,10,0,100,1000,5700000349,2024-06-02,C00008,,,1000,2024-05-25,CUST-PO-000349,2024-05-25,1,OR1000000349      ,3000,
100,1000000350,2024-05-29,08:00:00,SALEUSER2,,,2024-05-29,C,FO,,76239.0,USD,1000,10,0,100,1000,5700000350,2024-06-21,C00015,2.0,,1000,2024-05-29,CUST-PO-000350,2024-05-29,1,OR1000000350      ,2000,1.0
100,1000000351,2024-05-17,08:00:00,SALEUSER3,,,2024-05-17,C,OR,,8055.45,USD,1000,10,0,100,1000,5700000351,2024-06-07,C00013,,,1000,2024-05-17,CUST-PO-000351,2024-05-17,1,OR1000000351      ,2000,4.0
100,1000000352,2024-02-17,08:00:00,SALEUSER2,,,2024-02-17,C,OR,,18281.4,USD,1000,10,0,100,1000,5700000352,2024-03-03,C00013,,,1000,2024-02-17,CUST-PO-000352,2024-02-17,1,OR1000000352      ,2000,1.0
100,1000000353,2024-04-22,08:00:00,SALEUSER3,,,2024-04-22,C,FO,,27955.07,USD,1000,10,0,100,1000,5700000353,2024-05-05,C00006,,,1000,2024-04-22,CUST-PO-000353,2024-04-22,1,OR1000000353      ,1000,3.0
100,1000000354,2024-08-15,08:00:00,SALEUSER3,,,2024-08-15,C,OR,,256066.65,USD,1000,10,0,100,1000,5700000354,2024-09-10,C00003,,,1000,2024-08-15,CUST-PO-000354,2024-08-15,1,OR1000000354      ,2000,3.0
100,1000000355,2024-05-10,08:00:00,SALEUSER2,,,2024-05-10,C,OR,,240858.86,USD,1000,10,0,100,1000,5700000355,2024-05-24,C00004,2.0,,1000,2024-05-10,CUST-PO-000355,2024-05-10,1,OR1000000355      ,2000,4.0
100,1000000356,2024-08-07,08:00:00,SALEUSER2,,,2024-08-07,C,FO,,113063.19,USD,1000,10,0,100,1000,5700000356,2024-08-20,C00014,,,1000,2024-08-07,CUST-PO-000356,2024-08-07,1,OR1000000356      ,1000,2.0
100,1000000357,2024-08-25,08:00:00,SALEUSER2,,,2024-08-25,C,ZOR,,14890.05,USD,1000,10,0,100,1000,5700000357,2024-09-12,C00012,,,1000,2024-08-25,CUST-PO-000357,2024-08-25,1,OR1000000357      ,2000,4.0
100,1000000358,2024-09-06,08:00:00,SALEUSER3,,,2024-09-06,C,OR,,195240.99,USD,1000,10,0,100,1000,5700000358,2024-10-05,C00009,,,1000,2024-09-06,CUST-PO-000358,2024-09-06,1,OR1000000358      ,1000,1.0
100,1000000359,2024-08-06,08:00:00,SALEUSER2,,,2024-08-06,C,ZOR,,300796.53,USD,1000,10,0,100,1000,5700000359,2024-08-31,C00012,,,1000,2024-08-06,CUST-PO-000359,2024-08-06,1,OR1000000359      ,1000,1.0
100,1000000360,2024-01-18,08:00:00,SALEUSER2,,,2024-01-18,C,OR,,214412.4,USD,1000,10,0,100,1000,5700000360,2024-01-30,C00015,,,1000,2024-01-18,CUST-PO-000360,2024-01-18,1,OR1000000360      ,2000,3.0
100,1000000361,2024-06-11,08:00:00,SALEUSER2,,,2024-06-11,C,OR,,254711.2,USD,1000,10,0,100,1000,5700000361,2024-07-03,C00013,,,1000,2024-06-11,CUST-PO-000361,2024-06-11,1,OR1000000361      ,1000,4.0
100,1000000362,2024-01-07,08:00:00,SALEUSER2,,,2024-01-07,C,OR,,67112.16,USD,1000,10,0,100,1000,5700000362,2024-01-18,C00010,,,1000,2024-01-07,CUST-PO-000362,2024-01-07,1,OR1000000362      ,2000,
100,1000000363,2024-04-05,08:00:00,SALEUSER1,,,2024-04-05,C,FO,,123944.36,USD,1000,10,0,100,1000,5700000363,2024-04-20,C00009,,,1000,2024-04-05,CUST-PO-000363,2024-04-05,1,OR1000000363      ,2000,1.0
100,1000000364,2024-08-30,08:00:00,SALEUSER3,,,2024-08-30,C,OR,,1998.72,USD,1000,10,0,100,1000,5700000364,2024-09-16,C00007,,,1000,2024-08-30,CUST-PO-000364,2024-08-30,1,OR1000000364      ,2000,1.0
100,1000000365,2024-08-06,08:00:00,SALEUSER2,,,2024-08-06,C,ZOR,,332395.42,USD,1000,10,0,100,1000,5700000365,2024-09-04,C00002,,,1000,2024-08-06,CUST-PO-000365,2024-08-06,1,OR1000000365      ,1000,3.0
100,1000000366,2024-04-27,08:00:00,SALEUSER1,,,2024-04-27,C,OR,,42166.7,USD,1000,10,0,100,1000,5700000366,2024-05-04,C00002,,,1000,2024-04-27,CUST-PO-000366,2024-04-27,1,OR1000000366      ,1000,1.0
100,1000000367,2024-06-03,08:00:00,SALEUSER3,,,2024-06-03,C,FO,,165627.84,USD,1000,10,0,100,1000,5700000367,2024-06-25,C00005,2.0,,1000,2024-06-03,CUST-PO-000367,2024-06-03,1,OR1000000367      ,2000,1.0
100,1000000368,2024-02-15,08:00:00,SALEUSER1,,,2024-02-15,C,ZOR,,236942.4,USD,1000,10,0,100,1000,5700000368,2024-03-04,C00007,,,1000,2024-02-15,CUST-PO-000368,2024-02-15,1,OR1000000368      ,2000,1.0
100,1000000369,2024-08-11,08:00:00,SALEUSER3,,,2024-08-11,C,OR,,89474.4,USD,1000,10,0,100,1000,5700000369,2024-09-07,C00011,,,1000,2024-08-11,CUST-PO-000369,2024-08-11,1,OR1000000369      ,3000,1.0
100,1000000370,2024-09-25,08:00:00,SALEUSER3,,,2024-09-25,C,FO,,32982.66,USD,1000,10,0,100,1000,5700000370,2024-10-16,C00004,,,1000,2024-09-25,CUST-PO-000370,2024-09-25,1,OR1000000370      ,2000,4.0
100,1000000371,2024-04-26,08:00:00,SALEUSER3,,,2024-04-26,C,FO,,37429.6,USD,1000,10,0,100,1000,5700000371,2024-05-10,C00002,,,1000,2024-04-26,CUST-PO-000371,2024-04-26,1,OR1000000371      ,2000,2.0
100,1000000372,2024-07-19,08:00:00,SALEUSER3,,,2024-07-19,C,OR,,34348.62,USD,1000,10,0,100,1000,5700000372,2024-07-28,C00003,,,1000,2024-07-19,CUST-PO-000372,2024-07-19,1,OR1000000372      ,2000,4.0
100,1000000373,2024-04-24,08:00:00,SALEUSER2,,,2024-04-24,C,FO,,29944.26,USD,1000,10,0,100,1000,5700000373,2024-05-24,C00004,,,1000,2024-04-24,CUST-PO-000373,2024-04-24,1,OR1000000373      ,3000,1.0
100,1000000374,2024-07-13,08:00:00,SALEUSER2,,,2024-07-13,C,OR,,277124.81,USD,1000,10,0,100,1000,5700000374,2024-08-11,C00012,,,1000,2024-07-13,CUST-PO-000374,2024-07-13,1,OR1000000374      ,2000,1.0
100,1000000375,2024-02-08,08:00:00,SALEUSER3,,,2024-02-08,C,OR,,374346.51,USD,1000,10,0,100,1000,5700000375,2024-03-04,C00003,,,1000,2024-02-08,CUST-PO-000375,2024-02-08,1,OR1000000375      ,2000,
100,1000000376,2024-02-04,08:00:00,SALEUSER3,,,2024-02-04,C,FO,,35131.86,USD,1000,10,0,100,1000,5700000376,2024-02-22,C00003,,,1000,2024-02-04,CUST-PO-000376,2024-02-04,1,OR1000000376      ,2000,1.0
100,1000000377,2024-07-06,08:00:00,SALEUSER2,,,2024-07-06,C,OR,,3651.46,USD,1000,10,0,100,1000,5700000377,2024-07-13,C00013,,,1000,2024-07-06,CUST-PO-000377,2024-07-06,1,OR1000000377      ,3000,2.0
100,1000000378,2024-03-25,08:00:00,SALEUSER3,,,2024-03-25,C,OR,,567884.22,USD,1000,10,0,100,1000,5700000378,2024-04-17,C00006,2.0,,1000,2024-03-25,CUST-PO-000378,2024-03-25,1,OR1000000378      ,2000,4.0
100,1000000379,2024-02-22,08:00:00,SALEUSER2,,,2024-02-22,C,ZOR,,82014.2,USD,1000,10,0,100,1000,5700000379,2024-03-14,C00014,,,1000,2024-02-22,CUST-PO-000379,2024-02-22,1,OR1000000379      ,3000,3.0
100,1000000380,2024-08-05,08:00:00,SALEUSER2,,,2024-08-05,C,OR,,57681.39,USD,1000,10,0,100,1000,5700000380,2024-08-12,C00005,,,1000,2024-08-05,CUST-PO-000380,2024-08-05,1,OR1000000380      ,2000,
100,1000000381,2024-09-23,08:00:00,SALEUSER1,,,2024-09-23,C,FO,,199405.44,USD,1000,10,0,100,1000,5700000381,2024-10-22,C00013,,,1000,2024-09-23,CUST-PO-000381,2024-09-23,1,OR1000000381      ,3000,
100,1000000382,2024-01-26,08:00:00,SALEUSER1,,,2024-01-26,C,FO,,25808.12,USD,1000,10,0,100,1000,5700000382,2024-02-02,C00005,2.0,,1000,2024-01-26,CUST-PO-000382,2024-01-26,1,OR1000000382      ,2000,2.0
100,1000000383,2024-08-25,08:00:00,SALEUSER1,,,2024-08-25,C,OR,,29971.64,USD,1000,10,0,100,1000,5700000383,2024-09-18,C00001,,,1000,2024-08-25,CUST-PO-000383,2024-08-25,1,OR1000000383      ,1000,3.0
100,1000000384,2024-05-28,08:00:00,SALEUSER2,,,2024-05-28,C,OR,,30326.4,USD,1000,10,0,100,1000,5700000384,2024-06-13,C00006,,,1000,2024-05-28,CUST-PO-000384,2024-05-28,1,OR1000000384      ,1000,4.0
100,1000000385,2024-01-24,08:00:00,SALEUSER3,,,2024-01-24,C,ZOR,,139116.33,USD,1000,10,0,100,1000,5700000385,2024-02-02,C00014,,,1000,2024-01-24,CUST-PO-000385,2024-01-24,1,OR1000000385      ,2000,3.0
100,1000000386,2024-07-06,08:00:00,SALEUSER1,,,2024-07-06,C,FO,,97385.37,USD,1000,10,0,100,1000,5700000386,2024-07-26,C00013,,,1000,2024-07-06,CUST-PO-000386,2024-07-06,1,OR1000000386      ,3000,
100,1000000387,2024-07-04,08:00:00,SALEUSER2,,,2024-07-04,C,OR,,272453.24,USD,1000,10,0,100,1000,5700000387,2024-07-31,C00015,,,1000,2024-07-04,CUST-PO-000387,2024-07-04,1,OR1000000387      ,2000,4.0
100,1000000388,2024-03-14,08:00:00,SALEUSER1,,,2024-03-14,C,FO,,13880.52,USD,1000,10,0,100,1000,5700000388,2024-03-21,C00004,,,1000,2024-03-14,CUST-PO-000388,2024-03-14,1,OR1000000388      ,3000,
100,1000000389,2024-09-26,08:00:00,SALEUSER3,,,2024-09-26,C,OR,,346065.26,USD,1000,10,0,100,1000,5700000389,2024-10-11,C00004,,,1000,2024-09-26,CUST-PO-000389,2024-09-26,1,OR1000000389      ,2000,2.0
100,1000000390,2024-04-01,08:00:00,SALEUSER3,,,2024-04-01,C,FO,,628.1,USD,1000,10,0,100,1000,5700000390,2024-04-29,C00011,,,1000,2024-04-01,CUST-PO-000390,2024-04-01,1,OR1000000390      ,1000,2.0
100,1000000391,2024-03-18,08:00:00,SALEUSER3,,,2024-03-18,C,OR,,144658.16,USD,1000,10,0,100,1000,5700000391,2024-04-09,C00011,2.0,,1000,2024-03-18,CUST-PO-000391,2024-03-18,1,OR1000000391      ,1000,3.0
100,1000000392,2024-06-16,08:00:00,SALEUSER1,,,2024-06-16,C,OR,,49355.25,USD,1000,10,0,100,1000,5700000392,2024-07-07,C00012,,,1000,2024-06-16,CUST-PO-000392,2024-06-16,1,OR1000000392      ,2000,3.0
100,1000000393,2024-04-07,08:00:00,SALEUSER3,,,2024-04-07,C,FO,,121054.94,USD,1000,10,0,100,1000,5700000393,2024-04-14,C00010,,,1000,2024-04-07,CUST-PO-000393,2024-04-07,1,OR1000000393      ,2000,
100,1000000394,2024-07-11,08:00:00,SALEUSER2,,,2024-07-11,C,OR,,54916.68,USD,1000,10,0,100,1000,5700000394,2024-08-01,C00002,,8.0,1000,2024-07-11,CUST-PO-000394,2024-07-11,1,OR1000000394      ,3000,
100,1000000395,2024-06-09,08:00:00,SALEUSER2,,,2024-06-09,C,OR,,301991.04,USD,1000,10,0,100,1000,5700000395,2024-07-08,C00014,,,1000,2024-06-09,CUST-PO-000395,2024-06-09,1,OR1000000395      ,1000,2.0
100,1000000396,2024-06-08,08:00:00,SALEUSER1,,,2024-06-08,C,ZOR,,47859.0,USD,1000,10,0,100,1000,5700000396,2024-07-07,C00003,,,1000,2024-06-08,CUST-PO-000396,2024-06-08,1,OR1000000396      ,2000,3.0
100,1000000397,2024-01-11,08:00:00,SALEUSER3,,,2024-01-11,C,FO,,293773.17,USD,1000,10,0,100,1000,5700000397,2024-01-25,C00014,,,1000,2024-01-11,CUST-PO-000397,2024-01-11,1,OR1000000397      ,1000,4.0
100,1000000398,2024-04-12,08:00:00,SALEUSER2,,,2024-04-12,C,OR,,6793.92,USD,1000,10,0,100,1000,5700000398,2024-04-27,C00005,2.0,,1000,2024-04-12,CUST-PO-000398,2024-04-12,1,OR1000000398      ,2000,1.0
100,1000000399,2024-04-08,08:00:00,SALEUSER3,,,2024-04-08,C,FO,,110880.7,USD,1000,10,0,100,1000,5700000399,2024-05-08,C00003,,,1000,2024-04-08,CUST-PO-000399,2024-04-08,1,OR1000000399      ,3000,
100,1000000400,2024-06-26,08:00:00,SALEUSER3,,,2024-06-26,C,FO,,10106.67,USD,1000,10,0,100,1000,5700000400,2024-07-14,C00014,,,1000,2024-06-26,CUST-PO-000400,2024-06-26,1,OR1000000400      ,1000,2.0
100,1000000401,2024-02-18,08:00:00,SALEUSER1,,,2024-02-18,C,ZOR,,96060.54,USD,1000,10,0,100,1000,5700000401,2024-03-12,C00003,,,1000,2024-02-18,CUST-PO-000401,2024-02-18,1,OR1000000401      ,3000,1.0
100,1000000402,2024-02-25,08:00:00,SALEUSER3,,,2024-02-25,C,OR,,63472.02,USD,1000,10,0,100,1000,5700000402,2024-03-18,C00009,,,1000,2024-02-25,CUST-PO-000402,2024-02-25,1,OR1000000402      ,2000,3.0
100,1000000403,2024-06-07,08:00:00,SALEUSER1,,,2024-06-07,C,OR,,1106.6,USD,1000,10,0,100,1000,5700000403,2024-06-17,C00012,2.0,,1000,2024-06-07,CUST-PO-000403,2024-06-07,1,OR1000000403      ,2000,
100,1000000404,2024-05-20,08:00:00,SALEUSER3,,,2024-05-20,C,ZOR,,44755.79,USD,1000,10,0,100,1000,5700000404,2024-06-08,C00015,,,1000,2024-05-20,CUST-PO-000404,2024-05-20,1,OR1000000404      ,2000,4.0
100,1000000405,2024-02-15,08:00:00,SALEUSER3,,,2024-02-15,C,OR,,52305.48,USD,1000,10,0,100,1000,5700000405,2024-03-13,C00005,,,1000,2024-02-15,CUST-PO-000405,2024-02-15,1,OR1000000405      ,3000,4.0
100,1000000406,2024-01-22,08:00:00,SALEUSER1,,,2024-01-22,C,OR,,335097.88,USD,1000,10,0,100,1000,5700000406,2024-01-30,C00004,,,1000,2024-01-22,CUST-PO-000406,2024-01-22,1,OR1000000406      ,2000,
100,1000000407,2024-04-02,08:00:00,SALEUSER3,,,2024-04-02,C,OR,,140098.96,USD,1000,10,0,100,1000,5700000407,2024-04-10,C00003,,,1000,2024-04-02,CUST-PO-000407,2024-04-02,1,OR1000000407      ,1000,1.0
100,1000000408,2024-01-30,08:00:00,SALEUSER2,,,2024-01-30,C,FO,,8903.7,USD,1000,10,0,100,1000,5700000408,2024-02-12,C00005,,8.0,1000,2024-01-30,CUST-PO-000408,2024-01-30,1,OR1000000408      ,1000,3.0
100,1000000409,2024-03-15,08:00:00,SALEUSER2,,,2024-03-15,C,ZOR,,24293.94,USD,1000,10,0,100,1000,5700000409,2024-04-09,C00013,,,1000,2024-03-15,CUST-PO-000409,2024-03-15,1,OR1000000409      ,3000,4.0
100,1000000410,2024-02-11,08:00:00,SALEUSER1,,,2024-02-11,C,OR,,56223.72,USD,1000,10,0,100,1000,5700000410,2024-02-23,C00007,,,1000,2024-02-11,CUST-PO-000410,2024-02-11,1,OR1000000410      ,1000,2.0
100,1000000411,2024-01-28,08:00:00,SALEUSER3,,,2024-01-28,C,ZOR,,16857.0,USD,1000,10,0,100,1000,5700000411,2024-02-23,C00012,,,1000,2024-01-28,CUST-PO-000411,2024-01-28,1,OR1000000411      ,2000,
100,1000000412,2024-03-06,08:00:00,SALEUSER1,,,2024-03-06,C,OR,,378685.24,USD,1000,10,0,100,1000,5700000412,2024-03-31,C00013,,,1000,2024-03-06,CUST-PO-000412,2024-03-06,1,OR1000000412      ,1000,4.0
100,1000000413,2024-08-27,08:00:00,SALEUSER2,,,2024-08-27,C,FO,,162393.52,USD,1000,10,0,100,1000,5700000413,2024-09-16,C00003,,,1000,2024-08-27,CUST-PO-000413,2024-08-27,1,OR1000000413      ,2000,4.0
100,1000000414,2024-05-05,08:00:00,SALEUSER2,,,2024-05-05,C,OR,,180303.28,USD,1000,10,0,100,1000,5700000414,2024-05-27,C00001,,,1000,2024-05-05,CUST-PO-000414,2024-05-05,1,OR1000000414      ,2000,3.0
100,1000000415,2024-04-17,08:00:00,SALEUSER3,,,2024-04-17,C,OR,,80317.44,USD,1000,10,0,100,1000,5700000415,2024-04-24,C00010,,,1000,2024-04-17,CUST-PO-000415,2024-04-17,1,OR1000000415      ,3000,2.0
100,1000000416,2024-01-21,08:00:00,SALEUSER2,,,2024-01-21,C,OR,,52523.24,USD,1000,10,0,100,1000,5700000416,2024-02-16,C00013,,,1000,2024-01-21,CUST-PO-000416,2024-01-21,1,OR1000000416      ,2000,2.0
100,1000000417,2024-05-29,08:00:00,SALEUSER3,,,2024-05-29,C,OR,,1136.06,USD,1000,10,0,100,1000,5700000417,2024-06-17,C00012,,,1000,2024-05-29,CUST-PO-000417,2024-05-29,1,OR1000000417      ,1000,1.0
100,1000000418,2024-06-21,08:00:00,SALEUSER1,,,2024-06-21,C,ZOR,,11488.08,USD,1000,10,0,100,1000,5700000418,2024-07-09,C00009,,,1000,2024-06-21,CUST-PO-000418,2024-06-21,1,OR1000000418      ,3000,2.0
100,1000000419,2024-01-28,08:00:00,SALEUSER2,,,2024-01-28,C,OR,,48275.98,USD,1000,10,0,100,1000,5700000419,2024-02-20,C00007,2.0,,1000,2024-01-28,CUST-PO-000419,2024-01-28,1,OR1000000419      ,1000,1.0
100,1000000420,2024-09-16,08:00:00,SALEUSER1,,,2024-09-16,C,ZOR,,100383.59,USD,1000,10,0,100,1000,5700000420,2024-09-26,C00003,,,1000,2024-09-16,CUST-PO-000420,2024-09-16,1,OR1000000420      ,3000,4.0
100,1000000421,2024-04-06,08:00:00,SALEUSER3,,,2024-04-06,C,FO,,199553.96,USD,1000,10,0,100,1000,5700000421,2024-05-02,C00005,,8.0,1000,2024-04-06,CUST-PO-000421,2024-04-06,1,OR1000000421      ,2000,2.0
100,1000000422,2024-01-28,08:00:00,SALEUSER2,,,2024-01-28,C,OR,,138600.0,USD,1000,10,0,100,1000,5700000422,2024-02-25,C00010,2.0,,1000,2024-01-28,CUST-PO-000422,2024-01-28,1,OR1000000422      ,3000,4.0
100,1000000423,2024-01-30,08:00:00,SALEUSER1,,,2024-01-30,C,OR,,137530.96,USD,1000,10,0,100,1000,5700000423,2024-02-20,C00012,,,1000,2024-01-30,CUST-PO-000423,2024-01-30,1,OR1000000423      ,1000,4.0
100,1000000424,2024-03-19,08:00:00,SALEUSER1,,,2024-03-19,C,OR,,94672.65,USD,1000,10,0,100,1000,5700000424,2024-04-12,C00005,,,1000,2024-03-19,CUST-PO-000424,2024-03-19,1,OR1000000424      ,3000,3.0
100,1000000425,2024-09-19,08:00:00,SALEUSER3,,,2024-09-19,C,OR,,207255.99,USD,1000,10,0,100,1000,5700000425,2024-10-08,C00006,,,1000,2024-09-19,CUST-PO-000425,2024-09-19,1,OR1000000425      ,2000,2.0
100,1000000426,2024-01-18,08:00:00,SALEUSER1,,,2024-01-18,C,OR,,57156.56,USD,1000,10,0,100,1000,5700000426,2024-01-31,C00010,,8.0,1000,2024-01-18,CUST-PO-000426,2024-01-18,1,OR1000000426      ,3000,
100,1000000427,2024-08-30,08:00:00,SALEUSER3,,,2024-08-30,C,ZOR,,181154.66,USD,1000,10,0,100,1000,5700000427,2024-09-15,C00013,,,1000,2024-08-30,CUST-PO-000427,2024-08-30,1,OR1000000427      ,1000,2.0
100,1000000428,2024-03-08,08:00:00,SALEUSER1,,,2024-03-08,C,OR,,294300.68,USD,1000,10,0,100,1000,5700000428,2024-03-27,C00006,,,1000,2024-03-08,CUST-PO-000428,2024-03-08,1,OR1000000428      ,2000,3.0
100,1000000429,2024-09-13,08:00:00,SALEUSER2,,,2024-09-13,C,OR,,14950.8,USD,1000,10,0,100,1000,5700000429,2024-10-07,C00013,,,1000,2024-09-13,CUST-PO-000429,2024-09-13,1,OR1000000429      ,3000,4.0
100,1000000430,2024-04-11,08:00:00,SALEUSER2,,,2024-04-11,C,OR,,287979.15,USD,1000,10,0,100,1000,5700000430,2024-05-11,C00008,,,1000,2024-04-11,CUST-PO-000430,2024-04-11,1,OR1000000430      ,2000,
100,1000000431,2024-03-23,08:00:00,SALEUSER1,,,2024-03-23,C,OR,,314130.32,USD,1000,10,0,100,1000,5700000431,2024-04-11,C00013,,,1000,2024-03-23,CUST-PO-000431,2024-03-23,1,OR1000000431      ,1000,3.0
100,1000000432,2024-07-29,08:00:00,SALEUSER3,,,2024-07-29,C,OR,,105303.35,USD,1000,10,0,100,1000,5700000432,2024-08-26,C00005,,,1000,2024-07-29,CUST-PO-000432,2024-07-29,1,OR1000000432      ,1000,3.0
100,1000000433,2024-08-13,08:00:00,SALEUSER2,,,2024-08-13,C,OR,,81090.24,USD,1000,10,0,100,1000,5700000433,2024-09-05,C00014,,8.0,1000,2024-08-13,CUST-PO-000433,2024-08-13,1,OR1000000433      ,1000,
100,1000000434,2024-01-23,08:00:00,SALEUSER1,,,2024-01-23,C,OR,,41992.08,USD,1000,10,0,100,1000,5700000434,2024-02-12,C00006,,,1000,2024-01-23,CUST-PO-000434,2024-01-23,1,OR1000000434      ,3000,2.0
100,1000000435,2024-07-01,08:00:00,SALEUSER3,,,2024-07-01,C,OR,,227244.37,USD,1000,10,0,100,1000,5700000435,2024-07-19,C00008,,,1000,2024-07-01,CUST-PO-000435,2024-07-01,1,OR1000000435      ,1000,4.0
100,1000000436,2024-07-30,08:00:00,SALEUSER1,,,2024-07-30,C,FO,,158552.94,USD,1000,10,0,100,1000,5700000436,2024-08-28,C00011,,,1000,2024-07-30,CUST-PO-000436,2024-07-30,1,OR1000000436      ,2000,2.0
100,1000000437,2024-04-29,08:00:00,SALEUSER3,,,2024-04-29,C,OR,,437651.09,USD,1000,10,0,100,1000,5700000437,2024-05-24,C00005,,,1000,2024-04-29,CUST-PO-000437,2024-04-29,1,OR1000000437      ,2000,3.0
100,1000000438,2024-01-18,08:00:00,SALEUSER2,,,2024-01-18,C,OR,,70285.68,USD,1000,10,0,100,1000,5700000438,2024-02-07,C00003,,,1000,2024-01-18,CUST-PO-000438,2024-01-18,1,OR1000000438      ,3000,1.0
100,1000000439,2024-02-28,08:00:00,SALEUSER3,,,2024-02-28,C,OR,,73419.08,USD,1000,10,0,100,1000,5700000439,2024-03-16,C00011,,8.0,1000,2024-02-28,CUST-PO-000439,2024-02-28,1,OR1000000439      ,2000,1.0
100,1000000440,2024-03-23,08:00:00,SALEUSER3,,,2024-03-23,C,OR,,125847.45,USD,1000,10,0,100,1000,5700000440,2024-04-20,C00015,,,1000,2024-03-23,CUST-PO-000440,2024-03-23,1,OR1000000440      ,1000,1.0
100,1000000441,2024-03-02,08:00:00,SALEUSER3,,,2024-03-02,C,OR,,51595.45,USD,1000,10,0,100,1000,5700000441,2024-04-01,C00011,,,1000,2024-03-02,CUST-PO-000441,2024-03-02,1,OR1000000441      ,1000,2.0
100,1000000442,2024-03-20,08:00:00,SALEUSER3,,,2024-03-20,C,OR,,282039.33,USD,1000,10,0,100,1000,5700000442,2024-04-16,C00005,2.0,,1000,2024-03-20,CUST-PO-000442,2024-03-20,1,OR1000000442      ,1000,1.0
100,1000000443,2024-07-31,08:00:00,SALEUSER3,,,2024-07-31,C,OR,,89000.1,USD,1000,10,0,100,1000,5700000443,2024-08-25,C00005,,,1000,2024-07-31,CUST-PO-000443,2024-07-31,1,OR1000000443      ,1000,
100,1000000444,2024-03-05,08:00:00,SALEUSER2,,,2024-03-05,C,ZOR,,237389.16,USD,1000,10,0,100,1000,5700000444,2024-03-19,C00010,,,1000,2024-03-05,CUST-PO-000444,2024-03-05,1,OR1000000444      ,2000,4.0
100,1000000445,2024-07-03,08:00:00,SALEUSER2,,,2024-07-03,C,FO,,90958.68,USD,1000,10,0,100,1000,5700000445,2024-07-15,C00015,,,1000,2024-07-03,CUST-PO-000445,2024-07-03,1,OR1000000445      ,2000,1.0
100,1000000446,2024-01-14,08:00:00,SALEUSER3,,,2024-01-14,C,OR,,134707.05,USD,1000,10,0,100,1000,5700000446,2024-02-05,C00008,,,1000,2024-01-14,CUST-PO-000446,2024-01-14,1,OR1000000446      ,2000,1.0
100,1000000447,2024-01-08,08:00:00,SALEUSER2,,,2024-01-08,C,ZOR,,57550.08,USD,1000,10,0,100,1000,5700000447,2024-01-26,C00002,,,1000,2024-01-08,CUST-PO-000447,2024-01-08,1,OR1000000447      ,3000,3.0
100,1000000448,2024-02-13,08:00:00,SALEUSER2,,,2024-02-13,C,OR,,20345.04,USD,1000,10,0,100,1000,5700000448,2024-03-11,C00012,,,1000,2024-02-13,CUST-PO-000448,2024-02-13,1,OR1000000448      ,3000,4.0
100,1000000449,2024-09-23,08:00:00,SALEUSER2,,,2024-09-23,C,ZOR,,130709.45,USD,1000,10,0,100,1000,5700000449,2024-10-21,C00006,,,1000,2024-09-23,CUST-PO-000449,2024-09-23,1,OR1000000449      ,3000,1.0
100,1000000450,2024-07-10,08:00:00,SALEUSER1,,,2024-07-10,C,OR,,83371.46,USD,1000,10,0,100,1000,5700000450,2024-08-01,C00007,,8.0,1000,2024-07-10,CUST-PO-000450,2024-07-10,1,OR1000000450      ,3000,3.0
100,1000000451,2024-02-06,08:00:00,SALEUSER3,,,2024-02-06,C,OR,,145425.8,USD,1000,10,0,100,1000,5700000451,2024-02-21,C00006,,,1000,2024-02-06,CUST-PO-000451,2024-02-06,1,OR1000000451      ,3000,1.0
100,1000000452,2024-05-27,08:00:00,SALEUSER1,,,2024-05-27,C,OR,,31395.06,USD,1000,10,0,100,1000,5700000452,2024-06-14,C00003,,,1000,2024-05-27,CUST-PO-000452,2024-05-27,1,OR1000000452      ,3000,
100,1000000453,2024-04-25,08:00:00,SALEUSER1,,,2024-04-25,C,FO,,247537.5,USD,1000,10,0,100,1000,5700000453,2024-05-25,C00001,,,1000,2024-04-25,CUST-PO-000453,2024-04-25,1,OR1000000453      ,1000,1.0
100,1000000454,2024-09-28,08:00:00,SALEUSER1,,,2024-09-28,C,OR,,104564.32,USD,1000,10,0,100,1000,5700000454,2024-10-20,C00009,,,1000,2024-09-28,CUST-PO-000454,2024-09-28,1,OR1000000454      ,2000,
100,1000000455,2024-04-20,08:00:00,SALEUSER3,,,2024-04-20,C,OR,,48622.8,USD,1000,10,0,100,1000,5700000455,2024-04-27,C00006,,,1000,2024-04-20,CUST-PO-000455,2024-04-20,1,OR1000000455      ,2000,3.0
100,1000000456,2024-02-04,08:00:00,SALEUSER2,,,2024-02-04,C,ZOR,,308326.76,USD,1000,10,0,100,1000,5700000456,2024-02-12,C00011,,,1000,2024-02-04,CUST-PO-000456,2024-02-04,1,OR1000000456      ,2000,3.0
100,1000000457,2024-04-26,08:00:00,SALEUSER2,,,2024-04-26,C,OR,,326067.26,USD,1000,10,0,100,1000,5700000457,2024-05-11,C00001,,,1000,2024-04-26,CUST-PO-000457,2024-04-26,1,OR1000000457      ,3000,2.0
100,1000000458,2024-01-08,08:00:00,SALEUSER1,,,2024-01-08,C,FO,,50208.21,USD,1000,10,0,100,1000,5700000458,2024-02-04,C00005,,,1000,2024-01-08,CUST-PO-000458,2024-01-08,1,OR1000000458      ,3000,2.0
100,1000000459,2024-08-05,08:00:00,SALEUSER3,,,2024-08-05,C,OR,,139777.0,USD,1000,10,0,100,1000,5700000459,2024-08-28,C00006,,,1000,2024-08-05,CUST-PO-000459,2024-08-05,1,OR1000000459      ,2000,4.0
100,1000000460,2024-07-25,08:00:00,SALEUSER2,,,2024-07-25,C,OR,,121847.83,USD,1000,10,0,100,1000,5700000460,2024-08-19,C00008,2.0,,1000,2024-07-25,CUST-PO-000460,2024-07-25,1,OR1000000460      ,1000,1.0
100,1000000461,2024-08-22,08:00:00,SALEUSER2,,,2024-08-22,C,OR,,50003.24,USD,1000,10,0,100,1000,5700000461,2024-08-30,C00009,,,1000,2024-08-22,CUST-PO-000461,2024-08-22,1,OR1000000461      ,2000,4.0
100,1000000462,2024-05-14,08:00:00,SALEUSER1,,,2024-05-14,C,OR,,84985.74,USD,1000,10,0,100,1000,5700000462,2024-05-22,C00014,,,1000,2024-05-14,CUST-PO-000462,2024-05-14,1,OR1000000462      ,1000,2.0
100,1000000463,2024-09-30,08:00:00,SALEUSER1,,,2024-09-30,C,ZOR,,80904.86,USD,1000,10,0,100,1000,5700000463,2024-10-07,C00003,,,1000,2024-09-30,CUST-PO-000463,2024-09-30,1,OR1000000463      ,3000,1.0
100,1000000464,2024-09-08,08:00:00,SALEUSER1,,,2024-09-08,C,OR,,353665.6,USD,1000,10,0,100,1000,5700000464,2024-09-22,C00005,,,1000,2024-09-08,CUST-PO-000464,2024-09-08,1,OR1000000464      ,2000,2.0
100,1000000465,2024-01-29,08:00:00,SALEUSER3,,,2024-01-29,C,OR,,102910.66,USD,1000,10,0,100,1000,5700000465,2024-02-21,C00013,,,1000,2024-01-29,CUST-PO-000465,2024-01-29,1,OR1000000465      ,3000,2.0
100,1000000466,2024-07-17,08:00:00,SALEUSER3,,,2024-07-17,C,ZOR,,31443.1,USD,1000,10,0,100,1000,5700000466,2024-08-04,C00014,,,1000,2024-07-17,CUST-PO-000466,2024-07-17,1,OR1000000466      ,3000,3.0
100,1000000467,2024-09-03,08:00:00,SALEUSER3,,,2024-09-03,C,OR,,62007.66,USD,1000,10,0,100,1000,5700000467,2024-10-02,C00012,,,1000,2024-09-03,CUST-PO-000467,2024-09-03,1,OR1000000467      ,1000,4.0
100,1000000468,2024-01-11,08:00:00,SALEUSER1,,,2024-01-11,C,ZOR,,194695.68,USD,1000,10,0,100,1000,5700000468,2024-02-05,C00002,,,1000,2024-01-11,CUST-PO-000468,2024-01-11,1,OR1000000468      ,2000,2.0
100,1000000469,2024-04-21,08:00:00,SALEUSER2,,,2024-04-21,C,FO,,55852.21,USD,1000,10,0,100,1000,5700000469,2024-05-20,C00014,,,1000,2024-04-21,CUST-PO-000469,2024-04-21,1,OR1000000469      ,1000,4.0
100,1000000470,2024-08-31,08:00:00,SALEUSER3,,,2024-08-31,C,OR,,245897.08,USD,1000,10,0,100,1000,5700000470,2024-09-10,C00010,,,1000,2024-08-31,CUST-PO-000470,2024-08-31,1,OR1000000470      ,1000,
100,1000000471,2024-05-20,08:00:00,SALEUSER2,,,2024-05-20,C,FO,,16222.25,USD,1000,10,0,100,1000,5700000471,2024-05-30,C00013,,,1000,2024-05-20,CUST-PO-000471,2024-05-20,1,OR1000000471      ,1000,2.0
100,1000000472,2024-01-25,08:00:00,SALEUSER2,,,2024-01-25,C,OR,,109722.91,USD,1000,10,0,100,1000,5700000472,2024-02-07,C00008,2.0,,1000,2024-01-25,CUST-PO-000472,2024-01-25,1,OR1000000472      ,3000,1.0
100,1000000473,2024-08-14,08:00:00,SALEUSER1,,,2024-08-14,C,OR,,212191.1,USD,1000,10,0,100,1000,5700000473,2024-09-04,C00001,,8.0,1000,2024-08-14,CUST-PO-000473,2024-08-14,1,OR1000000473      ,3000,1.0
100,1000000474,2024-08-15,08:00:00,SALEUSER3,,,2024-08-15,C,OR,,39127.58,USD,1000,10,0,100,1000,5700000474,2024-09-01,C00007,,,1000,2024-08-15,CUST-PO-000474,2024-08-15,1,OR1000000474      ,3000,1.0
100,1000000475,2024-07-18,08:00:00,SALEUSER2,,,2024-07-18,C,OR,,203078.68,USD,1000,10,0,100,1000,5700000475,2024-08-09,C00015,,,1000,2024-07-18,CUST-PO-000475,2024-07-18,1,OR1000000475      ,1000,1.0
100,1000000476,2024-01-11,08:00:00,SALEUSER1,,,2024-01-11,C,OR,,250771.78,USD,1000,10,0,100,1000,5700000476,2024-01-26,C00006,,,1000,2024-01-11,CUST-PO-000476,2024-01-11,1,OR1000000476      ,1000,1.0
100,1000000477,2024-09-03,08:00:00,SALEUSER3,,,2024-09-03,C,ZOR,,124277.76,USD,1000,10,0,100,1000,5700000477,2024-09-21,C00013,,,1000,2024-09-03,CUST-PO-000477,2024-09-03,1,OR1000000477      ,2000,
100,1000000478,2024-05-24,08:00:00,SALEUSER1,,,2024-05-24,C,OR,,50124.0,USD,1000,10,0,100,1000,5700000478,2024-06-20,C00006,,,1000,2024-05-24,CUST-PO-000478,2024-05-24,1,OR1000000478      ,2000,1.0
100,1000000479,2024-06-09,08:00:00,SALEUSER3,,,2024-06-09,C,OR,,57930.48,USD,1000,10,0,100,1000,5700000479,2024-06-16,C00005,2.0,,1000,2024-06-09,CUST-PO-000479,2024-06-09,1,OR1000000479      ,3000,
100,1000000480,2024-04-12,08:00:00,SALEUSER1,,,2024-04-12,C,OR,,255834.14,USD,1000,10,0,100,1000,5700000480,2024-04-27,C00013,,,1000,2024-04-12,CUST-PO-000480,2024-04-12,1,OR1000000480      ,3000,
100,1000000481,2024-02-06,08:00:00,SALEUSER2,,,2024-02-06,C,ZOR,,201042.52,USD,1000,10,0,100,1000,5700000481,2024-03-06,C00010,2.0,8.0,1000,2024-02-06,CUST-PO-000481,2024-02-06,1,OR1000000481      ,1000,
100,1000000482,2024-08-03,08:00:00,SALEUSER1,,,2024-08-03,C,FO,,298232.28,USD,1000,10,0,100,1000,5700000482,2024-08-23,C00003,,,1000,2024-08-03,CUST-PO-000482,2024-08-03,1,OR1000000482      ,1000,2.0
100,1000000483,2024-01-22,08:00:00,SALEUSER2,,,2024-01-22,C,OR,,92923.6,USD,1000,10,0,100,1000,5700000483,2024-02-10,C00004,,,1000,2024-01-22,CUST-PO-000483,2024-01-22,1,OR1000000483      ,1000,1.0
100,1000000484,2024-03-02,08:00:00,SALEUSER1,,,2024-03-02,C,OR,,95690.66,USD,1000,10,0,100,1000,5700000484,2024-03-30,C00007,,,1000,2024-03-02,CUST-PO-000484,2024-03-02,1,OR1000000484      ,2000,
100,1000000485,2024-03-08,08:00:00,SALEUSER3,,,2024-03-08,C,OR,,261621.12,USD,1000,10,0,100,1000,5700000485,2024-04-03,C00015,,,1000,2024-03-08,CUST-PO-000485,2024-03-08,1,OR1000000485      ,3000,4.0
100,1000000486,2024-02-26,08:00:00,SALEUSER2,,,2024-02-26,C,OR,,95816.24,USD,1000,10,0,100,1000,5700000486,2024-03-27,C00006,,,1000,2024-02-26,CUST-PO-000486,2024-02-26,1,OR1000000486      ,3000,
100,1000000487,2024-05-08,08:00:00,SALEUSER1,,,2024-05-08,C,FO,,28221.04,USD,1000,10,0,100,1000,5700000487,2024-05-24,C00015,,,1000,2024-05-08,CUST-PO-000487,2024-05-08,1,OR1000000487      ,1000,1.0
100,1000000488,2024-06-06,08:00:00,SALEUSER2,,,2024-06-06,C,OR,,215434.44,USD,1000,10,0,100,1000,5700000488,2024-07-04,C00010,,,1000,2024-06-06,CUST-PO-000488,2024-06-06,1,OR1000000488      ,3000,1.0
100,1000000489,2024-09-25,08:00:00,SALEUSER3,,,2024-09-25,C,OR,,16881.92,USD,1000,10,0,100,1000,5700000489,2024-10-07,C00002,,,1000,2024-09-25,CUST-PO-000489,2024-09-25,1,OR1000000489      ,1000,3.0
100,1000000490,2024-02-23,08:00:00,SALEUSER2,,,2024-02-23,C,OR,,186991.04,USD,1000,10,0,100,1000,5700000490,2024-03-21,C00004,,,1000,2024-02-23,CUST-PO-000490,2024-02-23,1,OR1000000490      ,3000,
100,1000000491,2024-08-14,08:00:00,SALEUSER3,,,2024-08-14,C,OR,,154366.8,USD,1000,10,0,100,1000,5700000491,2024-09-11,C00003,,,1000,2024-08-14,CUST-PO-000491,2024-08-14,1,OR1000000491      ,3000,1.0
100,1000000492,2024-02-11,08:00:00,SALEUSER2,,,2024-02-11,C,OR,,215141.76,USD,1000,10,0,100,1000,5700000492,2024-03-02,C00007,,,1000,2024-02-11,CUST-PO-000492,2024-02-11,1,OR1000000492      ,3000,2.0
100,1000000493,2024-09-10,08:00:00,SALEUSER2,,,2024-09-10,C,FO,,62298.49,USD,1000,10,0,100,1000,5700000493,2024-09-26,C00010,,,1000,2024-09-10,CUST-PO-000493,2024-09-10,1,OR1000000493      ,2000,
100,1000000494,2024-02-18,08:00:00,SALEUSER1,,,2024-02-18,C,OR,,121192.5,USD,1000,10,0,100,1000,5700000494,2024-03-14,C00010,,,1000,2024-02-18,CUST-PO-000494,2024-02-18,1,OR1000000494      ,2000,2.0
100,1000000495,2024-09-29,08:00:00,SALEUSER3,,,2024-09-29,C,OR,,362308.65,USD,1000,10,0,100,1000,5700000495,2024-10-12,C00002,,,1000,2024-09-29,CUST-PO-000495,2024-09-29,1,OR1000000495      ,1000,3.0
100,1000000496,2024-05-07,08:00:00,SALEUSER1,,,2024-05-07,C,OR,,58709.82,USD,1000,10,0,100,1000,5700000496,2024-05-24,C00008,,,1000,2024-05-07,CUST-PO-000496,2024-05-07,1,OR1000000496      ,3000,3.0
100,1000000497,2024-05-30,08:00:00,SALEUSER2,,,2024-05-30,C,OR,,162655.0,USD,1000,10,0,100,1000,5700000497,2024-06-12,C00007,,,1000,2024-05-30,CUST-PO-000497,2024-05-30,1,OR1000000497      ,2000,1.0
100,1000000498,2024-01-16,08:00:00,SALEUSER2,,,2024-01-16,C,FO,,102105.81,USD,1000,10,0,100,1000,5700000498,2024-01-25,C00004,2.0,,1000,2024-01-16,CUST-PO-000498,2024-01-16,1,OR1000000498      ,2000,3.0
100,1000000499,2024-05-27,08:00:00,SALEUSER2,,,2024-05-27,C,OR,,114081.24,USD,1000,10,0,100,1000,5700000499,2024-06-19,C00007,,,1000,2024-05-27,CUST-PO-000499,2024-05-27,1,OR1000000499      ,2000,
