MANDT,VBELN,POSNR,MATNR,ARKTX,KWMENG,MEINS,NETWR,WAERK,WERKS,LGORT,ROUTE,PSTYV,ABGRU,LFSTA,FKSTA,GBSTA,NETPR,KPEIN,ERNAM,OBJNR,ERDAT,FAKSP,ERZET
100,1000000000,000010,MAT00028,Material MAT00028,165.0,EA,56576.85,USD,P002,SL02,R0002,TAN,,C,A,B,342.89,1,SALEUSER1,OR1000000000000010,2024-04-02,,115811
100,1000000001,000010,MAT00030,Material MAT00030,62.0,EA,92427.12,USD,P003,SL02,R0002,TAN,,C,A,B,1490.76,1,SALEUSER3,OR1000000001000010,2024-03-27,,164210
100,1000000002,000010,MAT00026,Material MAT00026,175.0,EA,272893.25,USD,P003,SL03,R0004,TAN,,C,C,C,1559.39,1,SALEUSER3,OR1000000002000010,2024-02-23,,150704
100,1000000002,000020,MAT00029,Material MAT00029,168.0,EA,130633.44,USD,P003,SL03,R0004,TAN,,C,C,C,777.58,1,SALEUSER3,OR1000000002000020,2024-02-23,,143513
100,1000000003,000010,MAT00023,Material MAT00023,31.0,EA,42316.55,USD,P001,SL01,R0003,TAN,,C,C,C,1365.05,1,SALEUSER2,OR1000000003000010,2024-06-20,,063736
100,1000000004,000010,MAT00028,Material MAT00028,180.0,EA,72091.8,USD,P002,SL01,R0003,TAN,,C,C,C,400.51,1,SALEUSER3,OR1000000004000010,2024-02-22,,085559
100,1000000005,000010,MAT00026,Material MAT00026,75.0,EA,27132.0,USD,P003,SL01,R0001,TAN,,C,C,C,361.76,1,SALEUSER1,OR1000000005000010,2024-05-03,,065051
100,1000000006,000010,MAT00022,Material MAT00022,16.0,EA,7875.36,USD,P001,SL02,R0002,TAN,,C,C,C,492.21,1,SALEUSER3,OR1000000006000010,2024-05-11,,104028
100,1000000006,000020,MAT00023,Material MAT00023,49.0,EA,69811.77,USD,P001,SL02,R0002,TAN,,C,C,C,1424.73,1,SALEUSER3,OR1000000006000020,2024-05-11,,133758
100,1000000007,000010,MAT00032,Material MAT00032,116.0,EA,169951.6,USD,P001,SL03,R0004,TAN,,C,C,C,1465.1,1,SALEUSER1,OR1000000007000010,2024-06-14,,060945
100,1000000007,000020,MAT00024,Material MAT00024,60.0,EA,16347.0,USD,P001,SL03,R0004,TAN,,C,C,C,272.45,1,SALEUSER1,OR1000000007000020,2024-06-14,,124451
100,1000000008,000010,MAT00031,Material MAT00031,108.0,EA,169624.8,USD,P001,SL01,R0002,TAN,,C,C,C,1570.6,1,SALEUSER2,OR1000000008000010,2024-02-14,,071731
100,1000000009,000010,MAT00023,Material MAT00023,175.0,EA,270718.0,USD,P001,SL03,R0001,TAN,,C,C,C,1546.96,1,SALEUSER2,OR1000000009000010,2024-08-15,,154740
100,1000000010,000010,MAT00031,Material MAT00031,89.0,EA,7375.43,USD,P001,SL01,R0003,TAN,,C,C,C,82.87,1,SALEUSER1,OR1000000010000010,2024-02-26,,093354
100,1000000010,000020,MAT00030,Material MAT00030,89.0,EA,133519.58,USD,P001,SL01,R0003,TAN,,C,C,C,1500.22,1,SALEUSER1,OR1000000010000020,2024-02-26,,150830
100,1000000011,000010,MAT00032,Material MAT00032,91.0,EA,91515.06,USD,P002,SL02,R0002,TAN,,C,C,C,1005.66,1,SALEUSER3,OR1000000011000010,2024-02-28,,085637
100,1000000012,000010,MAT00033,Material MAT00033,37.0,EA,11578.41,USD,P001,SL02,R0001,TAN,,C,C,C,312.93,1,SALEUSER2,OR1000000012000010,2024-04-25,,151015
100,1000000013,000010,MAT00027,Material MAT00027,8.0,EA,9836.48,USD,P002,SL03,R0003,TAN,,C,C,C,1229.56,1,SALEUSER2,OR1000000013000010,2024-06-08,,080656
100,1000000014,000010,MAT00030,Material MAT00030,66.0,EA,19870.62,USD,P001,SL03,R0003,TAN,,C,C,C,301.07,1,SALEUSER2,OR1000000014000010,2024-05-13,,110052
100,1000000015,000010,MAT00027,Material MAT00027,18.0,EA,7748.1,USD,P001,SL03,R0004,TAN,,C,C,C,430.45,1,SALEUSER2,OR1000000015000010,2024-02-16,,103258
100,1000000016,000010,MAT00016,Material MAT00016,10.0,EA,5377.1,USD,P003,SL02,R0002,TAN,,C,C,C,537.71,1,SALEUSER2,OR1000000016000010,2024-03-02,,072012
100,1000000016,000020,MAT00022,Material MAT00022,130.0,EA,143963.3,USD,P003,SL02,R0002,TAN,,C,C,C,1107.41,1,SALEUSER2,OR1000000016000020,2024-03-02,,154055
100,1000000017,000010,MAT00022,Material MAT00022,169.0,EA,184397.59,USD,P003,SL01,R0004,TAN,,C,C,C,1091.11,1,SALEUSER3,OR1000000017000010,2024-09-04,,084848
100,1000000018,000010,MAT00025,Material MAT00025,85.0,EA,10923.35,USD,P001,SL01,R0003,TAN,,C,C,C,128.51,1,SALEUSER2,OR1000000018000010,2024-04-02,,103721
100,1000000018,000020,MAT00016,Material MAT00016,128.0,EA,163330.56,USD,P001,SL01,R0003,TAN,,C,C,C,1276.02,1,SALEUSER2,OR1000000018000020,2024-04-02,,160045
100,1000000019,000010,MAT00024,Material MAT00024,74.0,EA,48925.84,USD,P003,SL02,R0002,TAN,01,A,A,C,661.16,1,SALEUSER3,OR1000000019000010,2024-03-13,,130504
100,1000000020,000010,MAT00023,Material MAT00023,102.0,EA,57262.8,USD,P001,SL03,R0004,TAN,,C,C,C,561.4,1,SALEUSER3,OR1000000020000010,2024-03-14,,173854
100,1000000021,000010,MAT00031,Material MAT00031,156.0,EA,308600.76,USD,P003,SL02,R0001,TAN,,C,C,C,1978.21,1,SALEUSER2,OR1000000021000010,2024-04-30,,060333
100,1000000022,000010,MAT00021,Material MAT00021,127.0,EA,7123.43,USD,P003,SL03,R0001,TAN,,C,C,C,56.09,1,SALEUSER2,OR1000000022000010,2024-01-12,,062208
100,1000000023,000010,MAT00018,Material MAT00018,170.0,EA,319518.4,USD,P003,SL02,R0001,TAN,,C,C,C,1879.52,1,SALEUSER1,OR1000000023000010,2024-01-21,,121723
100,1000000024,000010,MAT00021,Material MAT00021,78.0,EA,154420.5,USD,P002,SL03,R0002,TAN,,C,C,C,1979.75,1,SALEUSER1,OR1000000024000010,2024-08-04,,164213
100,1000000024,000020,MAT00026,Material MAT00026,83.0,EA,159206.45,USD,P002,SL03,R0002,TAN,,C,C,C,1918.15,1,SALEUSER1,OR1000000024000020,2024-08-04,,141215
100,1000000025,000010,MAT00031,Material MAT00031,61.0,EA,41336.04,USD,P003,SL01,R0003,TAN,,C,C,C,677.64,1,SALEUSER1,OR1000000025000010,2024-04-02,,065006
100,1000000026,000010,MAT00028,Material MAT00028,138.0,EA,19884.42,USD,P001,SL01,R0003,TAN,,C,C,C,144.09,1,SALEUSER1,OR1000000026000010,2024-09-07,,162720
100,1000000027,000010,MAT00018,Material MAT00018,32.0,EA,16855.36,USD,P002,SL02,R0003,TAN,,C,C,C,526.73,1,SALEUSER3,OR1000000027000010,2024-04-24,,064125
100,1000000028,000010,MAT00023,Material MAT00023,199.0,EA,176290.12,USD,P001,SL03,R0002,TAN,,C,C,C,885.88,1,SALEUSER1,OR1000000028000010,2024-05-18,,155926
100,1000000029,000010,MAT00021,Material MAT00021,108.0,EA,169458.48,USD,P002,SL03,R0002,TAN,,C,C,C,1569.06,1,SALEUSER1,OR1000000029000010,2024-08-19,,151901
100,1000000029,000020,MAT00033,Material MAT00033,123.0,EA,122212.8,USD,P002,SL03,R0002,TAN,,C,C,C,993.6,1,SALEUSER1,OR1000000029000020,2024-08-19,,141345
100,1000000030,000010,MAT00030,Material MAT00030,28.0,EA,13450.08,USD,P002,SL01,R0001,TAN,,C,C,C,480.36,1,SALEUSER2,OR1000000030000010,2024-08-11,,111653
100,1000000031,000010,MAT00017,Material MAT00017,166.0,EA,120549.2,USD,P001,SL01,R0002,TAN,,C,C,C,726.2,1,SALEUSER1,OR1000000031000010,2024-09-25,,084051
100,1000000032,000010,MAT00021,Material MAT00021,130.0,EA,10192.0,USD,P003,SL01,R0003,TAN,,C,C,C,78.4,1,SALEUSER1,OR1000000032000010,2024-06-27,,124651
100,1000000033,000010,MAT00016,Material MAT00016,184.0,EA,329965.36,USD,P002,SL03,R0001,TAN,,C,C,C,1793.29,1,SALEUSER1,OR1000000033000010,2024-07-13,,082646
100,1000000034,000010,MAT00016,Material MAT00016,195.0,EA,336084.45,USD,P003,SL01,R0004,TAN,,C,C,C,1723.51,1,SALEUSER2,OR1000000034000010,2024-02-15,,130337
100,1000000035,000010,MAT00024,Material MAT00024,132.0,EA,46559.04,USD,P001,SL02,R0004,TAN,,C,C,C,352.72,1,SALEUSER3,OR1000000035000010,2024-09-15,,062642
100,1000000036,000010,MAT00030,Material MAT00030,98.0,EA,195307.14,USD,P001,SL01,R0001,TAN,,C,C,C,1992.93,1,SALEUSER1,OR1000000036000010,2024-02-16,,162935
100,1000000036,000020,MAT00016,Material MAT00016,73.0,EA,122958.28,USD,P001,SL01,R0001,TAN,,C,C,C,1684.36,1,SALEUSER1,OR1000000036000020,2024-02-16,,143532
100,1000000037,000010,MAT00025,Material MAT00025,36.0,EA,71240.4,USD,P001,SL02,R0001,TAN,,C,C,C,1978.9,1,SALEUSER2,OR1000000037000010,2024-04-25,08,112720
100,1000000038,000010,MAT00032,Material MAT00032,156.0,EA,125040.24,USD,P001,SL01,R0001,TAN,,C,C,C,801.54,1,SALEUSER2,OR1000000038000010,2024-02-18,,102409
100,1000000038,000020,MAT00017,Material MAT00017,36.0,EA,5092.92,USD,P001,SL01,R0001,TAN,,C,C,C,141.47,1,SALEUSER2,OR1000000038000020,2024-02-18,,172605
100,1000000039,000010,MAT00023,Material MAT00023,64.0,EA,84549.76,USD,P002,SL01,R0003,TAN,,C,C,C,1321.09,1,SALEUSER1,OR1000000039000010,2024-01-26,,103732
100,1000000040,000010,MAT00032,Material MAT00032,17.0,EA,8876.72,USD,P001,SL01,R0001,TAN,,C,C,C,522.16,1,SALEUSER1,OR1000000040000010,2024-04-17,,162327
100,1000000041,000010,MAT00027,Material MAT00027,176.0,EA,32255.52,USD,P002,SL03,R0004,TAN,,C,C,C,183.27,1,SALEUSER3,OR1000000041000010,2024-06-29,,152512
100,1000000042,000010,MAT00022,Material MAT00022,150.0,EA,113163.0,USD,P002,SL01,R0002,TAN,,C,C,C,754.42,1,SALEUSER3,OR1000000042000010,2024-07-07,,065959
100,1000000043,000010,MAT00028,Material MAT00028,96.0,EA,126110.4,USD,P002,SL03,R0003,TAN,,C,C,C,1313.65,1,SALEUSER2,OR1000000043000010,2024-04-27,,102809
100,1000000044,000010,MAT00026,Material MAT00026,29.0,EA,44496.15,USD,P003,SL02,R0003,TAN,,C,C,C,1534.35,1,SALEUSER1,OR1000000044000010,2024-07-16,,172524
100,1000000045,000010,MAT00021,Material MAT00021,199.0,EA,247585.85,USD,P001,SL02,R0004,TAN,,C,C,C,1244.15,1,SALEUSER3,OR1000000045000010,2024-09-19,,174343
100,1000000046,000010,MAT00025,Material MAT00025,62.0,EA,49379.9,USD,P001,SL03,R0002,TAN,,C,C,C,796.45,1,SALEUSER3,OR1000000046000010,2024-05-29,,164436
100,1000000047,000010,MAT00026,Material MAT00026,178.0,EA,296382.46,USD,P001,SL03,R0002,TAN,01,A,A,C,1665.07,1,SALEUSER2,OR1000000047000010,2024-08-10,,111304
100,1000000048,000010,MAT00016,Material MAT00016,118.0,EA,212345.72,USD,P001,SL01,R0004,TAN,,C,C,C,1799.54,1,SALEUSER2,OR1000000048000010,2024-09-23,,083101
100,1000000049,000010,MAT00022,Material MAT00022,136.0,EA,12495.68,USD,P002,SL02,R0004,TAN,,C,C,C,91.88,1,SALEUSER2,OR1000000049000010,2024-02-12,08,070300
100,1000000050,000010,MAT00018,Material MAT00018,35.0,EA,46023.95,USD,P003,SL01,R0004,TAN,,C,C,C,1314.97,1,SALEUSER1,OR1000000050000010,2024-01-14,,065603
100,1000000051,000010,MAT00027,Material MAT00027,95.0,EA,120390.65,USD,P002,SL03,R0002,TAN,,C,C,C,1267.27,1,SALEUSER1,OR1000000051000010,2024-06-14,,092854
100,1000000051,000020,MAT00031,Material MAT00031,93.0,EA,75511.35,USD,P002,SL03,R0002,TAN,,C,C,C,811.95,1,SALEUSER1,OR1000000051000020,2024-06-14,,062101
100,1000000052,000010,MAT00018,Material MAT00018,66.0,EA,28165.5,USD,P002,SL03,R0001,TAN,,C,C,C,426.75,1,SALEUSER3,OR1000000052000010,2024-01-28,,104358
100,1000000053,000010,MAT00021,Material MAT00021,23.0,EA,28074.03,USD,P003,SL01,R0002,TAN,,C,C,C,1220.61,1,SALEUSER1,OR1000000053000010,2024-03-28,,100341
100,1000000053,000020,MAT00022,Material MAT00022,200.0,EA,297222.0,USD,P003,SL01,R0002,TAN,,C,C,C,1486.11,1,SALEUSER1,OR1000000053000020,2024-03-28,,142335
100,1000000054,000010,MAT00030,Material MAT00030,77.0,EA,88897.27,USD,P002,SL03,R0002,TAN,01,A,A,C,1154.51,1,SALEUSER1,OR1000000054000010,2024-05-15,,063806
100,1000000055,000010,MAT00024,Material MAT00024,159.0,EA,49105.56,USD,P001,SL03,R0001,TAN,,C,C,C,308.84,1,SALEUSER2,OR1000000055000010,2024-07-12,,063806
100,1000000056,000010,MAT00018,Material MAT00018,8.0,EA,11128.48,USD,P001,SL03,R0002,TAN,,C,C,C,1391.06,1,SALEUSER2,OR1000000056000010,2024-03-17,,071330
100,1000000057,000010,MAT00031,Material MAT00031,32.0,EA,10084.16,USD,P002,SL01,R0004,TAN,,C,A,B,315.13,1,SALEUSER1,OR1000000057000010,2024-02-28,,163135
100,1000000058,000010,MAT00032,Material MAT00032,173.0,EA,13487.08,USD,P002,SL03,R0001,TAN,,C,C,C,77.96,1,SALEUSER1,OR1000000058000010,2024-09-12,,173332
100,1000000058,000020,MAT00021,Material MAT00021,25.0,EA,30795.75,USD,P002,SL03,R0001,TAN,,C,C,C,1231.83,1,SALEUSER1,OR1000000058000020,2024-09-12,,075455
100,1000000059,000010,MAT00027,Material MAT00027,190.0,EA,155473.2,USD,P003,SL03,R0004,TAN,,C,C,C,818.28,1,SALEUSER3,OR1000000059000010,2024-04-15,,164610
100,1000000059,000020,MAT00024,Material MAT00024,10.0,EA,17749.3,USD,P003,SL03,R0004,TAN,,C,C,C,1774.93,1,SALEUSER3,OR1000000059000020,2024-04-15,,172420
100,1000000060,000010,MAT00024,Material MAT00024,66.0,EA,126325.32,USD,P003,SL02,R0002,TAN,,C,C,C,1914.02,1,SALEUSER2,OR1000000060000010,2024-08-12,,081056
100,1000000061,000010,MAT00024,Material MAT00024,147.0,EA,28916.37,USD,P002,SL01,R0002,TAN,,C,C,C,196.71,1,SALEUSER3,OR1000000061000010,2024-05-24,,073054
100,1000000062,000010,MAT00020,Material MAT00020,155.0,EA,86595.4,USD,P003,SL01,R0004,TAN,,C,C,C,558.68,1,SALEUSER3,OR1000000062000010,2024-05-15,,124306
100,1000000063,000010,MAT00032,Material MAT00032,36.0,EA,8583.48,USD,P003,SL03,R0003,TAN,,C,C,C,238.43,1,SALEUSER1,OR1000000063000010,2024-09-28,08,153602
100,1000000064,000010,MAT00031,Material MAT00031,12.0,EA,13755.96,USD,P003,SL03,R0001,TAN,,C,C,C,1146.33,1,SALEUSER2,OR1000000064000010,2024-04-04,,155829
100,1000000065,000010,MAT00027,Material MAT00027,35.0,EA,39580.8,USD,P003,SL02,R0003,TAN,,C,C,C,1130.88,1,SALEUSER1,OR1000000065000010,2024-06-22,,115829
100,1000000065,000020,MAT00020,Material MAT00020,178.0,EA,237024.8,USD,P003,SL02,R0003,TAN,,C,C,C,1331.6,1,SALEUSER1,OR1000000065000020,2024-06-22,,123547
100,1000000066,000010,MAT00026,Material MAT00026,129.0,EA,6852.48,USD,P001,SL03,R0003,TAN,,C,C,C,53.12,1,SALEUSER1,OR1000000066000010,2024-04-10,,094740
100,1000000066,000020,MAT00018,Material MAT00018,68.0,EA,115642.16,USD,P001,SL03,R0003,TAN,,C,C,C,1700.62,1,SALEUSER1,OR1000000066000020,2024-04-10,,134006
100,1000000067,000010,MAT00021,Material MAT00021,53.0,EA,91403.8,USD,P001,SL02,R0004,TAN,,C,C,C,1724.6,1,SALEUSER2,OR1000000067000010,2024-06-17,,085329
100,1000000068,000010,MAT00016,Material MAT00016,132.0,EA,38388.24,USD,P001,SL01,R0001,TAN,,C,C,C,290.82,1,SALEUSER2,OR1000000068000010,2024-01-08,,173539
100,1000000069,000010,MAT00026,Material MAT00026,45.0,EA,58533.3,USD,P003,SL01,R0003,TAN,,C,C,C,1300.74,1,SALEUSER1,OR1000000069000010,2024-02-12,,095922
100,1000000069,000020,MAT00016,Material MAT00016,180.0,EA,241331.4,USD,P003,SL01,R0003,TAN,,C,C,C,1340.73,1,SALEUSER1,OR1000000069000020,2024-02-12,,070011
100,1000000070,000010,MAT00027,Material MAT00027,23.0,EA,18754.43,USD,P003,SL01,R0001,TAN,,C,C,C,815.41,1,SALEUSER2,OR1000000070000010,2024-09-04,,121816
100,1000000071,000010,MAT00022,Material MAT00022,125.0,EA,161227.5,USD,P001,SL01,R0004,TAN,,C,C,C,1289.82,1,SALEUSER2,OR1000000071000010,2024-02-03,,095622
100,1000000072,000010,MAT00021,Material MAT00021,149.0,EA,154268.64,USD,P001,SL01,R0004,TAN,,C,C,C,1035.36,1,SALEUSER2,OR1000000072000010,2024-05-24,,153543
100,1000000073,000010,MAT00022,Material MAT00022,83.0,EA,96753.93,USD,P001,SL02,R0004,TAN,,C,C,C,1165.71,1,SALEUSER2,OR1000000073000010,2024-07-22,08,075348
100,1000000074,000010,MAT00022,Material MAT00022,181.0,EA,156984.92,USD,P002,SL01,R0002,TAN,,C,C,C,867.32,1,SALEUSER2,OR1000000074000010,2024-05-06,,102253
100,1000000075,000010,MAT00020,Material MAT00020,44.0,EA,68505.36,USD,P001,SL01,R0003,TAN,,C,C,C,1556.94,1,SALEUSER3,OR1000000075000010,2024-06-15,,143158
100,1000000076,000010,MAT00021,Material MAT00021,135.0,EA,199520.55,USD,P001,SL03,R0004,TAN,,C,C,C,1477.93,1,SALEUSER2,OR1000000076000010,2024-03-22,,060330
100,1000000077,000010,MAT00028,Material MAT00028,23.0,EA,33172.67,USD,P001,SL03,R0002,TAN,,C,C,C,1442.29,1,SALEUSER3,OR1000000077000010,2024-02-16,,101141
100,1000000078,000010,MAT00031,Material MAT00031,89.0,EA,70915.2,USD,P001,SL01,R0003,TAN,,C,C,C,796.8,1,SALEUSER2,OR1000000078000010,2024-08-20,,155633
100,1000000079,000010,MAT00032,Material MAT00032,97.0,EA,173146.94,USD,P002,SL03,R0003,TAN,,C,C,C,1785.02,1,SALEUSER3,OR1000000079000010,2024-03-23,,144755
100,1000000080,000010,MAT00016,Material MAT00016,4.0,EA,7876.8,USD,P001,SL02,R0001,TAN,,C,C,C,1969.2,1,SALEUSER3,OR1000000080000010,2024-04-23,,084751
100,1000000081,000010,MAT00018,Material MAT00018,28.0,EA,35917.28,USD,P002,SL02,R0004,TAN,,C,C,C,1282.76,1,SALEUSER1,OR1000000081000010,2024-01-12,,144651
100,1000000081,000020,MAT00018,Material MAT00018,41.0,EA,7149.17,USD,P002,SL02,R0004,TAN,,C,C,C,174.37,1,SALEUSER1,OR1000000081000020,2024-01-12,,095729
100,1000000082,000010,MAT00032,Material MAT00032,195.0,EA,108889.95,USD,P002,SL01,R0003,TAN,,C,C,C,558.41,1,SALEUSER1,OR1000000082000010,2024-02-08,,132112
100,1000000083,000010,MAT00024,Material MAT00024,104.0,EA,124620.08,USD,P003,SL01,R0001,TAN,,C,C,C,1198.27,1,SALEUSER2,OR1000000083000010,2024-09-12,,175903
100,1000000084,000010,MAT00030,Material MAT00030,157.0,EA,169005.79,USD,P001,SL03,R0002,TAN,,C,C,C,1076.47,1,SALEUSER3,OR1000000084000010,2024-02-23,,165036
100,1000000084,000020,MAT00022,Material MAT00022,161.0,EA,54199.04,USD,P001,SL03,R0002,TAN,,C,C,C,336.64,1,SALEUSER3,OR1000000084000020,2024-02-23,,095944
100,1000000085,000010,MAT00031,Material MAT00031,163.0,EA,78350.84,USD,P002,SL02,R0001,TAN,,C,A,B,480.68,1,SALEUSER1,OR1000000085000010,2024-02-22,,120107
100,1000000086,000010,MAT00027,Material MAT00027,112.0,EA,170876.16,USD,P003,SL01,R0002,TAN,,C,C,C,1525.68,1,SALEUSER1,OR1000000086000010,2024-09-08,,125522
100,1000000086,000020,MAT00017,Material MAT00017,178.0,EA,128752.74,USD,P003,SL01,R0002,TAN,,C,C,C,723.33,1,SALEUSER1,OR1000000086000020,2024-09-08,,152046
100,1000000087,000010,MAT00017,Material MAT00017,48.0,EA,89705.28,USD,P001,SL03,R0003,TAN,,C,A,B,1868.86,1,SALEUSER2,OR1000000087000010,2024-01-07,,060949
100,1000000088,000010,MAT00032,Material MAT00032,176.0,EA,284262.88,USD,P002,SL02,R0003,TAN,,C,C,C,1615.13,1,SALEUSER1,OR1000000088000010,2024-09-14,,112846
100,1000000088,000020,MAT00030,Material MAT00030,46.0,EA,68545.06,USD,P002,SL02,R0003,TAN,,C,C,C,1490.11,1,SALEUSER1,OR1000000088000020,2024-09-14,,093713
100,1000000089,000010,MAT00019,Material MAT00019,191.0,EA,354574.31,USD,P002,SL01,R0002,TAN,,C,C,C,1856.41,1,SALEUSER1,OR1000000089000010,2024-09-09,,140537
100,1000000090,000010,MAT00029,Material MAT00029,112.0,EA,70436.8,USD,P001,SL03,R0004,TAN,,C,C,C,628.9,1,SALEUSER1,OR1000000090000010,2024-09-28,08,060437
100,1000000091,000010,MAT00028,Material MAT00028,185.0,EA,95102.95,USD,P002,SL03,R0004,TAN,,C,C,C,514.07,1,SALEUSER3,OR1000000091000010,2024-04-03,,170530
100,1000000091,000020,MAT00016,Material MAT00016,187.0,EA,351343.08,USD,P002,SL03,R0004,TAN,,C,C,C,1878.84,1,SALEUSER3,OR1000000091000020,2024-04-03,,151141
100,1000000092,000010,MAT00028,Material MAT00028,1.0,EA,695.19,USD,P003,SL03,R0001,TAN,01,A,A,C,695.19,1,SALEUSER2,OR1000000092000010,2024-08-02,,155652
100,1000000093,000010,MAT00029,Material MAT00029,112.0,EA,30453.92,USD,P002,SL01,R0002,TAN,,C,C,C,271.91,1,SALEUSER2,OR1000000093000010,2024-09-14,,115510
100,1000000094,000010,MAT00017,Material MAT00017,41.0,EA,62271.21,USD,P001,SL02,R0003,TAN,,C,C,C,1518.81,1,SALEUSER1,OR1000000094000010,2024-09-26,,133909
100,1000000094,000020,MAT00019,Material MAT00019,30.0,EA,34717.8,USD,P001,SL02,R0003,TAN,,C,C,C,1157.26,1,SALEUSER1,OR1000000094000020,2024-09-26,,073613
100,1000000095,000010,MAT00027,Material MAT00027,81.0,EA,20667.15,USD,P003,SL03,R0002,TAN,,C,C,C,255.15,1,SALEUSER2,OR1000000095000010,2024-09-08,,104632
100,1000000096,000010,MAT00029,Material MAT00029,105.0,EA,59373.3,USD,P001,SL02,R0003,TAN,,C,C,C,565.46,1,SALEUSER1,OR1000000096000010,2024-01-23,,131523
100,1000000096,000020,MAT00027,Material MAT00027,43.0,EA,55529.34,USD,P001,SL02,R0003,TAN,,C,C,C,1291.38,1,SALEUSER1,OR1000000096000020,2024-01-23,,124555
100,1000000097,000010,MAT00027,Material MAT00027,137.0,EA,70124.82,USD,P003,SL02,R0002,TAN,,C,C,C,511.86,1,SALEUSER1,OR1000000097000010,2024-08-14,,075214
100,1000000098,000010,MAT00019,Material MAT00019,174.0,EA,160186.14,USD,P003,SL01,R0002,TAN,,C,C,C,920.61,1,SALEUSER2,OR1000000098000010,2024-01-09,,115726
100,1000000099,000010,MAT00023,Material MAT00023,137.0,EA,256157.12,USD,P002,SL02,R0003,TAN,,C,C,C,1869.76,1,SALEUSER2,OR1000000099000010,2024-08-05,,093821
100,1000000099,000020,MAT00033,Material MAT00033,115.0,EA,163999.2,USD,P002,SL02,R0003,TAN,,C,C,C,1426.08,1,SALEUSER2,OR1000000099000020,2024-08-05,,085914
100,1000000100,000010,MAT00018,Material MAT00018,127.0,EA,180072.03,USD,P002,SL02,R0002,TAN,,C,C,C,1417.89,1,SALEUSER2,OR1000000100000010,2024-03-19,,130137
100,1000000101,000010,MAT00023,Material MAT00023,17.0,EA,14035.54,USD,P001,SL02,R0001,TAN,,C,C,C,825.62,1,SALEUSER3,OR1000000101000010,2024-03-17,,160923
100,1000000102,000010,MAT00028,Material MAT00028,112.0,EA,209478.08,USD,P001,SL01,R0003,TAN,,C,C,C,1870.34,1,SALEUSER2,OR1000000102000010,2024-06-05,,075207
100,1000000102,000020,MAT00019,Material MAT00019,159.0,EA,23547.9,USD,P001,SL01,R0003,TAN,,C,C,C,148.1,1,SALEUSER2,OR1000000102000020,2024-06-05,,162023
100,1000000103,000010,MAT00023,Material MAT00023,4.0,EA,7422.24,USD,P002,SL01,R0004,TAN,,C,A,B,1855.56,1,SALEUSER1,OR1000000103000010,2024-02-21,,100007
100,1000000104,000010,MAT00024,Material MAT00024,180.0,EA,231166.8,USD,P003,SL01,R0001,TAN,,C,C,C,1284.26,1,SALEUSER2,OR1000000104000010,2024-07-29,,161927
100,1000000105,000010,MAT00017,Material MAT00017,115.0,EA,226646.6,USD,P003,SL01,R0001,TAN,,C,A,B,1970.84,1,SALEUSER2,OR1000000105000010,2024-02-02,,105118
100,1000000106,000010,MAT00020,Material MAT00020,178.0,EA,268279.82,USD,P003,SL01,R0002,TAN,,C,C,C,1507.19,1,SALEUSER2,OR1000000106000010,2024-03-07,,113447
100,1000000106,000020,MAT00024,Material MAT00024,16.0,EA,19653.76,USD,P003,SL01,R0002,TAN,,C,C,C,1228.36,1,SALEUSER2,OR1000000106000020,2024-03-07,,080656
100,1000000107,000010,MAT00028,Material MAT00028,153.0,EA,67411.8,USD,P003,SL01,R0003,TAN,,C,C,C,440.6,1,SALEUSER2,OR1000000107000010,2024-01-15,,174155
100,1000000108,000010,MAT00021,Material MAT00021,115.0,EA,24598.5,USD,P001,SL02,R0003,TAN,,C,C,C,213.9,1,SALEUSER3,OR1000000108000010,2024-03-26,,061612
100,1000000109,000010,MAT00024,Material MAT00024,192.0,EA,239318.4,USD,P001,SL01,R0003,TAN,,C,C,C,1246.45,1,SALEUSER2,OR1000000109000010,2024-04-05,,135759
100,1000000110,000010,MAT00022,Material MAT00022,60.0,EA,101328.6,USD,P002,SL03,R0001,TAN,01,A,A,C,1688.81,1,SALEUSER3,OR1000000110000010,2024-06-23,,171719
100,1000000111,000010,MAT00030,Material MAT00030,26.0,EA,45719.18,USD,P003,SL02,R0004,TAN,,C,C,C,1758.43,1,SALEUSER3,OR1000000111000010,2024-06-03,,080003
100,1000000112,000010,MAT00033,Material MAT00033,146.0,EA,74843.98,USD,P002,SL01,R0003,TAN,,C,C,C,512.63,1,SALEUSER3,OR1000000112000010,2024-09-15,,122809
100,1000000113,000010,MAT00030,Material MAT00030,137.0,EA,143243.09,USD,P003,SL03,R0002,TAN,,C,C,C,1045.57,1,SALEUSER3,OR1000000113000010,2024-08-09,,075552
100,1000000114,000010,MAT00021,Material MAT00021,143.0,EA,72342.27,USD,P001,SL03,R0004,TAN,,C,C,C,505.89,1,SALEUSER3,OR1000000114000010,2024-03-02,,152350
100,1000000115,000010,MAT00033,Material MAT00033,73.0,EA,72091.88,USD,P001,SL01,R0002,TAN,01,A,A,C,987.56,1,SALEUSER2,OR1000000115000010,2024-07-20,,062316
100,1000000116,000010,MAT00018,Material MAT00018,56.0,EA,41099.52,USD,P002,SL02,R0004,TAN,,C,C,C,733.92,1,SALEUSER3,OR1000000116000010,2024-07-15,,085140
100,1000000117,000010,MAT00031,Material MAT00031,118.0,EA,180899.9,USD,P003,SL02,R0003,TAN,01,A,A,C,1533.05,1,SALEUSER2,OR1000000117000010,2024-01-14,,071334
100,1000000117,000020,MAT00025,Material MAT00025,82.0,EA,73358.84,USD,P003,SL02,R0003,TAN,01,A,A,C,894.62,1,SALEUSER2,OR1000000117000020,2024-01-14,,085959
100,1000000118,000010,MAT00022,Material MAT00022,23.0,EA,28407.76,USD,P002,SL01,R0002,TAN,,C,A,B,1235.12,1,SALEUSER2,OR1000000118000010,2024-01-05,,103824
100,1000000119,000010,MAT00019,Material MAT00019,42.0,EA,21775.74,USD,P002,SL03,R0001,TAN,,C,C,C,518.47,1,SALEUSER2,OR1000000119000010,2024-06-16,,080045
100,1000000120,000010,MAT00027,Material MAT00027,68.0,EA,99098.44,USD,P003,SL01,R0004,TAN,,C,C,C,1457.33,1,SALEUSER1,OR1000000120000010,2024-07-16,,163039
100,1000000121,000010,MAT00022,Material MAT00022,120.0,EA,127728.0,USD,P002,SL03,R0002,TAN,,C,C,C,1064.4,1,SALEUSER3,OR1000000121000010,2024-08-01,,103751
100,1000000122,000010,MAT00021,Material MAT00021,59.0,EA,21005.77,USD,P002,SL01,R0001,TAN,,C,C,C,356.03,1,SALEUSER2,OR1000000122000010,2024-04-03,,124848
100,1000000122,000020,MAT00022,Material MAT00022,35.0,EA,9125.9,USD,P002,SL01,R0001,TAN,,C,C,C,260.74,1,SALEUSER2,OR1000000122000020,2024-04-03,,133343
100,1000000123,000010,MAT00032,Material MAT00032,99.0,EA,78857.46,USD,P001,SL01,R0003,TAN,,C,C,C,796.54,1,SALEUSER3,OR1000000123000010,2024-03-19,,171619
100,1000000124,000010,MAT00024,Material MAT00024,107.0,EA,8998.7,USD,P002,SL01,R0004,TAN,,C,C,C,84.1,1,SALEUSER3,OR1000000124000010,2024-05-27,,100000
100,1000000125,000010,MAT00022,Material MAT00022,101.0,EA,165627.88,USD,P002,SL03,R0001,TAN,,C,C,C,1639.88,1,SALEUSER3,OR1000000125000010,2024-06-16,,143602
100,1000000126,000010,MAT00017,Material MAT00017,71.0,EA,15674.67,USD,P003,SL01,R0003,TAN,,C,C,C,220.77,1,SALEUSER2,OR1000000126000010,2024-06-22,,110111
100,1000000127,000010,MAT00020,Material MAT00020,106.0,EA,81363.48,USD,P001,SL02,R0004,TAN,,C,C,C,767.58,1,SALEUSER1,OR1000000127000010,2024-08-16,,084217
100,1000000128,000010,MAT00022,Material MAT00022,89.0,EA,41674.25,USD,P002,SL03,R0001,TAN,,C,C,C,468.25,1,SALEUSER1,OR1000000128000010,2024-05-01,,125614
100,1000000128,000020,MAT00017,Material MAT00017,89.0,EA,148589.06,USD,P002,SL03,R0001,TAN,,C,C,C,1669.54,1,SALEUSER1,OR1000000128000020,2024-05-01,,152431
100,1000000129,000010,MAT00033,Material MAT00033,145.0,EA,72450.7,USD,P002,SL01,R0002,TAN,,C,C,C,499.66,1,SALEUSER3,OR1000000129000010,2024-08-31,,102253
100,1000000130,000010,MAT00018,Material MAT00018,185.0,EA,315321.4,USD,P003,SL01,R0004,TAN,,C,C,C,1704.44,1,SALEUSER1,OR1000000130000010,2024-06-25,,173109
100,1000000131,000010,MAT00025,Material MAT00025,169.0,EA,252398.12,USD,P002,SL03,R0002,TAN,,C,C,C,1493.48,1,SALEUSER1,OR1000000131000010,2024-07-25,,114929
100,1000000132,000010,MAT00024,Material MAT00024,134.0,EA,88271.16,USD,P002,SL03,R0001,TAN,,C,C,C,658.74,1,SALEUSER3,OR1000000132000010,2024-09-22,,162357
100,1000000133,000010,MAT00023,Material MAT00023,66.0,EA,50044.5,USD,P003,SL03,R0001,TAN,,C,A,B,758.25,1,SALEUSER2,OR1000000133000010,2024-04-23,,131327
100,1000000133,000020,MAT00024,Material MAT00024,83.0,EA,137655.5,USD,P003,SL03,R0001,TAN,,C,A,B,1658.5,1,SALEUSER2,OR1000000133000020,2024-04-23,,173224
100,1000000134,000010,MAT00026,Material MAT00026,22.0,EA,35299.88,USD,P002,SL02,R0002,TAN,,C,C,C,1604.54,1,SALEUSER2,OR1000000134000010,2024-05-23,,104451
100,1000000135,000010,MAT00017,Material MAT00017,103.0,EA,39494.32,USD,P001,SL01,R0001,TAN,,C,A,B,383.44,1,SALEUSER3,OR1000000135000010,2024-08-13,,093632
100,1000000135,000020,MAT00025,Material MAT00025,99.0,EA,145763.64,USD,P001,SL01,R0001,TAN,,C,A,B,1472.36,1,SALEUSER3,OR1000000135000020,2024-08-13,,145333
100,1000000136,000010,MAT00026,Material MAT00026,44.0,EA,81337.52,USD,P003,SL01,R0004,TAN,,C,C,C,1848.58,1,SALEUSER2,OR1000000136000010,2024-05-18,,125811
100,1000000137,000010,MAT00018,Material MAT00018,171.0,EA,249124.77,USD,P003,SL02,R0003,TAN,,C,C,C,1456.87,1,SALEUSER1,OR1000000137000010,2024-04-04,,131931
100,1000000138,000010,MAT00020,Material MAT00020,186.0,EA,136795.56,USD,P001,SL01,R0003,TAN,,C,C,C,735.46,1,SALEUSER1,OR1000000138000010,2024-06-19,,110152
100,1000000139,000010,MAT00019,Material MAT00019,57.0,EA,95053.77,USD,P002,SL01,R0003,TAN,,C,C,C,1667.61,1,SALEUSER3,OR1000000139000010,2024-07-12,,121500
100,1000000140,000010,MAT00030,Material MAT00030,194.0,EA,172791.92,USD,P002,SL03,R0004,TAN,,C,C,C,890.68,1,SALEUSER2,OR1000000140000010,2024-06-05,,153109
100,1000000140,000020,MAT00021,Material MAT00021,3.0,EA,5759.16,USD,P002,SL03,R0004,TAN,,C,C,C,1919.72,1,SALEUSER2,OR1000000140000020,2024-06-05,,072843
100,1000000141,000010,MAT00017,Material MAT00017,91.0,EA,124910.24,USD,P001,SL01,R0001,TAN,,C,C,C,1372.64,1,SALEUSER2,OR1000000141000010,2024-01-10,,114821
100,1000000142,000010,MAT00020,Material MAT00020,124.0,EA,51435.2,USD,P003,SL02,R0001,TAN,,C,C,C,414.8,1,SALEUSER2,OR1000000142000010,2024-03-02,,103450
100,1000000143,000010,MAT00031,Material MAT00031,159.0,EA,206337.48,USD,P001,SL01,R0001,TAN,,C,C,C,1297.72,1,SALEUSER2,OR1000000143000010,2024-06-07,,084540
100,1000000144,000010,MAT00028,Material MAT00028,79.0,EA,85528.56,USD,P003,SL03,R0003,TAN,,C,C,C,1082.64,1,SALEUSER1,OR1000000144000010,2024-06-08,,130441
100,1000000145,000010,MAT00030,Material MAT00030,13.0,EA,7797.14,USD,P003,SL02,R0003,TAN,,C,C,C,599.78,1,SALEUSER1,OR1000000145000010,2024-08-07,,164240
100,1000000146,000010,MAT00020,Material MAT00020,100.0,EA,160203.0,USD,P003,SL02,R0003,TAN,,C,C,C,1602.03,1,SALEUSER2,OR1000000146000010,2024-07-13,,102108
100,1000000147,000010,MAT00020,Material MAT00020,123.0,EA,160797.9,USD,P003,SL02,R0001,TAN,,C,C,C,1307.3,1,SALEUSER2,OR1000000147000010,2024-07-17,,081608
100,1000000147,000020,MAT00021,Material MAT00021,90.0,EA,34992.0,USD,P003,SL02,R0001,TAN,,C,C,C,388.8,1,SALEUSER2,OR1000000147000020,2024-07-17,,071512
100,1000000148,000010,MAT00024,Material MAT00024,123.0,EA,42218.52,USD,P003,SL02,R0002,TAN,,C,C,C,343.24,1,SALEUSER1,OR1000000148000010,2024-04-01,,161853
100,1000000149,000010,MAT00033,Material MAT00033,41.0,EA,57831.32,USD,P003,SL02,R0001,TAN,,C,C,C,1410.52,1,SALEUSER3,OR1000000149000010,2024-08-02,,123706
100,1000000149,000020,MAT00029,Material MAT00029,119.0,EA,115771.53,USD,P003,SL02,R0001,TAN,,C,C,C,972.87,1,SALEUSER3,OR1000000149000020,2024-08-02,,141138
100,1000000150,000010,MAT00033,Material MAT00033,82.0,EA,43091.0,USD,P002,SL03,R0001,TAN,,C,C,C,525.5,1,SALEUSER2,OR1000000150000010,2024-08-21,,111204
100,1000000151,000010,MAT00018,Material MAT00018,167.0,EA,288464.11,USD,P002,SL03,R0003,TAN,,C,C,C,1727.33,1,SALEUSER3,OR1000000151000010,2024-06-03,,153224
100,1000000151,000020,MAT00021,Material MAT00021,3.0,EA,1331.64,USD,P002,SL03,R0003,TAN,,C,C,C,443.88,1,SALEUSER3,OR1000000151000020,2024-06-03,08,144440
100,1000000152,000010,MAT00025,Material MAT00025,127.0,EA,52412.9,USD,P002,SL02,R0001,TAN,,C,C,C,412.7,1,SALEUSER3,OR1000000152000010,2024-06-08,,113636
100,1000000153,000010,MAT00033,Material MAT00033,174.0,EA,141613.38,USD,P003,SL02,R0001,TAN,,C,C,C,813.87,1,SALEUSER3,OR1000000153000010,2024-02-15,,094232
100,1000000153,000020,MAT00021,Material MAT00021,191.0,EA,301556.53,USD,P003,SL02,R0001,TAN,,C,C,C,1578.83,1,SALEUSER3,OR1000000153000020,2024-02-15,,092412
100,1000000154,000010,MAT00024,Material MAT00024,149.0,EA,75909.54,USD,P001,SL03,R0004,TAN,,C,C,C,509.46,1,SALEUSER1,OR1000000154000010,2024-08-17,,152813
100,1000000155,000010,MAT00019,Material MAT00019,66.0,EA,123477.42,USD,P002,SL02,R0004,TAN,,C,C,C,1870.87,1,SALEUSER3,OR1000000155000010,2024-07-25,,131919
100,1000000156,000010,MAT00029,Material MAT00029,168.0,EA,231460.32,USD,P001,SL01,R0002,TAN,,C,C,C,1377.74,1,SALEUSER1,OR1000000156000010,2024-04-29,,110722
100,1000000157,000010,MAT00029,Material MAT00029,190.0,EA,119570.8,USD,P003,SL01,R0003,TAN,,C,C,C,629.32,1,SALEUSER3,OR1000000157000010,2024-07-07,,140007
100,1000000157,000020,MAT00026,Material MAT00026,111.0,EA,148592.37,USD,P003,SL01,R0003,TAN,,C,C,C,1338.67,1,SALEUSER3,OR1000000157000020,2024-07-07,,161734
100,1000000158,000010,MAT00032,Material MAT00032,174.0,EA,150043.68,USD,P003,SL02,R0004,TAN,,C,A,B,862.32,1,SALEUSER2,OR1000000158000010,2024-05-02,,160826
100,1000000159,000010,MAT00020,Material MAT00020,195.0,EA,382490.55,USD,P001,SL02,R0004,TAN,01,A,A,C,1961.49,1,SALEUSER1,OR1000000159000010,2024-03-09,,081731
100,1000000160,000010,MAT00017,Material MAT00017,66.0,EA,56450.46,USD,P001,SL02,R0004,TAN,,C,C,C,855.31,1,SALEUSER3,OR1000000160000010,2024-09-06,,084206
100,1000000161,000010,MAT00029,Material MAT00029,41.0,EA,78817.99,USD,P001,SL02,R0002,TAN,,C,C,C,1922.39,1,SALEUSER2,OR1000000161000010,2024-04-14,,161449
100,1000000162,000010,MAT00026,Material MAT00026,178.0,EA,42442.32,USD,P003,SL02,R0002,TAN,,C,C,C,238.44,1,SALEUSER1,OR1000000162000010,2024-06-16,,064706
100,1000000163,000010,MAT00031,Material MAT00031,168.0,EA,321179.04,USD,P002,SL02,R0004,TAN,,C,C,C,1911.78,1,SALEUSER1,OR1000000163000010,2024-09-11,,060333
100,1000000163,000020,MAT00028,Material MAT00028,48.0,EA,45687.84,USD,P002,SL02,R0004,TAN,,C,C,C,951.83,1,SALEUSER1,OR1000000163000020,2024-09-11,,073350
100,1000000164,000010,MAT00026,Material MAT00026,42.0,EA,50384.46,USD,P003,SL03,R0003,TAN,,C,C,C,1199.63,1,SALEUSER1,OR1000000164000010,2024-01-07,,164559
100,1000000165,000010,MAT00024,Material MAT00024,35.0,EA,21850.5,USD,P001,SL02,R0004,TAN,,C,C,C,624.3,1,SALEUSER1,OR1000000165000010,2024-07-02,,081916
100,1000000166,000010,MAT00016,Material MAT00016,48.0,EA,57437.76,USD,P002,SL03,R0004,TAN,,C,C,C,1196.62,1,SALEUSER3,OR1000000166000010,2024-07-04,,111638
100,1000000167,000010,MAT00019,Material MAT00019,197.0,EA,351172.2,USD,P002,SL02,R0004,TAN,,C,C,C,1782.6,1,SALEUSER1,OR1000000167000010,2024-04-14,,134621
100,1000000168,000010,MAT00033,Material MAT00033,69.0,EA,76799.07,USD,P001,SL03,R0002,TAN,,C,C,C,1113.03,1,SALEUSER3,OR1000000168000010,2024-03-12,,093458
100,1000000168,000020,MAT00030,Material MAT00030,92.0,EA,22446.16,USD,P001,SL03,R0002,TAN,,C,C,C,243.98,1,SALEUSER3,OR1000000168000020,2024-03-12,,121312
100,1000000169,000010,MAT00032,Material MAT00032,52.0,EA,52374.92,USD,P003,SL02,R0004,TAN,,C,C,C,1007.21,1,SALEUSER3,OR1000000169000010,2024-02-28,,114455
100,1000000170,000010,MAT00031,Material MAT00031,52.0,EA,84283.68,USD,P001,SL01,R0003,TAN,,C,C,C,1620.84,1,SALEUSER2,OR1000000170000010,2024-03-10,,155814
100,1000000171,000010,MAT00016,Material MAT00016,2.0,EA,3831.16,USD,P003,SL02,R0003,TAN,,C,C,C,1915.58,1,SALEUSER3,OR1000000171000010,2024-02-23,,173205
100,1000000171,000020,MAT00021,Material MAT00021,39.0,EA,66247.35,USD,P003,SL02,R0003,TAN,,C,C,C,1698.65,1,SALEUSER3,OR1000000171000020,2024-02-23,,143224
100,1000000172,000010,MAT00029,Material MAT00029,5.0,EA,1481.05,USD,P001,SL02,R0003,TAN,01,A,A,C,296.21,1,SALEUSER3,OR1000000172000010,2024-05-03,08,135841
100,1000000173,000010,MAT00018,Material MAT00018,53.0,EA,14539.49,USD,P002,SL01,R0003,TAN,,C,C,C,274.33,1,SALEUSER1,OR1000000173000010,2024-07-07,,094614
100,1000000174,000010,MAT00033,Material MAT00033,112.0,EA,52987.2,USD,P002,SL01,R0003,TAN,,C,C,C,473.1,1,SALEUSER3,OR1000000174000010,2024-03-29,,132212
100,1000000175,000010,MAT00033,Material MAT00033,24.0,EA,2787.36,USD,P002,SL03,R0004,TAN,,C,C,C,116.14,1,SALEUSER1,OR1000000175000010,2024-02-05,,115018
100,1000000175,000020,MAT00033,Material MAT00033,26.0,EA,19998.42,USD,P002,SL03,R0004,TAN,,C,C,C,769.17,1,SALEUSER1,OR1000000175000020,2024-02-05,,102105
100,1000000176,000010,MAT00029,Material MAT00029,28.0,EA,16363.48,USD,P002,SL03,R0002,TAN,,C,A,B,584.41,1,SALEUSER1,OR1000000176000010,2024-07-27,,140037
100,1000000177,000010,MAT00016,Material MAT00016,159.0,EA,197430.3,USD,P003,SL03,R0003,TAN,,C,C,C,1241.7,1,SALEUSER2,OR1000000177000010,2024-06-12,,105748
100,1000000178,000010,MAT00032,Material MAT00032,124.0,EA,176559.88,USD,P003,SL01,R0004,TAN,,C,C,C,1423.87,1,SALEUSER2,OR1000000178000010,2024-04-01,,152539
100,1000000179,000010,MAT00019,Material MAT00019,141.0,EA,162468.66,USD,P003,SL03,R0003,TAN,,C,C,C,1152.26,1,SALEUSER1,OR1000000179000010,2024-07-13,,160700
100,1000000180,000010,MAT00032,Material MAT00032,180.0,EA,303703.2,USD,P002,SL01,R0003,TAN,,C,C,C,1687.24,1,SALEUSER1,OR1000000180000010,2024-05-22,,153636
100,1000000181,000010,MAT00020,Material MAT00020,62.0,EA,94412.36,USD,P002,SL01,R0003,TAN,,C,C,C,1522.78,1,SALEUSER3,OR1000000181000010,2024-06-01,,094317
100,1000000182,000010,MAT00019,Material MAT00019,24.0,EA,17332.56,USD,P002,SL01,R0003,TAN,,C,C,C,722.19,1,SALEUSER3,OR1000000182000010,2024-04-15,,124021
100,1000000183,000010,MAT00016,Material MAT00016,1.0,EA,94.31,USD,P003,SL02,R0004,TAN,,C,C,C,94.31,1,SALEUSER3,OR1000000183000010,2024-07-09,,153839
100,1000000184,000010,MAT00032,Material MAT00032,81.0,EA,156974.76,USD,P002,SL01,R0004,TAN,,C,C,C,1937.96,1,SALEUSER2,OR1000000184000010,2024-09-29,,074751
100,1000000184,000020,MAT00032,Material MAT00032,200.0,EA,97772.0,USD,P002,SL01,R0004,TAN,,C,C,C,488.86,1,SALEUSER2,OR1000000184000020,2024-09-29,,164625
100,1000000185,000010,MAT00025,Material MAT00025,130.0,EA,85642.7,USD,P002,SL01,R0001,TAN,,C,C,C,658.79,1,SALEUSER2,OR1000000185000010,2024-04-19,08,130641
100,1000000186,000010,MAT00033,Material MAT00033,174.0,EA,105938.16,USD,P002,SL02,R0001,TAN,,C,C,C,608.84,1,SALEUSER3,OR1000000186000010,2024-05-06,,173832
100,1000000187,000010,MAT00026,Material MAT00026,68.0,EA,127238.88,USD,P002,SL02,R0003,TAN,,C,C,C,1871.16,1,SALEUSER3,OR1000000187000010,2024-04-20,,122257
100,1000000188,000010,MAT00026,Material MAT00026,124.0,EA,94082.52,USD,P001,SL02,R0001,TAN,,C,C,C,758.73,1,SALEUSER1,OR1000000188000010,2024-06-20,,110749
100,1000000189,000010,MAT00026,Material MAT00026,108.0,EA,65571.12,USD,P001,SL02,R0002,TAN,01,A,A,C,607.14,1,SALEUSER2,OR1000000189000010,2024-08-11,,124948
100,1000000189,000020,MAT00020,Material MAT00020,49.0,EA,41804.35,USD,P001,SL02,R0002,TAN,01,A,A,C,853.15,1,SALEUSER2,OR1000000189000020,2024-08-11,,084629
100,1000000190,000010,MAT00023,Material MAT00023,20.0,EA,24975.8,USD,P001,SL02,R0001,TAN,01,A,A,C,1248.79,1,SALEUSER2,OR1000000190000010,2024-04-09,,135259
100,1000000191,000010,MAT00023,Material MAT00023,123.0,EA,131953.17,USD,P001,SL03,R0001,TAN,,C,C,C,1072.79,1,SALEUSER2,OR1000000191000010,2024-04-23,,104217
100,1000000192,000010,MAT00017,Material MAT00017,132.0,EA,140655.24,USD,P003,SL01,R0001,TAN,,C,C,C,1065.57,1,SALEUSER2,OR1000000192000010,2024-05-18,,135629
100,1000000193,000010,MAT00017,Material MAT00017,49.0,EA,18237.31,USD,P003,SL01,R0001,TAN,01,A,A,C,372.19,1,SALEUSER2,OR1000000193000010,2024-09-24,,115559
100,1000000194,000010,MAT00033,Material MAT00033,105.0,EA,40992.0,USD,P003,SL02,R0002,TAN,,C,C,C,390.4,1,SALEUSER3,OR1000000194000010,2024-05-31,,061445
100,1000000195,000010,MAT00033,Material MAT00033,58.0,EA,75904.02,USD,P001,SL01,R0001,TAN,,C,C,C,1308.69,1,SALEUSER2,OR1000000195000010,2024-05-01,,133435
100,1000000195,000020,MAT00029,Material MAT00029,79.0,EA,38895.65,USD,P001,SL01,R0001,TAN,,C,C,C,492.35,1,SALEUSER2,OR1000000195000020,2024-05-01,,134833
100,1000000196,000010,MAT00022,Material MAT00022,39.0,EA,56984.85,USD,P003,SL02,R0003,TAN,,C,C,C,1461.15,1,SALEUSER1,OR1000000196000010,2024-04-29,,122312
100,1000000197,000010,MAT00031,Material MAT00031,74.0,EA,141176.46,USD,P002,SL03,R0003,TAN,01,A,A,C,1907.79,1,SALEUSER1,OR1000000197000010,2024-06-20,,151408
100,1000000198,000010,MAT00017,Material MAT00017,84.0,EA,56957.04,USD,P002,SL03,R0001,TAN,,C,C,C,678.06,1,SALEUSER3,OR1000000198000010,2024-08-10,,162716
100,1000000199,000010,MAT00023,Material MAT00023,63.0,EA,118513.71,USD,P002,SL03,R0003,TAN,,C,C,C,1881.17,1,SALEUSER2,OR1000000199000010,2024-03-02,,153732
100,1000000199,000020,MAT00030,Material MAT00030,105.0,EA,26007.45,USD,P002,SL03,R0003,TAN,,C,C,C,247.69,1,SALEUSER2,OR1000000199000020,2024-03-02,,060652
100,1000000200,000010,MAT00029,Material MAT00029,66.0,EA,43651.74,USD,P003,SL01,R0004,TAN,,C,C,C,661.39,1,SALEUSER1,OR1000000200000010,2024-02-15,,113432
100,1000000201,000010,MAT00020,Material MAT00020,56.0,EA,59073.84,USD,P002,SL02,R0004,TAN,,C,C,C,1054.89,1,SALEUSER1,OR1000000201000010,2024-09-16,,144225
100,1000000202,000010,MAT00016,Material MAT00016,174.0,EA,106402.74,USD,P002,SL02,R0001,TAN,,C,C,C,611.51,1,SALEUSER3,OR1000000202000010,2024-06-29,,175255
100,1000000202,000020,MAT00022,Material MAT00022,7.0,EA,9494.66,USD,P002,SL02,R0001,TAN,,C,C,C,1356.38,1,SALEUSER3,OR1000000202000020,2024-06-29,,070419
100,1000000203,000010,MAT00018,Material MAT00018,75.0,EA,135828.75,USD,P002,SL02,R0002,TAN,,C,C,C,1811.05,1,SALEUSER2,OR1000000203000010,2024-05-20,,161111
100,1000000203,000020,MAT00032,Material MAT00032,9.0,EA,10853.19,USD,P002,SL02,R0002,TAN,,C,C,C,1205.91,1,SALEUSER2,OR1000000203000020,2024-05-20,,080241
100,1000000204,000010,MAT00032,Material MAT00032,157.0,EA,210797.62,USD,P001,SL03,R0004,TAN,01,A,A,C,1342.66,1,SALEUSER1,OR1000000204000010,2024-07-02,,154251
100,1000000204,000020,MAT00018,Material MAT00018,68.0,EA,36723.4,USD,P001,SL03,R0004,TAN,01,A,A,C,540.05,1,SALEUSER1,OR1000000204000020,2024-07-02,,121623
100,1000000205,000010,MAT00033,Material MAT00033,144.0,EA,15252.48,USD,P003,SL03,R0002,TAN,,C,C,C,105.92,1,SALEUSER2,OR1000000205000010,2024-05-18,,121353
100,1000000206,000010,MAT00031,Material MAT00031,199.0,EA,69176.38,USD,P001,SL02,R0001,TAN,,C,C,C,347.62,1,SALEUSER2,OR1000000206000010,2024-09-01,,122946
100,1000000207,000010,MAT00024,Material MAT00024,34.0,EA,25501.7,USD,P001,SL03,R0004,TAN,,C,C,C,750.05,1,SALEUSER2,OR1000000207000010,2024-01-24,,085914
100,1000000208,000010,MAT00020,Material MAT00020,12.0,EA,20708.4,USD,P003,SL01,R0001,TAN,,C,C,C,1725.7,1,SALEUSER3,OR1000000208000010,2024-08-20,,134343
100,1000000209,000010,MAT00019,Material MAT00019,130.0,EA,45436.3,USD,P001,SL02,R0001,TAN,,C,A,B,349.51,1,SALEUSER1,OR1000000209000010,2024-07-09,08,122112
100,1000000210,000010,MAT00018,Material MAT00018,159.0,EA,285147.42,USD,P002,SL02,R0001,TAN,,C,C,C,1793.38,1,SALEUSER1,OR1000000210000010,2024-01-23,,081849
100,1000000211,000010,MAT00028,Material MAT00028,107.0,EA,81276.13,USD,P001,SL01,R0002,TAN,,C,C,C,759.59,1,SALEUSER2,OR1000000211000010,2024-01-28,,171753
100,1000000211,000020,MAT00032,Material MAT00032,127.0,EA,153192.48,USD,P001,SL01,R0002,TAN,,C,C,C,1206.24,1,SALEUSER2,OR1000000211000020,2024-01-28,,082754
100,1000000212,000010,MAT00032,Material MAT00032,67.0,EA,87406.86,USD,P003,SL03,R0002,TAN,01,A,A,C,1304.58,1,SALEUSER2,OR1000000212000010,2024-09-12,,161604
100,1000000213,000010,MAT00021,Material MAT00021,126.0,EA,45324.72,USD,P001,SL01,R0002,TAN,,C,A,B,359.72,1,SALEUSER2,OR1000000213000010,2024-05-26,,112731
100,1000000213,000020,MAT00017,Material MAT00017,144.0,EA,240216.48,USD,P001,SL01,R0002,TAN,,C,A,B,1668.17,1,SALEUSER2,OR1000000213000020,2024-05-26,,100811
100,1000000214,000010,MAT00016,Material MAT00016,3.0,EA,1883.04,USD,P003,SL02,R0003,TAN,,C,C,C,627.68,1,SALEUSER1,OR1000000214000010,2024-02-19,,132646
100,1000000214,000020,MAT00028,Material MAT00028,80.0,EA,69702.4,USD,P003,SL02,R0003,TAN,,C,C,C,871.28,1,SALEUSER1,OR1000000214000020,2024-02-19,,073606
100,1000000215,000010,MAT00016,Material MAT00016,154.0,EA,290536.4,USD,P001,SL03,R0003,TAN,,C,C,C,1886.6,1,SALEUSER1,OR1000000215000010,2024-05-18,,140419
100,1000000216,000010,MAT00029,Material MAT00029,59.0,EA,71315.66,USD,P002,SL01,R0003,TAN,,C,C,C,1208.74,1,SALEUSER3,OR1000000216000010,2024-06-16,,134647
100,1000000217,000010,MAT00032,Material MAT00032,132.0,EA,110675.4,USD,P002,SL01,R0004,TAN,,C,C,C,838.45,1,SALEUSER3,OR1000000217000010,2024-08-06,,074651
100,1000000218,000010,MAT00031,Material MAT00031,174.0,EA,87624.66,USD,P001,SL03,R0002,TAN,,C,C,C,503.59,1,SALEUSER3,OR1000000218000010,2024-09-29,,141357
100,1000000219,000010,MAT00030,Material MAT00030,3.0,EA,4507.32,USD,P003,SL01,R0001,TAN,,C,C,C,1502.44,1,SALEUSER2,OR1000000219000010,2024-07-24,,063309
100,1000000220,000010,MAT00025,Material MAT00025,96.0,EA,176712.0,USD,P001,SL01,R0001,TAN,,C,C,C,1840.75,1,SALEUSER2,OR1000000220000010,2024-06-15,,165926
100,1000000221,000010,MAT00016,Material MAT00016,10.0,EA,4561.3,USD,P001,SL03,R0001,TAN,,C,C,C,456.13,1,SALEUSER2,OR1000000221000010,2024-05-31,,095514
100,1000000222,000010,MAT00024,Material MAT00024,80.0,EA,26202.4,USD,P002,SL02,R0004,TAN,,C,C,C,327.53,1,SALEUSER3,OR1000000222000010,2024-03-25,,141701
100,1000000223,000010,MAT00031,Material MAT00031,87.0,EA,39601.53,USD,P001,SL01,R0001,TAN,,C,C,C,455.19,1,SALEUSER1,OR1000000223000010,2024-05-24,,141723
100,1000000224,000010,MAT00027,Material MAT00027,98.0,EA,139971.44,USD,P001,SL01,R0001,TAN,,C,C,C,1428.28,1,SALEUSER1,OR1000000224000010,2024-05-24,,095325
100,1000000224,000020,MAT00025,Material MAT00025,100.0,EA,64604.0,USD,P001,SL01,R0001,TAN,,C,C,C,646.04,1,SALEUSER1,OR1000000224000020,2024-05-24,,174414
100,1000000225,000010,MAT00017,Material MAT00017,135.0,EA,113454.0,USD,P001,SL01,R0003,TAN,,C,C,C,840.4,1,SALEUSER1,OR1000000225000010,2024-05-10,,160700
100,1000000226,000010,MAT00016,Material MAT00016,131.0,EA,91282.11,USD,P003,SL02,R0003,TAN,,C,C,C,696.81,1,SALEUSER3,OR1000000226000010,2024-08-04,,125537
100,1000000227,000010,MAT00017,Material MAT00017,129.0,EA,10216.8,USD,P001,SL01,R0002,TAN,01,A,A,C,79.2,1,SALEUSER2,OR1000000227000010,2024-05-23,,173624
100,1000000228,000010,MAT00019,Material MAT00019,21.0,EA,37918.02,USD,P002,SL02,R0002,TAN,,C,C,C,1805.62,1,SALEUSER1,OR1000000228000010,2024-01-15,,080241
100,1000000228,000020,MAT00020,Material MAT00020,7.0,EA,7860.86,USD,P002,SL02,R0002,TAN,,C,C,C,1122.98,1,SALEUSER1,OR1000000228000020,2024-01-15,,145314
100,1000000229,000010,MAT00021,Material MAT00021,70.0,EA,122897.6,USD,P001,SL01,R0001,TAN,,C,C,C,1755.68,1,SALEUSER2,OR1000000229000010,2024-08-25,,162016
100,1000000230,000010,MAT00017,Material MAT00017,128.0,EA,41185.28,USD,P001,SL01,R0003,TAN,,C,C,C,321.76,1,SALEUSER2,OR1000000230000010,2024-08-15,,152805
100,1000000231,000010,MAT00030,Material MAT00030,131.0,EA,105943.63,USD,P002,SL02,R0001,TAN,,C,C,C,808.73,1,SALEUSER2,OR1000000231000010,2024-09-10,,124903
100,1000000232,000010,MAT00027,Material MAT00027,183.0,EA,193335.84,USD,P002,SL01,R0001,TAN,,C,C,C,1056.48,1,SALEUSER3,OR1000000232000010,2024-07-17,,123558
100,1000000233,000010,MAT00019,Material MAT00019,144.0,EA,8064.0,USD,P002,SL03,R0003,TAN,,C,C,C,56.0,1,SALEUSER2,OR1000000233000010,2024-08-26,,085414
100,1000000234,000010,MAT00032,Material MAT00032,186.0,EA,329193.96,USD,P002,SL02,R0002,TAN,,C,C,C,1769.86,1,SALEUSER2,OR1000000234000010,2024-01-27,,110956
100,1000000235,000010,MAT00030,Material MAT00030,171.0,EA,24690.69,USD,P001,SL02,R0004,TAN,,C,C,C,144.39,1,SALEUSER3,OR1000000235000010,2024-08-03,,162416
100,1000000235,000020,MAT00032,Material MAT00032,55.0,EA,58480.4,USD,P001,SL02,R0004,TAN,,C,C,C,1063.28,1,SALEUSER3,OR1000000235000020,2024-08-03,,153535
100,1000000236,000010,MAT00021,Material MAT00021,130.0,EA,157222.0,USD,P003,SL03,R0002,TAN,,C,C,C,1209.4,1,SALEUSER3,OR1000000236000010,2024-08-12,,172527
100,1000000237,000010,MAT00021,Material MAT00021,71.0,EA,138455.68,USD,P002,SL03,R0001,TAN,,C,C,C,1950.08,1,SALEUSER2,OR1000000237000010,2024-02-22,,100819
100,1000000237,000020,MAT00022,Material MAT00022,56.0,EA,39145.68,USD,P002,SL03,R0001,TAN,,C,C,C,699.03,1,SALEUSER2,OR1000000237000020,2024-02-22,,065522
100,1000000238,000010,MAT00030,Material MAT00030,122.0,EA,49220.9,USD,P002,SL01,R0003,TAN,,C,C,C,403.45,1,SALEUSER3,OR1000000238000010,2024-01-19,,125025
100,1000000239,000010,MAT00033,Material MAT00033,40.0,EA,3230.4,USD,P003,SL03,R0001,TAN,,C,C,C,80.76,1,SALEUSER3,OR1000000239000010,2024-08-20,,142257
100,1000000239,000020,MAT00018,Material MAT00018,133.0,EA,61604.27,USD,P003,SL03,R0001,TAN,,C,C,C,463.19,1,SALEUSER3,OR1000000239000020,2024-08-20,,152835
100,1000000240,000010,MAT00016,Material MAT00016,172.0,EA,46281.76,USD,P001,SL01,R0003,TAN,,C,C,C,269.08,1,SALEUSER1,OR1000000240000010,2024-04-10,,092657
100,1000000241,000010,MAT00016,Material MAT00016,140.0,EA,202746.6,USD,P003,SL01,R0003,TAN,,C,C,C,1448.19,1,SALEUSER3,OR1000000241000010,2024-09-11,,082809
100,1000000242,000010,MAT00027,Material MAT00027,44.0,EA,83268.24,USD,P001,SL01,R0003,TAN,,C,C,C,1892.46,1,SALEUSER1,OR1000000242000010,2024-06-10,,104617
100,1000000243,000010,MAT00023,Material MAT00023,36.0,EA,24824.88,USD,P003,SL03,R0004,TAN,,C,C,C,689.58,1,SALEUSER2,OR1000000243000010,2024-08-11,,151931
100,1000000243,000020,MAT00023,Material MAT00023,195.0,EA,202353.45,USD,P003,SL03,R0004,TAN,,C,C,C,1037.71,1,SALEUSER2,OR1000000243000020,2024-08-11,,145944
100,1000000244,000010,MAT00018,Material MAT00018,95.0,EA,96526.65,USD,P001,SL03,R0004,TAN,,C,C,C,1016.07,1,SALEUSER3,OR1000000244000010,2024-01-08,,064529
100,1000000245,000010,MAT00021,Material MAT00021,189.0,EA,187659.99,USD,P001,SL02,R0003,TAN,,C,C,C,992.91,1,SALEUSER1,OR1000000245000010,2024-05-08,,101846
100,1000000245,000020,MAT00018,Material MAT00018,74.0,EA,108903.58,USD,P001,SL02,R0003,TAN,,C,C,C,1471.67,1,SALEUSER1,OR1000000245000020,2024-05-08,,131816
100,1000000246,000010,MAT00027,Material MAT00027,171.0,EA,106141.41,USD,P002,SL03,R0002,TAN,,C,C,C,620.71,1,SALEUSER3,OR1000000246000010,2024-08-05,,062450
100,1000000247,000010,MAT00027,Material MAT00027,34.0,EA,56005.48,USD,P003,SL03,R0004,TAN,,C,C,C,1647.22,1,SALEUSER2,OR1000000247000010,2024-08-05,,102920
100,1000000248,000010,MAT00028,Material MAT00028,92.0,EA,77306.68,USD,P001,SL02,R0003,TAN,,C,C,C,840.29,1,SALEUSER2,OR1000000248000010,2024-08-24,,145510
100,1000000249,000010,MAT00019,Material MAT00019,168.0,EA,232243.2,USD,P001,SL02,R0003,TAN,,C,C,C,1382.4,1,SALEUSER2,OR1000000249000010,2024-06-22,,114113
100,1000000250,000010,MAT00032,Material MAT00032,19.0,EA,14651.85,USD,P002,SL01,R0001,TAN,,C,C,C,771.15,1,SALEUSER1,OR1000000250000010,2024-08-02,,065803
100,1000000251,000010,MAT00022,Material MAT00022,144.0,EA,193772.16,USD,P001,SL02,R0001,TAN,,C,C,C,1345.64,1,SALEUSER2,OR1000000251000010,2024-04-20,,130519
100,1000000252,000010,MAT00028,Material MAT00028,60.0,EA,94773.6,USD,P002,SL03,R0003,TAN,,C,C,C,1579.56,1,SALEUSER1,OR1000000252000010,2024-06-28,,084321
100,1000000252,000020,MAT00027,Material MAT00027,13.0,EA,1220.05,USD,P002,SL03,R0003,TAN,,C,C,C,93.85,1,SALEUSER1,OR1000000252000020,2024-06-28,,070141
100,1000000253,000010,MAT00021,Material MAT00021,191.0,EA,35325.45,USD,P001,SL02,R0001,TAN,,C,C,C,184.95,1,SALEUSER3,OR1000000253000010,2024-06-01,,114325
100,1000000254,000010,MAT00022,Material MAT00022,62.0,EA,21755.8,USD,P002,SL02,R0001,TAN,,C,C,C,350.9,1,SALEUSER1,OR1000000254000010,2024-09-27,,142535
100,1000000255,000010,MAT00022,Material MAT00022,16.0,EA,14780.48,USD,P001,SL03,R0001,TAN,,C,C,C,923.78,1,SALEUSER2,OR1000000255000010,2024-05-25,,174455
100,1000000256,000010,MAT00023,Material MAT00023,117.0,EA,212725.89,USD,P002,SL02,R0001,TAN,,C,A,B,1818.17,1,SALEUSER3,OR1000000256000010,2024-03-31,08,091053
100,1000000257,000010,MAT00026,Material MAT00026,103.0,EA,137497.79,USD,P003,SL03,R0002,TAN,,C,C,C,1334.93,1,SALEUSER1,OR1000000257000010,2024-02-04,,141234
100,1000000258,000010,MAT00020,Material MAT00020,144.0,EA,281799.36,USD,P003,SL01,R0003,TAN,,C,C,C,1956.94,1,SALEUSER3,OR1000000258000010,2024-03-16,,063428
100,1000000259,000010,MAT00026,Material MAT00026,123.0,EA,238307.58,USD,P001,SL01,R0002,TAN,,C,C,C,1937.46,1,SALEUSER3,OR1000000259000010,2024-05-28,,100407
100,1000000260,000010,MAT00017,Material MAT00017,96.0,EA,83743.68,USD,P003,SL03,R0002,TAN,,C,C,C,872.33,1,SALEUSER2,OR1000000260000010,2024-06-03,,122624
100,1000000261,000010,MAT00033,Material MAT00033,1.0,EA,150.15,USD,P002,SL01,R0001,TAN,,C,A,B,150.15,1,SALEUSER1,OR1000000261000010,2024-07-31,,163902
100,1000000261,000020,MAT00016,Material MAT00016,108.0,EA,49052.52,USD,P002,SL01,R0001,TAN,,C,A,B,454.19,1,SALEUSER1,OR1000000261000020,2024-07-31,,114929
100,1000000262,000010,MAT00033,Material MAT00033,138.0,EA,254408.52,USD,P003,SL03,R0004,TAN,,C,C,C,1843.54,1,SALEUSER3,OR1000000262000010,2024-09-18,,062238
100,1000000263,000010,MAT00025,Material MAT00025,127.0,EA,79593.44,USD,P003,SL02,R0001,TAN,,C,C,C,626.72,1,SALEUSER2,OR1000000263000010,2024-09-06,,140130
100,1000000264,000010,MAT00021,Material MAT00021,62.0,EA,110929.16,USD,P001,SL03,R0002,TAN,,C,C,C,1789.18,1,SALEUSER2,OR1000000264000010,2024-04-22,,073547
100,1000000265,000010,MAT00024,Material MAT00024,45.0,EA,21840.75,USD,P003,SL01,R0004,TAN,,C,C,C,485.35,1,SALEUSER3,OR1000000265000010,2024-04-07,,103101
100,1000000266,000010,MAT00016,Material MAT00016,70.0,EA,69944.0,USD,P003,SL03,R0002,TAN,,C,C,C,999.2,1,SALEUSER2,OR1000000266000010,2024-07-21,,113758
100,1000000267,000010,MAT00023,Material MAT00023,173.0,EA,154857.49,USD,P002,SL02,R0004,TAN,,C,A,B,895.13,1,SALEUSER1,OR1000000267000010,2024-08-31,,145903
100,1000000267,000020,MAT00030,Material MAT00030,115.0,EA,217420.15,USD,P002,SL02,R0004,TAN,,C,A,B,1890.61,1,SALEUSER1,OR1000000267000020,2024-08-31,,105059
100,1000000268,000010,MAT00017,Material MAT00017,92.0,EA,53449.24,USD,P002,SL01,R0003,TAN,,C,C,C,580.97,1,SALEUSER3,OR1000000268000010,2024-04-15,,101334
100,1000000269,000010,MAT00016,Material MAT00016,103.0,EA,163218.95,USD,P003,SL02,R0001,TAN,,C,C,C,1584.65,1,SALEUSER2,OR1000000269000010,2024-01-21,,114010
100,1000000270,000010,MAT00022,Material MAT00022,83.0,EA,112461.68,USD,P002,SL01,R0001,TAN,,C,C,C,1354.96,1,SALEUSER1,OR1000000270000010,2024-06-26,,154510
100,1000000271,000010,MAT00018,Material MAT00018,122.0,EA,114817.86,USD,P001,SL01,R0003,TAN,,C,C,C,941.13,1,SALEUSER1,OR1000000271000010,2024-05-01,,165033
100,1000000271,000020,MAT00031,Material MAT00031,95.0,EA,18155.45,USD,P001,SL01,R0003,TAN,,C,C,C,191.11,1,SALEUSER1,OR1000000271000020,2024-05-01,,083909
100,1000000272,000010,MAT00026,Material MAT00026,130.0,EA,252995.6,USD,P003,SL03,R0001,TAN,,C,A,B,1946.12,1,SALEUSER2,OR1000000272000010,2024-07-17,,125229
100,1000000272,000020,MAT00017,Material MAT00017,107.0,EA,9786.22,USD,P003,SL03,R0001,TAN,,C,A,B,91.46,1,SALEUSER2,OR1000000272000020,2024-07-17,,134206
100,1000000273,000010,MAT00030,Material MAT00030,178.0,EA,333828.32,USD,P001,SL03,R0001,TAN,01,A,A,C,1875.44,1,SALEUSER1,OR1000000273000010,2024-06-08,,091423
100,1000000274,000010,MAT00026,Material MAT00026,71.0,EA,128239.49,USD,P001,SL01,R0001,TAN,,C,C,C,1806.19,1,SALEUSER1,OR1000000274000010,2024-06-27,,082346
100,1000000275,000010,MAT00031,Material MAT00031,121.0,EA,25804.46,USD,P003,SL03,R0002,TAN,,C,C,C,213.26,1,SALEUSER1,OR1000000275000010,2024-03-25,,121727
100,1000000276,000010,MAT00028,Material MAT00028,164.0,EA,53762.48,USD,P001,SL02,R0001,TAN,,C,C,C,327.82,1,SALEUSER3,OR1000000276000010,2024-05-06,,090015
100,1000000277,000010,MAT00017,Material MAT00017,85.0,EA,77945.0,USD,P003,SL01,R0004,TAN,,C,C,C,917.0,1,SALEUSER1,OR1000000277000010,2024-01-25,,171108
100,1000000278,000010,MAT00024,Material MAT00024,83.0,EA,109727.66,USD,P001,SL03,R0002,TAN,,C,C,C,1322.02,1,SALEUSER3,OR1000000278000010,2024-02-28,,155344
100,1000000279,000010,MAT00023,Material MAT00023,197.0,EA,217850.48,USD,P002,SL02,R0002,TAN,,C,C,C,1105.84,1,SALEUSER3,OR1000000279000010,2024-03-06,,075926
100,1000000280,000010,MAT00020,Material MAT00020,56.0,EA,58753.52,USD,P001,SL02,R0004,TAN,,C,C,C,1049.17,1,SALEUSER2,OR1000000280000010,2024-02-14,,133013
100,1000000281,000010,MAT00021,Material MAT00021,75.0,EA,129994.5,USD,P001,SL01,R0002,TAN,,C,C,C,1733.26,1,SALEUSER3,OR1000000281000010,2024-04-10,,135233
100,1000000282,000010,MAT00022,Material MAT00022,88.0,EA,134478.08,USD,P003,SL02,R0004,TAN,,C,C,C,1528.16,1,SALEUSER2,OR1000000282000010,2024-07-04,,101038
100,1000000283,000010,MAT00031,Material MAT00031,61.0,EA,98557.09,USD,P002,SL03,R0001,TAN,,C,C,C,1615.69,1,SALEUSER3,OR1000000283000010,2024-08-09,,065225
100,1000000284,000010,MAT00030,Material MAT00030,27.0,EA,53450.55,USD,P001,SL01,R0004,TAN,,C,C,C,1979.65,1,SALEUSER2,OR1000000284000010,2024-02-27,,153547
100,1000000284,000020,MAT00031,Material MAT00031,25.0,EA,19992.25,USD,P001,SL01,R0004,TAN,,C,C,C,799.69,1,SALEUSER2,OR1000000284000020,2024-02-27,,152731
100,1000000285,000010,MAT00024,Material MAT00024,158.0,EA,227550.02,USD,P002,SL02,R0002,TAN,,C,C,C,1440.19,1,SALEUSER1,OR1000000285000010,2024-06-23,,142757
100,1000000285,000020,MAT00028,Material MAT00028,110.0,EA,158945.6,USD,P002,SL02,R0002,TAN,,C,C,C,1444.96,1,SALEUSER1,OR1000000285000020,2024-06-23,,111719
100,1000000286,000010,MAT00023,Material MAT00023,75.0,EA,25483.5,USD,P002,SL02,R0002,TAN,,C,C,C,339.78,1,SALEUSER1,OR1000000286000010,2024-02-14,,060315
100,1000000286,000020,MAT00029,Material MAT00029,91.0,EA,157392.69,USD,P002,SL02,R0002,TAN,,C,C,C,1729.59,1,SALEUSER1,OR1000000286000020,2024-02-14,,071323
100,1000000287,000010,MAT00017,Material MAT00017,161.0,EA,318348.52,USD,P002,SL03,R0001,TAN,,C,C,C,1977.32,1,SALEUSER1,OR1000000287000010,2024-02-25,,142401
100,1000000287,000020,MAT00018,Material MAT00018,40.0,EA,71064.0,USD,P002,SL03,R0001,TAN,,C,C,C,1776.6,1,SALEUSER1,OR1000000287000020,2024-02-25,08,104803
100,1000000288,000010,MAT00023,Material MAT00023,199.0,EA,27525.68,USD,P003,SL02,R0002,TAN,,C,C,C,138.32,1,SALEUSER1,OR1000000288000010,2024-09-12,,104506
100,1000000289,000010,MAT00027,Material MAT00027,165.0,EA,258668.85,USD,P001,SL03,R0003,TAN,,C,C,C,1567.69,1,SALEUSER1,OR1000000289000010,2024-02-05,,145455
100,1000000290,000010,MAT00021,Material MAT00021,105.0,EA,193335.45,USD,P003,SL03,R0002,TAN,,C,C,C,1841.29,1,SALEUSER2,OR1000000290000010,2024-05-01,,075959
100,1000000291,000010,MAT00019,Material MAT00019,75.0,EA,29262.0,USD,P003,SL02,R0003,TAN,,C,C,C,390.16,1,SALEUSER1,OR1000000291000010,2024-06-10,,145214
100,1000000291,000020,MAT00017,Material MAT00017,32.0,EA,35440.32,USD,P003,SL02,R0003,TAN,,C,C,C,1107.51,1,SALEUSER1,OR1000000291000020,2024-06-10,,105644
100,1000000292,000010,MAT00017,Material MAT00017,81.0,EA,153196.92,USD,P001,SL01,R0001,TAN,,C,C,C,1891.32,1,SALEUSER1,OR1000000292000010,2024-08-11,,110318
100,1000000293,000010,MAT00017,Material MAT00017,21.0,EA,29971.83,USD,P002,SL01,R0002,TAN,,C,C,C,1427.23,1,SALEUSER3,OR1000000293000010,2024-01-10,,150811
100,1000000293,000020,MAT00027,Material MAT00027,34.0,EA,54250.06,USD,P002,SL01,R0002,TAN,,C,C,C,1595.59,1,SALEUSER3,OR1000000293000020,2024-01-10,,165033
100,1000000294,000010,MAT00027,Material MAT00027,184.0,EA,210668.96,USD,P003,SL01,R0002,TAN,,C,C,C,1144.94,1,SALEUSER1,OR1000000294000010,2024-05-28,,105841
100,1000000294,000020,MAT00026,Material MAT00026,70.0,EA,114857.4,USD,P003,SL01,R0002,TAN,,C,C,C,1640.82,1,SALEUSER1,OR1000000294000020,2024-05-28,,121746
100,1000000295,000010,MAT00020,Material MAT00020,36.0,EA,12868.2,USD,P003,SL03,R0003,TAN,,C,C,C,357.45,1,SALEUSER3,OR1000000295000010,2024-03-04,,174002
100,1000000296,000010,MAT00020,Material MAT00020,157.0,EA,287003.85,USD,P002,SL03,R0002,TAN,,C,C,C,1828.05,1,SALEUSER1,OR1000000296000010,2024-04-16,,090815
100,1000000297,000010,MAT00028,Material MAT00028,103.0,EA,68338.44,USD,P001,SL03,R0001,TAN,,C,C,C,663.48,1,SALEUSER1,OR1000000297000010,2024-09-24,,172858
100,1000000297,000020,MAT00028,Material MAT00028,186.0,EA,59445.6,USD,P001,SL03,R0001,TAN,,C,C,C,319.6,1,SALEUSER1,OR1000000297000020,2024-09-24,,150033
100,1000000298,000010,MAT00026,Material MAT00026,17.0,EA,26647.67,USD,P002,SL01,R0004,TAN,,C,C,C,1567.51,1,SALEUSER3,OR1000000298000010,2024-01-07,,123428
100,1000000298,000020,MAT00023,Material MAT00023,104.0,EA,129198.16,USD,P002,SL01,R0004,TAN,,C,C,C,1242.29,1,SALEUSER3,OR1000000298000020,2024-01-07,,171646
100,1000000299,000010,MAT00021,Material MAT00021,75.0,EA,63932.25,USD,P001,SL01,R0002,TAN,,C,C,C,852.43,1,SALEUSER1,OR1000000299000010,2024-09-18,,162027
100,1000000300,000010,MAT00023,Material MAT00023,158.0,EA,58044.46,USD,P001,SL01,R0004,TAN,,C,C,C,367.37,1,SALEUSER2,OR1000000300000010,2024-07-29,,111245
100,1000000301,000010,MAT00019,Material MAT00019,88.0,EA,44183.92,USD,P003,SL03,R0002,TAN,,C,C,C,502.09,1,SALEUSER1,OR1000000301000010,2024-06-13,,121812
100,1000000301,000020,MAT00031,Material MAT00031,61.0,EA,22400.42,USD,P003,SL03,R0002,TAN,,C,C,C,367.22,1,SALEUSER1,OR1000000301000020,2024-06-13,,065722
100,1000000302,000010,MAT00016,Material MAT00016,175.0,EA,139252.75,USD,P002,SL02,R0002,TAN,,C,C,C,795.73,1,SALEUSER2,OR1000000302000010,2024-03-26,,080519
100,1000000303,000010,MAT00026,Material MAT00026,90.0,EA,36296.1,USD,P002,SL02,R0003,TAN,,C,C,C,403.29,1,SALEUSER2,OR1000000303000010,2024-03-04,,124710
100,1000000304,000010,MAT00023,Material MAT00023,112.0,EA,87207.68,USD,P003,SL03,R0001,TAN,,C,C,C,778.64,1,SALEUSER3,OR1000000304000010,2024-04-27,,170152
100,1000000305,000010,MAT00018,Material MAT00018,27.0,EA,17634.78,USD,P003,SL02,R0002,TAN,,C,C,C,653.14,1,SALEUSER3,OR1000000305000010,2024-09-19,,065714
100,1000000306,000010,MAT00028,Material MAT00028,45.0,EA,5459.85,USD,P002,SL02,R0002,TAN,,C,C,C,121.33,1,SALEUSER3,OR1000000306000010,2024-04-04,,091712
100,1000000307,000010,MAT00030,Material MAT00030,15.0,EA,16750.05,USD,P002,SL01,R0002,TAN,,C,C,C,1116.67,1,SALEUSER3,OR1000000307000010,2024-04-25,,071334
100,1000000308,000010,MAT00023,Material MAT00023,110.0,EA,185576.6,USD,P003,SL02,R0003,TAN,,C,C,C,1687.06,1,SALEUSER3,OR1000000308000010,2024-05-13,,065707
100,1000000309,000010,MAT00017,Material MAT00017,166.0,EA,135285.02,USD,P002,SL03,R0004,TAN,,C,C,C,814.97,1,SALEUSER3,OR1000000309000010,2024-09-06,,104240
100,1000000310,000010,MAT00028,Material MAT00028,169.0,EA,48546.94,USD,P002,SL03,R0003,TAN,,C,C,C,287.26,1,SALEUSER1,OR1000000310000010,2024-04-10,,145644
100,1000000310,000020,MAT00023,Material MAT00023,90.0,EA,74763.0,USD,P002,SL03,R0003,TAN,,C,C,C,830.7,1,SALEUSER1,OR1000000310000020,2024-04-10,,085029
100,1000000311,000010,MAT00027,Material MAT00027,25.0,EA,25419.5,USD,P002,SL03,R0002,TAN,,C,C,C,1016.78,1,SALEUSER3,OR1000000311000010,2024-08-18,08,094240
100,1000000312,000010,MAT00027,Material MAT00027,196.0,EA,230886.04,USD,P002,SL02,R0002,TAN,,C,C,C,1177.99,1,SALEUSER1,OR1000000312000010,2024-04-21,,060015
100,1000000313,000010,MAT00032,Material MAT00032,73.0,EA,138198.49,USD,P003,SL03,R0004,TAN,,C,C,C,1893.13,1,SALEUSER1,OR1000000313000010,2024-07-07,,080941
100,1000000314,000010,MAT00017,Material MAT00017,107.0,EA,114660.13,USD,P002,SL03,R0002,TAN,,C,C,C,1071.59,1,SALEUSER3,OR1000000314000010,2024-03-12,,175021
100,1000000315,000010,MAT00022,Material MAT00022,31.0,EA,16837.34,USD,P003,SL02,R0002,TAN,,C,C,C,543.14,1,SALEUSER1,OR1000000315000010,2024-01-19,,113824
100,1000000316,000010,MAT00029,Material MAT00029,123.0,EA,222504.54,USD,P002,SL01,R0004,TAN,,C,C,C,1808.98,1,SALEUSER3,OR1000000316000010,2024-04-21,,124610
100,1000000317,000010,MAT00019,Material MAT00019,52.0,EA,25421.76,USD,P003,SL02,R0001,TAN,,C,C,C,488.88,1,SALEUSER1,OR1000000317000010,2024-03-19,,175633
100,1000000317,000020,MAT00024,Material MAT00024,66.0,EA,92112.9,USD,P003,SL02,R0001,TAN,,C,C,C,1395.65,1,SALEUSER1,OR1000000317000020,2024-03-19,,122520
100,1000000318,000010,MAT00031,Material MAT00031,187.0,EA,351124.29,USD,P001,SL03,R0002,TAN,,C,C,C,1877.67,1,SALEUSER3,OR1000000318000010,2024-09-27,,161601
100,1000000319,000010,MAT00019,Material MAT00019,54.0,EA,33593.94,USD,P002,SL02,R0004,TAN,,C,C,C,622.11,1,SALEUSER2,OR1000000319000010,2024-09-03,,131334
100,1000000320,000010,MAT00032,Material MAT00032,71.0,EA,87853.98,USD,P003,SL01,R0001,TAN,,C,C,C,1237.38,1,SALEUSER3,OR1000000320000010,2024-09-19,,152831
100,1000000320,000020,MAT00020,Material MAT00020,83.0,EA,148052.91,USD,P003,SL01,R0001,TAN,,C,C,C,1783.77,1,SALEUSER3,OR1000000320000020,2024-09-19,,162023
100,1000000321,000010,MAT00020,Material MAT00020,192.0,EA,198756.48,USD,P001,SL03,R0002,TAN,,C,C,C,1035.19,1,SALEUSER3,OR1000000321000010,2024-07-30,,100152
100,1000000322,000010,MAT00024,Material MAT00024,21.0,EA,18929.4,USD,P003,SL02,R0004,TAN,,C,C,C,901.4,1,SALEUSER2,OR1000000322000010,2024-06-05,,123609
100,1000000323,000010,MAT00019,Material MAT00019,34.0,EA,24776.14,USD,P002,SL02,R0004,TAN,,C,C,C,728.71,1,SALEUSER3,OR1000000323000010,2024-06-17,,143836
100,1000000323,000020,MAT00019,Material MAT00019,20.0,EA,26369.6,USD,P002,SL02,R0004,TAN,,C,C,C,1318.48,1,SALEUSER3,OR1000000323000020,2024-06-17,,065918
100,1000000324,000010,MAT00023,Material MAT00023,176.0,EA,192169.12,USD,P003,SL01,R0004,TAN,,C,C,C,1091.87,1,SALEUSER3,OR1000000324000010,2024-02-07,,175522
100,1000000324,000020,MAT00033,Material MAT00033,65.0,EA,18261.75,USD,P003,SL01,R0004,TAN,,C,C,C,280.95,1,SALEUSER3,OR1000000324000020,2024-02-07,,122601
100,1000000325,000010,MAT00032,Material MAT00032,165.0,EA,298353.0,USD,P003,SL03,R0002,TAN,,C,C,C,1808.2,1,SALEUSER3,OR1000000325000010,2024-04-21,,153802
100,1000000326,000010,MAT00030,Material MAT00030,2.0,EA,535.24,USD,P003,SL03,R0002,TAN,,C,C,C,267.62,1,SALEUSER3,OR1000000326000010,2024-08-05,,155637
100,1000000327,000010,MAT00029,Material MAT00029,141.0,EA,223657.02,USD,P001,SL01,R0002,TAN,,C,A,B,1586.22,1,SALEUSER2,OR1000000327000010,2024-05-04,,143101
100,1000000328,000010,MAT00017,Material MAT00017,10.0,EA,12274.9,USD,P002,SL02,R0004,TAN,,C,C,C,1227.49,1,SALEUSER1,OR1000000328000010,2024-03-03,,142027
100,1000000329,000010,MAT00028,Material MAT00028,30.0,EA,29122.2,USD,P001,SL03,R0002,TAN,,C,C,C,970.74,1,SALEUSER2,OR1000000329000010,2024-05-06,,162120
100,1000000330,000010,MAT00024,Material MAT00024,184.0,EA,329716.96,USD,P003,SL03,R0003,TAN,,C,C,C,1791.94,1,SALEUSER1,OR1000000330000010,2024-09-14,,121357
100,1000000331,000010,MAT00032,Material MAT00032,75.0,EA,49368.0,USD,P001,SL01,R0003,TAN,,C,C,C,658.24,1,SALEUSER3,OR1000000331000010,2024-04-14,,071557
100,1000000332,000010,MAT00019,Material MAT00019,189.0,EA,168376.32,USD,P003,SL03,R0004,TAN,,C,C,C,890.88,1,SALEUSER3,OR1000000332000010,2024-03-19,,135248
100,1000000333,000010,MAT00018,Material MAT00018,38.0,EA,64307.78,USD,P003,SL02,R0002,TAN,,C,C,C,1692.31,1,SALEUSER3,OR1000000333000010,2024-07-29,,144702
100,1000000334,000010,MAT00024,Material MAT00024,9.0,EA,9326.97,USD,P001,SL03,R0004,TAN,01,A,A,C,1036.33,1,SALEUSER1,OR1000000334000010,2024-06-09,,060007
100,1000000335,000010,MAT00022,Material MAT00022,162.0,EA,129523.86,USD,P003,SL02,R0001,TAN,01,A,A,C,799.53,1,SALEUSER1,OR1000000335000010,2024-09-26,,134617
100,1000000335,000020,MAT00021,Material MAT00021,26.0,EA,24491.22,USD,P003,SL02,R0001,TAN,01,A,A,C,941.97,1,SALEUSER1,OR1000000335000020,2024-09-26,,073209
100,1000000336,000010,MAT00030,Material MAT00030,195.0,EA,294654.75,USD,P002,SL03,R0001,TAN,,C,A,B,1511.05,1,SALEUSER3,OR1000000336000010,2024-02-07,,141427
100,1000000337,000010,MAT00027,Material MAT00027,19.0,EA,4101.34,USD,P001,SL01,R0002,TAN,,C,C,C,215.86,1,SALEUSER3,OR1000000337000010,2024-03-09,,062835
100,1000000338,000010,MAT00025,Material MAT00025,161.0,EA,111648.67,USD,P002,SL03,R0002,TAN,,C,C,C,693.47,1,SALEUSER3,OR1000000338000010,2024-06-16,,155959
100,1000000339,000010,MAT00033,Material MAT00033,185.0,EA,257027.9,USD,P002,SL02,R0002,TAN,,C,C,C,1389.34,1,SALEUSER1,OR1000000339000010,2024-09-09,,063135
100,1000000340,000010,MAT00018,Material MAT00018,5.0,EA,7912.7,USD,P001,SL03,R0004,TAN,,C,A,B,1582.54,1,SALEUSER2,OR1000000340000010,2024-04-15,,132828
100,1000000340,000020,MAT00031,Material MAT00031,199.0,EA,354172.24,USD,P001,SL03,R0004,TAN,,C,A,B,1779.76,1,SALEUSER2,OR1000000340000020,2024-04-15,,131530
100,1000000341,000010,MAT00016,Material MAT00016,187.0,EA,282581.31,USD,P002,SL03,R0001,TAN,,C,A,B,1511.13,1,SALEUSER2,OR1000000341000010,2024-03-12,,143558
100,1000000342,000010,MAT00027,Material MAT00027,166.0,EA,50309.62,USD,P002,SL01,R0002,TAN,,C,C,C,303.07,1,SALEUSER1,OR1000000342000010,2024-05-02,,115529
100,1000000343,000010,MAT00018,Material MAT00018,125.0,EA,17053.75,USD,P001,SL01,R0004,TAN,,C,C,C,136.43,1,SALEUSER2,OR1000000343000010,2024-01-11,,130222
100,1000000344,000010,MAT00019,Material MAT00019,112.0,EA,96770.24,USD,P001,SL02,R0001,TAN,,C,A,B,864.02,1,SALEUSER1,OR1000000344000010,2024-02-04,,172512
100,1000000345,000010,MAT00030,Material MAT00030,127.0,EA,187746.64,USD,P001,SL02,R0001,TAN,,C,C,C,1478.32,1,SALEUSER2,OR1000000345000010,2024-02-24,,164929
100,1000000346,000010,MAT00031,Material MAT00031,194.0,EA,300886.24,USD,P003,SL01,R0001,TAN,,C,C,C,1550.96,1,SALEUSER1,OR1000000346000010,2024-06-18,,070248
100,1000000347,000010,MAT00027,Material MAT00027,116.0,EA,175781.76,USD,P003,SL03,R0003,TAN,,C,C,C,1515.36,1,SALEUSER1,OR1000000347000010,2024-03-29,,121419
100,1000000348,000010,MAT00029,Material MAT00029,83.0,EA,87046.25,USD,P003,SL03,R0001,TAN,,C,C,C,1048.75,1,SALEUSER3,OR1000000348000010,2024-05-02,,160915
100,1000000348,000020,MAT00020,Material MAT00020,47.0,EA,77571.62,USD,P003,SL03,R0001,TAN,,C,C,C,1650.46,1,SALEUSER3,OR1000000348000020,2024-05-02,,084532
100,1000000349,000010,MAT00025,Material MAT00025,41.0,EA,75863.12,USD,P001,SL02,R0001,TAN,,C,C,C,1850.32,1,SALEUSER1,OR1000000349000010,2024-05-25,,131734
100,1000000350,000010,MAT00028,Material MAT00028,43.0,EA,76239.0,USD,P003,SL01,R0003,TAN,,C,C,C,1773.0,1,SALEUSER2,OR1000000350000010,2024-05-29,,172620
100,1000000351,000010,MAT00026,Material MAT00026,15.0,EA,8055.45,USD,P002,SL03,R0002,TAN,,C,C,C,537.03,1,SALEUSER3,OR1000000351000010,2024-05-17,,112150
100,1000000352,000010,MAT00016,Material MAT00016,30.0,EA,18281.4,USD,P001,SL03,R0004,TAN,,C,C,C,609.38,1,SALEUSER2,OR1000000352000010,2024-02-17,,145544
100,1000000353,000010,MAT00019,Material MAT00019,143.0,EA,27955.07,USD,P003,SL01,R0003,TAN,,C,C,C,195.49,1,SALEUSER3,OR1000000353000010,2024-04-22,,153028
100,1000000354,000010,MAT00025,Material MAT00025,135.0,EA,256066.65,USD,P003,SL03,R0001,TAN,,C,C,C,1896.79,1,SALEUSER3,OR1000000354000010,2024-08-15,,071215
100,1000000355,000010,MAT00031,Material MAT00031,22.0,EA,2176.46,USD,P002,SL01,R0003,TAN,,C,C,C,98.93,1,SALEUSER2,OR1000000355000010,2024-05-10,,074125
100,1000000355,000020,MAT00023,Material MAT00023,120.0,EA,238682.4,USD,P002,SL01,R0003,TAN,,C,C,C,1989.02,1,SALEUSER2,OR1000000355000020,2024-05-10,,155537
100,1000000356,000010,MAT00019,Material MAT00019,33.0,EA,19725.75,USD,P003,SL02,R0004,TAN,,C,C,C,597.75,1,SALEUSER2,OR1000000356000010,2024-08-07,,171034
100,1000000356,000020,MAT00030,Material MAT00030,48.0,EA,93337.44,USD,P003,SL02,R0004,TAN,,C,C,C,1944.53,1,SALEUSER2,OR1000000356000020,2024-08-07,,141041
100,1000000357,000010,MAT00021,Material MAT00021,145.0,EA,14890.05,USD,P001,SL03,R0002,TAN,,C,C,C,102.69,1,SALEUSER2,OR1000000357000010,2024-08-25,,172701
100,1000000358,000010,MAT00027,Material MAT00027,183.0,EA,16369.35,USD,P003,SL01,R0003,TAN,,C,C,C,89.45,1,SALEUSER3,OR1000000358000010,2024-09-06,,152924
100,1000000358,000020,MAT00017,Material MAT00017,166.0,EA,178871.64,USD,P003,SL01,R0003,TAN,,C,C,C,1077.54,1,SALEUSER3,OR1000000358000020,2024-09-06,,150111
100,1000000359,000010,MAT00023,Material MAT00023,170.0,EA,245320.2,USD,P001,SL03,R0003,TAN,,C,C,C,1443.06,1,SALEUSER2,OR1000000359000010,2024-08-06,,145611
100,1000000359,000020,MAT00033,Material MAT00033,39.0,EA,55476.33,USD,P001,SL03,R0003,TAN,,C,C,C,1422.47,1,SALEUSER2,OR1000000359000020,2024-08-06,,132246
100,1000000360,000010,MAT00028,Material MAT00028,135.0,EA,214412.4,USD,P002,SL01,R0003,TAN,,C,C,C,1588.24,1,SALEUSER2,OR1000000360000010,2024-01-18,,150804
100,1000000361,000010,MAT00023,Material MAT00023,184.0,EA,254711.2,USD,P001,SL02,R0002,TAN,,C,A,B,1384.3,1,SALEUSER2,OR1000000361000010,2024-06-11,,143235
100,1000000362,000010,MAT00018,Material MAT00018,92.0,EA,67112.16,USD,P001,SL02,R0003,TAN,,C,C,C,729.48,1,SALEUSER2,OR1000000362000010,2024-01-07,,100752
100,1000000363,000010,MAT00026,Material MAT00026,66.0,EA,68195.16,USD,P003,SL02,R0002,TAN,,C,C,C,1033.26,1,SALEUSER1,OR1000000363000010,2024-04-05,,080230
100,1000000363,000020,MAT00025,Material MAT00025,65.0,EA,55749.2,USD,P003,SL02,R0002,TAN,,C,C,C,857.68,1,SALEUSER1,OR1000000363000020,2024-04-05,,101723
100,1000000364,000010,MAT00016,Material MAT00016,16.0,EA,1998.72,USD,P001,SL01,R0004,TAN,,C,C,C,124.92,1,SALEUSER3,OR1000000364000010,2024-08-30,,080133
100,1000000365,000010,MAT00022,Material MAT00022,178.0,EA,332395.42,USD,P001,SL01,R0002,TAN,,C,C,C,1867.39,1,SALEUSER2,OR1000000365000010,2024-08-06,,130926
100,1000000366,000010,MAT00030,Material MAT00030,35.0,EA,10688.3,USD,P002,SL03,R0003,TAN,,C,C,C,305.38,1,SALEUSER1,OR1000000366000010,2024-04-27,,070856
100,1000000366,000020,MAT00018,Material MAT00018,72.0,EA,31478.4,USD,P002,SL03,R0003,TAN,,C,C,C,437.2,1,SALEUSER1,OR1000000366000020,2024-04-27,,090022
100,1000000367,000010,MAT00022,Material MAT00022,168.0,EA,165627.84,USD,P003,SL01,R0002,TAN,,C,C,C,985.88,1,SALEUSER3,OR1000000367000010,2024-06-03,,164410
100,1000000368,000010,MAT00017,Material MAT00017,120.0,EA,236942.4,USD,P002,SL03,R0001,TAN,01,A,A,C,1974.52,1,SALEUSER1,OR1000000368000010,2024-02-15,,131808
100,1000000369,000010,MAT00018,Material MAT00018,170.0,EA,89474.4,USD,P003,SL02,R0003,TAN,01,A,A,C,526.32,1,SALEUSER3,OR1000000369000010,2024-08-11,,091723
100,1000000370,000010,MAT00033,Material MAT00033,27.0,EA,32982.66,USD,P003,SL01,R0004,TAN,,C,C,C,1221.58,1,SALEUSER3,OR1000000370000010,2024-09-25,,125322
100,1000000371,000010,MAT00023,Material MAT00023,80.0,EA,37429.6,USD,P001,SL01,R0003,TAN,,C,C,C,467.87,1,SALEUSER3,OR1000000371000010,2024-04-26,,155110
100,1000000372,000010,MAT00022,Material MAT00022,62.0,EA,34348.62,USD,P003,SL03,R0001,TAN,,C,C,C,554.01,1,SALEUSER3,OR1000000372000010,2024-07-19,,095229
100,1000000373,000010,MAT00017,Material MAT00017,18.0,EA,29944.26,USD,P003,SL01,R0001,TAN,,C,C,C,1663.57,1,SALEUSER2,OR1000000373000010,2024-04-24,,113621
100,1000000374,000010,MAT00023,Material MAT00023,167.0,EA,277124.81,USD,P001,SL02,R0002,TAN,,C,C,C,1659.43,1,SALEUSER2,OR1000000374000010,2024-07-13,,080541
100,1000000375,000010,MAT00017,Material MAT00017,105.0,EA,159548.55,USD,P003,SL02,R0003,TAN,,C,C,C,1519.51,1,SALEUSER3,OR1000000375000010,2024-02-08,,161442
100,1000000375,000020,MAT00025,Material MAT00025,117.0,EA,214797.96,USD,P003,SL02,R0003,TAN,,C,C,C,1835.88,1,SALEUSER3,OR1000000375000020,2024-02-08,,071208
100,1000000376,000010,MAT00029,Material MAT00029,89.0,EA,35131.86,USD,P002,SL02,R0004,TAN,,C,C,C,394.74,1,SALEUSER3,OR1000000376000010,2024-02-04,,142331
100,1000000377,000010,MAT00020,Material MAT00020,2.0,EA,3651.46,USD,P001,SL01,R0003,TAN,,C,C,C,1825.73,1,SALEUSER2,OR1000000377000010,2024-07-06,,113105
100,1000000378,000010,MAT00017,Material MAT00017,144.0,EA,262618.56,USD,P003,SL03,R0004,TAN,,C,A,B,1823.74,1,SALEUSER3,OR1000000378000010,2024-03-25,,114313
100,1000000378,000020,MAT00025,Material MAT00025,161.0,EA,305265.66,USD,P003,SL03,R0004,TAN,,C,A,B,1896.06,1,SALEUSER3,OR1000000378000020,2024-03-25,,101901
100,1000000379,000010,MAT00018,Material MAT00018,185.0,EA,82014.2,USD,P003,SL01,R0002,TAN,,C,C,C,443.32,1,SALEUSER2,OR1000000379000010,2024-02-22,,084202
100,1000000380,000010,MAT00019,Material MAT00019,31.0,EA,57681.39,USD,P002,SL02,R0002,TAN,,C,A,B,1860.69,1,SALEUSER2,OR1000000380000010,2024-08-05,,125207
100,1000000381,000010,MAT00018,Material MAT00018,117.0,EA,199405.44,USD,P001,SL01,R0001,TAN,,C,C,C,1704.32,1,SALEUSER1,OR1000000381000010,2024-09-23,,150452
100,1000000382,000010,MAT00033,Material MAT00033,13.0,EA,25808.12,USD,P003,SL02,R0004,TAN,,C,A,B,1985.24,1,SALEUSER1,OR1000000382000010,2024-01-26,,134213
100,1000000383,000010,MAT00028,Material MAT00028,89.0,EA,29971.64,USD,P002,SL03,R0002,TAN,,C,A,B,336.76,1,SALEUSER1,OR1000000383000010,2024-08-25,,101530
100,1000000384,000010,MAT00033,Material MAT00033,27.0,EA,30326.4,USD,P003,SL01,R0004,TAN,,C,C,C,1123.2,1,SALEUSER2,OR1000000384000010,2024-05-28,,131919
100,1000000385,000010,MAT00021,Material MAT00021,193.0,EA,139116.33,USD,P001,SL01,R0002,TAN,,C,A,B,720.81,1,SALEUSER3,OR1000000385000010,2024-01-24,,060322
100,1000000386,000010,MAT00029,Material MAT00029,197.0,EA,25956.72,USD,P002,SL01,R0001,TAN,,C,C,C,131.76,1,SALEUSER1,OR1000000386000010,2024-07-06,,123139
100,1000000386,000020,MAT00021,Material MAT00021,93.0,EA,71428.65,USD,P002,SL01,R0001,TAN,,C,C,C,768.05,1,SALEUSER1,OR1000000386000020,2024-07-06,,113405
100,1000000387,000010,MAT00032,Material MAT00032,114.0,EA,175300.08,USD,P001,SL01,R0003,TAN,,C,C,C,1537.72,1,SALEUSER2,OR1000000387000010,2024-07-04,,124625
100,1000000387,000020,MAT00026,Material MAT00026,52.0,EA,97153.16,USD,P001,SL01,R0003,TAN,,C,C,C,1868.33,1,SALEUSER2,OR1000000387000020,2024-07-04,,155510
100,1000000388,000010,MAT00016,Material MAT00016,18.0,EA,13880.52,USD,P003,SL03,R0002,TAN,,C,C,C,771.14,1,SALEUSER1,OR1000000388000010,2024-03-14,,125729
100,1000000389,000010,MAT00026,Material MAT00026,191.0,EA,346065.26,USD,P001,SL03,R0004,TAN,,C,C,C,1811.86,1,SALEUSER3,OR1000000389000010,2024-09-26,,142954
100,1000000390,000010,MAT00031,Material MAT00031,11.0,EA,628.1,USD,P003,SL02,R0002,TAN,,C,C,C,57.1,1,SALEUSER3,OR1000000390000010,2024-04-01,,170734
100,1000000391,000010,MAT00018,Material MAT00018,48.0,EA,68172.96,USD,P001,SL01,R0004,TAN,,C,C,C,1420.27,1,SALEUSER3,OR1000000391000010,2024-03-18,,174833
100,1000000391,000020,MAT00018,Material MAT00018,88.0,EA,76485.2,USD,P001,SL01,R0004,TAN,,C,C,C,869.15,1,SALEUSER3,OR1000000391000020,2024-03-18,,080307
100,1000000392,000010,MAT00026,Material MAT00026,35.0,EA,49355.25,USD,P001,SL03,R0001,TAN,,C,C,C,1410.15,1,SALEUSER1,OR1000000392000010,2024-06-16,,090145
100,1000000393,000010,MAT00031,Material MAT00031,89.0,EA,78343.14,USD,P001,SL01,R0001,TAN,,C,C,C,880.26,1,SALEUSER3,OR1000000393000010,2024-04-07,,122150
100,1000000393,000020,MAT00017,Material MAT00017,62.0,EA,42711.8,USD,P001,SL01,R0001,TAN,,C,C,C,688.9,1,SALEUSER3,OR1000000393000020,2024-04-07,,161723
100,1000000394,000010,MAT00020,Material MAT00020,28.0,EA,54916.68,USD,P002,SL02,R0003,TAN,01,A,A,C,1961.31,1,SALEUSER2,OR1000000394000010,2024-07-11,,125148
100,1000000395,000010,MAT00030,Material MAT00030,192.0,EA,301991.04,USD,P001,SL03,R0004,TAN,,C,C,C,1572.87,1,SALEUSER2,OR1000000395000010,2024-06-09,,175503
100,1000000396,000010,MAT00033,Material MAT00033,106.0,EA,47859.0,USD,P001,SL02,R0002,TAN,,C,C,C,451.5,1,SALEUSER1,OR1000000396000010,2024-06-08,,084529
100,1000000397,000010,MAT00017,Material MAT00017,195.0,EA,281741.85,USD,P002,SL03,R0001,TAN,,C,C,C,1444.83,1,SALEUSER3,OR1000000397000010,2024-01-11,,115841
100,1000000397,000020,MAT00027,Material MAT00027,21.0,EA,12031.32,USD,P002,SL03,R0001,TAN,,C,C,C,572.92,1,SALEUSER3,OR1000000397000020,2024-01-11,,133354
100,1000000398,000010,MAT00016,Material MAT00016,21.0,EA,6793.92,USD,P002,SL01,R0002,TAN,,C,C,C,323.52,1,SALEUSER2,OR1000000398000010,2024-04-12,,065826
100,1000000399,000010,MAT00030,Material MAT00030,70.0,EA,110880.7,USD,P001,SL02,R0001,TAN,,C,C,C,1584.01,1,SALEUSER3,OR1000000399000010,2024-04-08,,131523
100,1000000400,000010,MAT00020,Material MAT00020,19.0,EA,10106.67,USD,P003,SL01,R0003,TAN,,C,C,C,531.93,1,SALEUSER3,OR1000000400000010,2024-06-26,,145044
100,1000000401,000010,MAT00018,Material MAT00018,123.0,EA,96060.54,USD,P002,SL02,R0003,TAN,,C,A,B,780.98,1,SALEUSER1,OR1000000401000010,2024-02-18,,132016
100,1000000402,000010,MAT00018,Material MAT00018,111.0,EA,63472.02,USD,P001,SL01,R0003,TAN,,C,C,C,571.82,1,SALEUSER3,OR1000000402000010,2024-02-25,,160656
100,1000000403,000010,MAT00025,Material MAT00025,2.0,EA,1106.6,USD,P003,SL02,R0003,TAN,,C,C,C,553.3,1,SALEUSER1,OR1000000403000010,2024-06-07,,082123
100,1000000404,000010,MAT00019,Material MAT00019,14.0,EA,22055.32,USD,P001,SL02,R0003,TAN,,C,A,B,1575.38,1,SALEUSER3,OR1000000404000010,2024-05-20,,133505
100,1000000404,000020,MAT00024,Material MAT00024,41.0,EA,22700.47,USD,P001,SL02,R0003,TAN,,C,A,B,553.67,1,SALEUSER3,OR1000000404000020,2024-05-20,,162112
100,1000000405,000010,MAT00029,Material MAT00029,171.0,EA,52305.48,USD,P003,SL02,R0001,TAN,,C,C,C,305.88,1,SALEUSER3,OR1000000405000010,2024-02-15,,084759
100,1000000406,000010,MAT00031,Material MAT00031,10.0,EA,16819.3,USD,P002,SL01,R0002,TAN,,C,C,C,1681.93,1,SALEUSER1,OR1000000406000010,2024-01-22,,123424
100,1000000406,000020,MAT00033,Material MAT00033,191.0,EA,318278.58,USD,P002,SL01,R0002,TAN,,C,C,C,1666.38,1,SALEUSER1,OR1000000406000020,2024-01-22,,162946
100,1000000407,000010,MAT00019,Material MAT00019,72.0,EA,97110.0,USD,P001,SL03,R0004,TAN,,C,C,C,1348.75,1,SALEUSER3,OR1000000407000010,2024-04-02,,160100
100,1000000407,000020,MAT00025,Material MAT00025,112.0,EA,42988.96,USD,P001,SL03,R0004,TAN,,C,C,C,383.83,1,SALEUSER3,OR1000000407000020,2024-04-02,,144325
100,1000000408,000010,MAT00032,Material MAT00032,10.0,EA,8903.7,USD,P003,SL01,R0004,TAN,,C,C,C,890.37,1,SALEUSER2,OR1000000408000010,2024-01-30,08,094936
100,1000000409,000010,MAT00021,Material MAT00021,22.0,EA,24293.94,USD,P001,SL01,R0004,TAN,,C,C,C,1104.27,1,SALEUSER2,OR1000000409000010,2024-03-15,,083617
100,1000000410,000010,MAT00027,Material MAT00027,42.0,EA,56223.72,USD,P003,SL01,R0003,TAN,,C,C,C,1338.66,1,SALEUSER1,OR1000000410000010,2024-02-11,,104117
100,1000000411,000010,MAT00022,Material MAT00022,180.0,EA,16857.0,USD,P003,SL01,R0003,TAN,,C,C,C,93.65,1,SALEUSER3,OR1000000411000010,2024-01-28,,175337
100,1000000412,000010,MAT00026,Material MAT00026,199.0,EA,330133.04,USD,P002,SL01,R0004,TAN,,C,A,B,1658.96,1,SALEUSER1,OR1000000412000010,2024-03-06,,062305
100,1000000412,000020,MAT00030,Material MAT00030,155.0,EA,48552.2,USD,P002,SL01,R0004,TAN,,C,A,B,313.24,1,SALEUSER1,OR1000000412000020,2024-03-06,,165733
100,1000000413,000010,MAT00031,Material MAT00031,97.0,EA,162393.52,USD,P002,SL02,R0002,TAN,,C,C,C,1674.16,1,SALEUSER2,OR1000000413000010,2024-08-27,,101527
100,1000000414,000010,MAT00027,Material MAT00027,94.0,EA,180303.28,USD,P003,SL01,R0002,TAN,,C,C,C,1918.12,1,SALEUSER2,OR1000000414000010,2024-05-05,,151842
100,1000000415,000010,MAT00016,Material MAT00016,166.0,EA,80317.44,USD,P002,SL02,R0001,TAN,01,A,A,C,483.84,1,SALEUSER3,OR1000000415000010,2024-04-17,,124636
100,1000000416,000010,MAT00022,Material MAT00022,154.0,EA,52523.24,USD,P002,SL01,R0004,TAN,01,A,A,C,341.06,1,SALEUSER2,OR1000000416000010,2024-01-21,,104251
100,1000000417,000010,MAT00018,Material MAT00018,1.0,EA,1136.06,USD,P001,SL02,R0002,TAN,,C,C,C,1136.06,1,SALEUSER3,OR1000000417000010,2024-05-29,,101053
100,1000000418,000010,MAT00029,Material MAT00029,151.0,EA,11488.08,USD,P002,SL03,R0004,TAN,,C,C,C,76.08,1,SALEUSER1,OR1000000418000010,2024-06-21,,153758
100,1000000419,000010,MAT00022,Material MAT00022,101.0,EA,48275.98,USD,P001,SL03,R0003,TAN,,C,C,C,477.98,1,SALEUSER2,OR1000000419000010,2024-01-28,,074436
100,1000000420,000010,MAT00030,Material MAT00030,53.0,EA,100383.59,USD,P002,SL01,R0003,TAN,,C,C,C,1894.03,1,SALEUSER1,OR1000000420000010,2024-09-16,,154944
100,1000000421,000010,MAT00029,Material MAT00029,139.0,EA,199553.96,USD,P001,SL03,R0003,TAN,01,A,A,C,1435.64,1,SALEUSER3,OR1000000421000010,2024-04-06,,070411
100,1000000422,000010,MAT00021,Material MAT00021,120.0,EA,138600.0,USD,P002,SL02,R0003,TAN,,C,C,C,1155.0,1,SALEUSER2,OR1000000422000010,2024-01-28,,122216
100,1000000423,000010,MAT00023,Material MAT00023,100.0,EA,105392.0,USD,P002,SL01,R0004,TAN,,C,C,C,1053.92,1,SALEUSER1,OR1000000423000010,2024-01-30,,062131
100,1000000423,000020,MAT00028,Material MAT00028,58.0,EA,32138.96,USD,P002,SL01,R0004,TAN,,C,C,C,554.12,1,SALEUSER1,OR1000000423000020,2024-01-30,,141704
100,1000000424,000010,MAT00023,Material MAT00023,159.0,EA,89855.67,USD,P001,SL02,R0003,TAN,,C,C,C,565.13,1,SALEUSER1,OR1000000424000010,2024-03-19,,072012
100,1000000424,000020,MAT00030,Material MAT00030,7.0,EA,4816.98,USD,P001,SL02,R0003,TAN,,C,C,C,688.14,1,SALEUSER1,OR1000000424000020,2024-03-19,,122813
100,1000000425,000010,MAT00019,Material MAT00019,92.0,EA,39630.84,USD,P001,SL02,R0002,TAN,,C,C,C,430.77,1,SALEUSER3,OR1000000425000010,2024-09-19,,122527
100,1000000425,000020,MAT00022,Material MAT00022,115.0,EA,167625.15,USD,P001,SL02,R0002,TAN,,C,C,C,1457.61,1,SALEUSER3,OR1000000425000020,2024-09-19,,125333
100,1000000426,000010,MAT00030,Material MAT00030,124.0,EA,57156.56,USD,P001,SL03,R0002,TAN,,C,C,C,460.94,1,SALEUSER1,OR1000000426000010,2024-01-18,08,125048
100,1000000427,000010,MAT00019,Material MAT00019,131.0,EA,181154.66,USD,P001,SL03,R0004,TAN,,C,C,C,1382.86,1,SALEUSER3,OR1000000427000010,2024-08-30,,084859
100,1000000428,000010,MAT00030,Material MAT00030,173.0,EA,294300.68,USD,P001,SL01,R0002,TAN,,C,C,C,1701.16,1,SALEUSER1,OR1000000428000010,2024-03-08,,071230
100,1000000429,000010,MAT00027,Material MAT00027,24.0,EA,14950.8,USD,P002,SL03,R0004,TAN,,C,C,C,622.95,1,SALEUSER2,OR1000000429000010,2024-09-13,,171130
100,1000000430,000010,MAT00025,Material MAT00025,155.0,EA,287979.15,USD,P003,SL03,R0002,TAN,,C,C,C,1857.93,1,SALEUSER2,OR1000000430000010,2024-04-11,,165652
100,1000000431,000010,MAT00032,Material MAT00032,184.0,EA,314130.32,USD,P002,SL02,R0003,TAN,,C,C,C,1707.23,1,SALEUSER1,OR1000000431000010,2024-03-23,,121315
100,1000000432,000010,MAT00020,Material MAT00020,54.0,EA,23704.92,USD,P001,SL03,R0003,TAN,,C,C,C,438.98,1,SALEUSER3,OR1000000432000010,2024-07-29,,164232
100,1000000432,000020,MAT00022,Material MAT00022,113.0,EA,81598.43,USD,P001,SL03,R0003,TAN,,C,C,C,722.11,1,SALEUSER3,OR1000000432000020,2024-07-29,,062839
100,1000000433,000010,MAT00029,Material MAT00029,176.0,EA,81090.24,USD,P003,SL02,R0001,TAN,,C,C,C,460.74,1,SALEUSER2,OR1000000433000010,2024-08-13,08,114121
100,1000000434,000010,MAT00023,Material MAT00023,43.0,EA,41992.08,USD,P002,SL03,R0001,TAN,,C,C,C,976.56,1,SALEUSER1,OR1000000434000010,2024-01-23,,081549
100,1000000435,000010,MAT00027,Material MAT00027,18.0,EA,20802.42,USD,P001,SL02,R0001,TAN,,C,A,B,1155.69,1,SALEUSER3,OR1000000435000010,2024-07-01,,114032
100,1000000435,000020,MAT00033,Material MAT00033,143.0,EA,206441.95,USD,P001,SL02,R0001,TAN,,C,A,B,1443.65,1,SALEUSER3,OR1000000435000020,2024-07-01,,084447
100,1000000436,000010,MAT00020,Material MAT00020,91.0,EA,158552.94,USD,P002,SL02,R0002,TAN,,C,C,C,1742.34,1,SALEUSER1,OR1000000436000010,2024-07-30,,103313
100,1000000437,000010,MAT00026,Material MAT00026,183.0,EA,356606.61,USD,P003,SL02,R0004,TAN,01,A,A,C,1948.67,1,SALEUSER3,OR1000000437000010,2024-04-29,,164821
100,1000000437,000020,MAT00031,Material MAT00031,128.0,EA,81044.48,USD,P003,SL02,R0004,TAN,01,A,A,C,633.16,1,SALEUSER3,OR1000000437000020,2024-04-29,,171153
100,1000000438,000010,MAT00023,Material MAT00023,72.0,EA,70285.68,USD,P003,SL01,R0004,TAN,01,A,A,C,976.19,1,SALEUSER2,OR1000000438000010,2024-01-18,,102557
100,1000000439,000010,MAT00026,Material MAT00026,5.0,EA,2760.3,USD,P001,SL02,R0003,TAN,,C,C,C,552.06,1,SALEUSER3,OR1000000439000010,2024-02-28,08,161415
100,1000000439,000020,MAT00020,Material MAT00020,131.0,EA,70658.78,USD,P001,SL02,R0003,TAN,,C,C,C,539.38,1,SALEUSER3,OR1000000439000020,2024-02-28,,155814
100,1000000440,000010,MAT00017,Material MAT00017,95.0,EA,125847.45,USD,P002,SL03,R0004,TAN,,C,A,B,1324.71,1,SALEUSER3,OR1000000440000010,2024-03-23,,164410
100,1000000441,000010,MAT00029,Material MAT00029,95.0,EA,51595.45,USD,P003,SL03,R0001,TAN,,C,A,B,543.11,1,SALEUSER3,OR1000000441000010,2024-03-02,,135752
100,1000000442,000010,MAT00025,Material MAT00025,191.0,EA,257454.63,USD,P001,SL01,R0004,TAN,,C,C,C,1347.93,1,SALEUSER3,OR1000000442000010,2024-03-20,,075637
100,1000000442,000020,MAT00031,Material MAT00031,69.0,EA,24584.7,USD,P001,SL01,R0004,TAN,,C,C,C,356.3,1,SALEUSER3,OR1000000442000020,2024-03-20,,145344
100,1000000443,000010,MAT00027,Material MAT00027,119.0,EA,89000.1,USD,P003,SL01,R0003,TAN,,C,A,B,747.9,1,SALEUSER3,OR1000000443000010,2024-07-31,,165644
100,1000000444,000010,MAT00019,Material MAT00019,200.0,EA,233220.0,USD,P001,SL03,R0003,TAN,,C,C,C,1166.1,1,SALEUSER2,OR1000000444000010,2024-03-05,,164914
100,1000000444,000020,MAT00033,Material MAT00033,36.0,EA,4169.16,USD,P001,SL03,R0003,TAN,,C,C,C,115.81,1,SALEUSER2,OR1000000444000020,2024-03-05,,164744
100,1000000445,000010,MAT00018,Material MAT00018,54.0,EA,90958.68,USD,P002,SL01,R0001,TAN,,C,C,C,1684.42,1,SALEUSER2,OR1000000445000010,2024-07-03,,070341
100,1000000446,000010,MAT00023,Material MAT00023,135.0,EA,134707.05,USD,P003,SL02,R0002,TAN,,C,C,C,997.83,1,SALEUSER3,OR1000000446000010,2024-01-14,,174013
100,1000000447,000010,MAT00025,Material MAT00025,84.0,EA,57550.08,USD,P002,SL03,R0004,TAN,01,A,A,C,685.12,1,SALEUSER2,OR1000000447000010,2024-01-08,,145907
100,1000000448,000010,MAT00030,Material MAT00030,54.0,EA,20345.04,USD,P003,SL03,R0001,TAN,,C,C,C,376.76,1,SALEUSER2,OR1000000448000010,2024-02-13,,093247
100,1000000449,000010,MAT00030,Material MAT00030,124.0,EA,52328.0,USD,P001,SL01,R0003,TAN,,C,C,C,422.0,1,SALEUSER2,OR1000000449000010,2024-09-23,,120634
100,1000000449,000020,MAT00031,Material MAT00031,167.0,EA,78381.45,USD,P001,SL01,R0003,TAN,,C,C,C,469.35,1,SALEUSER2,OR1000000449000020,2024-09-23,,064910
100,1000000450,000010,MAT00027,Material MAT00027,149.0,EA,83371.46,USD,P003,SL03,R0002,TAN,01,A,A,C,559.54,1,SALEUSER1,OR1000000450000010,2024-07-10,08,084836
100,1000000451,000010,MAT00031,Material MAT00031,130.0,EA,145425.8,USD,P001,SL01,R0001,TAN,,C,C,C,1118.66,1,SALEUSER3,OR1000000451000010,2024-02-06,,142946
100,1000000452,000010,MAT00031,Material MAT00031,54.0,EA,31395.06,USD,P001,SL02,R0003,TAN,,C,C,C,581.39,1,SALEUSER1,OR1000000452000010,2024-05-27,,073902
100,1000000453,000010,MAT00030,Material MAT00030,150.0,EA,247537.5,USD,P001,SL03,R0003,TAN,,C,C,C,1650.25,1,SALEUSER1,OR1000000453000010,2024-04-25,,145125
100,1000000454,000010,MAT00033,Material MAT00033,112.0,EA,104564.32,USD,P001,SL02,R0002,TAN,,C,C,C,933.61,1,SALEUSER1,OR1000000454000010,2024-09-28,,062520
100,1000000455,000010,MAT00025,Material MAT00025,30.0,EA,48622.8,USD,P002,SL02,R0003,TAN,,C,C,C,1620.76,1,SALEUSER3,OR1000000455000010,2024-04-20,,174025
100,1000000456,000010,MAT00020,Material MAT00020,190.0,EA,136963.4,USD,P001,SL03,R0004,TAN,,C,C,C,720.86,1,SALEUSER2,OR1000000456000010,2024-02-04,,083902
100,1000000456,000020,MAT00023,Material MAT00023,168.0,EA,171363.36,USD,P001,SL03,R0004,TAN,,C,C,C,1020.02,1,SALEUSER2,OR1000000456000020,2024-02-04,,100707
100,1000000457,000010,MAT00032,Material MAT00032,106.0,EA,208851.8,USD,P001,SL03,R0002,TAN,,C,C,C,1970.3,1,SALEUSER2,OR1000000457000010,2024-04-26,,140552
100,1000000457,000020,MAT00016,Material MAT00016,158.0,EA,117215.46,USD,P001,SL03,R0002,TAN,,C,C,C,741.87,1,SALEUSER2,OR1000000457000020,2024-04-26,,115629
100,1000000458,000010,MAT00029,Material MAT00029,169.0,EA,50208.21,USD,P002,SL02,R0004,TAN,,C,C,C,297.09,1,SALEUSER1,OR1000000458000010,2024-01-08,,135644
100,1000000459,000010,MAT00020,Material MAT00020,194.0,EA,139777.0,USD,P002,SL01,R0001,TAN,,C,C,C,720.5,1,SALEUSER3,OR1000000459000010,2024-08-05,,144944
100,1000000460,000010,MAT00022,Material MAT00022,109.0,EA,121847.83,USD,P002,SL03,R0003,TAN,,C,C,C,1117.87,1,SALEUSER2,OR1000000460000010,2024-07-25,,071253
100,1000000461,000010,MAT00019,Material MAT00019,107.0,EA,50003.24,USD,P002,SL01,R0002,TAN,,C,C,C,467.32,1,SALEUSER2,OR1000000461000010,2024-08-22,,174710
100,1000000462,000010,MAT00026,Material MAT00026,63.0,EA,84985.74,USD,P002,SL01,R0003,TAN,,C,C,C,1348.98,1,SALEUSER1,OR1000000462000010,2024-05-14,,123854
100,1000000463,000010,MAT00020,Material MAT00020,47.0,EA,80904.86,USD,P003,SL03,R0002,TAN,,C,C,C,1721.38,1,SALEUSER1,OR1000000463000010,2024-09-30,,110437
100,1000000464,000010,MAT00016,Material MAT00016,188.0,EA,353665.6,USD,P001,SL02,R0001,TAN,,C,C,C,1881.2,1,SALEUSER1,OR1000000464000010,2024-09-08,,095459
100,1000000465,000010,MAT00030,Material MAT00030,61.0,EA,102910.66,USD,P002,SL01,R0004,TAN,,C,C,C,1687.06,1,SALEUSER3,OR1000000465000010,2024-01-29,,104551
100,1000000466,000010,MAT00024,Material MAT00024,95.0,EA,31443.1,USD,P001,SL03,R0001,TAN,,C,C,C,330.98,1,SALEUSER3,OR1000000466000010,2024-07-17,,092801
100,1000000467,000010,MAT00020,Material MAT00020,146.0,EA,62007.66,USD,P001,SL03,R0004,TAN,,C,C,C,424.71,1,SALEUSER3,OR1000000467000010,2024-09-03,,141130
100,1000000468,000010,MAT00024,Material MAT00024,101.0,EA,194695.68,USD,P001,SL03,R0003,TAN,,C,C,C,1927.68,1,SALEUSER1,OR1000000468000010,2024-01-11,,085437
100,1000000469,000010,MAT00023,Material MAT00023,61.0,EA,55852.21,USD,P001,SL02,R0002,TAN,,C,C,C,915.61,1,SALEUSER2,OR1000000469000010,2024-04-21,,104910
100,1000000470,000010,MAT00023,Material MAT00023,185.0,EA,181429.5,USD,P001,SL03,R0004,TAN,,C,C,C,980.7,1,SALEUSER3,OR1000000470000010,2024-08-31,,073350
100,1000000470,000020,MAT00028,Material MAT00028,58.0,EA,64467.58,USD,P001,SL03,R0004,TAN,,C,C,C,1111.51,1,SALEUSER3,OR1000000470000020,2024-08-31,,135222
100,1000000471,000010,MAT00030,Material MAT00030,85.0,EA,16222.25,USD,P003,SL01,R0002,TAN,,C,C,C,190.85,1,SALEUSER2,OR1000000471000010,2024-05-20,,082131
100,1000000472,000010,MAT00017,Material MAT00017,11.0,EA,1073.71,USD,P002,SL03,R0001,TAN,01,A,A,C,97.61,1,SALEUSER2,OR1000000472000010,2024-01-25,,062735
100,1000000472,000020,MAT00030,Material MAT00030,88.0,EA,108649.2,USD,P002,SL03,R0001,TAN,01,A,A,C,1234.65,1,SALEUSER2,OR1000000472000020,2024-01-25,,094429
100,1000000473,000010,MAT00025,Material MAT00025,115.0,EA,212191.1,USD,P003,SL03,R0002,TAN,,C,C,C,1845.14,1,SALEUSER1,OR1000000473000010,2024-08-14,08,090719
100,1000000474,000010,MAT00032,Material MAT00032,31.0,EA,39127.58,USD,P001,SL03,R0003,TAN,,C,C,C,1262.18,1,SALEUSER3,OR1000000474000010,2024-08-15,,070941
100,1000000475,000010,MAT00022,Material MAT00022,167.0,EA,203078.68,USD,P002,SL02,R0002,TAN,,C,C,C,1216.04,1,SALEUSER2,OR1000000475000010,2024-07-18,,135214
100,1000000476,000010,MAT00029,Material MAT00029,175.0,EA,88693.5,USD,P001,SL03,R0003,TAN,,C,C,C,506.82,1,SALEUSER1,OR1000000476000010,2024-01-11,,161412
100,1000000476,000020,MAT00026,Material MAT00026,196.0,EA,162078.28,USD,P001,SL03,R0003,TAN,,C,C,C,826.93,1,SALEUSER1,OR1000000476000020,2024-01-11,,140626
100,1000000477,000010,MAT00018,Material MAT00018,46.0,EA,52511.76,USD,P003,SL02,R0003,TAN,,C,A,B,1141.56,1,SALEUSER3,OR1000000477000010,2024-09-03,,120626
100,1000000477,000020,MAT00020,Material MAT00020,162.0,EA,71766.0,USD,P003,SL02,R0003,TAN,,C,A,B,443.0,1,SALEUSER3,OR1000000477000020,2024-09-03,,105818
100,1000000478,000010,MAT00022,Material MAT00022,50.0,EA,50124.0,USD,P003,SL03,R0004,TAN,,C,C,C,1002.48,1,SALEUSER1,OR1000000478000010,2024-05-24,,163802
100,1000000479,000010,MAT00016,Material MAT00016,183.0,EA,57930.48,USD,P001,SL03,R0002,TAN,,C,C,C,316.56,1,SALEUSER3,OR1000000479000010,2024-06-09,,064514
100,1000000480,000010,MAT00029,Material MAT00029,150.0,EA,248155.5,USD,P002,SL01,R0001,TAN,,C,C,C,1654.37,1,SALEUSER1,OR1000000480000010,2024-04-12,,072020
100,1000000480,000020,MAT00017,Material MAT00017,106.0,EA,7678.64,USD,P002,SL01,R0001,TAN,,C,C,C,72.44,1,SALEUSER1,OR1000000480000020,2024-04-12,,163005
100,1000000481,000010,MAT00026,Material MAT00026,101.0,EA,201042.52,USD,P003,SL02,R0001,TAN,,C,C,C,1990.52,1,SALEUSER2,OR1000000481000010,2024-02-06,08,173554
100,1000000482,000010,MAT00028,Material MAT00028,162.0,EA,298232.28,USD,P003,SL01,R0002,TAN,,C,C,C,1840.94,1,SALEUSER1,OR1000000482000010,2024-08-03,,110845
100,1000000483,000010,MAT00030,Material MAT00030,70.0,EA,92923.6,USD,P002,SL01,R0002,TAN,,C,C,C,1327.48,1,SALEUSER2,OR1000000483000010,2024-01-22,,122223
100,1000000484,000010,MAT00017,Material MAT00017,113.0,EA,95690.66,USD,P001,SL01,R0002,TAN,,C,C,C,846.82,1,SALEUSER1,OR1000000484000010,2024-03-02,,090007
100,1000000485,000010,MAT00027,Material MAT00027,192.0,EA,261621.12,USD,P003,SL01,R0003,TAN,,C,C,C,1362.61,1,SALEUSER3,OR1000000485000010,2024-03-08,,172050
100,1000000486,000010,MAT00032,Material MAT00032,169.0,EA,95816.24,USD,P002,SL01,R0003,TAN,,C,A,B,566.96,1,SALEUSER2,OR1000000486000010,2024-02-26,,112401
100,1000000487,000010,MAT00027,Material MAT00027,122.0,EA,28221.04,USD,P003,SL03,R0003,TAN,,C,C,C,231.32,1,SALEUSER1,OR1000000487000010,2024-05-08,,114647
100,1000000488,000010,MAT00028,Material MAT00028,117.0,EA,215434.44,USD,P001,SL02,R0003,TAN,,C,C,C,1841.32,1,SALEUSER2,OR1000000488000010,2024-06-06,,131019
100,1000000489,000010,MAT00017,Material MAT00017,176.0,EA,16881.92,USD,P003,SL02,R0002,TAN,,C,C,C,95.92,1,SALEUSER3,OR1000000489000010,2024-09-25,,170152
100,1000000490,000010,MAT00019,Material MAT00019,179.0,EA,140420.13,USD,P001,SL02,R0004,TAN,,C,C,C,784.47,1,SALEUSER2,OR1000000490000010,2024-02-23,,163343
100,1000000490,000020,MAT00017,Material MAT00017,157.0,EA,46570.91,USD,P001,SL02,R0004,TAN,,C,C,C,296.63,1,SALEUSER2,OR1000000490000020,2024-02-23,,123702
100,1000000491,000010,MAT00018,Material MAT00018,140.0,EA,154366.8,USD,P001,SL02,R0003,TAN,,C,C,C,1102.62,1,SALEUSER3,OR1000000491000010,2024-08-14,,122654
100,1000000492,000010,MAT00016,Material MAT00016,192.0,EA,215141.76,USD,P003,SL02,R0004,TAN,,C,C,C,1120.53,1,SALEUSER2,OR1000000492000010,2024-02-11,,131601
100,1000000493,000010,MAT00032,Material MAT00032,115.0,EA,11567.85,USD,P003,SL03,R0001,TAN,,C,C,C,100.59,1,SALEUSER2,OR1000000493000010,2024-09-10,,104414
100,1000000493,000020,MAT00018,Material MAT00018,158.0,EA,50730.64,USD,P003,SL03,R0001,TAN,,C,C,C,321.08,1,SALEUSER2,OR1000000493000020,2024-09-10,,161619
100,1000000494,000010,MAT00022,Material MAT00022,78.0,EA,121192.5,USD,P003,SL01,R0003,TAN,,C,C,C,1553.75,1,SALEUSER1,OR1000000494000010,2024-02-18,,174402
100,1000000495,000010,MAT00022,Material MAT00022,183.0,EA,264279.45,USD,P001,SL02,R0004,TAN,,C,C,C,1444.15,1,SALEUSER3,OR1000000495000010,2024-09-29,,105911
100,1000000495,000020,MAT00017,Material MAT00017,120.0,EA,98029.2,USD,P001,SL02,R0004,TAN,,C,C,C,816.91,1,SALEUSER3,OR1000000495000020,2024-09-29,,113428
100,1000000496,000010,MAT00031,Material MAT00031,39.0,EA,58709.82,USD,P003,SL02,R0002,TAN,,C,C,C,1505.38,1,SALEUSER1,OR1000000496000010,2024-05-07,,085722
100,1000000497,000010,MAT00026,Material MAT00026,125.0,EA,162655.0,USD,P002,SL02,R0003,TAN,,C,C,C,1301.24,1,SALEUSER2,OR1000000497000010,2024-05-30,,091315
100,1000000498,000010,MAT00019,Material MAT00019,171.0,EA,102105.81,USD,P003,SL02,R0004,TAN,,C,C,C,597.11,1,SALEUSER2,OR1000000498000010,2024-01-16,,122742
100,1000000499,000010,MAT00027,Material MAT00027,26.0,EA,39942.24,USD,P002,SL01,R0003,TAN,,C,C,C,1536.24,1,SALEUSER2,OR1000000499000010,2024-05-27,,102308
100,1000000499,000020,MAT00025,Material MAT00025,39.0,EA,74139.0,USD,P002,SL01,R0003,TAN,,C,C,C,1901.0,1,SALEUSER2,OR1000000499000020,2024-05-27,,124347
