MANDT,VBELN,POSNR,ETENR,ETTYP,EDATU,LDDAT,WMENG,BMENG,OMENG,ROUTE,MEINS,MBDAT
100,1000000000,000010,0001,BE,2024-04-20,2024-04-20,165.0,165.0,165.0,R0002,EA,2024-04-18
100,1000000001,000010,0001,BE,2024-04-27,2024-04-27,62.0,62.0,62.0,R0002,EA,2024-04-26
100,1000000002,000010,0001,BE,2024-03-19,2024-03-19,175.0,175.0,175.0,R0004,EA,2024-03-18
100,1000000002,000020,0001,BE,2024-03-19,2024-03-19,168.0,168.0,168.0,R0004,EA,2024-03-16
100,1000000003,000010,0001,BE,2024-07-09,2024-07-09,31.0,31.0,31.0,R0003,EA,2024-07-08
100,1000000004,000010,0001,BE,2024-02-29,2024-02-29,180.0,180.0,180.0,R0003,EA,2024-02-27
100,1000000005,000010,0001,BE,2024-05-23,2024-05-23,75.0,75.0,75.0,R0001,EA,2024-05-22
100,1000000006,000010,0001,BE,2024-06-13,2024-06-13,16.0,16.0,16.0,R0002,EA,2024-06-10
100,1000000006,000020,0001,BE,2024-06-13,2024-06-13,49.0,49.0,49.0,R0002,EA,2024-06-10
100,1000000007,000010,0001,BE,2024-06-22,2024-06-22,116.0,116.0,116.0,R0004,EA,2024-06-19
100,1000000007,000020,0001,BE,2024-06-22,2024-06-22,60.0,60.0,60.0,R0004,EA,2024-06-21
100,1000000008,000010,0001,BE,2024-02-21,2024-02-21,108.0,108.0,108.0,R0002,EA,2024-02-20
100,1000000009,000010,0001,BE,2024-09-13,2024-09-13,175.0,175.0,175.0,R0001,EA,2024-09-12
100,1000000010,000010,0001,BE,2024-04-01,2024-04-01,89.0,89.0,89.0,R0003,EA,2024-03-29
100,1000000010,000020,0001,BE,2024-04-01,2024-04-01,89.0,89.0,89.0,R0003,EA,2024-03-30
100,1000000011,000010,0001,BE,2024-03-18,2024-03-18,91.0,91.0,91.0,R0002,EA,2024-03-16
100,1000000012,000010,0001,BE,2024-05-23,2024-05-23,37.0,37.0,37.0,R0001,EA,2024-05-20
100,1000000013,000010,0001,BE,2024-07-12,2024-07-12,8.0,8.0,8.0,R0003,EA,2024-07-09
100,1000000014,000010,0001,BE,2024-05-25,2024-05-25,66.0,66.0,66.0,R0003,EA,2024-05-22
100,1000000015,000010,0001,BE,2024-03-07,2024-03-07,18.0,18.0,18.0,R0004,EA,2024-03-04
100,1000000016,000010,0001,BE,2024-03-09,2024-03-09,10.0,10.0,10.0,R0002,EA,2024-03-07
100,1000000016,000020,0001,BE,2024-03-09,2024-03-09,130.0,130.0,130.0,R0002,EA,2024-03-08
100,1000000017,000010,0001,BE,2024-09-30,2024-09-30,169.0,169.0,169.0,R0004,EA,2024-09-29
100,1000000018,000010,0001,BE,2024-04-19,2024-04-19,85.0,85.0,85.0,R0003,EA,2024-04-17
100,1000000018,000020,0001,BE,2024-04-19,2024-04-19,128.0,128.0,128.0,R0003,EA,2024-04-18
100,1000000019,000010,0001,BE,2024-03-28,2024-03-28,74.0,0,74.0,R0002,EA,2024-03-26
100,1000000020,000010,0001,BE,2024-04-18,2024-04-18,102.0,102.0,102.0,R0004,EA,2024-04-17
100,1000000021,000010,0001,BE,2024-05-27,2024-05-27,156.0,156.0,156.0,R0001,EA,2024-05-25
100,1000000022,000010,0001,BE,2024-01-25,2024-01-25,127.0,127.0,127.0,R0001,EA,2024-01-24
100,1000000023,000010,0001,BE,2024-01-29,2024-01-29,170.0,170.0,170.0,R0001,EA,2024-01-26
100,1000000024,000010,0001,BE,2024-08-19,2024-08-19,78.0,78.0,78.0,R0002,EA,2024-08-16
100,1000000024,000020,0001,BE,2024-08-19,2024-08-19,83.0,83.0,83.0,R0002,EA,2024-08-18
100,1000000025,000010,0001,BE,2024-05-07,2024-05-07,61.0,61.0,61.0,R0003,EA,2024-05-05
100,1000000026,000010,0001,BE,2024-09-24,2024-09-24,138.0,138.0,138.0,R0003,EA,2024-09-23
100,1000000027,000010,0001,BE,2024-05-03,2024-05-03,32.0,32.0,32.0,R0003,EA,2024-05-02
100,1000000028,000010,0001,BE,2024-06-04,2024-06-04,199.0,199.0,199.0,R0002,EA,2024-06-01
100,1000000029,000010,0001,BE,2024-08-31,2024-08-31,108.0,108.0,108.0,R0002,EA,2024-08-29
100,1000000029,000020,0001,BE,2024-08-31,2024-08-31,123.0,123.0,123.0,R0002,EA,2024-08-28
100,1000000030,000010,0001,BE,2024-09-11,2024-09-11,28.0,28.0,28.0,R0001,EA,2024-09-10
100,1000000031,000010,0001,BE,2024-10-07,2024-10-07,166.0,166.0,166.0,R0002,EA,2024-10-04
100,1000000032,000010,0001,BE,2024-07-26,2024-07-26,130.0,130.0,130.0,R0003,EA,2024-07-24
100,1000000033,000010,0001,BE,2024-07-31,2024-07-31,184.0,184.0,184.0,R0001,EA,2024-07-30
100,1000000034,000010,0001,BE,2024-02-28,2024-02-28,195.0,195.0,195.0,R0004,EA,2024-02-27
100,1000000035,000010,0001,BE,2024-10-17,2024-10-17,132.0,132.0,132.0,R0004,EA,2024-10-14
100,1000000036,000010,0001,BE,2024-02-28,2024-02-28,98.0,98.0,98.0,R0001,EA,2024-02-26
100,1000000036,000020,0001,BE,2024-02-28,2024-02-28,73.0,73.0,73.0,R0001,EA,2024-02-26
100,1000000037,000010,0001,BE,2024-05-16,2024-05-16,36.0,36.0,36.0,R0001,EA,2024-05-14
100,1000000038,000010,0001,BE,2024-02-27,2024-02-27,156.0,156.0,156.0,R0001,EA,2024-02-25
100,1000000038,000020,0001,BE,2024-02-27,2024-02-27,36.0,36.0,36.0,R0001,EA,2024-02-25
100,1000000039,000010,0001,BE,2024-02-08,2024-02-08,64.0,64.0,64.0,R0003,EA,2024-02-07
100,1000000040,000010,0001,BE,2024-04-29,2024-04-29,17.0,17.0,17.0,R0001,EA,2024-04-28
100,1000000041,000010,0001,BE,2024-07-30,2024-07-30,176.0,176.0,176.0,R0004,EA,2024-07-28
100,1000000042,000010,0001,BE,2024-07-15,2024-07-15,150.0,150.0,150.0,R0002,EA,2024-07-13
100,1000000043,000010,0001,BE,2024-05-20,2024-05-20,96.0,96.0,96.0,R0003,EA,2024-05-19
100,1000000044,000010,0001,BE,2024-08-11,2024-08-11,29.0,29.0,29.0,R0003,EA,2024-08-10
100,1000000045,000010,0001,BE,2024-10-20,2024-10-20,199.0,199.0,199.0,R0004,EA,2024-10-18
100,1000000046,000010,0001,BE,2024-06-11,2024-06-11,62.0,62.0,62.0,R0002,EA,2024-06-09
100,1000000047,000010,0001,BE,2024-09-11,2024-09-11,178.0,0,178.0,R0002,EA,2024-09-10
100,1000000048,000010,0001,BE,2024-10-15,2024-10-15,118.0,118.0,118.0,R0004,EA,2024-10-12
100,1000000049,000010,0001,BE,2024-03-06,2024-03-06,136.0,136.0,136.0,R0004,EA,2024-03-03
100,1000000050,000010,0001,BE,2024-01-28,2024-01-28,35.0,35.0,35.0,R0004,EA,2024-01-25
100,1000000051,000010,0001,BE,2024-07-01,2024-07-01,95.0,95.0,95.0,R0002,EA,2024-06-30
100,1000000051,000020,0001,BE,2024-07-01,2024-07-01,93.0,93.0,93.0,R0002,EA,2024-06-30
100,1000000052,000010,0001,BE,2024-02-09,2024-02-09,66.0,66.0,66.0,R0001,EA,2024-02-08
100,1000000053,000010,0001,BE,2024-04-28,2024-04-28,23.0,23.0,23.0,R0002,EA,2024-04-25
100,1000000053,000020,0001,BE,2024-04-28,2024-04-28,200.0,200.0,200.0,R0002,EA,2024-04-26
100,1000000054,000010,0001,BE,2024-06-02,2024-06-02,77.0,0,77.0,R0002,EA,2024-06-01
100,1000000055,000010,0001,BE,2024-08-08,2024-08-08,159.0,159.0,159.0,R0001,EA,2024-08-07
100,1000000056,000010,0001,BE,2024-04-18,2024-04-18,8.0,8.0,8.0,R0002,EA,2024-04-17
100,1000000057,000010,0001,BE,2024-03-22,2024-03-22,32.0,32.0,32.0,R0004,EA,2024-03-19
100,1000000058,000010,0001,BE,2024-09-24,2024-09-24,173.0,173.0,173.0,R0001,EA,2024-09-22
100,1000000058,000020,0001,BE,2024-09-24,2024-09-24,25.0,25.0,25.0,R0001,EA,2024-09-21
100,1000000059,000010,0001,BE,2024-05-11,2024-05-11,190.0,190.0,190.0,R0004,EA,2024-05-08
100,1000000059,000020,0001,BE,2024-05-11,2024-05-11,10.0,10.0,10.0,R0004,EA,2024-05-08
100,1000000060,000010,0001,BE,2024-08-25,2024-08-25,66.0,66.0,66.0,R0002,EA,2024-08-24
100,1000000061,000010,0001,BE,2024-06-07,2024-06-07,147.0,147.0,147.0,R0002,EA,2024-06-04
100,1000000062,000010,0001,BE,2024-05-28,2024-05-28,155.0,155.0,155.0,R0004,EA,2024-05-26
100,1000000063,000010,0001,BE,2024-10-14,2024-10-14,36.0,36.0,36.0,R0003,EA,2024-10-12
100,1000000064,000010,0001,BE,2024-04-14,2024-04-14,12.0,12.0,12.0,R0001,EA,2024-04-12
100,1000000065,000010,0001,BE,2024-07-25,2024-07-25,35.0,35.0,35.0,R0003,EA,2024-07-23
100,1000000065,000020,0001,BE,2024-07-25,2024-07-25,178.0,178.0,178.0,R0003,EA,2024-07-22
100,1000000066,000010,0001,BE,2024-04-26,2024-04-26,129.0,129.0,129.0,R0003,EA,2024-04-24
100,1000000066,000020,0001,BE,2024-04-26,2024-04-26,68.0,68.0,68.0,R0003,EA,2024-04-24
100,1000000067,000010,0001,BE,2024-07-13,2024-07-13,53.0,53.0,53.0,R0004,EA,2024-07-10
100,1000000068,000010,0001,BE,2024-01-28,2024-01-28,132.0,132.0,132.0,R0001,EA,2024-01-25
100,1000000069,000010,0001,BE,2024-03-02,2024-03-02,45.0,45.0,45.0,R0003,EA,2024-03-01
100,1000000069,000020,0001,BE,2024-03-02,2024-03-02,180.0,180.0,180.0,R0003,EA,2024-02-28
100,1000000070,000010,0001,BE,2024-10-02,2024-10-02,23.0,23.0,23.0,R0001,EA,2024-09-29
100,1000000071,000010,0001,BE,2024-03-07,2024-03-07,125.0,125.0,125.0,R0004,EA,2024-03-06
100,1000000072,000010,0001,BE,2024-06-21,2024-06-21,149.0,149.0,149.0,R0004,EA,2024-06-20
100,1000000073,000010,0001,BE,2024-08-01,2024-08-01,83.0,83.0,83.0,R0004,EA,2024-07-29
100,1000000074,000010,0001,BE,2024-05-25,2024-05-25,181.0,181.0,181.0,R0002,EA,2024-05-24
100,1000000075,000010,0001,BE,2024-06-28,2024-06-28,44.0,44.0,44.0,R0003,EA,2024-06-26
100,1000000076,000010,0001,BE,2024-04-23,2024-04-23,135.0,135.0,135.0,R0004,EA,2024-04-20
100,1000000077,000010,0001,BE,2024-03-21,2024-03-21,23.0,23.0,23.0,R0002,EA,2024-03-20
100,1000000078,000010,0001,BE,2024-09-06,2024-09-06,89.0,89.0,89.0,R0003,EA,2024-09-05
100,1000000079,000010,0001,BE,2024-04-06,2024-04-06,97.0,97.0,97.0,R0003,EA,2024-04-05
100,1000000080,000010,0001,BE,2024-05-25,2024-05-25,4.0,4.0,4.0,R0001,EA,2024-05-24
100,1000000081,000010,0001,BE,2024-02-13,2024-02-13,28.0,28.0,28.0,R0004,EA,2024-02-10
100,1000000081,000020,0001,BE,2024-02-13,2024-02-13,41.0,41.0,41.0,R0004,EA,2024-02-12
100,1000000082,000010,0001,BE,2024-03-12,2024-03-12,195.0,195.0,195.0,R0003,EA,2024-03-11
100,1000000083,000010,0001,BE,2024-09-22,2024-09-22,104.0,104.0,104.0,R0001,EA,2024-09-21
100,1000000084,000010,0001,BE,2024-03-15,2024-03-15,157.0,157.0,157.0,R0002,EA,2024-03-13
100,1000000084,000020,0001,BE,2024-03-15,2024-03-15,161.0,161.0,161.0,R0002,EA,2024-03-13
100,1000000085,000010,0001,BE,2024-03-14,2024-03-14,163.0,163.0,163.0,R0001,EA,2024-03-11
100,1000000086,000010,0001,BE,2024-09-30,2024-09-30,112.0,112.0,112.0,R0002,EA,2024-09-27
100,1000000086,000020,0001,BE,2024-09-30,2024-09-30,178.0,178.0,178.0,R0002,EA,2024-09-28
100,1000000087,000010,0001,BE,2024-01-21,2024-01-21,48.0,48.0,48.0,R0003,EA,2024-01-19
100,1000000088,000010,0001,BE,2024-10-04,2024-10-04,176.0,176.0,176.0,R0003,EA,2024-10-03
100,1000000088,000020,0001,BE,2024-10-04,2024-10-04,46.0,46.0,46.0,R0003,EA,2024-10-03
100,1000000089,000010,0001,BE,2024-10-13,2024-10-13,191.0,191.0,191.0,R0002,EA,2024-10-11
100,1000000090,000010,0001,BE,2024-10-09,2024-10-09,112.0,112.0,112.0,R0004,EA,2024-10-06
100,1000000091,000010,0001,BE,2024-04-12,2024-04-12,185.0,185.0,185.0,R0004,EA,2024-04-10
100,1000000091,000020,0001,BE,2024-04-12,2024-04-12,187.0,187.0,187.0,R0004,EA,2024-04-09
100,1000000092,000010,0001,BE,2024-08-19,2024-08-19,1.0,0,1.0,R0001,EA,2024-08-17
100,1000000093,000010,0001,BE,2024-10-02,2024-10-02,112.0,112.0,112.0,R0002,EA,2024-10-01
100,1000000094,000010,0001,BE,2024-10-28,2024-10-28,41.0,41.0,41.0,R0003,EA,2024-10-25
100,1000000094,000020,0001,BE,2024-10-28,2024-10-28,30.0,30.0,30.0,R0003,EA,2024-10-27
100,1000000095,000010,0001,BE,2024-09-25,2024-09-25,81.0,81.0,81.0,R0002,EA,2024-09-23
100,1000000096,000010,0001,BE,2024-02-05,2024-02-05,105.0,105.0,105.0,R0003,EA,2024-02-02
100,1000000096,000020,0001,BE,2024-02-05,2024-02-05,43.0,43.0,43.0,R0003,EA,2024-02-02
100,1000000097,000010,0001,BE,2024-09-18,2024-09-18,137.0,137.0,137.0,R0002,EA,2024-09-15
100,1000000098,000010,0001,BE,2024-02-11,2024-02-11,174.0,174.0,174.0,R0002,EA,2024-02-10
100,1000000099,000010,0001,BE,2024-08-21,2024-08-21,137.0,137.0,137.0,R0003,EA,2024-08-19
100,1000000099,000020,0001,BE,2024-08-21,2024-08-21,115.0,115.0,115.0,R0003,EA,2024-08-20
100,1000000100,000010,0001,BE,2024-04-21,2024-04-21,127.0,127.0,127.0,R0002,EA,2024-04-18
100,1000000101,000010,0001,BE,2024-03-29,2024-03-29,17.0,17.0,17.0,R0001,EA,2024-03-28
100,1000000102,000010,0001,BE,2024-06-17,2024-06-17,112.0,112.0,112.0,R0003,EA,2024-06-14
100,1000000102,000020,0001,BE,2024-06-17,2024-06-17,159.0,159.0,159.0,R0003,EA,2024-06-16
100,1000000103,000010,0001,BE,2024-03-04,2024-03-04,4.0,4.0,4.0,R0004,EA,2024-03-02
100,1000000104,000010,0001,BE,2024-08-13,2024-08-13,180.0,180.0,180.0,R0001,EA,2024-08-12
100,1000000105,000010,0001,BE,2024-02-10,2024-02-10,115.0,115.0,115.0,R0001,EA,2024-02-09
100,1000000106,000010,0001,BE,2024-03-15,2024-03-15,178.0,178.0,178.0,R0002,EA,2024-03-14
100,1000000106,000020,0001,BE,2024-03-15,2024-03-15,16.0,16.0,16.0,R0002,EA,2024-03-14
100,1000000107,000010,0001,BE,2024-02-11,2024-02-11,153.0,153.0,153.0,R0003,EA,2024-02-09
100,1000000108,000010,0001,BE,2024-04-30,2024-04-30,115.0,115.0,115.0,R0003,EA,2024-04-27
100,1000000109,000010,0001,BE,2024-04-25,2024-04-25,192.0,192.0,192.0,R0003,EA,2024-04-22
100,1000000110,000010,0001,BE,2024-07-16,2024-07-16,60.0,0,60.0,R0001,EA,2024-07-13
100,1000000111,000010,0001,BE,2024-06-12,2024-06-12,26.0,26.0,26.0,R0004,EA,2024-06-10
100,1000000112,000010,0001,BE,2024-10-19,2024-10-19,146.0,146.0,146.0,R0003,EA,2024-10-17
100,1000000113,000010,0001,BE,2024-08-31,2024-08-31,137.0,137.0,137.0,R0002,EA,2024-08-30
100,1000000114,000010,0001,BE,2024-03-31,2024-03-31,143.0,143.0,143.0,R0004,EA,2024-03-29
100,1000000115,000010,0001,BE,2024-08-13,2024-08-13,73.0,0,73.0,R0002,EA,2024-08-10
100,1000000116,000010,0001,BE,2024-08-01,2024-08-01,56.0,56.0,56.0,R0004,EA,2024-07-30
100,1000000117,000010,0001,BE,2024-02-17,2024-02-17,118.0,0,118.0,R0003,EA,2024-02-14
100,1000000117,000020,0001,BE,2024-02-17,2024-02-17,82.0,0,82.0,R0003,EA,2024-02-15
100,1000000118,000010,0001,BE,2024-02-05,2024-02-05,23.0,23.0,23.0,R0002,EA,2024-02-03
100,1000000119,000010,0001,BE,2024-07-16,2024-07-16,42.0,42.0,42.0,R0001,EA,2024-07-13
100,1000000120,000010,0001,BE,2024-07-31,2024-07-31,68.0,68.0,68.0,R0004,EA,2024-07-28
100,1000000121,000010,0001,BE,2024-09-01,2024-09-01,120.0,120.0,120.0,R0002,EA,2024-08-30
100,1000000122,000010,0001,BE,2024-04-28,2024-04-28,59.0,59.0,59.0,R0001,EA,2024-04-26
100,1000000122,000020,0001,BE,2024-04-28,2024-04-28,35.0,35.0,35.0,R0001,EA,2024-04-27
100,1000000123,000010,0001,BE,2024-04-11,2024-04-11,99.0,99.0,99.0,R0003,EA,2024-04-08
100,1000000124,000010,0001,BE,2024-06-12,2024-06-12,107.0,107.0,107.0,R0004,EA,2024-06-11
100,1000000125,000010,0001,BE,2024-07-01,2024-07-01,101.0,101.0,101.0,R0001,EA,2024-06-29
100,1000000126,000010,0001,BE,2024-07-16,2024-07-16,71.0,71.0,71.0,R0003,EA,2024-07-13
100,1000000127,000010,0001,BE,2024-09-03,2024-09-03,106.0,106.0,106.0,R0004,EA,2024-09-01
100,1000000128,000010,0001,BE,2024-05-15,2024-05-15,89.0,89.0,89.0,R0001,EA,2024-05-12
100,1000000128,000020,0001,BE,2024-05-15,2024-05-15,89.0,89.0,89.0,R0001,EA,2024-05-13
100,1000000129,000010,0001,BE,2024-09-18,2024-09-18,145.0,145.0,145.0,R0002,EA,2024-09-17
100,1000000130,000010,0001,BE,2024-07-30,2024-07-30,185.0,185.0,185.0,R0004,EA,2024-07-29
100,1000000131,000010,0001,BE,2024-08-07,2024-08-07,169.0,169.0,169.0,R0002,EA,2024-08-06
100,1000000132,000010,0001,BE,2024-10-02,2024-10-02,134.0,134.0,134.0,R0001,EA,2024-09-29
100,1000000133,000010,0001,BE,2024-05-10,2024-05-10,66.0,66.0,66.0,R0001,EA,2024-05-07
100,1000000133,000020,0001,BE,2024-05-10,2024-05-10,83.0,83.0,83.0,R0001,EA,2024-05-07
100,1000000134,000010,0001,BE,2024-06-11,2024-06-11,22.0,22.0,22.0,R0002,EA,2024-06-10
100,1000000135,000010,0001,BE,2024-09-02,2024-09-02,103.0,103.0,103.0,R0001,EA,2024-08-30
100,1000000135,000020,0001,BE,2024-09-02,2024-09-02,99.0,99.0,99.0,R0001,EA,2024-08-31
100,1000000136,000010,0001,BE,2024-06-09,2024-06-09,44.0,44.0,44.0,R0004,EA,2024-06-06
100,1000000137,000010,0001,BE,2024-04-25,2024-04-25,171.0,171.0,171.0,R0003,EA,2024-04-24
100,1000000138,000010,0001,BE,2024-07-18,2024-07-18,186.0,186.0,186.0,R0003,EA,2024-07-17
100,1000000139,000010,0001,BE,2024-08-10,2024-08-10,57.0,57.0,57.0,R0003,EA,2024-08-08
100,1000000140,000010,0001,BE,2024-06-27,2024-06-27,194.0,194.0,194.0,R0004,EA,2024-06-24
100,1000000140,000020,0001,BE,2024-06-27,2024-06-27,3.0,3.0,3.0,R0004,EA,2024-06-24
100,1000000141,000010,0001,BE,2024-02-07,2024-02-07,91.0,91.0,91.0,R0001,EA,2024-02-05
100,1000000142,000010,0001,BE,2024-03-30,2024-03-30,124.0,124.0,124.0,R0001,EA,2024-03-28
100,1000000143,000010,0001,BE,2024-07-12,2024-07-12,159.0,159.0,159.0,R0001,EA,2024-07-11
100,1000000144,000010,0001,BE,2024-06-16,2024-06-16,79.0,79.0,79.0,R0003,EA,2024-06-13
100,1000000145,000010,0001,BE,2024-08-26,2024-08-26,13.0,13.0,13.0,R0003,EA,2024-08-24
100,1000000146,000010,0001,BE,2024-08-17,2024-08-17,100.0,100.0,100.0,R0003,EA,2024-08-14
100,1000000147,000010,0001,BE,2024-08-02,2024-08-02,123.0,123.0,123.0,R0001,EA,2024-07-31
100,1000000147,000020,0001,BE,2024-08-02,2024-08-02,90.0,90.0,90.0,R0001,EA,2024-08-01
100,1000000148,000010,0001,BE,2024-04-16,2024-04-16,123.0,123.0,123.0,R0002,EA,2024-04-14
100,1000000149,000010,0001,BE,2024-08-19,2024-08-19,41.0,41.0,41.0,R0001,EA,2024-08-17
100,1000000149,000020,0001,BE,2024-08-19,2024-08-19,119.0,119.0,119.0,R0001,EA,2024-08-17
100,1000000150,000010,0001,BE,2024-08-28,2024-08-28,82.0,82.0,82.0,R0001,EA,2024-08-26
100,1000000151,000010,0001,BE,2024-06-27,2024-06-27,167.0,167.0,167.0,R0003,EA,2024-06-25
100,1000000151,000020,0001,BE,2024-06-27,2024-06-27,3.0,3.0,3.0,R0003,EA,2024-06-24
100,1000000152,000010,0001,BE,2024-07-12,2024-07-12,127.0,127.0,127.0,R0001,EA,2024-07-11
100,1000000153,000010,0001,BE,2024-03-15,2024-03-15,174.0,174.0,174.0,R0001,EA,2024-03-14
100,1000000153,000020,0001,BE,2024-03-15,2024-03-15,191.0,191.0,191.0,R0001,EA,2024-03-13
100,1000000154,000010,0001,BE,2024-08-26,2024-08-26,149.0,149.0,149.0,R0004,EA,2024-08-24
100,1000000155,000010,0001,BE,2024-08-06,2024-08-06,66.0,66.0,66.0,R0004,EA,2024-08-03
100,1000000156,000010,0001,BE,2024-05-08,2024-05-08,168.0,168.0,168.0,R0002,EA,2024-05-06
100,1000000157,000010,0001,BE,2024-07-20,2024-07-20,190.0,190.0,190.0,R0003,EA,2024-07-18
100,1000000157,000020,0001,BE,2024-07-20,2024-07-20,111.0,111.0,111.0,R0003,EA,2024-07-17
100,1000000158,000010,0001,BE,2024-05-10,2024-05-10,174.0,174.0,174.0,R0004,EA,2024-05-08
100,1000000159,000010,0001,BE,2024-04-05,2024-04-05,195.0,0,195.0,R0004,EA,2024-04-02
100,1000000160,000010,0001,BE,2024-10-06,2024-10-06,66.0,66.0,66.0,R0004,EA,2024-10-05
100,1000000161,000010,0001,BE,2024-05-06,2024-05-06,41.0,41.0,41.0,R0002,EA,2024-05-04
100,1000000162,000010,0001,BE,2024-07-07,2024-07-07,178.0,178.0,178.0,R0002,EA,2024-07-06
100,1000000163,000010,0001,BE,2024-10-03,2024-10-03,168.0,168.0,168.0,R0004,EA,2024-10-01
100,1000000163,000020,0001,BE,2024-10-03,2024-10-03,48.0,48.0,48.0,R0004,EA,2024-10-01
100,1000000164,000010,0001,BE,2024-01-25,2024-01-25,42.0,42.0,42.0,R0003,EA,2024-01-23
100,1000000165,000010,0001,BE,2024-07-15,2024-07-15,35.0,35.0,35.0,R0004,EA,2024-07-14
100,1000000166,000010,0001,BE,2024-07-19,2024-07-19,48.0,48.0,48.0,R0004,EA,2024-07-17
100,1000000167,000010,0001,BE,2024-05-01,2024-05-01,197.0,197.0,197.0,R0004,EA,2024-04-28
100,1000000168,000010,0001,BE,2024-04-05,2024-04-05,69.0,69.0,69.0,R0002,EA,2024-04-04
100,1000000168,000020,0001,BE,2024-04-05,2024-04-05,92.0,92.0,92.0,R0002,EA,2024-04-02
100,1000000169,000010,0001,BE,2024-03-13,2024-03-13,52.0,52.0,52.0,R0004,EA,2024-03-10
100,1000000170,000010,0001,BE,2024-04-05,2024-04-05,52.0,52.0,52.0,R0003,EA,2024-04-03
100,1000000171,000010,0001,BE,2024-03-07,2024-03-07,2.0,2.0,2.0,R0003,EA,2024-03-05
100,1000000171,000020,0001,BE,2024-03-07,2024-03-07,39.0,39.0,39.0,R0003,EA,2024-03-06
100,1000000172,000010,0001,BE,2024-05-19,2024-05-19,5.0,0,5.0,R0003,EA,2024-05-18
100,1000000173,000010,0001,BE,2024-07-25,2024-07-25,53.0,53.0,53.0,R0003,EA,2024-07-22
100,1000000174,000010,0001,BE,2024-05-02,2024-05-02,112.0,112.0,112.0,R0003,EA,2024-04-30
100,1000000175,000010,0001,BE,2024-02-12,2024-02-12,24.0,24.0,24.0,R0004,EA,2024-02-09
100,1000000175,000020,0001,BE,2024-02-12,2024-02-12,26.0,26.0,26.0,R0004,EA,2024-02-10
100,1000000176,000010,0001,BE,2024-08-24,2024-08-24,28.0,28.0,28.0,R0002,EA,2024-08-21
100,1000000177,000010,0001,BE,2024-07-03,2024-07-03,159.0,159.0,159.0,R0003,EA,2024-07-01
100,1000000178,000010,0001,BE,2024-04-13,2024-04-13,124.0,124.0,124.0,R0004,EA,2024-04-12
100,1000000179,000010,0001,BE,2024-08-12,2024-08-12,141.0,141.0,141.0,R0003,EA,2024-08-11
100,1000000180,000010,0001,BE,2024-06-04,2024-06-04,180.0,180.0,180.0,R0003,EA,2024-06-02
100,1000000181,000010,0001,BE,2024-06-28,2024-06-28,62.0,62.0,62.0,R0003,EA,2024-06-25
100,1000000182,000010,0001,BE,2024-05-01,2024-05-01,24.0,24.0,24.0,R0003,EA,2024-04-30
100,1000000183,000010,0001,BE,2024-07-17,2024-07-17,1.0,1.0,1.0,R0004,EA,2024-07-15
100,1000000184,000010,0001,BE,2024-10-28,2024-10-28,81.0,81.0,81.0,R0004,EA,2024-10-26
100,1000000184,000020,0001,BE,2024-10-28,2024-10-28,200.0,200.0,200.0,R0004,EA,2024-10-25
100,1000000185,000010,0001,BE,2024-05-24,2024-05-24,130.0,130.0,130.0,R0001,EA,2024-05-22
100,1000000186,000010,0001,BE,2024-06-01,2024-06-01,174.0,174.0,174.0,R0001,EA,2024-05-31
100,1000000187,000010,0001,BE,2024-05-17,2024-05-17,68.0,68.0,68.0,R0003,EA,2024-05-16
100,1000000188,000010,0001,BE,2024-07-01,2024-07-01,124.0,124.0,124.0,R0001,EA,2024-06-28
100,1000000189,000010,0001,BE,2024-09-02,2024-09-02,108.0,0,108.0,R0002,EA,2024-08-30
100,1000000189,000020,0001,BE,2024-09-02,2024-09-02,49.0,0,49.0,R0002,EA,2024-09-01
100,1000000190,000010,0001,BE,2024-04-16,2024-04-16,20.0,0,20.0,R0001,EA,2024-04-13
100,1000000191,000010,0001,BE,2024-05-01,2024-05-01,123.0,123.0,123.0,R0001,EA,2024-04-30
100,1000000192,000010,0001,BE,2024-05-31,2024-05-31,132.0,132.0,132.0,R0001,EA,2024-05-29
100,1000000193,000010,0001,BE,2024-10-18,2024-10-18,49.0,0,49.0,R0001,EA,2024-10-15
100,1000000194,000010,0001,BE,2024-06-18,2024-06-18,105.0,105.0,105.0,R0002,EA,2024-06-17
100,1000000195,000010,0001,BE,2024-05-21,2024-05-21,58.0,58.0,58.0,R0001,EA,2024-05-18
100,1000000195,000020,0001,BE,2024-05-21,2024-05-21,79.0,79.0,79.0,R0001,EA,2024-05-19
100,1000000196,000010,0001,BE,2024-05-17,2024-05-17,39.0,39.0,39.0,R0003,EA,2024-05-16
100,1000000197,000010,0001,BE,2024-07-14,2024-07-14,74.0,0,74.0,R0003,EA,2024-07-13
100,1000000198,000010,0001,BE,2024-09-14,2024-09-14,84.0,84.0,84.0,R0001,EA,2024-09-13
100,1000000199,000010,0001,BE,2024-03-29,2024-03-29,63.0,63.0,63.0,R0003,EA,2024-03-27
100,1000000199,000020,0001,BE,2024-03-29,2024-03-29,105.0,105.0,105.0,R0003,EA,2024-03-28
100,1000000200,000010,0001,BE,2024-03-04,2024-03-04,66.0,66.0,66.0,R0004,EA,2024-03-01
100,1000000201,000010,0001,BE,2024-09-27,2024-09-27,56.0,56.0,56.0,R0004,EA,2024-09-26
100,1000000202,000010,0001,BE,2024-07-24,2024-07-24,174.0,174.0,174.0,R0001,EA,2024-07-22
100,1000000202,000020,0001,BE,2024-07-24,2024-07-24,7.0,7.0,7.0,R0001,EA,2024-07-21
100,1000000203,000010,0001,BE,2024-06-17,2024-06-17,75.0,75.0,75.0,R0002,EA,2024-06-15
100,1000000203,000020,0001,BE,2024-06-17,2024-06-17,9.0,9.0,9.0,R0002,EA,2024-06-14
100,1000000204,000010,0001,BE,2024-07-21,2024-07-21,157.0,0,157.0,R0004,EA,2024-07-18
100,1000000204,000020,0001,BE,2024-07-21,2024-07-21,68.0,0,68.0,R0004,EA,2024-07-19
100,1000000205,000010,0001,BE,2024-06-02,2024-06-02,144.0,144.0,144.0,R0002,EA,2024-05-31
100,1000000206,000010,0001,BE,2024-09-21,2024-09-21,199.0,199.0,199.0,R0001,EA,2024-09-19
100,1000000207,000010,0001,BE,2024-02-08,2024-02-08,34.0,34.0,34.0,R0004,EA,2024-02-06
100,1000000208,000010,0001,BE,2024-09-07,2024-09-07,12.0,12.0,12.0,R0001,EA,2024-09-06
100,1000000209,000010,0001,BE,2024-08-07,2024-08-07,130.0,130.0,130.0,R0001,EA,2024-08-05
100,1000000210,000010,0001,BE,2024-02-27,2024-02-27,159.0,159.0,159.0,R0001,EA,2024-02-24
100,1000000211,000010,0001,BE,2024-02-11,2024-02-11,107.0,107.0,107.0,R0002,EA,2024-02-10
100,1000000211,000020,0001,BE,2024-02-11,2024-02-11,127.0,127.0,127.0,R0002,EA,2024-02-09
100,1000000212,000010,0001,BE,2024-09-30,2024-09-30,67.0,0,67.0,R0002,EA,2024-09-29
100,1000000213,000010,0001,BE,2024-06-06,2024-06-06,126.0,126.0,126.0,R0002,EA,2024-06-03
100,1000000213,000020,0001,BE,2024-06-06,2024-06-06,144.0,144.0,144.0,R0002,EA,2024-06-03
100,1000000214,000010,0001,BE,2024-02-26,2024-02-26,3.0,3.0,3.0,R0003,EA,2024-02-23
100,1000000214,000020,0001,BE,2024-02-26,2024-02-26,80.0,80.0,80.0,R0003,EA,2024-02-25
100,1000000215,000010,0001,BE,2024-06-13,2024-06-13,154.0,154.0,154.0,R0003,EA,2024-06-12
100,1000000216,000010,0001,BE,2024-07-13,2024-07-13,59.0,59.0,59.0,R0003,EA,2024-07-11
100,1000000217,000010,0001,BE,2024-08-29,2024-08-29,132.0,132.0,132.0,R0004,EA,2024-08-27
100,1000000218,000010,0001,BE,2024-11-02,2024-11-02,174.0,174.0,174.0,R0002,EA,2024-10-31
100,1000000219,000010,0001,BE,2024-08-20,2024-08-20,3.0,3.0,3.0,R0001,EA,2024-08-17
100,1000000220,000010,0001,BE,2024-07-09,2024-07-09,96.0,96.0,96.0,R0001,EA,2024-07-07
100,1000000221,000010,0001,BE,2024-07-01,2024-07-01,10.0,10.0,10.0,R0001,EA,2024-06-30
100,1000000222,000010,0001,BE,2024-04-28,2024-04-28,80.0,80.0,80.0,R0004,EA,2024-04-26
100,1000000223,000010,0001,BE,2024-06-09,2024-06-09,87.0,87.0,87.0,R0001,EA,2024-06-06
100,1000000224,000010,0001,BE,2024-06-14,2024-06-14,98.0,98.0,98.0,R0001,EA,2024-06-12
100,1000000224,000020,0001,BE,2024-06-14,2024-06-14,100.0,100.0,100.0,R0001,EA,2024-06-11
100,1000000225,000010,0001,BE,2024-05-26,2024-05-26,135.0,135.0,135.0,R0003,EA,2024-05-23
100,1000000226,000010,0001,BE,2024-08-21,2024-08-21,131.0,131.0,131.0,R0003,EA,2024-08-18
100,1000000227,000010,0001,BE,2024-06-22,2024-06-22,129.0,0,129.0,R0002,EA,2024-06-20
100,1000000228,000010,0001,BE,2024-01-30,2024-01-30,21.0,21.0,21.0,R0002,EA,2024-01-29
100,1000000228,000020,0001,BE,2024-01-30,2024-01-30,7.0,7.0,7.0,R0002,EA,2024-01-28
100,1000000229,000010,0001,BE,2024-09-14,2024-09-14,70.0,70.0,70.0,R0001,EA,2024-09-11
100,1000000230,000010,0001,BE,2024-08-25,2024-08-25,128.0,128.0,128.0,R0003,EA,2024-08-23
100,1000000231,000010,0001,BE,2024-10-01,2024-10-01,131.0,131.0,131.0,R0001,EA,2024-09-29
100,1000000232,000010,0001,BE,2024-07-29,2024-07-29,183.0,183.0,183.0,R0001,EA,2024-07-27
100,1000000233,000010,0001,BE,2024-09-04,2024-09-04,144.0,144.0,144.0,R0003,EA,2024-09-01
100,1000000234,000010,0001,BE,2024-02-27,2024-02-27,186.0,186.0,186.0,R0002,EA,2024-02-24
100,1000000235,000010,0001,BE,2024-09-05,2024-09-05,171.0,171.0,171.0,R0004,EA,2024-09-03
100,1000000235,000020,0001,BE,2024-09-05,2024-09-05,55.0,55.0,55.0,R0004,EA,2024-09-03
100,1000000236,000010,0001,BE,2024-09-05,2024-09-05,130.0,130.0,130.0,R0002,EA,2024-09-03
100,1000000237,000010,0001,BE,2024-03-22,2024-03-22,71.0,71.0,71.0,R0001,EA,2024-03-21
100,1000000237,000020,0001,BE,2024-03-22,2024-03-22,56.0,56.0,56.0,R0001,EA,2024-03-19
100,1000000238,000010,0001,BE,2024-02-02,2024-02-02,122.0,122.0,122.0,R0003,EA,2024-02-01
100,1000000239,000010,0001,BE,2024-09-18,2024-09-18,40.0,40.0,40.0,R0001,EA,2024-09-15
100,1000000239,000020,0001,BE,2024-09-18,2024-09-18,133.0,133.0,133.0,R0001,EA,2024-09-16
100,1000000240,000010,0001,BE,2024-05-01,2024-05-01,172.0,172.0,172.0,R0003,EA,2024-04-30
100,1000000241,000010,0001,BE,2024-10-03,2024-10-03,140.0,140.0,140.0,R0003,EA,2024-10-01
100,1000000242,000010,0001,BE,2024-06-26,2024-06-26,44.0,44.0,44.0,R0003,EA,2024-06-25
100,1000000243,000010,0001,BE,2024-08-26,2024-08-26,36.0,36.0,36.0,R0004,EA,2024-08-24
100,1000000243,000020,0001,BE,2024-08-26,2024-08-26,195.0,195.0,195.0,R0004,EA,2024-08-23
100,1000000244,000010,0001,BE,2024-01-19,2024-01-19,95.0,95.0,95.0,R0004,EA,2024-01-17
100,1000000245,000010,0001,BE,2024-05-28,2024-05-28,189.0,189.0,189.0,R0003,EA,2024-05-25
100,1000000245,000020,0001,BE,2024-05-28,2024-05-28,74.0,74.0,74.0,R0003,EA,2024-05-26
100,1000000246,000010,0001,BE,2024-08-12,2024-08-12,171.0,171.0,171.0,R0002,EA,2024-08-10
100,1000000247,000010,0001,BE,2024-09-05,2024-09-05,34.0,34.0,34.0,R0004,EA,2024-09-02
100,1000000248,000010,0001,BE,2024-09-09,2024-09-09,92.0,92.0,92.0,R0003,EA,2024-09-06
100,1000000249,000010,0001,BE,2024-07-26,2024-07-26,168.0,168.0,168.0,R0003,EA,2024-07-25
100,1000000250,000010,0001,BE,2024-08-17,2024-08-17,19.0,19.0,19.0,R0001,EA,2024-08-15
100,1000000251,000010,0001,BE,2024-05-24,2024-05-24,144.0,144.0,144.0,R0001,EA,2024-05-23
100,1000000252,000010,0001,BE,2024-07-12,2024-07-12,60.0,60.0,60.0,R0003,EA,2024-07-11
100,1000000252,000020,0001,BE,2024-07-12,2024-07-12,13.0,13.0,13.0,R0003,EA,2024-07-09
100,1000000253,000010,0001,BE,2024-07-01,2024-07-01,191.0,191.0,191.0,R0001,EA,2024-06-28
100,1000000254,000010,0001,BE,2024-10-06,2024-10-06,62.0,62.0,62.0,R0001,EA,2024-10-04
100,1000000255,000010,0001,BE,2024-06-11,2024-06-11,16.0,16.0,16.0,R0001,EA,2024-06-10
100,1000000256,000010,0001,BE,2024-04-29,2024-04-29,117.0,117.0,117.0,R0001,EA,2024-04-27
100,1000000257,000010,0001,BE,2024-03-02,2024-03-02,103.0,103.0,103.0,R0002,EA,2024-03-01
100,1000000258,000010,0001,BE,2024-04-01,2024-04-01,144.0,144.0,144.0,R0003,EA,2024-03-29
100,1000000259,000010,0001,BE,2024-06-15,2024-06-15,123.0,123.0,123.0,R0002,EA,2024-06-13
100,1000000260,000010,0001,BE,2024-07-03,2024-07-03,96.0,96.0,96.0,R0002,EA,2024-07-02
100,1000000261,000010,0001,BE,2024-09-02,2024-09-02,1.0,1.0,1.0,R0001,EA,2024-08-30
100,1000000261,000020,0001,BE,2024-09-02,2024-09-02,108.0,108.0,108.0,R0001,EA,2024-09-01
100,1000000262,000010,0001,BE,2024-10-05,2024-10-05,138.0,138.0,138.0,R0004,EA,2024-10-03
100,1000000263,000010,0001,BE,2024-10-01,2024-10-01,127.0,127.0,127.0,R0001,EA,2024-09-28
100,1000000264,000010,0001,BE,2024-05-08,2024-05-08,62.0,62.0,62.0,R0002,EA,2024-05-07
100,1000000265,000010,0001,BE,2024-04-20,2024-04-20,45.0,45.0,45.0,R0004,EA,2024-04-19
100,1000000266,000010,0001,BE,2024-08-09,2024-08-09,70.0,70.0,70.0,R0002,EA,2024-08-07
100,1000000267,000010,0001,BE,2024-09-17,2024-09-17,173.0,173.0,173.0,R0004,EA,2024-09-15
100,1000000267,000020,0001,BE,2024-09-17,2024-09-17,115.0,115.0,115.0,R0004,EA,2024-09-15
100,1000000268,000010,0001,BE,2024-05-16,2024-05-16,92.0,92.0,92.0,R0003,EA,2024-05-13
100,1000000269,000010,0001,BE,2024-01-30,2024-01-30,103.0,103.0,103.0,R0001,EA,2024-01-27
100,1000000270,000010,0001,BE,2024-07-19,2024-07-19,83.0,83.0,83.0,R0001,EA,2024-07-17
100,1000000271,000010,0001,BE,2024-06-03,2024-06-03,122.0,122.0,122.0,R0003,EA,2024-05-31
100,1000000271,000020,0001,BE,2024-06-03,2024-06-03,95.0,95.0,95.0,R0003,EA,2024-06-02
100,1000000272,000010,0001,BE,2024-07-30,2024-07-30,130.0,130.0,130.0,R0001,EA,2024-07-28
100,1000000272,000020,0001,BE,2024-07-30,2024-07-30,107.0,107.0,107.0,R0001,EA,2024-07-27
100,1000000273,000010,0001,BE,2024-07-01,2024-07-01,178.0,0,178.0,R0001,EA,2024-06-28
100,1000000274,000010,0001,BE,2024-07-29,2024-07-29,71.0,71.0,71.0,R0001,EA,2024-07-27
100,1000000275,000010,0001,BE,2024-04-23,2024-04-23,121.0,121.0,121.0,R0002,EA,2024-04-21
100,1000000276,000010,0001,BE,2024-05-23,2024-05-23,164.0,164.0,164.0,R0001,EA,2024-05-20
100,1000000277,000010,0001,BE,2024-02-07,2024-02-07,85.0,85.0,85.0,R0004,EA,2024-02-04
100,1000000278,000010,0001,BE,2024-03-24,2024-03-24,83.0,83.0,83.0,R0002,EA,2024-03-22
100,1000000279,000010,0001,BE,2024-03-21,2024-03-21,197.0,197.0,197.0,R0002,EA,2024-03-18
100,1000000280,000010,0001,BE,2024-03-09,2024-03-09,56.0,56.0,56.0,R0004,EA,2024-03-08
100,1000000281,000010,0001,BE,2024-04-23,2024-04-23,75.0,75.0,75.0,R0002,EA,2024-04-20
100,1000000282,000010,0001,BE,2024-07-16,2024-07-16,88.0,88.0,88.0,R0004,EA,2024-07-15
100,1000000283,000010,0001,BE,2024-08-25,2024-08-25,61.0,61.0,61.0,R0001,EA,2024-08-24
100,1000000284,000010,0001,BE,2024-03-28,2024-03-28,27.0,27.0,27.0,R0004,EA,2024-03-25
100,1000000284,000020,0001,BE,2024-03-28,2024-03-28,25.0,25.0,25.0,R0004,EA,2024-03-25
100,1000000285,000010,0001,BE,2024-07-24,2024-07-24,158.0,158.0,158.0,R0002,EA,2024-07-22
100,1000000285,000020,0001,BE,2024-07-24,2024-07-24,110.0,110.0,110.0,R0002,EA,2024-07-23
100,1000000286,000010,0001,BE,2024-03-03,2024-03-03,75.0,75.0,75.0,R0002,EA,2024-02-29
100,1000000286,000020,0001,BE,2024-03-03,2024-03-03,91.0,91.0,91.0,R0002,EA,2024-03-02
100,1000000287,000010,0001,BE,2024-03-12,2024-03-12,161.0,161.0,161.0,R0001,EA,2024-03-10
100,1000000287,000020,0001,BE,2024-03-12,2024-03-12,40.0,40.0,40.0,R0001,EA,2024-03-11
100,1000000288,000010,0001,BE,2024-09-19,2024-09-19,199.0,199.0,199.0,R0002,EA,2024-09-16
100,1000000289,000010,0001,BE,2024-03-09,2024-03-09,165.0,165.0,165.0,R0003,EA,2024-03-06
100,1000000290,000010,0001,BE,2024-05-08,2024-05-08,105.0,105.0,105.0,R0002,EA,2024-05-07
100,1000000291,000010,0001,BE,2024-07-05,2024-07-05,75.0,75.0,75.0,R0003,EA,2024-07-03
100,1000000291,000020,0001,BE,2024-07-05,2024-07-05,32.0,32.0,32.0,R0003,EA,2024-07-04
100,1000000292,000010,0001,BE,2024-08-22,2024-08-22,81.0,81.0,81.0,R0001,EA,2024-08-19
100,1000000293,000010,0001,BE,2024-02-12,2024-02-12,21.0,21.0,21.0,R0002,EA,2024-02-10
100,1000000293,000020,0001,BE,2024-02-12,2024-02-12,34.0,34.0,34.0,R0002,EA,2024-02-11
100,1000000294,000010,0001,BE,2024-06-12,2024-06-12,184.0,184.0,184.0,R0002,EA,2024-06-11
100,1000000294,000020,0001,BE,2024-06-12,2024-06-12,70.0,70.0,70.0,R0002,EA,2024-06-10
100,1000000295,000010,0001,BE,2024-03-13,2024-03-13,36.0,36.0,36.0,R0003,EA,2024-03-12
100,1000000296,000010,0001,BE,2024-04-27,2024-04-27,157.0,157.0,157.0,R0002,EA,2024-04-25
100,1000000297,000010,0001,BE,2024-10-18,2024-10-18,103.0,103.0,103.0,R0001,EA,2024-10-16
100,1000000297,000020,0001,BE,2024-10-18,2024-10-18,186.0,186.0,186.0,R0001,EA,2024-10-16
100,1000000298,000010,0001,BE,2024-02-02,2024-02-02,17.0,17.0,17.0,R0004,EA,2024-01-31
100,1000000298,000020,0001,BE,2024-02-02,2024-02-02,104.0,104.0,104.0,R0004,EA,2024-02-01
100,1000000299,000010,0001,BE,2024-10-05,2024-10-05,75.0,75.0,75.0,R0002,EA,2024-10-04
100,1000000300,000010,0001,BE,2024-08-25,2024-08-25,158.0,158.0,158.0,R0004,EA,2024-08-22
100,1000000301,000010,0001,BE,2024-07-10,2024-07-10,88.0,88.0,88.0,R0002,EA,2024-07-08
100,1000000301,000020,0001,BE,2024-07-10,2024-07-10,61.0,61.0,61.0,R0002,EA,2024-07-07
100,1000000302,000010,0001,BE,2024-04-17,2024-04-17,175.0,175.0,175.0,R0002,EA,2024-04-14
100,1000000303,000010,0001,BE,2024-04-01,2024-04-01,90.0,90.0,90.0,R0003,EA,2024-03-31
100,1000000304,000010,0001,BE,2024-05-23,2024-05-23,112.0,112.0,112.0,R0001,EA,2024-05-22
100,1000000305,000010,0001,BE,2024-10-04,2024-10-04,27.0,27.0,27.0,R0002,EA,2024-10-03
100,1000000306,000010,0001,BE,2024-04-11,2024-04-11,45.0,45.0,45.0,R0002,EA,2024-04-10
100,1000000307,000010,0001,BE,2024-05-04,2024-05-04,15.0,15.0,15.0,R0002,EA,2024-05-01
100,1000000308,000010,0001,BE,2024-06-16,2024-06-16,110.0,110.0,110.0,R0003,EA,2024-06-14
100,1000000309,000010,0001,BE,2024-09-13,2024-09-13,166.0,166.0,166.0,R0004,EA,2024-09-10
100,1000000310,000010,0001,BE,2024-04-27,2024-04-27,169.0,169.0,169.0,R0003,EA,2024-04-24
100,1000000310,000020,0001,BE,2024-04-27,2024-04-27,90.0,90.0,90.0,R0003,EA,2024-04-26
100,1000000311,000010,0001,BE,2024-09-01,2024-09-01,25.0,25.0,25.0,R0002,EA,2024-08-30
100,1000000312,000010,0001,BE,2024-05-11,2024-05-11,196.0,196.0,196.0,R0002,EA,2024-05-08
100,1000000313,000010,0001,BE,2024-07-30,2024-07-30,73.0,73.0,73.0,R0004,EA,2024-07-29
100,1000000314,000010,0001,BE,2024-04-03,2024-04-03,107.0,107.0,107.0,R0002,EA,2024-04-02
100,1000000315,000010,0001,BE,2024-02-21,2024-02-21,31.0,31.0,31.0,R0002,EA,2024-02-19
100,1000000316,000010,0001,BE,2024-05-03,2024-05-03,123.0,123.0,123.0,R0004,EA,2024-04-30
100,1000000317,000010,0001,BE,2024-03-28,2024-03-28,52.0,52.0,52.0,R0001,EA,2024-03-26
100,1000000317,000020,0001,BE,2024-03-28,2024-03-28,66.0,66.0,66.0,R0001,EA,2024-03-26
100,1000000318,000010,0001,BE,2024-10-13,2024-10-13,187.0,187.0,187.0,R0002,EA,2024-10-11
100,1000000319,000010,0001,BE,2024-10-03,2024-10-03,54.0,54.0,54.0,R0004,EA,2024-09-30
100,1000000320,000010,0001,BE,2024-10-16,2024-10-16,71.0,71.0,71.0,R0001,EA,2024-10-15
100,1000000320,000020,0001,BE,2024-10-16,2024-10-16,83.0,83.0,83.0,R0001,EA,2024-10-14
100,1000000321,000010,0001,BE,2024-08-23,2024-08-23,192.0,192.0,192.0,R0002,EA,2024-08-21
100,1000000322,000010,0001,BE,2024-06-24,2024-06-24,21.0,21.0,21.0,R0004,EA,2024-06-21
100,1000000323,000010,0001,BE,2024-07-11,2024-07-11,34.0,34.0,34.0,R0004,EA,2024-07-08
100,1000000323,000020,0001,BE,2024-07-11,2024-07-11,20.0,20.0,20.0,R0004,EA,2024-07-10
100,1000000324,000010,0001,BE,2024-03-09,2024-03-09,176.0,176.0,176.0,R0004,EA,2024-03-08
100,1000000324,000020,0001,BE,2024-03-09,2024-03-09,65.0,65.0,65.0,R0004,EA,2024-03-07
100,1000000325,000010,0001,BE,2024-04-30,2024-04-30,165.0,165.0,165.0,R0002,EA,2024-04-28
100,1000000326,000010,0001,BE,2024-08-12,2024-08-12,2.0,2.0,2.0,R0002,EA,2024-08-09
100,1000000327,000010,0001,BE,2024-05-30,2024-05-30,141.0,141.0,141.0,R0002,EA,2024-05-28
100,1000000328,000010,0001,BE,2024-03-27,2024-03-27,10.0,10.0,10.0,R0004,EA,2024-03-24
100,1000000329,000010,0001,BE,2024-05-15,2024-05-15,30.0,30.0,30.0,R0002,EA,2024-05-13
100,1000000330,000010,0001,BE,2024-10-08,2024-10-08,184.0,184.0,184.0,R0003,EA,2024-10-05
100,1000000331,000010,0001,BE,2024-04-24,2024-04-24,75.0,75.0,75.0,R0003,EA,2024-04-22
100,1000000332,000010,0001,BE,2024-04-02,2024-04-02,189.0,189.0,189.0,R0004,EA,2024-03-31
100,1000000333,000010,0001,BE,2024-08-30,2024-08-30,38.0,38.0,38.0,R0002,EA,2024-08-28
100,1000000334,000010,0001,BE,2024-06-19,2024-06-19,9.0,0,9.0,R0004,EA,2024-06-18
100,1000000335,000010,0001,BE,2024-10-14,2024-10-14,162.0,0,162.0,R0001,EA,2024-10-12
100,1000000335,000020,0001,BE,2024-10-14,2024-10-14,26.0,0,26.0,R0001,EA,2024-10-12
100,1000000336,000010,0001,BE,2024-03-12,2024-03-12,195.0,195.0,195.0,R0001,EA,2024-03-11
100,1000000337,000010,0001,BE,2024-04-13,2024-04-13,19.0,19.0,19.0,R0002,EA,2024-04-12
100,1000000338,000010,0001,BE,2024-06-30,2024-06-30,161.0,161.0,161.0,R0002,EA,2024-06-28
100,1000000339,000010,0001,BE,2024-09-18,2024-09-18,185.0,185.0,185.0,R0002,EA,2024-09-15
100,1000000340,000010,0001,BE,2024-05-10,2024-05-10,5.0,5.0,5.0,R0004,EA,2024-05-08
100,1000000340,000020,0001,BE,2024-05-10,2024-05-10,199.0,199.0,199.0,R0004,EA,2024-05-07
100,1000000341,000010,0001,BE,2024-04-16,2024-04-16,187.0,187.0,187.0,R0001,EA,2024-04-14
100,1000000342,000010,0001,BE,2024-05-31,2024-05-31,166.0,166.0,166.0,R0002,EA,2024-05-28
100,1000000343,000010,0001,BE,2024-02-08,2024-02-08,125.0,125.0,125.0,R0004,EA,2024-02-06
100,1000000344,000010,0001,BE,2024-03-03,2024-03-03,112.0,112.0,112.0,R0001,EA,2024-03-02
100,1000000345,000010,0001,BE,2024-03-23,2024-03-23,127.0,127.0,127.0,R0001,EA,2024-03-20
100,1000000346,000010,0001,BE,2024-07-17,2024-07-17,194.0,194.0,194.0,R0001,EA,2024-07-15
100,1000000347,000010,0001,BE,2024-04-10,2024-04-10,116.0,116.0,116.0,R0003,EA,2024-04-08
100,1000000348,000010,0001,BE,2024-05-10,2024-05-10,83.0,83.0,83.0,R0001,EA,2024-05-09
100,1000000348,000020,0001,BE,2024-05-10,2024-05-10,47.0,47.0,47.0,R0001,EA,2024-05-07
100,1000000349,000010,0001,BE,2024-06-29,2024-06-29,41.0,41.0,41.0,R0001,EA,2024-06-26
100,1000000350,000010,0001,BE,2024-06-07,2024-06-07,43.0,43.0,43.0,R0003,EA,2024-06-04
100,1000000351,000010,0001,BE,2024-06-03,2024-06-03,15.0,15.0,15.0,R0002,EA,2024-06-02
100,1000000352,000010,0001,BE,2024-02-28,2024-02-28,30.0,30.0,30.0,R0004,EA,2024-02-25
100,1000000353,000010,0001,BE,2024-05-21,2024-05-21,143.0,143.0,143.0,R0003,EA,2024-05-18
100,1000000354,000010,0001,BE,2024-09-05,2024-09-05,135.0,135.0,135.0,R0001,EA,2024-09-03
100,1000000355,000010,0001,BE,2024-05-21,2024-05-21,22.0,22.0,22.0,R0003,EA,2024-05-19
100,1000000355,000020,0001,BE,2024-05-21,2024-05-21,120.0,120.0,120.0,R0003,EA,2024-05-20
100,1000000356,000010,0001,BE,2024-08-14,2024-08-14,33.0,33.0,33.0,R0004,EA,2024-08-11
100,1000000356,000020,0001,BE,2024-08-14,2024-08-14,48.0,48.0,48.0,R0004,EA,2024-08-12
100,1000000357,000010,0001,BE,2024-09-28,2024-09-28,145.0,145.0,145.0,R0002,EA,2024-09-27
100,1000000358,000010,0001,BE,2024-10-10,2024-10-10,183.0,183.0,183.0,R0003,EA,2024-10-07
100,1000000358,000020,0001,BE,2024-10-10,2024-10-10,166.0,166.0,166.0,R0003,EA,2024-10-09
100,1000000359,000010,0001,BE,2024-08-13,2024-08-13,170.0,170.0,170.0,R0003,EA,2024-08-10
100,1000000359,000020,0001,BE,2024-08-13,2024-08-13,39.0,39.0,39.0,R0003,EA,2024-08-11
100,1000000360,000010,0001,BE,2024-02-08,2024-02-08,135.0,135.0,135.0,R0003,EA,2024-02-05
100,1000000361,000010,0001,BE,2024-07-05,2024-07-05,184.0,184.0,184.0,R0002,EA,2024-07-02
100,1000000362,000010,0001,BE,2024-02-09,2024-02-09,92.0,92.0,92.0,R0003,EA,2024-02-06
100,1000000363,000010,0001,BE,2024-05-09,2024-05-09,66.0,66.0,66.0,R0002,EA,2024-05-06
100,1000000363,000020,0001,BE,2024-05-09,2024-05-09,65.0,65.0,65.0,R0002,EA,2024-05-08
100,1000000364,000010,0001,BE,2024-09-29,2024-09-29,16.0,16.0,16.0,R0004,EA,2024-09-26
100,1000000365,000010,0001,BE,2024-08-29,2024-08-29,178.0,178.0,178.0,R0002,EA,2024-08-28
100,1000000366,000010,0001,BE,2024-05-30,2024-05-30,35.0,35.0,35.0,R0003,EA,2024-05-27
100,1000000366,000020,0001,BE,2024-05-30,2024-05-30,72.0,72.0,72.0,R0003,EA,2024-05-27
100,1000000367,000010,0001,BE,2024-06-18,2024-06-18,168.0,168.0,168.0,R0002,EA,2024-06-17
100,1000000368,000010,0001,BE,2024-02-29,2024-02-29,120.0,0,120.0,R0001,EA,2024-02-27
100,1000000369,000010,0001,BE,2024-09-08,2024-09-08,170.0,0,170.0,R0003,EA,2024-09-06
100,1000000370,000010,0001,BE,2024-10-06,2024-10-06,27.0,27.0,27.0,R0004,EA,2024-10-05
100,1000000371,000010,0001,BE,2024-05-27,2024-05-27,80.0,80.0,80.0,R0003,EA,2024-05-24
100,1000000372,000010,0001,BE,2024-08-05,2024-08-05,62.0,62.0,62.0,R0001,EA,2024-08-03
100,1000000373,000010,0001,BE,2024-05-04,2024-05-04,18.0,18.0,18.0,R0001,EA,2024-05-01
100,1000000374,000010,0001,BE,2024-08-17,2024-08-17,167.0,167.0,167.0,R0002,EA,2024-08-16
100,1000000375,000010,0001,BE,2024-03-09,2024-03-09,105.0,105.0,105.0,R0003,EA,2024-03-08
100,1000000375,000020,0001,BE,2024-03-09,2024-03-09,117.0,117.0,117.0,R0003,EA,2024-03-07
100,1000000376,000010,0001,BE,2024-02-12,2024-02-12,89.0,89.0,89.0,R0004,EA,2024-02-10
100,1000000377,000010,0001,BE,2024-08-03,2024-08-03,2.0,2.0,2.0,R0003,EA,2024-07-31
100,1000000378,000010,0001,BE,2024-04-10,2024-04-10,144.0,144.0,144.0,R0004,EA,2024-04-08
100,1000000378,000020,0001,BE,2024-04-10,2024-04-10,161.0,161.0,161.0,R0004,EA,2024-04-09
100,1000000379,000010,0001,BE,2024-03-13,2024-03-13,185.0,185.0,185.0,R0002,EA,2024-03-12
100,1000000380,000010,0001,BE,2024-08-28,2024-08-28,31.0,31.0,31.0,R0002,EA,2024-08-27
100,1000000381,000010,0001,BE,2024-10-21,2024-10-21,117.0,117.0,117.0,R0001,EA,2024-10-18
100,1000000382,000010,0001,BE,2024-02-22,2024-02-22,13.0,13.0,13.0,R0004,EA,2024-02-20
100,1000000383,000010,0001,BE,2024-09-21,2024-09-21,89.0,89.0,89.0,R0002,EA,2024-09-18
100,1000000384,000010,0001,BE,2024-06-19,2024-06-19,27.0,27.0,27.0,R0004,EA,2024-06-16
100,1000000385,000010,0001,BE,2024-02-11,2024-02-11,193.0,193.0,193.0,R0002,EA,2024-02-09
100,1000000386,000010,0001,BE,2024-08-02,2024-08-02,197.0,197.0,197.0,R0001,EA,2024-08-01
100,1000000386,000020,0001,BE,2024-08-02,2024-08-02,93.0,93.0,93.0,R0001,EA,2024-07-31
100,1000000387,000010,0001,BE,2024-07-26,2024-07-26,114.0,114.0,114.0,R0003,EA,2024-07-24
100,1000000387,000020,0001,BE,2024-07-26,2024-07-26,52.0,52.0,52.0,R0003,EA,2024-07-24
100,1000000388,000010,0001,BE,2024-04-18,2024-04-18,18.0,18.0,18.0,R0002,EA,2024-04-15
100,1000000389,000010,0001,BE,2024-10-09,2024-10-09,191.0,191.0,191.0,R0004,EA,2024-10-07
100,1000000390,000010,0001,BE,2024-04-25,2024-04-25,11.0,11.0,11.0,R0002,EA,2024-04-24
100,1000000391,000010,0001,BE,2024-04-20,2024-04-20,48.0,48.0,48.0,R0004,EA,2024-04-18
100,1000000391,000020,0001,BE,2024-04-20,2024-04-20,88.0,88.0,88.0,R0004,EA,2024-04-19
100,1000000392,000010,0001,BE,2024-07-14,2024-07-14,35.0,35.0,35.0,R0001,EA,2024-07-13
100,1000000393,000010,0001,BE,2024-04-15,2024-04-15,89.0,89.0,89.0,R0001,EA,2024-04-14
100,1000000393,000020,0001,BE,2024-04-15,2024-04-15,62.0,62.0,62.0,R0001,EA,2024-04-12
100,1000000394,000010,0001,BE,2024-07-27,2024-07-27,28.0,0,28.0,R0003,EA,2024-07-24
100,1000000395,000010,0001,BE,2024-07-01,2024-07-01,192.0,192.0,192.0,R0004,EA,2024-06-28
100,1000000396,000010,0001,BE,2024-07-13,2024-07-13,106.0,106.0,106.0,R0002,EA,2024-07-11
100,1000000397,000010,0001,BE,2024-02-13,2024-02-13,195.0,195.0,195.0,R0001,EA,2024-02-10
100,1000000397,000020,0001,BE,2024-02-13,2024-02-13,21.0,21.0,21.0,R0001,EA,2024-02-11
100,1000000398,000010,0001,BE,2024-05-06,2024-05-06,21.0,21.0,21.0,R0002,EA,2024-05-05
100,1000000399,000010,0001,BE,2024-05-01,2024-05-01,70.0,70.0,70.0,R0001,EA,2024-04-29
100,1000000400,000010,0001,BE,2024-07-12,2024-07-12,19.0,19.0,19.0,R0003,EA,2024-07-11
100,1000000401,000010,0001,BE,2024-03-12,2024-03-12,123.0,123.0,123.0,R0003,EA,2024-03-10
100,1000000402,000010,0001,BE,2024-03-28,2024-03-28,111.0,111.0,111.0,R0003,EA,2024-03-25
100,1000000403,000010,0001,BE,2024-06-29,2024-06-29,2.0,2.0,2.0,R0003,EA,2024-06-28
100,1000000404,000010,0001,BE,2024-06-12,2024-06-12,14.0,14.0,14.0,R0003,EA,2024-06-10
100,1000000404,000020,0001,BE,2024-06-12,2024-06-12,41.0,41.0,41.0,R0003,EA,2024-06-10
100,1000000405,000010,0001,BE,2024-02-29,2024-02-29,171.0,171.0,171.0,R0001,EA,2024-02-26
100,1000000406,000010,0001,BE,2024-02-06,2024-02-06,10.0,10.0,10.0,R0002,EA,2024-02-03
100,1000000406,000020,0001,BE,2024-02-06,2024-02-06,191.0,191.0,191.0,R0002,EA,2024-02-03
100,1000000407,000010,0001,BE,2024-05-03,2024-05-03,72.0,72.0,72.0,R0004,EA,2024-05-01
100,1000000407,000020,0001,BE,2024-05-03,2024-05-03,112.0,112.0,112.0,R0004,EA,2024-04-30
100,1000000408,000010,0001,BE,2024-02-14,2024-02-14,10.0,10.0,10.0,R0004,EA,2024-02-12
100,1000000409,000010,0001,BE,2024-03-23,2024-03-23,22.0,22.0,22.0,R0004,EA,2024-03-20
100,1000000410,000010,0001,BE,2024-03-06,2024-03-06,42.0,42.0,42.0,R0003,EA,2024-03-04
100,1000000411,000010,0001,BE,2024-02-13,2024-02-13,180.0,180.0,180.0,R0003,EA,2024-02-12
100,1000000412,000010,0001,BE,2024-03-15,2024-03-15,199.0,199.0,199.0,R0004,EA,2024-03-12
100,1000000412,000020,0001,BE,2024-03-15,2024-03-15,155.0,155.0,155.0,R0004,EA,2024-03-14
100,1000000413,000010,0001,BE,2024-09-17,2024-09-17,97.0,97.0,97.0,R0002,EA,2024-09-15
100,1000000414,000010,0001,BE,2024-06-01,2024-06-01,94.0,94.0,94.0,R0002,EA,2024-05-31
100,1000000415,000010,0001,BE,2024-04-27,2024-04-27,166.0,0,166.0,R0001,EA,2024-04-24
100,1000000416,000010,0001,BE,2024-01-28,2024-01-28,154.0,0,154.0,R0004,EA,2024-01-25
100,1000000417,000010,0001,BE,2024-07-01,2024-07-01,1.0,1.0,1.0,R0002,EA,2024-06-29
100,1000000418,000010,0001,BE,2024-07-02,2024-07-02,151.0,151.0,151.0,R0004,EA,2024-06-29
100,1000000419,000010,0001,BE,2024-02-17,2024-02-17,101.0,101.0,101.0,R0003,EA,2024-02-16
100,1000000420,000010,0001,BE,2024-09-24,2024-09-24,53.0,53.0,53.0,R0003,EA,2024-09-21
100,1000000421,000010,0001,BE,2024-05-05,2024-05-05,139.0,0,139.0,R0003,EA,2024-05-04
100,1000000422,000010,0001,BE,2024-02-12,2024-02-12,120.0,120.0,120.0,R0003,EA,2024-02-09
100,1000000423,000010,0001,BE,2024-02-14,2024-02-14,100.0,100.0,100.0,R0004,EA,2024-02-12
100,1000000423,000020,0001,BE,2024-02-14,2024-02-14,58.0,58.0,58.0,R0004,EA,2024-02-11
100,1000000424,000010,0001,BE,2024-04-07,2024-04-07,159.0,159.0,159.0,R0003,EA,2024-04-05
100,1000000424,000020,0001,BE,2024-04-07,2024-04-07,7.0,7.0,7.0,R0003,EA,2024-04-04
100,1000000425,000010,0001,BE,2024-10-22,2024-10-22,92.0,92.0,92.0,R0002,EA,2024-10-20
100,1000000425,000020,0001,BE,2024-10-22,2024-10-22,115.0,115.0,115.0,R0002,EA,2024-10-21
100,1000000426,000010,0001,BE,2024-02-18,2024-02-18,124.0,124.0,124.0,R0002,EA,2024-02-17
100,1000000427,000010,0001,BE,2024-09-24,2024-09-24,131.0,131.0,131.0,R0004,EA,2024-09-23
100,1000000428,000010,0001,BE,2024-04-01,2024-04-01,173.0,173.0,173.0,R0002,EA,2024-03-31
100,1000000429,000010,0001,BE,2024-09-27,2024-09-27,24.0,24.0,24.0,R0004,EA,2024-09-25
100,1000000430,000010,0001,BE,2024-04-30,2024-04-30,155.0,155.0,155.0,R0002,EA,2024-04-28
100,1000000431,000010,0001,BE,2024-03-30,2024-03-30,184.0,184.0,184.0,R0003,EA,2024-03-29
100,1000000432,000010,0001,BE,2024-08-14,2024-08-14,54.0,54.0,54.0,R0003,EA,2024-08-13
100,1000000432,000020,0001,BE,2024-08-14,2024-08-14,113.0,113.0,113.0,R0003,EA,2024-08-13
100,1000000433,000010,0001,BE,2024-09-15,2024-09-15,176.0,176.0,176.0,R0001,EA,2024-09-12
100,1000000434,000010,0001,BE,2024-01-31,2024-01-31,43.0,43.0,43.0,R0001,EA,2024-01-30
100,1000000435,000010,0001,BE,2024-07-30,2024-07-30,18.0,18.0,18.0,R0001,EA,2024-07-28
100,1000000435,000020,0001,BE,2024-07-30,2024-07-30,143.0,143.0,143.0,R0001,EA,2024-07-28
100,1000000436,000010,0001,BE,2024-08-06,2024-08-06,91.0,91.0,91.0,R0002,EA,2024-08-04
100,1000000437,000010,0001,BE,2024-05-20,2024-05-20,183.0,0,183.0,R0004,EA,2024-05-17
100,1000000437,000020,0001,BE,2024-05-20,2024-05-20,128.0,0,128.0,R0004,EA,2024-05-17
100,1000000438,000010,0001,BE,2024-02-06,2024-02-06,72.0,0,72.0,R0004,EA,2024-02-03
100,1000000439,000010,0001,BE,2024-03-07,2024-03-07,5.0,5.0,5.0,R0003,EA,2024-03-04
100,1000000439,000020,0001,BE,2024-03-07,2024-03-07,131.0,131.0,131.0,R0003,EA,2024-03-05
100,1000000440,000010,0001,BE,2024-04-19,2024-04-19,95.0,95.0,95.0,R0004,EA,2024-04-16
100,1000000441,000010,0001,BE,2024-03-22,2024-03-22,95.0,95.0,95.0,R0001,EA,2024-03-19
100,1000000442,000010,0001,BE,2024-04-07,2024-04-07,191.0,191.0,191.0,R0004,EA,2024-04-04
100,1000000442,000020,0001,BE,2024-04-07,2024-04-07,69.0,69.0,69.0,R0004,EA,2024-04-06
100,1000000443,000010,0001,BE,2024-08-09,2024-08-09,119.0,119.0,119.0,R0003,EA,2024-08-07
100,1000000444,000010,0001,BE,2024-03-15,2024-03-15,200.0,200.0,200.0,R0003,EA,2024-03-12
100,1000000444,000020,0001,BE,2024-03-15,2024-03-15,36.0,36.0,36.0,R0003,EA,2024-03-14
100,1000000445,000010,0001,BE,2024-07-12,2024-07-12,54.0,54.0,54.0,R0001,EA,2024-07-10
100,1000000446,000010,0001,BE,2024-01-29,2024-01-29,135.0,135.0,135.0,R0002,EA,2024-01-26
100,1000000447,000010,0001,BE,2024-02-04,2024-02-04,84.0,0,84.0,R0004,EA,2024-02-02
100,1000000448,000010,0001,BE,2024-03-01,2024-03-01,54.0,54.0,54.0,R0001,EA,2024-02-28
100,1000000449,000010,0001,BE,2024-10-09,2024-10-09,124.0,124.0,124.0,R0003,EA,2024-10-08
100,1000000449,000020,0001,BE,2024-10-09,2024-10-09,167.0,167.0,167.0,R0003,EA,2024-10-06
100,1000000450,000010,0001,BE,2024-07-19,2024-07-19,149.0,0,149.0,R0002,EA,2024-07-17
100,1000000451,000010,0001,BE,2024-02-20,2024-02-20,130.0,130.0,130.0,R0001,EA,2024-02-19
100,1000000452,000010,0001,BE,2024-06-15,2024-06-15,54.0,54.0,54.0,R0003,EA,2024-06-13
100,1000000453,000010,0001,BE,2024-05-17,2024-05-17,150.0,150.0,150.0,R0003,EA,2024-05-15
100,1000000454,000010,0001,BE,2024-10-27,2024-10-27,112.0,112.0,112.0,R0002,EA,2024-10-26
100,1000000455,000010,0001,BE,2024-05-14,2024-05-14,30.0,30.0,30.0,R0003,EA,2024-05-12
100,1000000456,000010,0001,BE,2024-02-23,2024-02-23,190.0,190.0,190.0,R0004,EA,2024-02-22
100,1000000456,000020,0001,BE,2024-02-23,2024-02-23,168.0,168.0,168.0,R0004,EA,2024-02-20
100,1000000457,000010,0001,BE,2024-05-26,2024-05-26,106.0,106.0,106.0,R0002,EA,2024-05-24
100,1000000457,000020,0001,BE,2024-05-26,2024-05-26,158.0,158.0,158.0,R0002,EA,2024-05-23
100,1000000458,000010,0001,BE,2024-01-27,2024-01-27,169.0,169.0,169.0,R0004,EA,2024-01-24
100,1000000459,000010,0001,BE,2024-08-29,2024-08-29,194.0,194.0,194.0,R0001,EA,2024-08-27
100,1000000460,000010,0001,BE,2024-08-14,2024-08-14,109.0,109.0,109.0,R0003,EA,2024-08-13
100,1000000461,000010,0001,BE,2024-09-26,2024-09-26,107.0,107.0,107.0,R0002,EA,2024-09-24
100,1000000462,000010,0001,BE,2024-05-30,2024-05-30,63.0,63.0,63.0,R0003,EA,2024-05-28
100,1000000463,000010,0001,BE,2024-10-20,2024-10-20,47.0,47.0,47.0,R0002,EA,2024-10-19
100,1000000464,000010,0001,BE,2024-10-11,2024-10-11,188.0,188.0,188.0,R0001,EA,2024-10-10
100,1000000465,000010,0001,BE,2024-02-10,2024-02-10,61.0,61.0,61.0,R0004,EA,2024-02-08
100,1000000466,000010,0001,BE,2024-08-15,2024-08-15,95.0,95.0,95.0,R0001,EA,2024-08-14
100,1000000467,000010,0001,BE,2024-10-03,2024-10-03,146.0,146.0,146.0,R0004,EA,2024-09-30
100,1000000468,000010,0001,BE,2024-02-14,2024-02-14,101.0,101.0,101.0,R0003,EA,2024-02-13
100,1000000469,000010,0001,BE,2024-05-12,2024-05-12,61.0,61.0,61.0,R0002,EA,2024-05-09
100,1000000470,000010,0001,BE,2024-09-10,2024-09-10,185.0,185.0,185.0,R0004,EA,2024-09-07
100,1000000470,000020,0001,BE,2024-09-10,2024-09-10,58.0,58.0,58.0,R0004,EA,2024-09-07
100,1000000471,000010,0001,BE,2024-06-15,2024-06-15,85.0,85.0,85.0,R0002,EA,2024-06-14
100,1000000472,000010,0001,BE,2024-02-27,2024-02-27,11.0,0,11.0,R0001,EA,2024-02-26
100,1000000472,000020,0001,BE,2024-02-27,2024-02-27,88.0,0,88.0,R0001,EA,2024-02-25
100,1000000473,000010,0001,BE,2024-08-26,2024-08-26,115.0,115.0,115.0,R0002,EA,2024-08-25
100,1000000474,000010,0001,BE,2024-09-15,2024-09-15,31.0,31.0,31.0,R0003,EA,2024-09-14
100,1000000475,000010,0001,BE,2024-08-12,2024-08-12,167.0,167.0,167.0,R0002,EA,2024-08-09
100,1000000476,000010,0001,BE,2024-01-22,2024-01-22,175.0,175.0,175.0,R0003,EA,2024-01-21
100,1000000476,000020,0001,BE,2024-01-22,2024-01-22,196.0,196.0,196.0,R0003,EA,2024-01-21
100,1000000477,000010,0001,BE,2024-09-18,2024-09-18,46.0,46.0,46.0,R0003,EA,2024-09-15
100,1000000477,000020,0001,BE,2024-09-18,2024-09-18,162.0,162.0,162.0,R0003,EA,2024-09-17
100,1000000478,000010,0001,BE,2024-06-13,2024-06-13,50.0,50.0,50.0,R0004,EA,2024-06-10
100,1000000479,000010,0001,BE,2024-06-18,2024-06-18,183.0,183.0,183.0,R0002,EA,2024-06-17
100,1000000480,000010,0001,BE,2024-05-01,2024-05-01,150.0,150.0,150.0,R0001,EA,2024-04-30
100,1000000480,000020,0001,BE,2024-05-01,2024-05-01,106.0,106.0,106.0,R0001,EA,2024-04-29
100,1000000481,000010,0001,BE,2024-02-21,2024-02-21,101.0,101.0,101.0,R0001,EA,2024-02-20
100,1000000482,000010,0001,BE,2024-08-13,2024-08-13,162.0,162.0,162.0,R0002,EA,2024-08-10
100,1000000483,000010,0001,BE,2024-02-21,2024-02-21,70.0,70.0,70.0,R0002,EA,2024-02-20
100,1000000484,000010,0001,BE,2024-03-10,2024-03-10,113.0,113.0,113.0,R0002,EA,2024-03-08
100,1000000485,000010,0001,BE,2024-03-26,2024-03-26,192.0,192.0,192.0,R0003,EA,2024-03-25
100,1000000486,000010,0001,BE,2024-03-29,2024-03-29,169.0,169.0,169.0,R0003,EA,2024-03-28
100,1000000487,000010,0001,BE,2024-06-05,2024-06-05,122.0,122.0,122.0,R0003,EA,2024-06-02
100,1000000488,000010,0001,BE,2024-06-19,2024-06-19,117.0,117.0,117.0,R0003,EA,2024-06-17
100,1000000489,000010,0001,BE,2024-10-10,2024-10-10,176.0,176.0,176.0,R0002,EA,2024-10-09
100,1000000490,000010,0001,BE,2024-03-08,2024-03-08,179.0,179.0,179.0,R0004,EA,2024-03-07
100,1000000490,000020,0001,BE,2024-03-08,2024-03-08,157.0,157.0,157.0,R0004,EA,2024-03-05
100,1000000491,000010,0001,BE,2024-09-04,2024-09-04,140.0,140.0,140.0,R0003,EA,2024-09-03
100,1000000492,000010,0001,BE,2024-03-16,2024-03-16,192.0,192.0,192.0,R0004,EA,2024-03-15
100,1000000493,000010,0001,BE,2024-10-08,2024-10-08,115.0,115.0,115.0,R0001,EA,2024-10-07
100,1000000493,000020,0001,BE,2024-10-08,2024-10-08,158.0,158.0,158.0,R0001,EA,2024-10-06
100,1000000494,000010,0001,BE,2024-02-29,2024-02-29,78.0,78.0,78.0,R0003,EA,2024-02-28
100,1000000495,000010,0001,BE,2024-10-15,2024-10-15,183.0,183.0,183.0,R0004,EA,2024-10-12
100,1000000495,000020,0001,BE,2024-10-15,2024-10-15,120.0,120.0,120.0,R0004,EA,2024-10-13
100,1000000496,000010,0001,BE,2024-06-07,2024-06-07,39.0,39.0,39.0,R0002,EA,2024-06-06
100,1000000497,000010,0001,BE,2024-06-15,2024-06-15,125.0,125.0,125.0,R0003,EA,2024-06-14
100,1000000498,000010,0001,BE,2024-02-14,2024-02-14,171.0,171.0,171.0,R0004,EA,2024-02-12
100,1000000499,000010,0001,BE,2024-06-05,2024-06-05,26.0,26.0,26.0,R0003,EA,2024-06-04
100,1000000499,000020,0001,BE,2024-06-05,2024-06-05,39.0,39.0,39.0,R0003,EA,2024-06-04
