MANDT,VBELV,POSNV,VBELN,POSNN,VBTYP_N,VBTYP_V,RFMNG,RFWRT,WAERS,ERDAT,ERZET,VRKME
100,1000000000,000010,8000000000,000010,J,C,165.0,56576.85,USD,2024-04-28,100000,EA
100,1000000001,000010,8000000001,000010,J,C,62.0,92427.12,USD,2024-04-12,100000,EA
100,1000000002,000010,8000000002,000010,J,C,89.0,138785.71,USD,2024-03-10,100000,EA
100,1000000002,000020,8000000002,000020,J,C,148.0,115081.84,USD,2024-03-10,100000,EA
100,8000000002,000010,9000000002,000010,M,J,154.0,240146.06,USD,2024-03-15,110000,EA
100,8000000002,000020,9000000002,000020,M,J,143.0,111193.94,USD,2024-03-15,110000,EA
100,1000000003,000010,8000000003,000010,J,C,31.0,42316.55,USD,2024-07-22,100000,EA
100,8000000003,000010,9000000003,000010,M,J,31.0,42316.55,USD,2024-07-24,110000,EA
100,1000000004,000010,8000000004,000010,J,C,180.0,72091.8,USD,2024-03-10,100000,EA
100,8000000004,000010,9000000004,000010,M,J,180.0,72091.8,USD,2024-03-12,110000,EA
100,1000000005,000010,8000000005,000010,J,C,75.0,27132.0,USD,2024-05-20,100000,EA
100,1000000006,000010,8000000006,000010,J,C,16.0,7875.36,USD,2024-05-21,100000,EA
100,1000000006,000020,8000000006,000020,J,C,49.0,69811.77,USD,2024-05-21,100000,EA
100,8000000006,000010,9000000006,000010,M,J,16.0,7875.36,USD,2024-05-26,110000,EA
100,8000000006,000020,9000000006,000020,M,J,49.0,69811.77,USD,2024-05-26,110000,EA
100,1000000007,000010,8000000007,000010,J,C,116.0,169951.6,USD,2024-06-25,100000,EA
100,1000000007,000020,8000000007,000020,J,C,60.0,16347.0,USD,2024-06-25,100000,EA
100,8000000007,000010,9000000007,000010,M,J,116.0,169951.6,USD,2024-06-28,110000,EA
100,8000000007,000020,9000000007,000020,M,J,60.0,16347.0,USD,2024-06-28,110000,EA
100,1000000008,000010,8000000008,000010,J,C,108.0,169624.8,USD,2024-03-03,100000,EA
100,8000000008,000010,9000000008,000010,M,J,108.0,169624.8,USD,2024-03-07,110000,EA
100,1000000009,000010,8000000009,000010,J,C,175.0,270718.0,USD,2024-08-24,100000,EA
100,8000000009,000010,9000000009,000010,M,J,175.0,270718.0,USD,2024-08-28,110000,EA
100,1000000010,000010,8000000010,000010,J,C,89.0,7375.43,USD,2024-03-13,100000,EA
100,1000000010,000020,8000000010,000020,J,C,89.0,133519.58,USD,2024-03-13,100000,EA
100,8000000010,000010,9000000010,000010,M,J,89.0,7375.43,USD,2024-03-18,110000,EA
100,8000000010,000020,9000000010,000020,M,J,89.0,133519.58,USD,2024-03-18,110000,EA
100,1000000011,000010,8000000011,000010,J,C,91.0,91515.06,USD,2024-03-22,100000,EA
100,8000000011,000010,9000000011,000010,M,J,91.0,91515.06,USD,2024-03-27,110000,EA
100,1000000012,000010,8000000012,000010,J,C,37.0,11578.41,USD,2024-05-05,100000,EA
100,8000000012,000010,9000000012,000010,M,J,37.0,11578.41,USD,2024-05-09,110000,EA
100,1000000013,000010,8000000013,000010,J,C,8.0,9836.48,USD,2024-06-26,100000,EA
100,8000000013,000010,9000000013,000010,M,J,8.0,9836.48,USD,2024-06-29,110000,EA
100,1000000014,000010,8000000014,000010,J,C,66.0,19870.62,USD,2024-06-08,100000,EA
100,8000000014,000010,9000000014,000010,M,J,66.0,19870.62,USD,2024-06-10,110000,EA
100,1000000015,000010,8000000015,000010,J,C,18.0,7748.1,USD,2024-02-23,100000,EA
100,8000000015,000010,9000000015,000010,M,J,18.0,7748.1,USD,2024-02-27,110000,EA
100,1000000016,000010,8000000016,000010,J,C,10.0,5377.1,USD,2024-03-18,100000,EA
100,1000000016,000020,8000000016,000020,J,C,130.0,143963.3,USD,2024-03-18,100000,EA
100,8000000016,000010,9000000016,000010,M,J,10.0,5377.1,USD,2024-03-22,110000,EA
100,8000000016,000020,9000000016,000020,M,J,130.0,143963.3,USD,2024-03-22,110000,EA
100,1000000017,000010,8000000017,000010,J,C,169.0,184397.59,USD,2024-09-17,100000,EA
100,8000000017,000010,9000000017,000010,M,J,169.0,184397.59,USD,2024-09-19,110000,EA
100,1000000018,000010,8000000018,000010,J,C,85.0,10923.35,USD,2024-05-18,100000,EA
100,1000000018,000020,8000000018,000020,J,C,128.0,163330.56,USD,2024-05-18,100000,EA
100,8000000018,000010,9000000018,000010,M,J,85.0,10923.35,USD,2024-05-21,110000,EA
100,8000000018,000020,9000000018,000020,M,J,128.0,163330.56,USD,2024-05-21,110000,EA
100,1000000020,000010,8000000020,000010,J,C,102.0,57262.8,USD,2024-04-10,100000,EA
100,8000000020,000010,9000000020,000010,M,J,102.0,57262.8,USD,2024-04-11,110000,EA
100,1000000021,000010,8000000021,000010,J,C,156.0,308600.76,USD,2024-06-11,100000,EA
100,8000000021,000010,9000000021,000010,M,J,156.0,308600.76,USD,2024-06-14,110000,EA
100,1000000022,000010,8000000022,000010,J,C,127.0,7123.43,USD,2024-02-05,100000,EA
100,8000000022,000010,9000000022,000010,M,J,127.0,7123.43,USD,2024-02-09,110000,EA
100,1000000023,000010,8000000023,000010,J,C,170.0,319518.4,USD,2024-02-08,100000,EA
100,8000000023,000010,9000000023,000010,M,J,170.0,319518.4,USD,2024-02-10,110000,EA
100,1000000024,000010,8000000024,000010,J,C,78.0,154420.5,USD,2024-09-02,100000,EA
100,1000000024,000020,8000000024,000020,J,C,83.0,159206.45,USD,2024-09-02,100000,EA
100,1000000025,000010,8000000025,000010,J,C,61.0,41336.04,USD,2024-04-28,100000,EA
100,8000000025,000010,9000000025,000010,M,J,61.0,41336.04,USD,2024-05-03,110000,EA
100,1000000026,000010,8000000026,000010,J,C,138.0,19884.42,USD,2024-10-19,100000,EA
100,8000000026,000010,9000000026,000010,M,J,138.0,19884.42,USD,2024-10-24,110000,EA
100,1000000027,000010,8000000027,000010,J,C,32.0,16855.36,USD,2024-05-21,100000,EA
100,8000000027,000010,9000000027,000010,M,J,32.0,16855.36,USD,2024-05-23,110000,EA
100,1000000028,000010,8000000028,000010,J,C,199.0,176290.12,USD,2024-06-05,100000,EA
100,8000000028,000010,9000000028,000010,M,J,199.0,176290.12,USD,2024-06-07,110000,EA
100,1000000029,000010,8000000029,000010,J,C,108.0,169458.48,USD,2024-09-11,100000,EA
100,1000000029,000020,8000000029,000020,J,C,123.0,122212.8,USD,2024-09-11,100000,EA
100,8000000029,000010,9000000029,000010,M,J,108.0,169458.48,USD,2024-09-16,110000,EA
100,8000000029,000020,9000000029,000020,M,J,123.0,122212.8,USD,2024-09-16,110000,EA
100,1000000030,000010,8000000030,000010,J,C,28.0,13450.08,USD,2024-09-01,100000,EA
100,8000000030,000010,9000000030,000010,M,J,28.0,13450.08,USD,2024-09-03,110000,EA
100,1000000031,000010,8000000031,000010,J,C,166.0,120549.2,USD,2024-10-01,100000,EA
100,8000000031,000010,9000000031,000010,M,J,166.0,120549.2,USD,2024-10-05,110000,EA
100,1000000032,000010,8000000032,000010,J,C,130.0,10192.0,USD,2024-07-08,100000,EA
100,8000000032,000010,9000000032,000010,M,J,130.0,10192.0,USD,2024-07-11,110000,EA
100,1000000033,000010,8000000033,000010,J,C,184.0,329965.36,USD,2024-07-30,100000,EA
100,8000000033,000010,9000000033,000010,M,J,184.0,329965.36,USD,2024-08-02,110000,EA
100,1000000034,000010,8000000034,000010,J,C,195.0,336084.45,USD,2024-03-13,100000,EA
100,8000000034,000010,9000000034,000010,M,J,195.0,336084.45,USD,2024-03-17,110000,EA
100,1000000035,000010,8000000035,000010,J,C,91.0,32097.52,USD,2024-10-13,100000,EA
100,8000000035,000010,9000000035,000010,M,J,73.0,25748.56,USD,2024-10-18,110000,EA
100,1000000036,000010,8000000036,000010,J,C,98.0,195307.14,USD,2024-03-13,100000,EA
100,1000000036,000020,8000000036,000020,J,C,73.0,122958.28,USD,2024-03-13,100000,EA
100,8000000036,000010,9000000036,000010,M,J,98.0,195307.14,USD,2024-03-18,110000,EA
100,8000000036,000020,9000000036,000020,M,J,73.0,122958.28,USD,2024-03-18,110000,EA
100,1000000037,000010,8000000037,000010,J,C,36.0,71240.4,USD,2024-05-09,100000,EA
100,1000000038,000010,8000000038,000010,J,C,156.0,125040.24,USD,2024-02-25,100000,EA
100,1000000038,000020,8000000038,000020,J,C,36.0,5092.92,USD,2024-02-25,100000,EA
100,8000000038,000010,9000000038,000010,M,J,156.0,125040.24,USD,2024-02-26,110000,EA
100,8000000038,000020,9000000038,000020,M,J,36.0,5092.92,USD,2024-02-26,110000,EA
100,1000000039,000010,8000000039,000010,J,C,64.0,84549.76,USD,2024-02-19,100000,EA
100,8000000039,000010,9000000039,000010,M,J,64.0,84549.76,USD,2024-02-24,110000,EA
100,1000000040,000010,8000000040,000010,J,C,17.0,8876.72,USD,2024-05-01,100000,EA
100,8000000040,000010,9000000040,000010,M,J,17.0,8876.72,USD,2024-05-02,110000,EA
100,1000000041,000010,8000000041,000010,J,C,100.0,18327.0,USD,2024-08-11,100000,EA
100,8000000041,000010,9000000041,000010,M,J,150.0,27490.5,USD,2024-08-16,110000,EA
100,1000000042,000010,8000000042,000010,J,C,150.0,113163.0,USD,2024-08-26,100000,EA
100,8000000042,000010,9000000042,000010,M,J,150.0,113163.0,USD,2024-08-28,110000,EA
100,1000000043,000010,8000000043,000010,J,C,96.0,126110.4,USD,2024-05-20,100000,EA
100,8000000043,000010,9000000043,000010,M,J,96.0,126110.4,USD,2024-05-24,110000,EA
100,1000000044,000010,8000000044,000010,J,C,29.0,44496.15,USD,2024-08-09,100000,EA
100,8000000044,000010,9000000044,000010,M,J,29.0,44496.15,USD,2024-08-14,110000,EA
100,1000000045,000010,8000000045,000010,J,C,199.0,247585.85,USD,2024-10-29,100000,EA
100,8000000045,000010,9000000045,000010,M,J,199.0,247585.85,USD,2024-11-04,110000,EA
100,1000000046,000010,8000000046,000010,J,C,62.0,49379.9,USD,2024-06-24,100000,EA
100,8000000046,000010,9000000046,000010,M,J,62.0,49379.9,USD,2024-06-28,110000,EA
100,1000000048,000010,8000000048,000010,J,C,118.0,212345.72,USD,2024-10-12,100000,EA
100,8000000048,000010,9000000048,000010,M,J,118.0,212345.72,USD,2024-10-17,110000,EA
100,1000000049,000010,8000000049,000010,J,C,136.0,12495.68,USD,2024-03-07,100000,EA
100,1000000050,000010,8000000050,000010,J,C,35.0,46023.95,USD,2024-01-25,100000,EA
100,8000000050,000010,9000000050,000010,M,J,35.0,46023.95,USD,2024-01-30,110000,EA
100,1000000051,000010,8000000051,000010,J,C,95.0,120390.65,USD,2024-07-07,100000,EA
100,1000000051,000020,8000000051,000020,J,C,93.0,75511.35,USD,2024-07-07,100000,EA
100,8000000051,000010,9000000051,000010,M,J,95.0,120390.65,USD,2024-07-10,110000,EA
100,8000000051,000020,9000000051,000020,M,J,93.0,75511.35,USD,2024-07-10,110000,EA
100,1000000052,000010,8000000052,000010,J,C,66.0,28165.5,USD,2024-02-22,100000,EA
100,8000000052,000010,9000000052,000010,M,J,66.0,28165.5,USD,2024-02-25,110000,EA
100,1000000053,000010,8000000053,000010,J,C,23.0,28074.03,USD,2024-04-25,100000,EA
100,1000000053,000020,8000000053,000020,J,C,200.0,297222.0,USD,2024-04-25,100000,EA
100,8000000053,000010,9000000053,000010,M,J,23.0,28074.03,USD,2024-04-26,110000,EA
100,8000000053,000020,9000000053,000020,M,J,200.0,297222.0,USD,2024-04-26,110000,EA
100,1000000055,000010,8000000055,000010,J,C,159.0,49105.56,USD,2024-07-25,100000,EA
100,8000000055,000010,9000000055,000010,M,J,159.0,49105.56,USD,2024-07-26,110000,EA
100,1000000056,000010,8000000056,000010,J,C,8.0,11128.48,USD,2024-04-18,100000,EA
100,8000000056,000010,9000000056,000010,M,J,8.0,11128.48,USD,2024-04-21,110000,EA
100,1000000057,000010,8000000057,000010,J,C,32.0,10084.16,USD,2024-03-18,100000,EA
100,1000000058,000010,8000000058,000010,J,C,173.0,13487.08,USD,2024-10-13,100000,EA
100,1000000058,000020,8000000058,000020,J,C,25.0,30795.75,USD,2024-10-13,100000,EA
100,8000000058,000010,9000000058,000010,M,J,173.0,13487.08,USD,2024-10-18,110000,EA
100,8000000058,000020,9000000058,000020,M,J,25.0,30795.75,USD,2024-10-18,110000,EA
100,1000000059,000010,8000000059,000010,J,C,190.0,155473.2,USD,2024-05-06,100000,EA
100,1000000059,000020,8000000059,000020,J,C,10.0,17749.3,USD,2024-05-06,100000,EA
100,8000000059,000010,9000000059,000010,M,J,190.0,155473.2,USD,2024-05-10,110000,EA
100,8000000059,000020,9000000059,000020,M,J,10.0,17749.3,USD,2024-05-10,110000,EA
100,1000000060,000010,8000000060,000010,J,C,66.0,126325.32,USD,2024-08-25,100000,EA
100,1000000061,000010,8000000061,000010,J,C,147.0,28916.37,USD,2024-06-20,100000,EA
100,8000000061,000010,9000000061,000010,M,J,147.0,28916.37,USD,2024-06-21,110000,EA
100,1000000062,000010,8000000062,000010,J,C,155.0,86595.4,USD,2024-06-02,100000,EA
100,8000000062,000010,9000000062,000010,M,J,155.0,86595.4,USD,2024-06-06,110000,EA
100,1000000063,000010,8000000063,000010,J,C,36.0,8583.48,USD,2024-10-13,100000,EA
100,1000000064,000010,8000000064,000010,J,C,12.0,13755.96,USD,2024-04-24,100000,EA
100,8000000064,000010,9000000064,000010,M,J,12.0,13755.96,USD,2024-04-28,110000,EA
100,1000000065,000010,8000000065,000010,J,C,27.0,30533.76,USD,2024-07-14,100000,EA
100,1000000065,000020,8000000065,000020,J,C,114.0,151802.4,USD,2024-07-14,100000,EA
100,8000000065,000010,9000000065,000010,M,J,20.0,22617.6,USD,2024-07-15,110000,EA
100,8000000065,000020,9000000065,000020,M,J,143.0,190418.8,USD,2024-07-15,110000,EA
100,1000000066,000010,8000000066,000010,J,C,129.0,6852.48,USD,2024-05-10,100000,EA
100,1000000066,000020,8000000066,000020,J,C,68.0,115642.16,USD,2024-05-10,100000,EA
100,8000000066,000010,9000000066,000010,M,J,129.0,6852.48,USD,2024-05-15,110000,EA
100,8000000066,000020,9000000066,000020,M,J,68.0,115642.16,USD,2024-05-15,110000,EA
100,1000000067,000010,8000000067,000010,J,C,53.0,91403.8,USD,2024-07-06,100000,EA
100,8000000067,000010,9000000067,000010,M,J,53.0,91403.8,USD,2024-07-11,110000,EA
100,1000000068,000010,8000000068,000010,J,C,132.0,38388.24,USD,2024-01-30,100000,EA
100,8000000068,000010,9000000068,000010,M,J,132.0,38388.24,USD,2024-02-04,110000,EA
100,1000000069,000010,8000000069,000010,J,C,45.0,58533.3,USD,2024-02-17,100000,EA
100,1000000069,000020,8000000069,000020,J,C,180.0,241331.4,USD,2024-02-17,100000,EA
100,8000000069,000010,9000000069,000010,M,J,45.0,58533.3,USD,2024-02-21,110000,EA
100,8000000069,000020,9000000069,000020,M,J,180.0,241331.4,USD,2024-02-21,110000,EA
100,1000000070,000010,8000000070,000010,J,C,23.0,18754.43,USD,2024-09-27,100000,EA
100,8000000070,000010,9000000070,000010,M,J,23.0,18754.43,USD,2024-10-01,110000,EA
100,1000000071,000010,8000000071,000010,J,C,125.0,161227.5,USD,2024-03-02,100000,EA
100,8000000071,000010,9000000071,000010,M,J,125.0,161227.5,USD,2024-03-03,110000,EA
100,1000000072,000010,8000000072,000010,J,C,149.0,154268.64,USD,2024-06-04,100000,EA
100,8000000072,000010,9000000072,000010,M,J,149.0,154268.64,USD,2024-06-07,110000,EA
100,1000000073,000010,8000000073,000010,J,C,83.0,96753.93,USD,2024-08-03,100000,EA
100,1000000074,000010,8000000074,000010,J,C,181.0,156984.92,USD,2024-06-02,100000,EA
100,1000000075,000010,8000000075,000010,J,C,44.0,68505.36,USD,2024-07-15,100000,EA
100,8000000075,000010,9000000075,000010,M,J,44.0,68505.36,USD,2024-07-17,110000,EA
100,1000000076,000010,8000000076,000010,J,C,135.0,199520.55,USD,2024-04-04,100000,EA
100,8000000076,000010,9000000076,000010,M,J,135.0,199520.55,USD,2024-04-07,110000,EA
100,1000000077,000010,8000000077,000010,J,C,23.0,33172.67,USD,2024-03-29,100000,EA
100,8000000077,000010,9000000077,000010,M,J,23.0,33172.67,USD,2024-04-02,110000,EA
100,1000000078,000010,8000000078,000010,J,C,89.0,70915.2,USD,2024-09-12,100000,EA
100,8000000078,000010,9000000078,000010,M,J,89.0,70915.2,USD,2024-09-16,110000,EA
100,1000000079,000010,8000000079,000010,J,C,97.0,173146.94,USD,2024-04-12,100000,EA
100,8000000079,000010,9000000079,000010,M,J,97.0,173146.94,USD,2024-04-13,110000,EA
100,1000000080,000010,8000000080,000010,J,C,4.0,7876.8,USD,2024-05-17,100000,EA
100,8000000080,000010,9000000080,000010,M,J,4.0,7876.8,USD,2024-05-22,110000,EA
100,1000000081,000010,8000000081,000010,J,C,23.0,29503.48,USD,2024-01-23,100000,EA
100,1000000081,000020,8000000081,000020,J,C,29.0,5056.73,USD,2024-01-23,100000,EA
100,8000000081,000010,9000000081,000010,M,J,18.0,23089.68,USD,2024-01-28,110000,EA
100,8000000081,000020,9000000081,000020,M,J,24.0,4184.88,USD,2024-01-28,110000,EA
100,1000000082,000010,8000000082,000010,J,C,195.0,108889.95,USD,2024-02-25,100000,EA
100,8000000082,000010,9000000082,000010,M,J,195.0,108889.95,USD,2024-03-03,110000,EA
100,1000000083,000010,8000000083,000010,J,C,104.0,124620.08,USD,2024-09-21,100000,EA
100,8000000083,000010,9000000083,000010,M,J,104.0,124620.08,USD,2024-09-25,110000,EA
100,1000000084,000010,8000000084,000010,J,C,157.0,169005.79,USD,2024-03-11,100000,EA
100,1000000084,000020,8000000084,000020,J,C,161.0,54199.04,USD,2024-03-11,100000,EA
100,8000000084,000010,9000000084,000010,M,J,157.0,169005.79,USD,2024-03-12,110000,EA
100,8000000084,000020,9000000084,000020,M,J,161.0,54199.04,USD,2024-03-12,110000,EA
100,1000000085,000010,8000000085,000010,J,C,163.0,78350.84,USD,2024-03-04,100000,EA
100,1000000086,000010,8000000086,000010,J,C,112.0,170876.16,USD,2024-10-06,100000,EA
100,1000000086,000020,8000000086,000020,J,C,178.0,128752.74,USD,2024-10-06,100000,EA
100,8000000086,000010,9000000086,000010,M,J,112.0,170876.16,USD,2024-10-07,110000,EA
100,8000000086,000020,9000000086,000020,M,J,178.0,128752.74,USD,2024-10-07,110000,EA
100,1000000087,000010,8000000087,000010,J,C,48.0,89705.28,USD,2024-02-13,100000,EA
100,1000000088,000010,8000000088,000010,J,C,176.0,284262.88,USD,2024-09-30,100000,EA
100,1000000088,000020,8000000088,000020,J,C,46.0,68545.06,USD,2024-09-30,100000,EA
100,8000000088,000010,9000000088,000010,M,J,176.0,284262.88,USD,2024-10-03,110000,EA
100,8000000088,000020,9000000088,000020,M,J,46.0,68545.06,USD,2024-10-03,110000,EA
100,1000000089,000010,8000000089,000010,J,C,191.0,354574.31,USD,2024-10-01,100000,EA
100,1000000090,000010,8000000090,000010,J,C,112.0,70436.8,USD,2024-11-04,100000,EA
100,1000000091,000010,8000000091,000010,J,C,185.0,95102.95,USD,2024-05-10,100000,EA
100,1000000091,000020,8000000091,000020,J,C,187.0,351343.08,USD,2024-05-10,100000,EA
100,8000000091,000010,9000000091,000010,M,J,185.0,95102.95,USD,2024-05-17,110000,EA
100,8000000091,000020,9000000091,000020,M,J,187.0,351343.08,USD,2024-05-17,110000,EA
100,1000000093,000010,8000000093,000010,J,C,112.0,30453.92,USD,2024-10-06,100000,EA
100,8000000093,000010,9000000093,000010,M,J,112.0,30453.92,USD,2024-10-10,110000,EA
100,1000000094,000010,8000000094,000010,J,C,41.0,62271.21,USD,2024-10-20,100000,EA
100,1000000094,000020,8000000094,000020,J,C,30.0,34717.8,USD,2024-10-20,100000,EA
100,8000000094,000010,9000000094,000010,M,J,41.0,62271.21,USD,2024-10-24,110000,EA
100,8000000094,000020,9000000094,000020,M,J,30.0,34717.8,USD,2024-10-24,110000,EA
100,1000000095,000010,8000000095,000010,J,C,81.0,20667.15,USD,2024-09-28,100000,EA
100,1000000096,000010,8000000096,000010,J,C,105.0,59373.3,USD,2024-02-13,100000,EA
100,1000000096,000020,8000000096,000020,J,C,43.0,55529.34,USD,2024-02-13,100000,EA
100,8000000096,000010,9000000096,000010,M,J,105.0,59373.3,USD,2024-02-15,110000,EA
100,8000000096,000020,9000000096,000020,M,J,43.0,55529.34,USD,2024-02-15,110000,EA
100,1000000097,000010,8000000097,000010,J,C,137.0,70124.82,USD,2024-08-25,100000,EA
100,8000000097,000010,9000000097,000010,M,J,137.0,70124.82,USD,2024-08-30,110000,EA
100,1000000098,000010,8000000098,000010,J,C,93.0,85616.73,USD,2024-01-16,100000,EA
100,8000000098,000010,9000000098,000010,M,J,118.0,108631.98,USD,2024-01-18,110000,EA
100,1000000099,000010,8000000099,000010,J,C,80.0,149580.8,USD,2024-08-23,100000,EA
100,1000000099,000020,8000000099,000020,J,C,58.0,82712.64,USD,2024-08-23,100000,EA
100,8000000099,000010,9000000099,000010,M,J,122.0,228110.72,USD,2024-08-24,110000,EA
100,8000000099,000020,9000000099,000020,M,J,68.0,96973.44,USD,2024-08-24,110000,EA
100,1000000100,000010,8000000100,000010,J,C,127.0,180072.03,USD,2024-03-25,100000,EA
100,8000000100,000010,9000000100,000010,M,J,127.0,180072.03,USD,2024-03-30,110000,EA
100,1000000101,000010,8000000101,000010,J,C,13.0,10733.06,USD,2024-05-02,100000,EA
100,8000000101,000010,9000000101,000010,M,J,13.0,10733.06,USD,2024-05-03,110000,EA
100,1000000102,000010,8000000102,000010,J,C,112.0,209478.08,USD,2024-07-14,100000,EA
100,1000000102,000020,8000000102,000020,J,C,159.0,23547.9,USD,2024-07-14,100000,EA
100,8000000102,000010,9000000102,000010,M,J,112.0,209478.08,USD,2024-07-19,110000,EA
100,8000000102,000020,9000000102,000020,M,J,159.0,23547.9,USD,2024-07-19,110000,EA
100,1000000103,000010,8000000103,000010,J,C,4.0,7422.24,USD,2024-03-09,100000,EA
100,1000000104,000010,8000000104,000010,J,C,180.0,231166.8,USD,2024-08-15,100000,EA
100,8000000104,000010,9000000104,000010,M,J,180.0,231166.8,USD,2024-08-16,110000,EA
100,1000000105,000010,8000000105,000010,J,C,115.0,226646.6,USD,2024-03-04,100000,EA
100,1000000106,000010,8000000106,000010,J,C,178.0,268279.82,USD,2024-04-03,100000,EA
100,1000000106,000020,8000000106,000020,J,C,16.0,19653.76,USD,2024-04-03,100000,EA
100,1000000107,000010,8000000107,000010,J,C,153.0,67411.8,USD,2024-01-28,100000,EA
100,8000000107,000010,9000000107,000010,M,J,153.0,67411.8,USD,2024-02-01,110000,EA
100,1000000108,000010,8000000108,000010,J,C,115.0,24598.5,USD,2024-05-03,100000,EA
100,8000000108,000010,9000000108,000010,M,J,115.0,24598.5,USD,2024-05-05,110000,EA
100,1000000109,000010,8000000109,000010,J,C,192.0,239318.4,USD,2024-04-20,100000,EA
100,8000000109,000010,9000000109,000010,M,J,192.0,239318.4,USD,2024-04-22,110000,EA
100,1000000111,000010,8000000111,000010,J,C,14.0,24618.02,USD,2024-06-16,100000,EA
100,8000000111,000010,9000000111,000010,M,J,22.0,38685.46,USD,2024-06-21,110000,EA
100,1000000112,000010,8000000112,000010,J,C,146.0,74843.98,USD,2024-10-02,100000,EA
100,8000000112,000010,9000000112,000010,M,J,146.0,74843.98,USD,2024-10-06,110000,EA
100,1000000113,000010,8000000113,000010,J,C,137.0,143243.09,USD,2024-08-24,100000,EA
100,8000000113,000010,9000000113,000010,M,J,137.0,143243.09,USD,2024-08-26,110000,EA
100,1000000114,000010,8000000114,000010,J,C,143.0,72342.27,USD,2024-03-07,100000,EA
100,8000000114,000010,9000000114,000010,M,J,143.0,72342.27,USD,2024-03-08,110000,EA
100,1000000116,000010,8000000116,000010,J,C,56.0,41099.52,USD,2024-08-16,100000,EA
100,8000000116,000010,9000000116,000010,M,J,56.0,41099.52,USD,2024-08-17,110000,EA
100,1000000118,000010,8000000118,000010,J,C,23.0,28407.76,USD,2024-01-29,100000,EA
100,1000000119,000010,8000000119,000010,J,C,42.0,21775.74,USD,2024-07-09,100000,EA
100,1000000120,000010,8000000120,000010,J,C,68.0,99098.44,USD,2024-08-18,100000,EA
100,8000000120,000010,9000000120,000010,M,J,68.0,99098.44,USD,2024-08-19,110000,EA
100,1000000121,000010,8000000121,000010,J,C,120.0,127728.0,USD,2024-08-25,100000,EA
100,8000000121,000010,9000000121,000010,M,J,120.0,127728.0,USD,2024-08-30,110000,EA
100,1000000122,000010,8000000122,000010,J,C,59.0,21005.77,USD,2024-04-25,100000,EA
100,1000000122,000020,8000000122,000020,J,C,35.0,9125.9,USD,2024-04-25,100000,EA
100,8000000122,000010,9000000122,000010,M,J,59.0,21005.77,USD,2024-04-28,110000,EA
100,8000000122,000020,9000000122,000020,M,J,35.0,9125.9,USD,2024-04-28,110000,EA
100,1000000123,000010,8000000123,000010,J,C,99.0,78857.46,USD,2024-04-01,100000,EA
100,8000000123,000010,9000000123,000010,M,J,99.0,78857.46,USD,2024-04-06,110000,EA
100,1000000124,000010,8000000124,000010,J,C,107.0,8998.7,USD,2024-06-25,100000,EA
100,8000000124,000010,9000000124,000010,M,J,107.0,8998.7,USD,2024-06-28,110000,EA
100,1000000125,000010,8000000125,000010,J,C,101.0,165627.88,USD,2024-06-23,100000,EA
100,8000000125,000010,9000000125,000010,M,J,101.0,165627.88,USD,2024-06-28,110000,EA
100,1000000126,000010,8000000126,000010,J,C,71.0,15674.67,USD,2024-07-14,100000,EA
100,8000000126,000010,9000000126,000010,M,J,71.0,15674.67,USD,2024-07-15,110000,EA
100,1000000127,000010,8000000127,000010,J,C,80.0,61406.4,USD,2024-09-07,100000,EA
100,8000000127,000010,9000000127,000010,M,J,58.0,44519.64,USD,2024-09-11,110000,EA
100,1000000128,000010,8000000128,000010,J,C,89.0,41674.25,USD,2024-06-05,100000,EA
100,1000000128,000020,8000000128,000020,J,C,89.0,148589.06,USD,2024-06-05,100000,EA
100,8000000128,000010,9000000128,000010,M,J,89.0,41674.25,USD,2024-06-10,110000,EA
100,8000000128,000020,9000000128,000020,M,J,89.0,148589.06,USD,2024-06-10,110000,EA
100,1000000129,000010,8000000129,000010,J,C,145.0,72450.7,USD,2024-09-19,100000,EA
100,8000000129,000010,9000000129,000010,M,J,145.0,72450.7,USD,2024-09-21,110000,EA
100,1000000130,000010,8000000130,000010,J,C,185.0,315321.4,USD,2024-07-25,100000,EA
100,8000000130,000010,9000000130,000010,M,J,185.0,315321.4,USD,2024-07-26,110000,EA
100,1000000131,000010,8000000131,000010,J,C,94.0,140387.12,USD,2024-08-06,100000,EA
100,1000000132,000010,8000000132,000010,J,C,134.0,88271.16,USD,2024-10-16,100000,EA
100,8000000132,000010,9000000132,000010,M,J,134.0,88271.16,USD,2024-10-18,110000,EA
100,1000000133,000010,8000000133,000010,J,C,66.0,50044.5,USD,2024-05-05,100000,EA
100,1000000133,000020,8000000133,000020,J,C,83.0,137655.5,USD,2024-05-05,100000,EA
100,1000000134,000010,8000000134,000010,J,C,22.0,35299.88,USD,2024-06-15,100000,EA
100,8000000134,000010,9000000134,000010,M,J,22.0,35299.88,USD,2024-06-19,110000,EA
100,1000000135,000010,8000000135,000010,J,C,103.0,39494.32,USD,2024-09-14,100000,EA
100,1000000135,000020,8000000135,000020,J,C,99.0,145763.64,USD,2024-09-14,100000,EA
100,1000000136,000010,8000000136,000010,J,C,44.0,81337.52,USD,2024-06-02,100000,EA
100,8000000136,000010,9000000136,000010,M,J,44.0,81337.52,USD,2024-06-07,110000,EA
100,1000000137,000010,8000000137,000010,J,C,171.0,249124.77,USD,2024-05-13,100000,EA
100,8000000137,000010,9000000137,000010,M,J,171.0,249124.77,USD,2024-05-20,110000,EA
100,1000000138,000010,8000000138,000010,J,C,186.0,136795.56,USD,2024-07-11,100000,EA
100,8000000138,000010,9000000138,000010,M,J,186.0,136795.56,USD,2024-07-14,110000,EA
100,1000000139,000010,8000000139,000010,J,C,57.0,95053.77,USD,2024-08-05,100000,EA
100,8000000139,000010,9000000139,000010,M,J,57.0,95053.77,USD,2024-08-08,110000,EA
100,1000000140,000010,8000000140,000010,J,C,194.0,172791.92,USD,2024-06-18,100000,EA
100,1000000140,000020,8000000140,000020,J,C,3.0,5759.16,USD,2024-06-18,100000,EA
100,8000000140,000010,9000000140,000010,M,J,194.0,172791.92,USD,2024-06-20,110000,EA
100,8000000140,000020,9000000140,000020,M,J,3.0,5759.16,USD,2024-06-20,110000,EA
100,1000000141,000010,8000000141,000010,J,C,91.0,124910.24,USD,2024-01-29,100000,EA
100,8000000141,000010,9000000141,000010,M,J,91.0,124910.24,USD,2024-01-30,110000,EA
100,1000000142,000010,8000000142,000010,J,C,124.0,51435.2,USD,2024-03-23,100000,EA
100,8000000142,000010,9000000142,000010,M,J,124.0,51435.2,USD,2024-03-28,110000,EA
100,1000000143,000010,8000000143,000010,J,C,159.0,206337.48,USD,2024-07-05,100000,EA
100,8000000143,000010,9000000143,000010,M,J,159.0,206337.48,USD,2024-07-07,110000,EA
100,1000000144,000010,8000000144,000010,J,C,41.0,44388.24,USD,2024-06-20,100000,EA
100,8000000144,000010,9000000144,000010,M,J,56.0,60627.84,USD,2024-06-25,110000,EA
100,1000000145,000010,8000000145,000010,J,C,13.0,7797.14,USD,2024-09-04,100000,EA
100,8000000145,000010,9000000145,000010,M,J,13.0,7797.14,USD,2024-09-06,110000,EA
100,1000000146,000010,8000000146,000010,J,C,100.0,160203.0,USD,2024-07-21,100000,EA
100,8000000146,000010,9000000146,000010,M,J,100.0,160203.0,USD,2024-07-25,110000,EA
100,1000000147,000010,8000000147,000010,J,C,123.0,160797.9,USD,2024-08-02,100000,EA
100,1000000147,000020,8000000147,000020,J,C,90.0,34992.0,USD,2024-08-02,100000,EA
100,1000000148,000010,8000000148,000010,J,C,89.0,30548.36,USD,2024-04-20,100000,EA
100,8000000148,000010,9000000148,000010,M,J,101.0,34667.24,USD,2024-04-22,110000,EA
100,1000000149,000010,8000000149,000010,J,C,41.0,57831.32,USD,2024-08-30,100000,EA
100,1000000149,000020,8000000149,000020,J,C,119.0,115771.53,USD,2024-08-30,100000,EA
100,8000000149,000010,9000000149,000010,M,J,41.0,57831.32,USD,2024-09-01,110000,EA
100,8000000149,000020,9000000149,000020,M,J,119.0,115771.53,USD,2024-09-01,110000,EA
100,1000000150,000010,8000000150,000010,J,C,57.0,29953.5,USD,2024-09-15,100000,EA
100,8000000150,000010,9000000150,000010,M,J,44.0,23122.0,USD,2024-09-16,110000,EA
100,1000000151,000010,8000000151,000010,J,C,119.0,205552.27,USD,2024-06-17,100000,EA
100,1000000151,000020,8000000151,000020,J,C,2.0,887.76,USD,2024-06-17,100000,EA
100,1000000152,000010,8000000152,000010,J,C,127.0,52412.9,USD,2024-06-18,100000,EA
100,8000000152,000010,9000000152,000010,M,J,127.0,52412.9,USD,2024-06-22,110000,EA
100,1000000153,000010,8000000153,000010,J,C,174.0,141613.38,USD,2024-03-13,100000,EA
100,1000000153,000020,8000000153,000020,J,C,191.0,301556.53,USD,2024-03-13,100000,EA
100,8000000153,000010,9000000153,000010,M,J,174.0,141613.38,USD,2024-03-17,110000,EA
100,8000000153,000020,9000000153,000020,M,J,191.0,301556.53,USD,2024-03-17,110000,EA
100,1000000154,000010,8000000154,000010,J,C,149.0,75909.54,USD,2024-08-30,100000,EA
100,8000000154,000010,9000000154,000010,M,J,149.0,75909.54,USD,2024-09-02,110000,EA
100,1000000155,000010,8000000155,000010,J,C,66.0,123477.42,USD,2024-08-10,100000,EA
100,8000000155,000010,9000000155,000010,M,J,66.0,123477.42,USD,2024-08-11,110000,EA
100,1000000156,000010,8000000156,000010,J,C,168.0,231460.32,USD,2024-05-16,100000,EA
100,8000000156,000010,9000000156,000010,M,J,168.0,231460.32,USD,2024-05-17,110000,EA
100,1000000157,000010,8000000157,000010,J,C,190.0,119570.8,USD,2024-07-30,100000,EA
100,1000000157,000020,8000000157,000020,J,C,111.0,148592.37,USD,2024-07-30,100000,EA
100,8000000157,000010,9000000157,000010,M,J,190.0,119570.8,USD,2024-08-02,110000,EA
100,8000000157,000020,9000000157,000020,M,J,111.0,148592.37,USD,2024-08-02,110000,EA
100,1000000158,000010,8000000158,000010,J,C,174.0,150043.68,USD,2024-05-29,100000,EA
100,1000000160,000010,8000000160,000010,J,C,57.0,48752.67,USD,2024-10-01,100000,EA
100,8000000160,000010,9000000160,000010,M,J,41.0,35067.71,USD,2024-10-04,110000,EA
100,1000000161,000010,8000000161,000010,J,C,41.0,78817.99,USD,2024-05-07,100000,EA
100,8000000161,000010,9000000161,000010,M,J,41.0,78817.99,USD,2024-05-11,110000,EA
100,1000000162,000010,8000000162,000010,J,C,178.0,42442.32,USD,2024-07-04,100000,EA
100,8000000162,000010,9000000162,000010,M,J,178.0,42442.32,USD,2024-07-07,110000,EA
100,1000000163,000010,8000000163,000010,J,C,168.0,321179.04,USD,2024-09-30,100000,EA
100,1000000163,000020,8000000163,000020,J,C,48.0,45687.84,USD,2024-09-30,100000,EA
100,1000000164,000010,8000000164,000010,J,C,30.0,35988.9,USD,2024-01-19,100000,EA
100,8000000164,000010,9000000164,000010,M,J,21.0,25192.23,USD,2024-01-22,110000,EA
100,1000000165,000010,8000000165,000010,J,C,35.0,21850.5,USD,2024-07-11,100000,EA
100,8000000165,000010,9000000165,000010,M,J,35.0,21850.5,USD,2024-07-14,110000,EA
100,1000000166,000010,8000000166,000010,J,C,48.0,57437.76,USD,2024-07-15,100000,EA
100,8000000166,000010,9000000166,000010,M,J,48.0,57437.76,USD,2024-07-18,110000,EA
100,1000000167,000010,8000000167,000010,J,C,197.0,351172.2,USD,2024-04-29,100000,EA
100,8000000167,000010,9000000167,000010,M,J,197.0,351172.2,USD,2024-04-30,110000,EA
100,1000000168,000010,8000000168,000010,J,C,69.0,76799.07,USD,2024-03-25,100000,EA
100,1000000168,000020,8000000168,000020,J,C,92.0,22446.16,USD,2024-03-25,100000,EA
100,8000000168,000010,9000000168,000010,M,J,69.0,76799.07,USD,2024-03-28,110000,EA
100,8000000168,000020,9000000168,000020,M,J,92.0,22446.16,USD,2024-03-28,110000,EA
100,1000000169,000010,8000000169,000010,J,C,52.0,52374.92,USD,2024-03-18,100000,EA
100,8000000169,000010,9000000169,000010,M,J,52.0,52374.92,USD,2024-03-21,110000,EA
100,1000000170,000010,8000000170,000010,J,C,52.0,84283.68,USD,2024-03-21,100000,EA
100,8000000170,000010,9000000170,000010,M,J,52.0,84283.68,USD,2024-03-23,110000,EA
100,1000000171,000010,8000000171,000010,J,C,2.0,3831.16,USD,2024-03-07,100000,EA
100,1000000171,000020,8000000171,000020,J,C,39.0,66247.35,USD,2024-03-07,100000,EA
100,8000000171,000010,9000000171,000010,M,J,2.0,3831.16,USD,2024-03-08,110000,EA
100,8000000171,000020,9000000171,000020,M,J,39.0,66247.35,USD,2024-03-08,110000,EA
100,1000000173,000010,8000000173,000010,J,C,53.0,14539.49,USD,2024-08-04,100000,EA
100,8000000173,000010,9000000173,000010,M,J,53.0,14539.49,USD,2024-08-06,110000,EA
100,1000000174,000010,8000000174,000010,J,C,112.0,52987.2,USD,2024-04-23,100000,EA
100,8000000174,000010,9000000174,000010,M,J,112.0,52987.2,USD,2024-04-27,110000,EA
100,1000000175,000010,8000000175,000010,J,C,24.0,2787.36,USD,2024-03-03,100000,EA
100,1000000175,000020,8000000175,000020,J,C,26.0,19998.42,USD,2024-03-03,100000,EA
100,8000000175,000010,9000000175,000010,M,J,24.0,2787.36,USD,2024-03-07,110000,EA
100,8000000175,000020,9000000175,000020,M,J,26.0,19998.42,USD,2024-03-07,110000,EA
100,1000000176,000010,8000000176,000010,J,C,23.0,13441.43,USD,2024-08-17,100000,EA
100,1000000177,000010,8000000177,000010,J,C,159.0,197430.3,USD,2024-06-19,100000,EA
100,8000000177,000010,9000000177,000010,M,J,159.0,197430.3,USD,2024-06-24,110000,EA
100,1000000178,000010,8000000178,000010,J,C,124.0,176559.88,USD,2024-04-09,100000,EA
100,8000000178,000010,9000000178,000010,M,J,124.0,176559.88,USD,2024-04-10,110000,EA
100,1000000179,000010,8000000179,000010,J,C,141.0,162468.66,USD,2024-08-06,100000,EA
100,8000000179,000010,9000000179,000010,M,J,141.0,162468.66,USD,2024-08-11,110000,EA
100,1000000180,000010,8000000180,000010,J,C,180.0,303703.2,USD,2024-06-16,100000,EA
100,8000000180,000010,9000000180,000010,M,J,180.0,303703.2,USD,2024-06-18,110000,EA
100,1000000181,000010,8000000181,000010,J,C,42.0,63956.76,USD,2024-06-21,100000,EA
100,8000000181,000010,9000000181,000010,M,J,38.0,57865.64,USD,2024-06-22,110000,EA
100,1000000182,000010,8000000182,000010,J,C,24.0,17332.56,USD,2024-04-26,100000,EA
100,8000000182,000010,9000000182,000010,M,J,24.0,17332.56,USD,2024-04-28,110000,EA
100,1000000183,000010,8000000183,000010,J,C,1.0,94.31,USD,2024-08-05,100000,EA
100,8000000183,000010,9000000183,000010,M,J,1.0,94.31,USD,2024-08-11,110000,EA
100,1000000184,000010,8000000184,000010,J,C,81.0,156974.76,USD,2024-10-13,100000,EA
100,1000000184,000020,8000000184,000020,J,C,200.0,97772.0,USD,2024-10-13,100000,EA
100,8000000184,000010,9000000184,000010,M,J,81.0,156974.76,USD,2024-10-14,110000,EA
100,8000000184,000020,9000000184,000020,M,J,200.0,97772.0,USD,2024-10-14,110000,EA
100,1000000185,000010,8000000185,000010,J,C,130.0,85642.7,USD,2024-05-29,100000,EA
100,1000000186,000010,8000000186,000010,J,C,174.0,105938.16,USD,2024-06-07,100000,EA
100,8000000186,000010,9000000186,000010,M,J,174.0,105938.16,USD,2024-06-12,110000,EA
100,1000000187,000010,8000000187,000010,J,C,68.0,127238.88,USD,2024-05-17,100000,EA
100,8000000187,000010,9000000187,000010,M,J,68.0,127238.88,USD,2024-05-18,110000,EA
100,1000000188,000010,8000000188,000010,J,C,124.0,94082.52,USD,2024-06-29,100000,EA
100,8000000188,000010,9000000188,000010,M,J,124.0,94082.52,USD,2024-07-02,110000,EA
100,1000000191,000010,8000000191,000010,J,C,123.0,131953.17,USD,2024-05-21,100000,EA
100,8000000191,000010,9000000191,000010,M,J,123.0,131953.17,USD,2024-05-25,110000,EA
100,1000000192,000010,8000000192,000010,J,C,132.0,140655.24,USD,2024-06-06,100000,EA
100,8000000192,000010,9000000192,000010,M,J,132.0,140655.24,USD,2024-06-08,110000,EA
100,1000000194,000010,8000000194,000010,J,C,60.0,23424.0,USD,2024-06-25,100000,EA
100,8000000194,000010,9000000194,000010,M,J,61.0,23814.4,USD,2024-06-27,110000,EA
100,1000000195,000010,8000000195,000010,J,C,58.0,75904.02,USD,2024-05-14,100000,EA
100,1000000195,000020,8000000195,000020,J,C,79.0,38895.65,USD,2024-05-14,100000,EA
100,8000000195,000010,9000000195,000010,M,J,58.0,75904.02,USD,2024-05-15,110000,EA
100,8000000195,000020,9000000195,000020,M,J,79.0,38895.65,USD,2024-05-15,110000,EA
100,1000000196,000010,8000000196,000010,J,C,26.0,37989.9,USD,2024-06-03,100000,EA
100,8000000196,000010,9000000196,000010,M,J,32.0,46756.8,USD,2024-06-09,110000,EA
100,1000000198,000010,8000000198,000010,J,C,84.0,56957.04,USD,2024-09-07,100000,EA
100,8000000198,000010,9000000198,000010,M,J,84.0,56957.04,USD,2024-09-14,110000,EA
100,1000000199,000010,8000000199,000010,J,C,63.0,118513.71,USD,2024-03-17,100000,EA
100,1000000199,000020,8000000199,000020,J,C,105.0,26007.45,USD,2024-03-17,100000,EA
100,8000000199,000010,9000000199,000010,M,J,63.0,118513.71,USD,2024-03-20,110000,EA
100,8000000199,000020,9000000199,000020,M,J,105.0,26007.45,USD,2024-03-20,110000,EA
100,1000000200,000010,8000000200,000010,J,C,66.0,43651.74,USD,2024-03-05,100000,EA
100,8000000200,000010,9000000200,000010,M,J,66.0,43651.74,USD,2024-03-08,110000,EA
100,1000000201,000010,8000000201,000010,J,C,56.0,59073.84,USD,2024-09-28,100000,EA
100,8000000201,000010,9000000201,000010,M,J,56.0,59073.84,USD,2024-09-30,110000,EA
100,1000000202,000010,8000000202,000010,J,C,174.0,106402.74,USD,2024-07-09,100000,EA
100,1000000202,000020,8000000202,000020,J,C,7.0,9494.66,USD,2024-07-09,100000,EA
100,8000000202,000010,9000000202,000010,M,J,174.0,106402.74,USD,2024-07-10,110000,EA
100,8000000202,000020,9000000202,000020,M,J,7.0,9494.66,USD,2024-07-10,110000,EA
100,1000000203,000010,8000000203,000010,J,C,75.0,135828.75,USD,2024-06-13,100000,EA
100,1000000203,000020,8000000203,000020,J,C,9.0,10853.19,USD,2024-06-13,100000,EA
100,8000000203,000010,9000000203,000010,M,J,75.0,135828.75,USD,2024-06-14,110000,EA
100,8000000203,000020,9000000203,000020,M,J,9.0,10853.19,USD,2024-06-14,110000,EA
100,1000000205,000010,8000000205,000010,J,C,144.0,15252.48,USD,2024-06-16,100000,EA
100,8000000205,000010,9000000205,000010,M,J,144.0,15252.48,USD,2024-06-17,110000,EA
100,1000000206,000010,8000000206,000010,J,C,199.0,69176.38,USD,2024-09-30,100000,EA
100,8000000206,000010,9000000206,000010,M,J,199.0,69176.38,USD,2024-10-04,110000,EA
100,1000000207,000010,8000000207,000010,J,C,34.0,25501.7,USD,2024-02-25,100000,EA
100,8000000207,000010,9000000207,000010,M,J,34.0,25501.7,USD,2024-02-29,110000,EA
100,1000000208,000010,8000000208,000010,J,C,12.0,20708.4,USD,2024-09-16,100000,EA
100,8000000208,000010,9000000208,000010,M,J,12.0,20708.4,USD,2024-09-21,110000,EA
100,1000000209,000010,8000000209,000010,J,C,107.0,37397.57,USD,2024-07-28,100000,EA
100,1000000210,000010,8000000210,000010,J,C,159.0,285147.42,USD,2024-02-03,100000,EA
100,8000000210,000010,9000000210,000010,M,J,159.0,285147.42,USD,2024-02-06,110000,EA
100,1000000211,000010,8000000211,000010,J,C,107.0,81276.13,USD,2024-02-15,100000,EA
100,1000000211,000020,8000000211,000020,J,C,127.0,153192.48,USD,2024-02-15,100000,EA
100,8000000211,000010,9000000211,000010,M,J,107.0,81276.13,USD,2024-02-16,110000,EA
100,8000000211,000020,9000000211,000020,M,J,127.0,153192.48,USD,2024-02-16,110000,EA
100,1000000213,000010,8000000213,000010,J,C,126.0,45324.72,USD,2024-06-16,100000,EA
100,1000000213,000020,8000000213,000020,J,C,144.0,240216.48,USD,2024-06-16,100000,EA
100,1000000214,000010,8000000214,000010,J,C,3.0,1883.04,USD,2024-03-07,100000,EA
100,1000000214,000020,8000000214,000020,J,C,80.0,69702.4,USD,2024-03-07,100000,EA
100,8000000214,000010,9000000214,000010,M,J,3.0,1883.04,USD,2024-03-12,110000,EA
100,8000000214,000020,9000000214,000020,M,J,80.0,69702.4,USD,2024-03-12,110000,EA
100,1000000215,000010,8000000215,000010,J,C,125.0,235825.0,USD,2024-07-02,100000,EA
100,8000000215,000010,9000000215,000010,M,J,98.0,184886.8,USD,2024-07-06,110000,EA
100,1000000216,000010,8000000216,000010,J,C,59.0,71315.66,USD,2024-07-03,100000,EA
100,8000000216,000010,9000000216,000010,M,J,59.0,71315.66,USD,2024-07-07,110000,EA
100,1000000217,000010,8000000217,000010,J,C,132.0,110675.4,USD,2024-08-23,100000,EA
100,8000000217,000010,9000000217,000010,M,J,132.0,110675.4,USD,2024-08-28,110000,EA
100,1000000218,000010,8000000218,000010,J,C,174.0,87624.66,USD,2024-10-25,100000,EA
100,8000000218,000010,9000000218,000010,M,J,174.0,87624.66,USD,2024-10-28,110000,EA
100,1000000219,000010,8000000219,000010,J,C,3.0,4507.32,USD,2024-08-18,100000,EA
100,8000000219,000010,9000000219,000010,M,J,3.0,4507.32,USD,2024-08-19,110000,EA
100,1000000220,000010,8000000220,000010,J,C,76.0,139897.0,USD,2024-07-13,100000,EA
100,8000000220,000010,9000000220,000010,M,J,61.0,112285.75,USD,2024-07-16,110000,EA
100,1000000221,000010,8000000221,000010,J,C,10.0,4561.3,USD,2024-06-27,100000,EA
100,8000000221,000010,9000000221,000010,M,J,10.0,4561.3,USD,2024-07-02,110000,EA
100,1000000222,000010,8000000222,000010,J,C,80.0,26202.4,USD,2024-04-19,100000,EA
100,8000000222,000010,9000000222,000010,M,J,80.0,26202.4,USD,2024-04-20,110000,EA
100,1000000223,000010,8000000223,000010,J,C,87.0,39601.53,USD,2024-06-13,100000,EA
100,8000000223,000010,9000000223,000010,M,J,87.0,39601.53,USD,2024-06-15,110000,EA
100,1000000224,000010,8000000224,000010,J,C,77.0,109977.56,USD,2024-06-09,100000,EA
100,1000000224,000020,8000000224,000020,J,C,59.0,38116.36,USD,2024-06-09,100000,EA
100,8000000224,000010,9000000224,000010,M,J,57.0,81411.96,USD,2024-06-13,110000,EA
100,8000000224,000020,9000000224,000020,M,J,81.0,52329.24,USD,2024-06-13,110000,EA
100,1000000225,000010,8000000225,000010,J,C,86.0,72274.4,USD,2024-05-20,100000,EA
100,8000000225,000010,9000000225,000010,M,J,80.0,67232.0,USD,2024-05-24,110000,EA
100,1000000226,000010,8000000226,000010,J,C,131.0,91282.11,USD,2024-08-27,100000,EA
100,8000000226,000010,9000000226,000010,M,J,131.0,91282.11,USD,2024-09-03,110000,EA
100,1000000228,000010,8000000228,000010,J,C,21.0,37918.02,USD,2024-02-11,100000,EA
100,1000000228,000020,8000000228,000020,J,C,7.0,7860.86,USD,2024-02-11,100000,EA
100,8000000228,000010,9000000228,000010,M,J,21.0,37918.02,USD,2024-02-15,110000,EA
100,8000000228,000020,9000000228,000020,M,J,7.0,7860.86,USD,2024-02-15,110000,EA
100,1000000229,000010,8000000229,000010,J,C,70.0,122897.6,USD,2024-09-14,100000,EA
100,8000000229,000010,9000000229,000010,M,J,70.0,122897.6,USD,2024-09-16,110000,EA
100,1000000230,000010,8000000230,000010,J,C,128.0,41185.28,USD,2024-09-03,100000,EA
100,8000000230,000010,9000000230,000010,M,J,128.0,41185.28,USD,2024-09-04,110000,EA
100,1000000231,000010,8000000231,000010,J,C,131.0,105943.63,USD,2024-09-30,100000,EA
100,8000000231,000010,9000000231,000010,M,J,131.0,105943.63,USD,2024-10-04,110000,EA
100,1000000232,000010,8000000232,000010,J,C,183.0,193335.84,USD,2024-07-29,100000,EA
100,8000000232,000010,9000000232,000010,M,J,183.0,193335.84,USD,2024-08-01,110000,EA
100,1000000233,000010,8000000233,000010,J,C,144.0,8064.0,USD,2024-09-20,100000,EA
100,8000000233,000010,9000000233,000010,M,J,144.0,8064.0,USD,2024-09-25,110000,EA
100,1000000234,000010,8000000234,000010,J,C,186.0,329193.96,USD,2024-02-15,100000,EA
100,8000000234,000010,9000000234,000010,M,J,186.0,329193.96,USD,2024-02-16,110000,EA
100,1000000235,000010,8000000235,000010,J,C,171.0,24690.69,USD,2024-08-15,100000,EA
100,1000000235,000020,8000000235,000020,J,C,55.0,58480.4,USD,2024-08-15,100000,EA
100,8000000235,000010,9000000235,000010,M,J,171.0,24690.69,USD,2024-08-19,110000,EA
100,8000000235,000020,9000000235,000020,M,J,55.0,58480.4,USD,2024-08-19,110000,EA
100,1000000236,000010,8000000236,000010,J,C,130.0,157222.0,USD,2024-09-18,100000,EA
100,8000000236,000010,9000000236,000010,M,J,130.0,157222.0,USD,2024-09-23,110000,EA
100,1000000237,000010,8000000237,000010,J,C,71.0,138455.68,USD,2024-03-05,100000,EA
100,1000000237,000020,8000000237,000020,J,C,56.0,39145.68,USD,2024-03-05,100000,EA
100,8000000237,000010,9000000237,000010,M,J,71.0,138455.68,USD,2024-03-08,110000,EA
100,8000000237,000020,9000000237,000020,M,J,56.0,39145.68,USD,2024-03-08,110000,EA
100,1000000238,000010,8000000238,000010,J,C,122.0,49220.9,USD,2024-02-18,100000,EA
100,8000000238,000010,9000000238,000010,M,J,122.0,49220.9,USD,2024-02-20,110000,EA
100,1000000239,000010,8000000239,000010,J,C,40.0,3230.4,USD,2024-08-31,100000,EA
100,1000000239,000020,8000000239,000020,J,C,133.0,61604.27,USD,2024-08-31,100000,EA
100,8000000239,000010,9000000239,000010,M,J,40.0,3230.4,USD,2024-09-04,110000,EA
100,8000000239,000020,9000000239,000020,M,J,133.0,61604.27,USD,2024-09-04,110000,EA
100,1000000240,000010,8000000240,000010,J,C,172.0,46281.76,USD,2024-05-10,100000,EA
100,8000000240,000010,9000000240,000010,M,J,172.0,46281.76,USD,2024-05-13,110000,EA
100,1000000241,000010,8000000241,000010,J,C,140.0,202746.6,USD,2024-10-10,100000,EA
100,8000000241,000010,9000000241,000010,M,J,140.0,202746.6,USD,2024-10-12,110000,EA
100,1000000242,000010,8000000242,000010,J,C,44.0,83268.24,USD,2024-06-25,100000,EA
100,8000000242,000010,9000000242,000010,M,J,44.0,83268.24,USD,2024-06-30,110000,EA
100,1000000243,000010,8000000243,000010,J,C,36.0,24824.88,USD,2024-08-31,100000,EA
100,1000000243,000020,8000000243,000020,J,C,195.0,202353.45,USD,2024-08-31,100000,EA
100,8000000243,000010,9000000243,000010,M,J,36.0,24824.88,USD,2024-09-05,110000,EA
100,8000000243,000020,9000000243,000020,M,J,195.0,202353.45,USD,2024-09-05,110000,EA
100,1000000244,000010,8000000244,000010,J,C,80.0,81285.6,USD,2024-01-23,100000,EA
100,8000000244,000010,9000000244,000010,M,J,64.0,65028.48,USD,2024-01-24,110000,EA
100,1000000245,000010,8000000245,000010,J,C,189.0,187659.99,USD,2024-06-03,100000,EA
100,1000000245,000020,8000000245,000020,J,C,74.0,108903.58,USD,2024-06-03,100000,EA
100,8000000245,000010,9000000245,000010,M,J,189.0,187659.99,USD,2024-06-07,110000,EA
100,8000000245,000020,9000000245,000020,M,J,74.0,108903.58,USD,2024-06-07,110000,EA
100,1000000246,000010,8000000246,000010,J,C,171.0,106141.41,USD,2024-09-03,100000,EA
100,8000000246,000010,9000000246,000010,M,J,171.0,106141.41,USD,2024-09-04,110000,EA
100,1000000247,000010,8000000247,000010,J,C,34.0,56005.48,USD,2024-08-13,100000,EA
100,8000000247,000010,9000000247,000010,M,J,34.0,56005.48,USD,2024-08-15,110000,EA
100,1000000248,000010,8000000248,000010,J,C,92.0,77306.68,USD,2024-09-14,100000,EA
100,8000000248,000010,9000000248,000010,M,J,92.0,77306.68,USD,2024-09-16,110000,EA
100,1000000249,000010,8000000249,000010,J,C,168.0,232243.2,USD,2024-07-18,100000,EA
100,8000000249,000010,9000000249,000010,M,J,168.0,232243.2,USD,2024-07-23,110000,EA
100,1000000250,000010,8000000250,000010,J,C,19.0,14651.85,USD,2024-09-17,100000,EA
100,8000000250,000010,9000000250,000010,M,J,19.0,14651.85,USD,2024-09-22,110000,EA
100,1000000251,000010,8000000251,000010,J,C,144.0,193772.16,USD,2024-05-15,100000,EA
100,8000000251,000010,9000000251,000010,M,J,144.0,193772.16,USD,2024-05-18,110000,EA
100,1000000252,000010,8000000252,000010,J,C,60.0,94773.6,USD,2024-07-25,100000,EA
100,1000000252,000020,8000000252,000020,J,C,13.0,1220.05,USD,2024-07-25,100000,EA
100,8000000252,000010,9000000252,000010,M,J,60.0,94773.6,USD,2024-07-28,110000,EA
100,8000000252,000020,9000000252,000020,M,J,13.0,1220.05,USD,2024-07-28,110000,EA
100,1000000253,000010,8000000253,000010,J,C,191.0,35325.45,USD,2024-06-15,100000,EA
100,8000000253,000010,9000000253,000010,M,J,191.0,35325.45,USD,2024-06-16,110000,EA
100,1000000254,000010,8000000254,000010,J,C,62.0,21755.8,USD,2024-10-15,100000,EA
100,8000000254,000010,9000000254,000010,M,J,62.0,21755.8,USD,2024-10-16,110000,EA
100,1000000255,000010,8000000255,000010,J,C,16.0,14780.48,USD,2024-06-20,100000,EA
100,1000000256,000010,8000000256,000010,J,C,117.0,212725.89,USD,2024-04-18,100000,EA
100,1000000257,000010,8000000257,000010,J,C,89.0,118808.77,USD,2024-03-10,100000,EA
100,8000000257,000010,9000000257,000010,M,J,80.0,106794.4,USD,2024-03-11,110000,EA
100,1000000258,000010,8000000258,000010,J,C,144.0,281799.36,USD,2024-04-03,100000,EA
100,8000000258,000010,9000000258,000010,M,J,144.0,281799.36,USD,2024-04-06,110000,EA
100,1000000259,000010,8000000259,000010,J,C,123.0,238307.58,USD,2024-06-17,100000,EA
100,8000000259,000010,9000000259,000010,M,J,123.0,238307.58,USD,2024-06-19,110000,EA
100,1000000260,000010,8000000260,000010,J,C,96.0,83743.68,USD,2024-06-29,100000,EA
100,8000000260,000010,9000000260,000010,M,J,96.0,83743.68,USD,2024-07-01,110000,EA
100,1000000261,000010,8000000261,000010,J,C,1.0,150.15,USD,2024-08-16,100000,EA
100,1000000261,000020,8000000261,000020,J,C,108.0,49052.52,USD,2024-08-16,100000,EA
100,1000000262,000010,8000000262,000010,J,C,138.0,254408.52,USD,2024-09-29,100000,EA
100,8000000262,000010,9000000262,000010,M,J,138.0,254408.52,USD,2024-10-04,110000,EA
100,1000000263,000010,8000000263,000010,J,C,127.0,79593.44,USD,2024-09-25,100000,EA
100,8000000263,000010,9000000263,000010,M,J,127.0,79593.44,USD,2024-09-27,110000,EA
100,1000000264,000010,8000000264,000010,J,C,62.0,110929.16,USD,2024-05-15,100000,EA
100,8000000264,000010,9000000264,000010,M,J,62.0,110929.16,USD,2024-05-17,110000,EA
100,1000000265,000010,8000000265,000010,J,C,45.0,21840.75,USD,2024-05-07,100000,EA
100,8000000265,000010,9000000265,000010,M,J,45.0,21840.75,USD,2024-05-14,110000,EA
100,1000000266,000010,8000000266,000010,J,C,70.0,69944.0,USD,2024-08-23,100000,EA
100,8000000266,000010,9000000266,000010,M,J,70.0,69944.0,USD,2024-08-25,110000,EA
100,1000000267,000010,8000000267,000010,J,C,173.0,154857.49,USD,2024-09-19,100000,EA
100,1000000267,000020,8000000267,000020,J,C,115.0,217420.15,USD,2024-09-19,100000,EA
100,1000000268,000010,8000000268,000010,J,C,92.0,53449.24,USD,2024-05-03,100000,EA
100,8000000268,000010,9000000268,000010,M,J,92.0,53449.24,USD,2024-05-04,110000,EA
100,1000000269,000010,8000000269,000010,J,C,103.0,163218.95,USD,2024-02-05,100000,EA
100,8000000269,000010,9000000269,000010,M,J,103.0,163218.95,USD,2024-02-07,110000,EA
100,1000000270,000010,8000000270,000010,J,C,83.0,112461.68,USD,2024-07-16,100000,EA
100,8000000270,000010,9000000270,000010,M,J,83.0,112461.68,USD,2024-07-20,110000,EA
100,1000000271,000010,8000000271,000010,J,C,122.0,114817.86,USD,2024-06-04,100000,EA
100,1000000271,000020,8000000271,000020,J,C,95.0,18155.45,USD,2024-06-04,100000,EA
100,8000000271,000010,9000000271,000010,M,J,122.0,114817.86,USD,2024-06-06,110000,EA
100,8000000271,000020,9000000271,000020,M,J,95.0,18155.45,USD,2024-06-06,110000,EA
100,1000000272,000010,8000000272,000010,J,C,130.0,252995.6,USD,2024-08-03,100000,EA
100,1000000272,000020,8000000272,000020,J,C,107.0,9786.22,USD,2024-08-03,100000,EA
100,1000000274,000010,8000000274,000010,J,C,71.0,128239.49,USD,2024-07-26,100000,EA
100,8000000274,000010,9000000274,000010,M,J,71.0,128239.49,USD,2024-07-27,110000,EA
100,1000000275,000010,8000000275,000010,J,C,121.0,25804.46,USD,2024-04-18,100000,EA
100,8000000275,000010,9000000275,000010,M,J,121.0,25804.46,USD,2024-04-23,110000,EA
100,1000000276,000010,8000000276,000010,J,C,164.0,53762.48,USD,2024-05-19,100000,EA
100,8000000276,000010,9000000276,000010,M,J,164.0,53762.48,USD,2024-05-23,110000,EA
100,1000000277,000010,8000000277,000010,J,C,85.0,77945.0,USD,2024-02-02,100000,EA
100,8000000277,000010,9000000277,000010,M,J,85.0,77945.0,USD,2024-02-04,110000,EA
100,1000000278,000010,8000000278,000010,J,C,83.0,109727.66,USD,2024-03-21,100000,EA
100,8000000278,000010,9000000278,000010,M,J,83.0,109727.66,USD,2024-03-25,110000,EA
100,1000000279,000010,8000000279,000010,J,C,197.0,217850.48,USD,2024-03-10,100000,EA
100,8000000279,000010,9000000279,000010,M,J,197.0,217850.48,USD,2024-03-11,110000,EA
100,1000000280,000010,8000000280,000010,J,C,56.0,58753.52,USD,2024-03-02,100000,EA
100,8000000280,000010,9000000280,000010,M,J,56.0,58753.52,USD,2024-03-07,110000,EA
100,1000000281,000010,8000000281,000010,J,C,75.0,129994.5,USD,2024-04-29,100000,EA
100,8000000281,000010,9000000281,000010,M,J,75.0,129994.5,USD,2024-04-30,110000,EA
100,1000000282,000010,8000000282,000010,J,C,88.0,134478.08,USD,2024-07-27,100000,EA
100,8000000282,000010,9000000282,000010,M,J,88.0,134478.08,USD,2024-08-01,110000,EA
100,1000000283,000010,8000000283,000010,J,C,61.0,98557.09,USD,2024-08-15,100000,EA
100,8000000283,000010,9000000283,000010,M,J,61.0,98557.09,USD,2024-08-18,110000,EA
100,1000000284,000010,8000000284,000010,J,C,27.0,53450.55,USD,2024-03-12,100000,EA
100,1000000284,000020,8000000284,000020,J,C,25.0,19992.25,USD,2024-03-12,100000,EA
100,8000000284,000010,9000000284,000010,M,J,27.0,53450.55,USD,2024-03-17,110000,EA
100,8000000284,000020,9000000284,000020,M,J,25.0,19992.25,USD,2024-03-17,110000,EA
100,1000000285,000010,8000000285,000010,J,C,158.0,227550.02,USD,2024-07-26,100000,EA
100,1000000285,000020,8000000285,000020,J,C,110.0,158945.6,USD,2024-07-26,100000,EA
100,8000000285,000010,9000000285,000010,M,J,158.0,227550.02,USD,2024-07-27,110000,EA
100,8000000285,000020,9000000285,000020,M,J,110.0,158945.6,USD,2024-07-27,110000,EA
100,1000000286,000010,8000000286,000010,J,C,75.0,25483.5,USD,2024-03-05,100000,EA
100,1000000286,000020,8000000286,000020,J,C,91.0,157392.69,USD,2024-03-05,100000,EA
100,8000000286,000010,9000000286,000010,M,J,75.0,25483.5,USD,2024-03-07,110000,EA
100,8000000286,000020,9000000286,000020,M,J,91.0,157392.69,USD,2024-03-07,110000,EA
100,1000000287,000010,8000000287,000010,J,C,161.0,318348.52,USD,2024-03-02,100000,EA
100,1000000287,000020,8000000287,000020,J,C,40.0,71064.0,USD,2024-03-02,100000,EA
100,1000000288,000010,8000000288,000010,J,C,199.0,27525.68,USD,2024-10-06,100000,EA
100,8000000288,000010,9000000288,000010,M,J,199.0,27525.68,USD,2024-10-08,110000,EA
100,1000000289,000010,8000000289,000010,J,C,165.0,258668.85,USD,2024-02-28,100000,EA
100,8000000289,000010,9000000289,000010,M,J,165.0,258668.85,USD,2024-02-29,110000,EA
100,1000000290,000010,8000000290,000010,J,C,105.0,193335.45,USD,2024-06-03,100000,EA
100,8000000290,000010,9000000290,000010,M,J,105.0,193335.45,USD,2024-06-09,110000,EA
100,1000000291,000010,8000000291,000010,J,C,75.0,29262.0,USD,2024-06-20,100000,EA
100,1000000291,000020,8000000291,000020,J,C,32.0,35440.32,USD,2024-06-20,100000,EA
100,8000000291,000010,9000000291,000010,M,J,75.0,29262.0,USD,2024-06-24,110000,EA
100,8000000291,000020,9000000291,000020,M,J,32.0,35440.32,USD,2024-06-24,110000,EA
100,1000000292,000010,8000000292,000010,J,C,81.0,153196.92,USD,2024-08-16,100000,EA
100,8000000292,000010,9000000292,000010,M,J,81.0,153196.92,USD,2024-08-19,110000,EA
100,1000000293,000010,8000000293,000010,J,C,21.0,29971.83,USD,2024-01-25,100000,EA
100,1000000293,000020,8000000293,000020,J,C,34.0,54250.06,USD,2024-01-25,100000,EA
100,8000000293,000010,9000000293,000010,M,J,21.0,29971.83,USD,2024-01-26,110000,EA
100,8000000293,000020,9000000293,000020,M,J,34.0,54250.06,USD,2024-01-26,110000,EA
100,1000000294,000010,8000000294,000010,J,C,184.0,210668.96,USD,2024-06-13,100000,EA
100,1000000294,000020,8000000294,000020,J,C,70.0,114857.4,USD,2024-06-13,100000,EA
100,8000000294,000010,9000000294,000010,M,J,184.0,210668.96,USD,2024-06-18,110000,EA
100,8000000294,000020,9000000294,000020,M,J,70.0,114857.4,USD,2024-06-18,110000,EA
100,1000000295,000010,8000000295,000010,J,C,36.0,12868.2,USD,2024-03-25,100000,EA
100,8000000295,000010,9000000295,000010,M,J,36.0,12868.2,USD,2024-03-29,110000,EA
100,1000000296,000010,8000000296,000010,J,C,157.0,287003.85,USD,2024-05-07,100000,EA
100,8000000296,000010,9000000296,000010,M,J,157.0,287003.85,USD,2024-05-10,110000,EA
100,1000000297,000010,8000000297,000010,J,C,103.0,68338.44,USD,2024-10-19,100000,EA
100,1000000297,000020,8000000297,000020,J,C,186.0,59445.6,USD,2024-10-19,100000,EA
100,8000000297,000010,9000000297,000010,M,J,103.0,68338.44,USD,2024-10-21,110000,EA
100,8000000297,000020,9000000297,000020,M,J,186.0,59445.6,USD,2024-10-21,110000,EA
100,1000000298,000010,8000000298,000010,J,C,17.0,26647.67,USD,2024-02-01,100000,EA
100,1000000298,000020,8000000298,000020,J,C,104.0,129198.16,USD,2024-02-01,100000,EA
100,8000000298,000010,9000000298,000010,M,J,17.0,26647.67,USD,2024-02-04,110000,EA
100,8000000298,000020,9000000298,000020,M,J,104.0,129198.16,USD,2024-02-04,110000,EA
100,1000000299,000010,8000000299,000010,J,C,75.0,63932.25,USD,2024-09-28,100000,EA
100,1000000300,000010,8000000300,000010,J,C,158.0,58044.46,USD,2024-08-19,100000,EA
100,8000000300,000010,9000000300,000010,M,J,158.0,58044.46,USD,2024-08-23,110000,EA
100,1000000301,000010,8000000301,000010,J,C,88.0,44183.92,USD,2024-08-05,100000,EA
100,1000000301,000020,8000000301,000020,J,C,61.0,22400.42,USD,2024-08-05,100000,EA
100,8000000301,000010,9000000301,000010,M,J,88.0,44183.92,USD,2024-08-09,110000,EA
100,8000000301,000020,9000000301,000020,M,J,61.0,22400.42,USD,2024-08-09,110000,EA
100,1000000302,000010,8000000302,000010,J,C,175.0,139252.75,USD,2024-04-09,100000,EA
100,8000000302,000010,9000000302,000010,M,J,175.0,139252.75,USD,2024-04-11,110000,EA
100,1000000303,000010,8000000303,000010,J,C,90.0,36296.1,USD,2024-03-12,100000,EA
100,8000000303,000010,9000000303,000010,M,J,90.0,36296.1,USD,2024-03-15,110000,EA
100,1000000304,000010,8000000304,000010,J,C,112.0,87207.68,USD,2024-06-10,100000,EA
100,8000000304,000010,9000000304,000010,M,J,112.0,87207.68,USD,2024-06-11,110000,EA
100,1000000305,000010,8000000305,000010,J,C,27.0,17634.78,USD,2024-10-11,100000,EA
100,8000000305,000010,9000000305,000010,M,J,27.0,17634.78,USD,2024-10-12,110000,EA
100,1000000306,000010,8000000306,000010,J,C,45.0,5459.85,USD,2024-04-30,100000,EA
100,8000000306,000010,9000000306,000010,M,J,45.0,5459.85,USD,2024-05-03,110000,EA
100,1000000307,000010,8000000307,000010,J,C,15.0,16750.05,USD,2024-05-04,100000,EA
100,8000000307,000010,9000000307,000010,M,J,15.0,16750.05,USD,2024-05-09,110000,EA
100,1000000308,000010,8000000308,000010,J,C,110.0,185576.6,USD,2024-06-08,100000,EA
100,8000000308,000010,9000000308,000010,M,J,110.0,185576.6,USD,2024-06-13,110000,EA
100,1000000309,000010,8000000309,000010,J,C,110.0,89646.7,USD,2024-09-23,100000,EA
100,8000000309,000010,9000000309,000010,M,J,131.0,106761.07,USD,2024-09-28,110000,EA
100,1000000310,000010,8000000310,000010,J,C,169.0,48546.94,USD,2024-05-09,100000,EA
100,1000000310,000020,8000000310,000020,J,C,90.0,74763.0,USD,2024-05-09,100000,EA
100,8000000310,000010,9000000310,000010,M,J,169.0,48546.94,USD,2024-05-14,110000,EA
100,8000000310,000020,9000000310,000020,M,J,90.0,74763.0,USD,2024-05-14,110000,EA
100,1000000311,000010,8000000311,000010,J,C,25.0,25419.5,USD,2024-09-09,100000,EA
100,1000000312,000010,8000000312,000010,J,C,167.0,196724.33,USD,2024-05-14,100000,EA
100,8000000312,000010,9000000312,000010,M,J,161.0,189656.39,USD,2024-05-16,110000,EA
100,1000000313,000010,8000000313,000010,J,C,73.0,138198.49,USD,2024-08-13,100000,EA
100,8000000313,000010,9000000313,000010,M,J,73.0,138198.49,USD,2024-08-18,110000,EA
100,1000000314,000010,8000000314,000010,J,C,107.0,114660.13,USD,2024-04-05,100000,EA
100,8000000314,000010,9000000314,000010,M,J,107.0,114660.13,USD,2024-04-09,110000,EA
100,1000000315,000010,8000000315,000010,J,C,31.0,16837.34,USD,2024-02-03,100000,EA
100,8000000315,000010,9000000315,000010,M,J,31.0,16837.34,USD,2024-02-04,110000,EA
100,1000000316,000010,8000000316,000010,J,C,91.0,164617.18,USD,2024-05-21,100000,EA
100,8000000316,000010,9000000316,000010,M,J,68.0,123010.64,USD,2024-05-23,110000,EA
100,1000000317,000010,8000000317,000010,J,C,52.0,25421.76,USD,2024-04-02,100000,EA
100,1000000317,000020,8000000317,000020,J,C,66.0,92112.9,USD,2024-04-02,100000,EA
100,8000000317,000010,9000000317,000010,M,J,52.0,25421.76,USD,2024-04-04,110000,EA
100,8000000317,000020,9000000317,000020,M,J,66.0,92112.9,USD,2024-04-04,110000,EA
100,1000000318,000010,8000000318,000010,J,C,187.0,351124.29,USD,2024-10-02,100000,EA
100,8000000318,000010,9000000318,000010,M,J,187.0,351124.29,USD,2024-10-07,110000,EA
100,1000000319,000010,8000000319,000010,J,C,54.0,33593.94,USD,2024-10-03,100000,EA
100,8000000319,000010,9000000319,000010,M,J,54.0,33593.94,USD,2024-10-07,110000,EA
100,1000000320,000010,8000000320,000010,J,C,71.0,87853.98,USD,2024-09-26,100000,EA
100,1000000320,000020,8000000320,000020,J,C,83.0,148052.91,USD,2024-09-26,100000,EA
100,8000000320,000010,9000000320,000010,M,J,71.0,87853.98,USD,2024-10-01,110000,EA
100,8000000320,000020,9000000320,000020,M,J,83.0,148052.91,USD,2024-10-01,110000,EA
100,1000000321,000010,8000000321,000010,J,C,192.0,198756.48,USD,2024-08-20,100000,EA
100,8000000321,000010,9000000321,000010,M,J,192.0,198756.48,USD,2024-08-21,110000,EA
100,1000000322,000010,8000000322,000010,J,C,21.0,18929.4,USD,2024-06-23,100000,EA
100,8000000322,000010,9000000322,000010,M,J,21.0,18929.4,USD,2024-06-24,110000,EA
100,1000000323,000010,8000000323,000010,J,C,34.0,24776.14,USD,2024-07-01,100000,EA
100,1000000323,000020,8000000323,000020,J,C,20.0,26369.6,USD,2024-07-01,100000,EA
100,8000000323,000010,9000000323,000010,M,J,34.0,24776.14,USD,2024-07-02,110000,EA
100,8000000323,000020,9000000323,000020,M,J,20.0,26369.6,USD,2024-07-02,110000,EA
100,1000000324,000010,8000000324,000010,J,C,176.0,192169.12,USD,2024-02-19,100000,EA
100,1000000324,000020,8000000324,000020,J,C,65.0,18261.75,USD,2024-02-19,100000,EA
100,8000000324,000010,9000000324,000010,M,J,176.0,192169.12,USD,2024-02-23,110000,EA
100,8000000324,000020,9000000324,000020,M,J,65.0,18261.75,USD,2024-02-23,110000,EA
100,1000000325,000010,8000000325,000010,J,C,165.0,298353.0,USD,2024-05-09,100000,EA
100,8000000325,000010,9000000325,000010,M,J,165.0,298353.0,USD,2024-05-11,110000,EA
100,1000000326,000010,8000000326,000010,J,C,2.0,535.24,USD,2024-08-24,100000,EA
100,8000000326,000010,9000000326,000010,M,J,2.0,535.24,USD,2024-08-27,110000,EA
100,1000000327,000010,8000000327,000010,J,C,141.0,223657.02,USD,2024-06-01,100000,EA
100,1000000328,000010,8000000328,000010,J,C,10.0,12274.9,USD,2024-03-18,100000,EA
100,8000000328,000010,9000000328,000010,M,J,10.0,12274.9,USD,2024-03-19,110000,EA
100,1000000329,000010,8000000329,000010,J,C,30.0,29122.2,USD,2024-06-03,100000,EA
100,8000000329,000010,9000000329,000010,M,J,30.0,29122.2,USD,2024-06-08,110000,EA
100,1000000330,000010,8000000330,000010,J,C,184.0,329716.96,USD,2024-10-05,100000,EA
100,8000000330,000010,9000000330,000010,M,J,184.0,329716.96,USD,2024-10-10,110000,EA
100,1000000331,000010,8000000331,000010,J,C,75.0,49368.0,USD,2024-05-10,100000,EA
100,8000000331,000010,9000000331,000010,M,J,75.0,49368.0,USD,2024-05-11,110000,EA
100,1000000332,000010,8000000332,000010,J,C,189.0,168376.32,USD,2024-03-29,100000,EA
100,8000000332,000010,9000000332,000010,M,J,189.0,168376.32,USD,2024-03-30,110000,EA
100,1000000333,000010,8000000333,000010,J,C,38.0,64307.78,USD,2024-08-16,100000,EA
100,8000000333,000010,9000000333,000010,M,J,38.0,64307.78,USD,2024-08-17,110000,EA
100,1000000336,000010,8000000336,000010,J,C,195.0,294654.75,USD,2024-02-19,100000,EA
100,1000000337,000010,8000000337,000010,J,C,11.0,2374.46,USD,2024-04-05,100000,EA
100,8000000337,000010,9000000337,000010,M,J,17.0,3669.62,USD,2024-04-09,110000,EA
100,1000000338,000010,8000000338,000010,J,C,161.0,111648.67,USD,2024-07-18,100000,EA
100,8000000338,000010,9000000338,000010,M,J,161.0,111648.67,USD,2024-07-20,110000,EA
100,1000000339,000010,8000000339,000010,J,C,185.0,257027.9,USD,2024-10-04,100000,EA
100,8000000339,000010,9000000339,000010,M,J,185.0,257027.9,USD,2024-10-06,110000,EA
100,1000000340,000010,8000000340,000010,J,C,5.0,7912.7,USD,2024-04-24,100000,EA
100,1000000340,000020,8000000340,000020,J,C,199.0,354172.24,USD,2024-04-24,100000,EA
100,1000000341,000010,8000000341,000010,J,C,129.0,194935.77,USD,2024-03-29,100000,EA
100,1000000342,000010,8000000342,000010,J,C,166.0,50309.62,USD,2024-05-24,100000,EA
100,8000000342,000010,9000000342,000010,M,J,166.0,50309.62,USD,2024-05-27,110000,EA
100,1000000343,000010,8000000343,000010,J,C,125.0,17053.75,USD,2024-01-25,100000,EA
100,8000000343,000010,9000000343,000010,M,J,125.0,17053.75,USD,2024-01-29,110000,EA
100,1000000344,000010,8000000344,000010,J,C,112.0,96770.24,USD,2024-03-03,100000,EA
100,1000000345,000010,8000000345,000010,J,C,97.0,143397.04,USD,2024-03-20,100000,EA
100,8000000345,000010,9000000345,000010,M,J,87.0,128613.84,USD,2024-03-25,110000,EA
100,1000000346,000010,8000000346,000010,J,C,194.0,300886.24,USD,2024-07-30,100000,EA
100,8000000346,000010,9000000346,000010,M,J,194.0,300886.24,USD,2024-07-31,110000,EA
100,1000000347,000010,8000000347,000010,J,C,102.0,154566.72,USD,2024-04-09,100000,EA
100,1000000348,000010,8000000348,000010,J,C,83.0,87046.25,USD,2024-05-26,100000,EA
100,1000000348,000020,8000000348,000020,J,C,47.0,77571.62,USD,2024-05-26,100000,EA
100,8000000348,000010,9000000348,000010,M,J,83.0,87046.25,USD,2024-05-27,110000,EA
100,8000000348,000020,9000000348,000020,M,J,47.0,77571.62,USD,2024-05-27,110000,EA
100,1000000349,000010,8000000349,000010,J,C,41.0,75863.12,USD,2024-06-07,100000,EA
100,8000000349,000010,9000000349,000010,M,J,41.0,75863.12,USD,2024-06-13,110000,EA
100,1000000350,000010,8000000350,000010,J,C,24.0,42552.0,USD,2024-07-07,100000,EA
100,8000000350,000010,9000000350,000010,M,J,35.0,62055.0,USD,2024-07-08,110000,EA
100,1000000351,000010,8000000351,000010,J,C,15.0,8055.45,USD,2024-06-04,100000,EA
100,8000000351,000010,9000000351,000010,M,J,15.0,8055.45,USD,2024-06-06,110000,EA
100,1000000352,000010,8000000352,000010,J,C,23.0,14015.74,USD,2024-03-04,100000,EA
100,8000000352,000010,9000000352,000010,M,J,17.0,10359.46,USD,2024-03-06,110000,EA
100,1000000353,000010,8000000353,000010,J,C,143.0,27955.07,USD,2024-05-03,100000,EA
100,8000000353,000010,9000000353,000010,M,J,143.0,27955.07,USD,2024-05-08,110000,EA
100,1000000354,000010,8000000354,000010,J,C,135.0,256066.65,USD,2024-09-09,100000,EA
100,8000000354,000010,9000000354,000010,M,J,135.0,256066.65,USD,2024-09-10,110000,EA
100,1000000355,000010,8000000355,000010,J,C,16.0,1582.88,USD,2024-05-23,100000,EA
100,1000000355,000020,8000000355,000020,J,C,68.0,135253.36,USD,2024-05-23,100000,EA
100,8000000355,000010,9000000355,000010,M,J,18.0,1780.74,USD,2024-05-28,110000,EA
100,8000000355,000020,9000000355,000020,M,J,82.0,163099.64,USD,2024-05-28,110000,EA
100,1000000356,000010,8000000356,000010,J,C,33.0,19725.75,USD,2024-08-20,100000,EA
100,1000000356,000020,8000000356,000020,J,C,48.0,93337.44,USD,2024-08-20,100000,EA
100,8000000356,000010,9000000356,000010,M,J,33.0,19725.75,USD,2024-08-21,110000,EA
100,8000000356,000020,9000000356,000020,M,J,48.0,93337.44,USD,2024-08-21,110000,EA
100,1000000357,000010,8000000357,000010,J,C,145.0,14890.05,USD,2024-09-09,100000,EA
100,8000000357,000010,9000000357,000010,M,J,145.0,14890.05,USD,2024-09-14,110000,EA
100,1000000358,000010,8000000358,000010,J,C,183.0,16369.35,USD,2024-10-19,100000,EA
100,1000000358,000020,8000000358,000020,J,C,166.0,178871.64,USD,2024-10-19,100000,EA
100,8000000358,000010,9000000358,000010,M,J,183.0,16369.35,USD,2024-10-21,110000,EA
100,8000000358,000020,9000000358,000020,M,J,166.0,178871.64,USD,2024-10-21,110000,EA
100,1000000359,000010,8000000359,000010,J,C,170.0,245320.2,USD,2024-08-31,100000,EA
100,1000000359,000020,8000000359,000020,J,C,39.0,55476.33,USD,2024-08-31,100000,EA
100,8000000359,000010,9000000359,000010,M,J,170.0,245320.2,USD,2024-09-04,110000,EA
100,8000000359,000020,9000000359,000020,M,J,39.0,55476.33,USD,2024-09-04,110000,EA
100,1000000360,000010,8000000360,000010,J,C,135.0,214412.4,USD,2024-01-31,100000,EA
100,8000000360,000010,9000000360,000010,M,J,135.0,214412.4,USD,2024-02-03,110000,EA
100,1000000361,000010,8000000361,000010,J,C,184.0,254711.2,USD,2024-07-01,100000,EA
100,1000000362,000010,8000000362,000010,J,C,92.0,67112.16,USD,2024-01-20,100000,EA
100,8000000362,000010,9000000362,000010,M,J,92.0,67112.16,USD,2024-01-22,110000,EA
100,1000000363,000010,8000000363,000010,J,C,66.0,68195.16,USD,2024-04-17,100000,EA
100,1000000363,000020,8000000363,000020,J,C,65.0,55749.2,USD,2024-04-17,100000,EA
100,8000000363,000010,9000000363,000010,M,J,66.0,68195.16,USD,2024-04-18,110000,EA
100,8000000363,000020,9000000363,000020,M,J,65.0,55749.2,USD,2024-04-18,110000,EA
100,1000000364,000010,8000000364,000010,J,C,11.0,1374.12,USD,2024-09-14,100000,EA
100,8000000364,000010,9000000364,000010,M,J,14.0,1748.88,USD,2024-09-16,110000,EA
100,1000000365,000010,8000000365,000010,J,C,91.0,169932.49,USD,2024-09-02,100000,EA
100,8000000365,000010,9000000365,000010,M,J,136.0,253965.04,USD,2024-09-06,110000,EA
100,1000000366,000010,8000000366,000010,J,C,35.0,10688.3,USD,2024-05-27,100000,EA
100,1000000366,000020,8000000366,000020,J,C,72.0,31478.4,USD,2024-05-27,100000,EA
100,8000000366,000010,9000000366,000010,M,J,35.0,10688.3,USD,2024-05-29,110000,EA
100,8000000366,000020,9000000366,000020,M,J,72.0,31478.4,USD,2024-05-29,110000,EA
100,1000000367,000010,8000000367,000010,J,C,168.0,165627.84,USD,2024-06-24,100000,EA
100,8000000367,000010,9000000367,000010,M,J,168.0,165627.84,USD,2024-06-28,110000,EA
100,1000000370,000010,8000000370,000010,J,C,27.0,32982.66,USD,2024-10-17,100000,EA
100,8000000370,000010,9000000370,000010,M,J,27.0,32982.66,USD,2024-10-21,110000,EA
100,1000000371,000010,8000000371,000010,J,C,80.0,37429.6,USD,2024-05-11,100000,EA
100,8000000371,000010,9000000371,000010,M,J,80.0,37429.6,USD,2024-05-16,110000,EA
100,1000000372,000010,8000000372,000010,J,C,62.0,34348.62,USD,2024-07-25,100000,EA
100,8000000372,000010,9000000372,000010,M,J,62.0,34348.62,USD,2024-07-29,110000,EA
100,1000000373,000010,8000000373,000010,J,C,18.0,29944.26,USD,2024-06-09,100000,EA
100,8000000373,000010,9000000373,000010,M,J,18.0,29944.26,USD,2024-06-13,110000,EA
100,1000000374,000010,8000000374,000010,J,C,167.0,277124.81,USD,2024-08-09,100000,EA
100,8000000374,000010,9000000374,000010,M,J,167.0,277124.81,USD,2024-08-14,110000,EA
100,1000000375,000010,8000000375,000010,J,C,105.0,159548.55,USD,2024-03-05,100000,EA
100,1000000375,000020,8000000375,000020,J,C,117.0,214797.96,USD,2024-03-05,100000,EA
100,8000000375,000010,9000000375,000010,M,J,105.0,159548.55,USD,2024-03-06,110000,EA
100,8000000375,000020,9000000375,000020,M,J,117.0,214797.96,USD,2024-03-06,110000,EA
100,1000000376,000010,8000000376,000010,J,C,89.0,35131.86,USD,2024-02-19,100000,EA
100,8000000376,000010,9000000376,000010,M,J,89.0,35131.86,USD,2024-02-24,110000,EA
100,1000000377,000010,8000000377,000010,J,C,2.0,3651.46,USD,2024-07-14,100000,EA
100,8000000377,000010,9000000377,000010,M,J,2.0,3651.46,USD,2024-07-19,110000,EA
100,1000000378,000010,8000000378,000010,J,C,144.0,262618.56,USD,2024-04-17,100000,EA
100,1000000378,000020,8000000378,000020,J,C,161.0,305265.66,USD,2024-04-17,100000,EA
100,1000000379,000010,8000000379,000010,J,C,185.0,82014.2,USD,2024-03-15,100000,EA
100,8000000379,000010,9000000379,000010,M,J,185.0,82014.2,USD,2024-03-16,110000,EA
100,1000000380,000010,8000000380,000010,J,C,31.0,57681.39,USD,2024-08-10,100000,EA
100,1000000381,000010,8000000381,000010,J,C,117.0,199405.44,USD,2024-10-19,100000,EA
100,8000000381,000010,9000000381,000010,M,J,117.0,199405.44,USD,2024-10-22,110000,EA
100,1000000382,000010,8000000382,000010,J,C,13.0,25808.12,USD,2024-02-16,100000,EA
100,1000000383,000010,8000000383,000010,J,C,89.0,29971.64,USD,2024-09-17,100000,EA
100,1000000384,000010,8000000384,000010,J,C,22.0,24710.4,USD,2024-06-10,100000,EA
100,8000000384,000010,9000000384,000010,M,J,19.0,21340.8,USD,2024-06-15,110000,EA
100,1000000385,000010,8000000385,000010,J,C,193.0,139116.33,USD,2024-01-30,100000,EA
100,1000000386,000010,8000000386,000010,J,C,197.0,25956.72,USD,2024-07-27,100000,EA
100,1000000386,000020,8000000386,000020,J,C,93.0,71428.65,USD,2024-07-27,100000,EA
100,8000000386,000010,9000000386,000010,M,J,197.0,25956.72,USD,2024-08-01,110000,EA
100,8000000386,000020,9000000386,000020,M,J,93.0,71428.65,USD,2024-08-01,110000,EA
100,1000000387,000010,8000000387,000010,J,C,114.0,175300.08,USD,2024-07-31,100000,EA
100,1000000387,000020,8000000387,000020,J,C,52.0,97153.16,USD,2024-07-31,100000,EA
100,8000000387,000010,9000000387,000010,M,J,114.0,175300.08,USD,2024-08-05,110000,EA
100,8000000387,000020,9000000387,000020,M,J,52.0,97153.16,USD,2024-08-05,110000,EA
100,1000000388,000010,8000000388,000010,J,C,18.0,13880.52,USD,2024-03-18,100000,EA
100,8000000388,000010,9000000388,000010,M,J,18.0,13880.52,USD,2024-03-21,110000,EA
100,1000000389,000010,8000000389,000010,J,C,191.0,346065.26,USD,2024-11-02,100000,EA
100,8000000389,000010,9000000389,000010,M,J,191.0,346065.26,USD,2024-11-03,110000,EA
100,1000000390,000010,8000000390,000010,J,C,11.0,628.1,USD,2024-04-27,100000,EA
100,8000000390,000010,9000000390,000010,M,J,11.0,628.1,USD,2024-04-28,110000,EA
100,1000000391,000010,8000000391,000010,J,C,30.0,42608.1,USD,2024-04-08,100000,EA
100,1000000391,000020,8000000391,000020,J,C,58.0,50410.7,USD,2024-04-08,100000,EA
100,8000000391,000010,9000000391,000010,M,J,37.0,52549.99,USD,2024-04-10,110000,EA
100,8000000391,000020,9000000391,000020,M,J,54.0,46934.1,USD,2024-04-10,110000,EA
100,1000000392,000010,8000000392,000010,J,C,35.0,49355.25,USD,2024-07-10,100000,EA
100,8000000392,000010,9000000392,000010,M,J,35.0,49355.25,USD,2024-07-12,110000,EA
100,1000000393,000010,8000000393,000010,J,C,89.0,78343.14,USD,2024-04-12,100000,EA
100,1000000393,000020,8000000393,000020,J,C,62.0,42711.8,USD,2024-04-12,100000,EA
100,8000000393,000010,9000000393,000010,M,J,89.0,78343.14,USD,2024-04-17,110000,EA
100,8000000393,000020,9000000393,000020,M,J,62.0,42711.8,USD,2024-04-17,110000,EA
100,1000000395,000010,8000000395,000010,J,C,192.0,301991.04,USD,2024-07-06,100000,EA
100,8000000395,000010,9000000395,000010,M,J,192.0,301991.04,USD,2024-07-09,110000,EA
100,1000000396,000010,8000000396,000010,J,C,106.0,47859.0,USD,2024-07-15,100000,EA
100,8000000396,000010,9000000396,000010,M,J,106.0,47859.0,USD,2024-07-18,110000,EA
100,1000000397,000010,8000000397,000010,J,C,195.0,281741.85,USD,2024-01-25,100000,EA
100,1000000397,000020,8000000397,000020,J,C,21.0,12031.32,USD,2024-01-25,100000,EA
100,8000000397,000010,9000000397,000010,M,J,195.0,281741.85,USD,2024-01-30,110000,EA
100,8000000397,000020,9000000397,000020,M,J,21.0,12031.32,USD,2024-01-30,110000,EA
100,1000000398,000010,8000000398,000010,J,C,21.0,6793.92,USD,2024-04-24,100000,EA
100,8000000398,000010,9000000398,000010,M,J,21.0,6793.92,USD,2024-04-27,110000,EA
100,1000000399,000010,8000000399,000010,J,C,70.0,110880.7,USD,2024-05-10,100000,EA
100,8000000399,000010,9000000399,000010,M,J,70.0,110880.7,USD,2024-05-15,110000,EA
100,1000000400,000010,8000000400,000010,J,C,19.0,10106.67,USD,2024-07-13,100000,EA
100,8000000400,000010,9000000400,000010,M,J,19.0,10106.67,USD,2024-07-16,110000,EA
100,1000000401,000010,8000000401,000010,J,C,123.0,96060.54,USD,2024-03-15,100000,EA
100,1000000402,000010,8000000402,000010,J,C,111.0,63472.02,USD,2024-03-20,100000,EA
100,8000000402,000010,9000000402,000010,M,J,111.0,63472.02,USD,2024-03-24,110000,EA
100,1000000403,000010,8000000403,000010,J,C,1.0,553.3,USD,2024-07-01,100000,EA
100,8000000403,000010,9000000403,000010,M,J,2.0,1106.6,USD,2024-07-03,110000,EA
100,1000000404,000010,8000000404,000010,J,C,14.0,22055.32,USD,2024-06-10,100000,EA
100,1000000404,000020,8000000404,000020,J,C,41.0,22700.47,USD,2024-06-10,100000,EA
100,1000000405,000010,8000000405,000010,J,C,171.0,52305.48,USD,2024-04-07,100000,EA
100,8000000405,000010,9000000405,000010,M,J,171.0,52305.48,USD,2024-04-13,110000,EA
100,1000000406,000010,8000000406,000010,J,C,10.0,16819.3,USD,2024-02-01,100000,EA
100,1000000406,000020,8000000406,000020,J,C,191.0,318278.58,USD,2024-02-01,100000,EA
100,8000000406,000010,9000000406,000010,M,J,10.0,16819.3,USD,2024-02-03,110000,EA
100,8000000406,000020,9000000406,000020,M,J,191.0,318278.58,USD,2024-02-03,110000,EA
100,1000000407,000010,8000000407,000010,J,C,72.0,97110.0,USD,2024-04-13,100000,EA
100,1000000407,000020,8000000407,000020,J,C,112.0,42988.96,USD,2024-04-13,100000,EA
100,8000000407,000010,9000000407,000010,M,J,72.0,97110.0,USD,2024-04-18,110000,EA
100,8000000407,000020,9000000407,000020,M,J,112.0,42988.96,USD,2024-04-18,110000,EA
100,1000000408,000010,8000000408,000010,J,C,10.0,8903.7,USD,2024-02-13,100000,EA
100,1000000409,000010,8000000409,000010,J,C,22.0,24293.94,USD,2024-04-06,100000,EA
100,8000000409,000010,9000000409,000010,M,J,22.0,24293.94,USD,2024-04-08,110000,EA
100,1000000410,000010,8000000410,000010,J,C,42.0,56223.72,USD,2024-02-23,100000,EA
100,8000000410,000010,9000000410,000010,M,J,42.0,56223.72,USD,2024-02-28,110000,EA
100,1000000411,000010,8000000411,000010,J,C,180.0,16857.0,USD,2024-02-21,100000,EA
100,8000000411,000010,9000000411,000010,M,J,180.0,16857.0,USD,2024-02-26,110000,EA
100,1000000412,000010,8000000412,000010,J,C,199.0,330133.04,USD,2024-04-03,100000,EA
100,1000000412,000020,8000000412,000020,J,C,155.0,48552.2,USD,2024-04-03,100000,EA
100,1000000413,000010,8000000413,000010,J,C,97.0,162393.52,USD,2024-09-13,100000,EA
100,8000000413,000010,9000000413,000010,M,J,97.0,162393.52,USD,2024-09-15,110000,EA
100,1000000414,000010,8000000414,000010,J,C,81.0,155367.72,USD,2024-05-26,100000,EA
100,8000000414,000010,9000000414,000010,M,J,68.0,130432.16,USD,2024-05-27,110000,EA
100,1000000417,000010,8000000417,000010,J,C,1.0,1136.06,USD,2024-06-18,100000,EA
100,8000000417,000010,9000000417,000010,M,J,1.0,1136.06,USD,2024-06-23,110000,EA
100,1000000418,000010,8000000418,000010,J,C,151.0,11488.08,USD,2024-07-07,100000,EA
100,8000000418,000010,9000000418,000010,M,J,151.0,11488.08,USD,2024-07-10,110000,EA
100,1000000419,000010,8000000419,000010,J,C,101.0,48275.98,USD,2024-02-23,100000,EA
100,8000000419,000010,9000000419,000010,M,J,101.0,48275.98,USD,2024-02-28,110000,EA
100,1000000420,000010,8000000420,000010,J,C,53.0,100383.59,USD,2024-09-29,100000,EA
100,8000000420,000010,9000000420,000010,M,J,53.0,100383.59,USD,2024-10-02,110000,EA
100,1000000422,000010,8000000422,000010,J,C,120.0,138600.0,USD,2024-02-26,100000,EA
100,8000000422,000010,9000000422,000010,M,J,120.0,138600.0,USD,2024-02-27,110000,EA
100,1000000423,000010,8000000423,000010,J,C,86.0,90637.12,USD,2024-02-22,100000,EA
100,1000000423,000020,8000000423,000020,J,C,47.0,26043.64,USD,2024-02-22,100000,EA
100,8000000423,000010,9000000423,000010,M,J,86.0,90637.12,USD,2024-02-24,110000,EA
100,8000000423,000020,9000000423,000020,M,J,45.0,24935.4,USD,2024-02-24,110000,EA
100,1000000424,000010,8000000424,000010,J,C,159.0,89855.67,USD,2024-04-14,100000,EA
100,1000000424,000020,8000000424,000020,J,C,7.0,4816.98,USD,2024-04-14,100000,EA
100,8000000424,000010,9000000424,000010,M,J,159.0,89855.67,USD,2024-04-18,110000,EA
100,8000000424,000020,9000000424,000020,M,J,7.0,4816.98,USD,2024-04-18,110000,EA
100,1000000425,000010,8000000425,000010,J,C,92.0,39630.84,USD,2024-10-09,100000,EA
100,1000000425,000020,8000000425,000020,J,C,115.0,167625.15,USD,2024-10-09,100000,EA
100,8000000425,000010,9000000425,000010,M,J,92.0,39630.84,USD,2024-10-13,110000,EA
100,8000000425,000020,9000000425,000020,M,J,115.0,167625.15,USD,2024-10-13,110000,EA
100,1000000426,000010,8000000426,000010,J,C,124.0,57156.56,USD,2024-02-02,100000,EA
100,1000000427,000010,8000000427,000010,J,C,131.0,181154.66,USD,2024-09-14,100000,EA
100,8000000427,000010,9000000427,000010,M,J,131.0,181154.66,USD,2024-09-18,110000,EA
100,1000000428,000010,8000000428,000010,J,C,173.0,294300.68,USD,2024-03-25,100000,EA
100,8000000428,000010,9000000428,000010,M,J,173.0,294300.68,USD,2024-03-29,110000,EA
100,1000000429,000010,8000000429,000010,J,C,24.0,14950.8,USD,2024-10-04,100000,EA
100,8000000429,000010,9000000429,000010,M,J,24.0,14950.8,USD,2024-10-09,110000,EA
100,1000000430,000010,8000000430,000010,J,C,155.0,287979.15,USD,2024-05-08,100000,EA
100,8000000430,000010,9000000430,000010,M,J,155.0,287979.15,USD,2024-05-10,110000,EA
100,1000000431,000010,8000000431,000010,J,C,184.0,314130.32,USD,2024-04-13,100000,EA
100,8000000431,000010,9000000431,000010,M,J,184.0,314130.32,USD,2024-04-16,110000,EA
100,1000000432,000010,8000000432,000010,J,C,54.0,23704.92,USD,2024-08-24,100000,EA
100,1000000432,000020,8000000432,000020,J,C,113.0,81598.43,USD,2024-08-24,100000,EA
100,8000000432,000010,9000000432,000010,M,J,54.0,23704.92,USD,2024-08-26,110000,EA
100,8000000432,000020,9000000432,000020,M,J,113.0,81598.43,USD,2024-08-26,110000,EA
100,1000000433,000010,8000000433,000010,J,C,176.0,81090.24,USD,2024-09-07,100000,EA
100,1000000434,000010,8000000434,000010,J,C,43.0,41992.08,USD,2024-02-09,100000,EA
100,8000000434,000010,9000000434,000010,M,J,43.0,41992.08,USD,2024-02-10,110000,EA
100,1000000435,000010,8000000435,000010,J,C,14.0,16179.66,USD,2024-08-13,100000,EA
100,1000000435,000020,8000000435,000020,J,C,101.0,145808.65,USD,2024-08-13,100000,EA
100,1000000436,000010,8000000436,000010,J,C,91.0,158552.94,USD,2024-08-26,100000,EA
100,8000000436,000010,9000000436,000010,M,J,91.0,158552.94,USD,2024-08-31,110000,EA
100,1000000439,000010,8000000439,000010,J,C,5.0,2760.3,USD,2024-03-17,100000,EA
100,1000000439,000020,8000000439,000020,J,C,131.0,70658.78,USD,2024-03-17,100000,EA
100,1000000440,000010,8000000440,000010,J,C,95.0,125847.45,USD,2024-04-19,100000,EA
100,1000000441,000010,8000000441,000010,J,C,73.0,39647.03,USD,2024-04-17,100000,EA
100,1000000442,000010,8000000442,000010,J,C,191.0,257454.63,USD,2024-04-18,100000,EA
100,1000000442,000020,8000000442,000020,J,C,69.0,24584.7,USD,2024-04-18,100000,EA
100,8000000442,000010,9000000442,000010,M,J,191.0,257454.63,USD,2024-04-22,110000,EA
100,8000000442,000020,9000000442,000020,M,J,69.0,24584.7,USD,2024-04-22,110000,EA
100,1000000443,000010,8000000443,000010,J,C,119.0,89000.1,USD,2024-08-24,100000,EA
100,1000000444,000010,8000000444,000010,J,C,200.0,233220.0,USD,2024-03-20,100000,EA
100,1000000444,000020,8000000444,000020,J,C,36.0,4169.16,USD,2024-03-20,100000,EA
100,8000000444,000010,9000000444,000010,M,J,200.0,233220.0,USD,2024-03-25,110000,EA
100,8000000444,000020,9000000444,000020,M,J,36.0,4169.16,USD,2024-03-25,110000,EA
100,1000000445,000010,8000000445,000010,J,C,54.0,90958.68,USD,2024-07-15,100000,EA
100,8000000445,000010,9000000445,000010,M,J,54.0,90958.68,USD,2024-07-18,110000,EA
100,1000000446,000010,8000000446,000010,J,C,135.0,134707.05,USD,2024-02-02,100000,EA
100,8000000446,000010,9000000446,000010,M,J,135.0,134707.05,USD,2024-02-06,110000,EA
100,1000000448,000010,8000000448,000010,J,C,54.0,20345.04,USD,2024-03-13,100000,EA
100,8000000448,000010,9000000448,000010,M,J,54.0,20345.04,USD,2024-03-14,110000,EA
100,1000000449,000010,8000000449,000010,J,C,124.0,52328.0,USD,2024-10-19,100000,EA
100,1000000449,000020,8000000449,000020,J,C,167.0,78381.45,USD,2024-10-19,100000,EA
100,8000000449,000010,9000000449,000010,M,J,124.0,52328.0,USD,2024-10-23,110000,EA
100,8000000449,000020,9000000449,000020,M,J,167.0,78381.45,USD,2024-10-23,110000,EA
100,1000000451,000010,8000000451,000010,J,C,103.0,115221.98,USD,2024-02-20,100000,EA
100,8000000451,000010,9000000451,000010,M,J,68.0,76068.88,USD,2024-02-24,110000,EA
100,1000000452,000010,8000000452,000010,J,C,54.0,31395.06,USD,2024-06-17,100000,EA
100,8000000452,000010,9000000452,000010,M,J,54.0,31395.06,USD,2024-06-19,110000,EA
100,1000000453,000010,8000000453,000010,J,C,150.0,247537.5,USD,2024-05-25,100000,EA
100,8000000453,000010,9000000453,000010,M,J,150.0,247537.5,USD,2024-05-28,110000,EA
100,1000000454,000010,8000000454,000010,J,C,69.0,64419.09,USD,2024-10-18,100000,EA
100,8000000454,000010,9000000454,000010,M,J,93.0,86825.73,USD,2024-10-19,110000,EA
100,1000000455,000010,8000000455,000010,J,C,30.0,48622.8,USD,2024-04-29,100000,EA
100,8000000455,000010,9000000455,000010,M,J,30.0,48622.8,USD,2024-05-02,110000,EA
100,1000000456,000010,8000000456,000010,J,C,139.0,100199.54,USD,2024-02-11,100000,EA
100,1000000456,000020,8000000456,000020,J,C,104.0,106082.08,USD,2024-02-11,100000,EA
100,8000000456,000010,9000000456,000010,M,J,163.0,117500.18,USD,2024-02-12,110000,EA
100,8000000456,000020,9000000456,000020,M,J,86.0,87721.72,USD,2024-02-12,110000,EA
100,1000000457,000010,8000000457,000010,J,C,106.0,208851.8,USD,2024-05-09,100000,EA
100,1000000457,000020,8000000457,000020,J,C,158.0,117215.46,USD,2024-05-09,100000,EA
100,8000000457,000010,9000000457,000010,M,J,106.0,208851.8,USD,2024-05-11,110000,EA
100,8000000457,000020,9000000457,000020,M,J,158.0,117215.46,USD,2024-05-11,110000,EA
100,1000000458,000010,8000000458,000010,J,C,128.0,38027.52,USD,2024-02-02,100000,EA
100,8000000458,000010,9000000458,000010,M,J,141.0,41889.69,USD,2024-02-03,110000,EA
100,1000000459,000010,8000000459,000010,J,C,194.0,139777.0,USD,2024-08-28,100000,EA
100,8000000459,000010,9000000459,000010,M,J,194.0,139777.0,USD,2024-08-29,110000,EA
100,1000000460,000010,8000000460,000010,J,C,109.0,121847.83,USD,2024-09-13,100000,EA
100,8000000460,000010,9000000460,000010,M,J,109.0,121847.83,USD,2024-09-18,110000,EA
100,1000000461,000010,8000000461,000010,J,C,107.0,50003.24,USD,2024-09-10,100000,EA
100,8000000461,000010,9000000461,000010,M,J,107.0,50003.24,USD,2024-09-14,110000,EA
100,1000000462,000010,8000000462,000010,J,C,63.0,84985.74,USD,2024-05-21,100000,EA
100,8000000462,000010,9000000462,000010,M,J,63.0,84985.74,USD,2024-05-26,110000,EA
100,1000000463,000010,8000000463,000010,J,C,47.0,80904.86,USD,2024-10-10,100000,EA
100,8000000463,000010,9000000463,000010,M,J,47.0,80904.86,USD,2024-10-11,110000,EA
100,1000000464,000010,8000000464,000010,J,C,115.0,216338.0,USD,2024-09-25,100000,EA
100,8000000464,000010,9000000464,000010,M,J,150.0,282180.0,USD,2024-09-28,110000,EA
100,1000000465,000010,8000000465,000010,J,C,61.0,102910.66,USD,2024-02-18,100000,EA
100,8000000465,000010,9000000465,000010,M,J,61.0,102910.66,USD,2024-02-19,110000,EA
100,1000000466,000010,8000000466,000010,J,C,95.0,31443.1,USD,2024-08-06,100000,EA
100,8000000466,000010,9000000466,000010,M,J,95.0,31443.1,USD,2024-08-11,110000,EA
100,1000000467,000010,8000000467,000010,J,C,146.0,62007.66,USD,2024-09-30,100000,EA
100,8000000467,000010,9000000467,000010,M,J,146.0,62007.66,USD,2024-10-04,110000,EA
100,1000000468,000010,8000000468,000010,J,C,101.0,194695.68,USD,2024-02-07,100000,EA
100,8000000468,000010,9000000468,000010,M,J,101.0,194695.68,USD,2024-02-11,110000,EA
100,1000000469,000010,8000000469,000010,J,C,61.0,55852.21,USD,2024-05-17,100000,EA
100,8000000469,000010,9000000469,000010,M,J,61.0,55852.21,USD,2024-05-19,110000,EA
100,1000000470,000010,8000000470,000010,J,C,185.0,181429.5,USD,2024-09-07,100000,EA
100,1000000470,000020,8000000470,000020,J,C,58.0,64467.58,USD,2024-09-07,100000,EA
100,8000000470,000010,9000000470,000010,M,J,185.0,181429.5,USD,2024-09-10,110000,EA
100,8000000470,000020,9000000470,000020,M,J,58.0,64467.58,USD,2024-09-10,110000,EA
100,1000000471,000010,8000000471,000010,J,C,85.0,16222.25,USD,2024-06-13,100000,EA
100,8000000471,000010,9000000471,000010,M,J,85.0,16222.25,USD,2024-06-20,110000,EA
100,1000000473,000010,8000000473,000010,J,C,115.0,212191.1,USD,2024-09-27,100000,EA
100,1000000474,000010,8000000474,000010,J,C,31.0,39127.58,USD,2024-09-04,100000,EA
100,8000000474,000010,9000000474,000010,M,J,31.0,39127.58,USD,2024-09-05,110000,EA
100,1000000475,000010,8000000475,000010,J,C,167.0,203078.68,USD,2024-08-09,100000,EA
100,8000000475,000010,9000000475,000010,M,J,167.0,203078.68,USD,2024-08-12,110000,EA
100,1000000476,000010,8000000476,000010,J,C,145.0,73488.9,USD,2024-01-26,100000,EA
100,1000000476,000020,8000000476,000020,J,C,129.0,106673.97,USD,2024-01-26,100000,EA
100,8000000476,000010,9000000476,000010,M,J,155.0,78557.1,USD,2024-01-28,110000,EA
100,8000000476,000020,9000000476,000020,M,J,99.0,81866.07,USD,2024-01-28,110000,EA
100,1000000477,000010,8000000477,000010,J,C,46.0,52511.76,USD,2024-10-03,100000,EA
100,1000000477,000020,8000000477,000020,J,C,162.0,71766.0,USD,2024-10-03,100000,EA
100,1000000478,000010,8000000478,000010,J,C,50.0,50124.0,USD,2024-06-18,100000,EA
100,8000000478,000010,9000000478,000010,M,J,50.0,50124.0,USD,2024-06-23,110000,EA
100,1000000479,000010,8000000479,000010,J,C,183.0,57930.48,USD,2024-06-19,100000,EA
100,8000000479,000010,9000000479,000010,M,J,183.0,57930.48,USD,2024-06-22,110000,EA
100,1000000480,000010,8000000480,000010,J,C,150.0,248155.5,USD,2024-05-05,100000,EA
100,1000000480,000020,8000000480,000020,J,C,106.0,7678.64,USD,2024-05-05,100000,EA
100,8000000480,000010,9000000480,000010,M,J,150.0,248155.5,USD,2024-05-08,110000,EA
100,8000000480,000020,9000000480,000020,M,J,106.0,7678.64,USD,2024-05-08,110000,EA
100,1000000481,000010,8000000481,000010,J,C,101.0,201042.52,USD,2024-03-07,100000,EA
100,1000000482,000010,8000000482,000010,J,C,162.0,298232.28,USD,2024-08-26,100000,EA
100,8000000482,000010,9000000482,000010,M,J,162.0,298232.28,USD,2024-08-31,110000,EA
100,1000000483,000010,8000000483,000010,J,C,70.0,92923.6,USD,2024-03-05,100000,EA
100,8000000483,000010,9000000483,000010,M,J,70.0,92923.6,USD,2024-03-09,110000,EA
100,1000000484,000010,8000000484,000010,J,C,113.0,95690.66,USD,2024-04-04,100000,EA
100,8000000484,000010,9000000484,000010,M,J,113.0,95690.66,USD,2024-04-11,110000,EA
100,1000000485,000010,8000000485,000010,J,C,192.0,261621.12,USD,2024-04-04,100000,EA
100,8000000485,000010,9000000485,000010,M,J,192.0,261621.12,USD,2024-04-08,110000,EA
100,1000000486,000010,8000000486,000010,J,C,169.0,95816.24,USD,2024-03-24,100000,EA
100,1000000487,000010,8000000487,000010,J,C,122.0,28221.04,USD,2024-06-16,100000,EA
100,8000000487,000010,9000000487,000010,M,J,122.0,28221.04,USD,2024-06-18,110000,EA
100,1000000488,000010,8000000488,000010,J,C,117.0,215434.44,USD,2024-07-03,100000,EA
100,8000000488,000010,9000000488,000010,M,J,117.0,215434.44,USD,2024-07-08,110000,EA
100,1000000489,000010,8000000489,000010,J,C,176.0,16881.92,USD,2024-10-04,100000,EA
100,8000000489,000010,9000000489,000010,M,J,176.0,16881.92,USD,2024-10-06,110000,EA
100,1000000490,000010,8000000490,000010,J,C,179.0,140420.13,USD,2024-03-20,100000,EA
100,1000000490,000020,8000000490,000020,J,C,157.0,46570.91,USD,2024-03-20,100000,EA
100,8000000490,000010,9000000490,000010,M,J,179.0,140420.13,USD,2024-03-23,110000,EA
100,8000000490,000020,9000000490,000020,M,J,157.0,46570.91,USD,2024-03-23,110000,EA
100,1000000491,000010,8000000491,000010,J,C,104.0,114672.48,USD,2024-09-14,100000,EA
100,8000000491,000010,9000000491,000010,M,J,76.0,83799.12,USD,2024-09-15,110000,EA
100,1000000492,000010,8000000492,000010,J,C,192.0,215141.76,USD,2024-02-29,100000,EA
100,8000000492,000010,9000000492,000010,M,J,192.0,215141.76,USD,2024-03-03,110000,EA
100,1000000493,000010,8000000493,000010,J,C,75.0,7544.25,USD,2024-09-24,100000,EA
100,1000000493,000020,8000000493,000020,J,C,101.0,32429.08,USD,2024-09-24,100000,EA
100,8000000493,000010,9000000493,000010,M,J,64.0,6437.76,USD,2024-09-28,110000,EA
100,8000000493,000020,9000000493,000020,M,J,122.0,39171.76,USD,2024-09-28,110000,EA
100,1000000494,000010,8000000494,000010,J,C,78.0,121192.5,USD,2024-03-12,100000,EA
100,8000000494,000010,9000000494,000010,M,J,78.0,121192.5,USD,2024-03-14,110000,EA
100,1000000495,000010,8000000495,000010,J,C,134.0,193516.1,USD,2024-10-14,100000,EA
100,1000000495,000020,8000000495,000020,J,C,75.0,61268.25,USD,2024-10-14,100000,EA
100,8000000495,000010,9000000495,000010,M,J,130.0,187739.5,USD,2024-10-17,110000,EA
100,8000000495,000020,9000000495,000020,M,J,98.0,80057.18,USD,2024-10-17,110000,EA
100,1000000496,000010,8000000496,000010,J,C,39.0,58709.82,USD,2024-05-22,100000,EA
100,8000000496,000010,9000000496,000010,M,J,39.0,58709.82,USD,2024-05-23,110000,EA
100,1000000497,000010,8000000497,000010,J,C,125.0,162655.0,USD,2024-06-11,100000,EA
100,8000000497,000010,9000000497,000010,M,J,125.0,162655.0,USD,2024-06-16,110000,EA
100,1000000498,000010,8000000498,000010,J,C,171.0,102105.81,USD,2024-01-23,100000,EA
100,8000000498,000010,9000000498,000010,M,J,171.0,102105.81,USD,2024-01-28,110000,EA
100,1000000499,000010,8000000499,000010,J,C,26.0,39942.24,USD,2024-06-21,100000,EA
100,1000000499,000020,8000000499,000020,J,C,39.0,74139.0,USD,2024-06-21,100000,EA
100,8000000499,000010,9000000499,000010,M,J,26.0,39942.24,USD,2024-06-24,110000,EA
100,8000000499,000020,9000000499,000020,M,J,39.0,74139.0,USD,2024-06-24,110000,EA
