MANDT,VBELN,ERDAT,ERZET,ERNAM,FKART,FKTYP,VBTYP,FKDAT,KNUMV,NETWR,WAERK,KUNAG,KUNRG,VKORG,BUKRS,BELNR,GJAHR,RFBSK
100,9000000002,2024-03-15,110000,FINANCE01,F2,L,M,2024-03-15,5800000002,403526.69,USD,C00008,C00008,1000,1000,6000000002,FY2024,C
100,9000000003,2024-07-24,110000,FINANCE02,F2,L,M,2024-07-24,5800000003,42316.55,USD,C00008,C00008,1000,1000,6000000003,FY2024,C
100,9000000004,2024-03-12,110000,FINANCE01,F2,L,M,2024-03-12,5800000004,72091.8,USD,C00003,C00003,1000,1000,6000000004,FY2024,C
100,9000000006,2024-05-26,110000,FINANCE01,F2,L,M,2024-05-26,5800000006,77687.13,USD,C00004,C00004,1000,1000,6000000006,FY2024,C
100,9000000007,2024-06-28,110000,FINANCE02,F2,L,M,2024-06-28,5800000007,186298.6,USD,C00008,C00008,1000,1000,6000000007,FY2024,C
100,9000000008,2024-03-07,110000,FINANCE01,F2,L,M,2024-03-07,5800000008,169624.8,USD,C00004,C00004,1000,1000,6000000008,FY2024,C
100,9000000009,2024-08-28,110000,FINANCE02,F2,L,M,2024-08-28,5800000009,270718.0,USD,C00010,C00010,1000,1000,6000000009,FY2024,C
100,9000000010,2024-03-18,110000,FINANCE02,F2,L,M,2024-03-18,5800000010,140895.01,USD,C00009,C00009,1000,1000,6000000010,FY2024,C
100,9000000011,2024-03-27,110000,FINANCE01,F2,L,M,2024-03-27,5800000011,91515.06,USD,C00008,C00008,1000,1000,6000000011,FY2024,C
100,9000000012,2024-05-09,110000,FINANCE01,F2,L,M,2024-05-09,5800000012,11578.41,USD,C00014,C00014,1000,1000,6000000012,FY2024,C
100,9000000013,2024-06-29,110000,FINANCE02,F2,L,M,2024-06-29,5800000013,9836.48,USD,C00013,C00013,1000,1000,6000000013,FY2024,C
100,9000000014,2024-06-10,110000,FINANCE02,F2,L,M,2024-06-10,5800000014,19870.62,USD,C00010,C00010,1000,1000,6000000014,FY2024,C
100,9000000015,2024-02-27,110000,FINANCE01,F2,L,M,2024-02-27,5800000015,7748.1,USD,C00009,C00009,1000,1000,6000000015,FY2024,C
100,9000000016,2024-03-22,110000,FINANCE01,F2,L,M,2024-03-22,5800000016,149340.4,USD,C00012,C00012,1000,1000,6000000016,FY2024,C
100,9000000017,2024-09-19,110000,FINANCE01,F2,L,M,2024-09-19,5800000017,184397.59,USD,C00012,C00012,1000,1000,6000000017,FY2024,C
100,9000000018,2024-05-21,110000,FINANCE02,F2,L,M,2024-05-21,5800000018,174253.91,USD,C00003,C00003,1000,1000,6000000018,FY2024,C
100,9000000020,2024-04-11,110000,FINANCE02,F2,L,M,2024-04-11,5800000020,57262.8,USD,C00004,C00004,1000,1000,6000000020,FY2024,C
100,9000000021,2024-06-14,110000,FINANCE02,F2,L,M,2024-06-14,5800000021,308600.76,USD,C00005,C00005,1000,1000,6000000021,FY2024,C
100,9000000022,2024-02-09,110000,FINANCE01,F2,L,M,2024-02-09,5800000022,7123.43,USD,C00011,C00011,1000,1000,6000000022,FY2024,C
100,9000000023,2024-02-10,110000,FINANCE01,F2,L,M,2024-02-10,5800000023,319518.4,USD,C00003,C00003,1000,1000,6000000023,FY2024,C
100,9000000025,2024-05-03,110000,FINANCE02,F2,L,M,2024-05-03,5800000025,41336.04,USD,C00008,C00008,1000,1000,6000000025,FY2024,C
100,9000000026,2024-10-24,110000,FINANCE01,F2,L,M,2024-10-24,5800000026,19884.42,USD,C00013,C00013,1000,1000,6000000026,FY2024,C
100,9000000027,2024-05-23,110000,FINANCE01,F2,L,M,2024-05-23,5800000027,16855.36,USD,C00013,C00013,1000,1000,6000000027,FY2024,C
100,9000000028,2024-06-07,110000,FINANCE02,F2,L,M,2024-06-07,5800000028,176290.12,USD,C00012,C00012,1000,1000,6000000028,FY2024,C
100,9000000029,2024-09-16,110000,FINANCE01,F2,L,M,2024-09-16,5800000029,291671.28,USD,C00010,C00010,1000,1000,6000000029,FY2024,C
100,9000000030,2024-09-03,110000,FINANCE01,F2,L,M,2024-09-03,5800000030,13450.08,USD,C00007,C00007,1000,1000,6000000030,FY2024,C
100,9000000031,2024-10-05,110000,FINANCE01,F2,L,M,2024-10-05,5800000031,120549.2,USD,C00001,C00001,1000,1000,6000000031,FY2024,C
100,9000000032,2024-07-11,110000,FINANCE02,F2,L,M,2024-07-11,5800000032,10192.0,USD,C00002,C00002,1000,1000,6000000032,FY2024,C
100,9000000033,2024-08-02,110000,FINANCE02,F2,L,M,2024-08-02,5800000033,329965.36,USD,C00002,C00002,1000,1000,6000000033,FY2024,C
100,9000000034,2024-03-17,110000,FINANCE01,F2,L,M,2024-03-17,5800000034,336084.45,USD,C00011,C00011,1000,1000,6000000034,FY2024,C
100,9000000035,2024-10-18,110000,FINANCE01,F2,L,M,2024-10-18,5800000035,46559.04,USD,C00003,C00003,1000,1000,6000000035,FY2024,C
100,9000000036,2024-03-18,110000,FINANCE01,F2,L,M,2024-03-18,5800000036,318265.42,USD,C00006,C00006,1000,1000,6000000036,FY2024,C
100,9000000038,2024-02-26,110000,FINANCE02,F2,L,M,2024-02-26,5800000038,130133.16,USD,C00014,C00014,1000,1000,6000000038,FY2024,C
100,9000000039,2024-02-24,110000,FINANCE01,F2,L,M,2024-02-24,5800000039,84549.76,USD,C00015,C00015,1000,1000,6000000039,FY2024,C
100,9000000040,2024-05-02,110000,FINANCE02,F2,L,M,2024-05-02,5800000040,8876.72,USD,C00012,C00012,1000,1000,6000000040,FY2024,C
100,9000000041,2024-08-16,110000,FINANCE01,F2,L,M,2024-08-16,5800000041,32255.52,USD,C00012,C00012,1000,1000,6000000041,FY2024,C
100,9000000042,2024-08-28,110000,FINANCE02,F2,L,M,2024-08-28,5800000042,113163.0,USD,C00013,C00013,1000,1000,6000000042,FY2024,C
100,9000000043,2024-05-24,110000,FINANCE01,F2,L,M,2024-05-24,5800000043,126110.4,USD,C00003,C00003,1000,1000,6000000043,FY2024,C
100,9000000044,2024-08-14,110000,FINANCE02,F2,L,M,2024-08-14,5800000044,44496.15,USD,C00013,C00013,1000,1000,6000000044,FY2024,C
100,9000000045,2024-11-04,110000,FINANCE02,F2,L,M,2024-11-04,5800000045,247585.85,USD,C00013,C00013,1000,1000,6000000045,FY2024,C
100,9000000046,2024-06-28,110000,FINANCE02,F2,L,M,2024-06-28,5800000046,49379.9,USD,C00012,C00012,1000,1000,6000000046,FY2024,C
100,9000000048,2024-10-17,110000,FINANCE01,F2,L,M,2024-10-17,5800000048,212345.72,USD,C00013,C00013,1000,1000,6000000048,FY2024,C
100,9000000050,2024-01-30,110000,FINANCE02,F2,L,M,2024-01-30,5800000050,46023.95,USD,C00009,C00009,1000,1000,6000000050,FY2024,C
100,9000000051,2024-07-10,110000,FINANCE01,F2,L,M,2024-07-10,5800000051,195902.0,USD,C00001,C00001,1000,1000,6000000051,FY2024,C
100,9000000052,2024-02-25,110000,FINANCE02,F2,L,M,2024-02-25,5800000052,28165.5,USD,C00009,C00009,1000,1000,6000000052,FY2024,C
100,9000000053,2024-04-26,110000,FINANCE01,F2,L,M,2024-04-26,5800000053,325296.03,USD,C00001,C00001,1000,1000,6000000053,FY2024,C
100,9000000055,2024-07-26,110000,FINANCE02,F2,L,M,2024-07-26,5800000055,49105.56,USD,C00014,C00014,1000,1000,6000000055,FY2024,C
100,9000000056,2024-04-21,110000,FINANCE02,F2,L,M,2024-04-21,5800000056,11128.48,USD,C00012,C00012,1000,1000,6000000056,FY2024,C
100,9000000058,2024-10-18,110000,FINANCE01,F2,L,M,2024-10-18,5800000058,44282.83,USD,C00011,C00011,1000,1000,6000000058,FY2024,C
100,9000000059,2024-05-10,110000,FINANCE02,F2,L,M,2024-05-10,5800000059,173222.5,USD,C00015,C00015,1000,1000,6000000059,FY2024,C
100,9000000061,2024-06-21,110000,FINANCE02,F2,L,M,2024-06-21,5800000061,28916.37,USD,C00005,C00005,1000,1000,6000000061,FY2024,C
100,9000000062,2024-06-06,110000,FINANCE01,F2,L,M,2024-06-06,5800000062,86595.4,USD,C00014,C00014,1000,1000,6000000062,FY2024,C
100,9000000064,2024-04-28,110000,FINANCE01,F2,L,M,2024-04-28,5800000064,13755.96,USD,C00005,C00005,1000,1000,6000000064,FY2024,C
100,9000000065,2024-07-15,110000,FINANCE02,F2,L,M,2024-07-15,5800000065,276605.6,USD,C00009,C00009,1000,1000,6000000065,FY2024,C
100,9000000066,2024-05-15,110000,FINANCE02,F2,L,M,2024-05-15,5800000066,122494.64,USD,C00002,C00002,1000,1000,6000000066,FY2024,C
100,9000000067,2024-07-11,110000,FINANCE02,F2,L,M,2024-07-11,5800000067,91403.8,USD,C00008,C00008,1000,1000,6000000067,FY2024,C
100,9000000068,2024-02-04,110000,FINANCE02,F2,L,M,2024-02-04,5800000068,38388.24,USD,C00009,C00009,1000,1000,6000000068,FY2024,C
100,9000000069,2024-02-21,110000,FINANCE01,F2,L,M,2024-02-21,5800000069,299864.7,USD,C00014,C00014,1000,1000,6000000069,FY2024,C
100,9000000070,2024-10-01,110000,FINANCE01,F2,L,M,2024-10-01,5800000070,18754.43,USD,C00001,C00001,1000,1000,6000000070,FY2024,C
100,9000000071,2024-03-03,110000,FINANCE01,F2,L,M,2024-03-03,5800000071,161227.5,USD,C00014,C00014,1000,1000,6000000071,FY2024,C
100,9000000072,2024-06-07,110000,FINANCE01,F2,L,M,2024-06-07,5800000072,154268.64,USD,C00003,C00003,1000,1000,6000000072,FY2024,C
100,9000000075,2024-07-17,110000,FINANCE02,F2,L,M,2024-07-17,5800000075,68505.36,USD,C00004,C00004,1000,1000,6000000075,FY2024,C
100,9000000076,2024-04-07,110000,FINANCE01,F2,L,M,2024-04-07,5800000076,199520.55,USD,C00008,C00008,1000,1000,6000000076,FY2024,C
100,9000000077,2024-04-02,110000,FINANCE01,F2,L,M,2024-04-02,5800000077,33172.67,USD,C00015,C00015,1000,1000,6000000077,FY2024,C
100,9000000078,2024-09-16,110000,FINANCE01,F2,L,M,2024-09-16,5800000078,70915.2,USD,C00006,C00006,1000,1000,6000000078,FY2024,C
100,9000000079,2024-04-13,110000,FINANCE01,F2,L,M,2024-04-13,5800000079,173146.94,USD,C00006,C00006,1000,1000,6000000079,FY2024,C
100,9000000080,2024-05-22,110000,FINANCE02,F2,L,M,2024-05-22,5800000080,7876.8,USD,C00014,C00014,1000,1000,6000000080,FY2024,C
100,9000000081,2024-01-28,110000,FINANCE02,F2,L,M,2024-01-28,5800000081,43066.45,USD,C00012,C00012,1000,1000,6000000081,FY2024,C
100,9000000082,2024-03-03,110000,FINANCE02,F2,L,M,2024-03-03,5800000082,108889.95,USD,C00014,C00014,1000,1000,6000000082,FY2024,C
100,9000000083,2024-09-25,110000,FINANCE01,F2,L,M,2024-09-25,5800000083,124620.08,USD,C00004,C00004,1000,1000,6000000083,FY2024,C
100,9000000084,2024-03-12,110000,FINANCE01,F2,L,M,2024-03-12,5800000084,223204.83,USD,C00006,C00006,1000,1000,6000000084,FY2024,C
100,9000000086,2024-10-07,110000,FINANCE01,F2,L,M,2024-10-07,5800000086,299628.9,USD,C00004,C00004,1000,1000,6000000086,FY2024,C
100,9000000088,2024-10-03,110000,FINANCE02,F2,L,M,2024-10-03,5800000088,352807.94,USD,C00011,C00011,1000,1000,6000000088,FY2024,C
100,9000000091,2024-05-17,110000,FINANCE01,F2,L,M,2024-05-17,5800000091,446446.03,USD,C00007,C00007,1000,1000,6000000091,FY2024,C
100,9000000093,2024-10-10,110000,FINANCE01,F2,L,M,2024-10-10,5800000093,30453.92,USD,C00001,C00001,1000,1000,6000000093,FY2024,C
100,9000000094,2024-10-24,110000,FINANCE01,F2,L,M,2024-10-24,5800000094,96989.01,USD,C00008,C00008,1000,1000,6000000094,FY2024,C
100,9000000096,2024-02-15,110000,FINANCE01,F2,L,M,2024-02-15,5800000096,114902.64,USD,C00007,C00007,1000,1000,6000000096,FY2024,C
100,9000000097,2024-08-30,110000,FINANCE02,F2,L,M,2024-08-30,5800000097,70124.82,USD,C00008,C00008,1000,1000,6000000097,FY2024,C
100,9000000098,2024-01-18,110000,FINANCE01,F2,L,M,2024-01-18,5800000098,160186.14,USD,C00001,C00001,1000,1000,6000000098,FY2024,C
100,9000000099,2024-08-24,110000,FINANCE01,F2,L,M,2024-08-24,5800000099,420156.32,USD,C00015,C00015,1000,1000,6000000099,FY2024,C
100,9000000100,2024-03-30,110000,FINANCE02,F2,L,M,2024-03-30,5800000100,180072.03,USD,C00015,C00015,1000,1000,6000000100,FY2024,C
100,9000000101,2024-05-03,110000,FINANCE01,F2,L,M,2024-05-03,5800000101,14035.54,USD,C00008,C00008,1000,1000,6000000101,FY2024,C
100,9000000102,2024-07-19,110000,FINANCE02,F2,L,M,2024-07-19,5800000102,233025.98,USD,C00004,C00004,1000,1000,6000000102,FY2024,C
100,9000000104,2024-08-16,110000,FINANCE01,F2,L,M,2024-08-16,5800000104,231166.8,USD,C00002,C00002,1000,1000,6000000104,FY2024,C
100,9000000107,2024-02-01,110000,FINANCE02,F2,L,M,2024-02-01,5800000107,67411.8,USD,C00011,C00011,1000,1000,6000000107,FY2024,C
100,9000000108,2024-05-05,110000,FINANCE02,F2,L,M,2024-05-05,5800000108,24598.5,USD,C00014,C00014,1000,1000,6000000108,FY2024,C
100,9000000109,2024-04-22,110000,FINANCE02,F2,L,M,2024-04-22,5800000109,239318.4,USD,C00011,C00011,1000,1000,6000000109,FY2024,C
100,9000000111,2024-06-21,110000,FINANCE01,F2,L,M,2024-06-21,5800000111,45719.18,USD,C00002,C00002,1000,1000,6000000111,FY2024,C
100,9000000112,2024-10-06,110000,FINANCE02,F2,L,M,2024-10-06,5800000112,74843.98,USD,C00009,C00009,1000,1000,6000000112,FY2024,C
100,9000000113,2024-08-26,110000,FINANCE02,F2,L,M,2024-08-26,5800000113,143243.09,USD,C00013,C00013,1000,1000,6000000113,FY2024,C
100,9000000114,2024-03-08,110000,FINANCE02,F2,L,M,2024-03-08,5800000114,72342.27,USD,C00015,C00015,1000,1000,6000000114,FY2024,C
100,9000000116,2024-08-17,110000,FINANCE02,F2,L,M,2024-08-17,5800000116,41099.52,USD,C00013,C00013,1000,1000,6000000116,FY2024,C
100,9000000120,2024-08-19,110000,FINANCE01,F2,L,M,2024-08-19,5800000120,99098.44,USD,C00006,C00006,1000,1000,6000000120,FY2024,C
100,9000000121,2024-08-30,110000,FINANCE02,F2,L,M,2024-08-30,5800000121,127728.0,USD,C00012,C00012,1000,1000,6000000121,FY2024,C
100,9000000122,2024-04-28,110000,FINANCE02,F2,L,M,2024-04-28,5800000122,30131.67,USD,C00008,C00008,1000,1000,6000000122,FY2024,C
100,9000000123,2024-04-06,110000,FINANCE01,F2,L,M,2024-04-06,5800000123,78857.46,USD,C00006,C00006,1000,1000,6000000123,FY2024,C
100,9000000124,2024-06-28,110000,FINANCE01,F2,L,M,2024-06-28,5800000124,8998.7,USD,C00008,C00008,1000,1000,6000000124,FY2024,C
100,9000000125,2024-06-28,110000,FINANCE02,F2,L,M,2024-06-28,5800000125,165627.88,USD,C00014,C00014,1000,1000,6000000125,FY2024,C
100,9000000126,2024-07-15,110000,FINANCE02,F2,L,M,2024-07-15,5800000126,15674.67,USD,C00010,C00010,1000,1000,6000000126,FY2024,C
100,9000000127,2024-09-11,110000,FINANCE02,F2,L,M,2024-09-11,5800000127,81363.48,USD,C00006,C00006,1000,1000,6000000127,FY2024,C
100,9000000128,2024-06-10,110000,FINANCE02,F2,L,M,2024-06-10,5800000128,190263.31,USD,C00008,C00008,1000,1000,6000000128,FY2024,C
100,9000000129,2024-09-21,110000,FINANCE01,F2,L,M,2024-09-21,5800000129,72450.7,USD,C00009,C00009,1000,1000,6000000129,FY2024,C
100,9000000130,2024-07-26,110000,FINANCE02,F2,L,M,2024-07-26,5800000130,315321.4,USD,C00002,C00002,1000,1000,6000000130,FY2024,C
100,9000000132,2024-10-18,110000,FINANCE01,F2,L,M,2024-10-18,5800000132,88271.16,USD,C00006,C00006,1000,1000,6000000132,FY2024,C
100,9000000134,2024-06-19,110000,FINANCE01,F2,L,M,2024-06-19,5800000134,35299.88,USD,C00011,C00011,1000,1000,6000000134,FY2024,C
100,9000000136,2024-06-07,110000,FINANCE01,F2,L,M,2024-06-07,5800000136,81337.52,USD,C00003,C00003,1000,1000,6000000136,FY2024,C
100,9000000137,2024-05-20,110000,FINANCE02,F2,L,M,2024-05-20,5800000137,249124.77,USD,C00003,C00003,1000,1000,6000000137,FY2024,C
100,9000000138,2024-07-14,110000,FINANCE01,F2,L,M,2024-07-14,5800000138,136795.56,USD,C00010,C00010,1000,1000,6000000138,FY2024,C
100,9000000139,2024-08-08,110000,FINANCE01,F2,L,M,2024-08-08,5800000139,95053.77,USD,C00015,C00015,1000,1000,6000000139,FY2024,C
100,9000000140,2024-06-20,110000,FINANCE01,F2,L,M,2024-06-20,5800000140,178551.08,USD,C00001,C00001,1000,1000,6000000140,FY2024,C
100,9000000141,2024-01-30,110000,FINANCE02,F2,L,M,2024-01-30,5800000141,124910.24,USD,C00015,C00015,1000,1000,6000000141,FY2024,C
100,9000000142,2024-03-28,110000,FINANCE02,F2,L,M,2024-03-28,5800000142,51435.2,USD,C00011,C00011,1000,1000,6000000142,FY2024,C
100,9000000143,2024-07-07,110000,FINANCE02,F2,L,M,2024-07-07,5800000143,206337.48,USD,C00005,C00005,1000,1000,6000000143,FY2024,C
100,9000000144,2024-06-25,110000,FINANCE01,F2,L,M,2024-06-25,5800000144,85528.56,USD,C00006,C00006,1000,1000,6000000144,FY2024,C
100,9000000145,2024-09-06,110000,FINANCE01,F2,L,M,2024-09-06,5800000145,7797.14,USD,C00015,C00015,1000,1000,6000000145,FY2024,C
100,9000000146,2024-07-25,110000,FINANCE02,F2,L,M,2024-07-25,5800000146,160203.0,USD,C00015,C00015,1000,1000,6000000146,FY2024,C
100,9000000148,2024-04-22,110000,FINANCE02,F2,L,M,2024-04-22,5800000148,42218.52,USD,C00001,C00001,1000,1000,6000000148,FY2024,C
100,9000000149,2024-09-01,110000,FINANCE01,F2,L,M,2024-09-01,5800000149,173602.85,USD,C00014,C00014,1000,1000,6000000149,FY2024,C
100,9000000150,2024-09-16,110000,FINANCE01,F2,L,M,2024-09-16,5800000150,43091.0,USD,C00006,C00006,1000,1000,6000000150,FY2024,C
100,9000000152,2024-06-22,110000,FINANCE02,F2,L,M,2024-06-22,5800000152,52412.9,USD,C00004,C00004,1000,1000,6000000152,FY2024,C
100,9000000153,2024-03-17,110000,FINANCE01,F2,L,M,2024-03-17,5800000153,443169.91,USD,C00014,C00014,1000,1000,6000000153,FY2024,C
100,9000000154,2024-09-02,110000,FINANCE02,F2,L,M,2024-09-02,5800000154,75909.54,USD,C00012,C00012,1000,1000,6000000154,FY2024,C
100,9000000155,2024-08-11,110000,FINANCE02,F2,L,M,2024-08-11,5800000155,123477.42,USD,C00006,C00006,1000,1000,6000000155,FY2024,C
100,9000000156,2024-05-17,110000,FINANCE01,F2,L,M,2024-05-17,5800000156,231460.32,USD,C00008,C00008,1000,1000,6000000156,FY2024,C
100,9000000157,2024-08-02,110000,FINANCE02,F2,L,M,2024-08-02,5800000157,268163.17,USD,C00006,C00006,1000,1000,6000000157,FY2024,C
100,9000000160,2024-10-04,110000,FINANCE01,F2,L,M,2024-10-04,5800000160,56450.46,USD,C00002,C00002,1000,1000,6000000160,FY2024,C
100,9000000161,2024-05-11,110000,FINANCE02,F2,L,M,2024-05-11,5800000161,78817.99,USD,C00008,C00008,1000,1000,6000000161,FY2024,C
100,9000000162,2024-07-07,110000,FINANCE02,F2,L,M,2024-07-07,5800000162,42442.32,USD,C00012,C00012,1000,1000,6000000162,FY2024,C
100,9000000164,2024-01-22,110000,FINANCE01,F2,L,M,2024-01-22,5800000164,50384.46,USD,C00003,C00003,1000,1000,6000000164,FY2024,C
100,9000000165,2024-07-14,110000,FINANCE02,F2,L,M,2024-07-14,5800000165,21850.5,USD,C00007,C00007,1000,1000,6000000165,FY2024,C
100,9000000166,2024-07-18,110000,FINANCE02,F2,L,M,2024-07-18,5800000166,57437.76,USD,C00008,C00008,1000,1000,6000000166,FY2024,C
100,9000000167,2024-04-30,110000,FINANCE02,F2,L,M,2024-04-30,5800000167,351172.2,USD,C00010,C00010,1000,1000,6000000167,FY2024,C
100,9000000168,2024-03-28,110000,FINANCE01,F2,L,M,2024-03-28,5800000168,99245.23,USD,C00007,C00007,1000,1000,6000000168,FY2024,C
100,9000000169,2024-03-21,110000,FINANCE02,F2,L,M,2024-03-21,5800000169,52374.92,USD,C00011,C00011,1000,1000,6000000169,FY2024,C
100,9000000170,2024-03-23,110000,FINANCE02,F2,L,M,2024-03-23,5800000170,84283.68,USD,C00015,C00015,1000,1000,6000000170,FY2024,C
100,9000000171,2024-03-08,110000,FINANCE01,F2,L,M,2024-03-08,5800000171,70078.51,USD,C00008,C00008,1000,1000,6000000171,FY2024,C
100,9000000173,2024-08-06,110000,FINANCE01,F2,L,M,2024-08-06,5800000173,14539.49,USD,C00007,C00007,1000,1000,6000000173,FY2024,C
100,9000000174,2024-04-27,110000,FINANCE02,F2,L,M,2024-04-27,5800000174,52987.2,USD,C00003,C00003,1000,1000,6000000174,FY2024,C
100,9000000175,2024-03-07,110000,FINANCE01,F2,L,M,2024-03-07,5800000175,22785.78,USD,C00007,C00007,1000,1000,6000000175,FY2024,C
100,9000000177,2024-06-24,110000,FINANCE01,F2,L,M,2024-06-24,5800000177,197430.3,USD,C00004,C00004,1000,1000,6000000177,FY2024,C
100,9000000178,2024-04-10,110000,FINANCE01,F2,L,M,2024-04-10,5800000178,176559.88,USD,C00004,C00004,1000,1000,6000000178,FY2024,C
100,9000000179,2024-08-11,110000,FINANCE02,F2,L,M,2024-08-11,5800000179,162468.66,USD,C00001,C00001,1000,1000,6000000179,FY2024,C
100,9000000180,2024-06-18,110000,FINANCE02,F2,L,M,2024-06-18,5800000180,303703.2,USD,C00013,C00013,1000,1000,6000000180,FY2024,C
100,9000000181,2024-06-22,110000,FINANCE02,F2,L,M,2024-06-22,5800000181,94412.36,USD,C00006,C00006,1000,1000,6000000181,FY2024,C
100,9000000182,2024-04-28,110000,FINANCE01,F2,L,M,2024-04-28,5800000182,17332.56,USD,C00001,C00001,1000,1000,6000000182,FY2024,C
100,9000000183,2024-08-11,110000,FINANCE02,F2,L,M,2024-08-11,5800000183,94.31,USD,C00006,C00006,1000,1000,6000000183,FY2024,C
100,9000000184,2024-10-14,110000,FINANCE01,F2,L,M,2024-10-14,5800000184,254746.76,USD,C00015,C00015,1000,1000,6000000184,FY2024,C
100,9000000186,2024-06-12,110000,FINANCE01,F2,L,M,2024-06-12,5800000186,105938.16,USD,C00004,C00004,1000,1000,6000000186,FY2024,C
100,9000000187,2024-05-18,110000,FINANCE02,F2,L,M,2024-05-18,5800000187,127238.88,USD,C00001,C00001,1000,1000,6000000187,FY2024,C
100,9000000188,2024-07-02,110000,FINANCE01,F2,L,M,2024-07-02,5800000188,94082.52,USD,C00007,C00007,1000,1000,6000000188,FY2024,C
100,9000000191,2024-05-25,110000,FINANCE02,F2,L,M,2024-05-25,5800000191,131953.17,USD,C00001,C00001,1000,1000,6000000191,FY2024,C
100,9000000192,2024-06-08,110000,FINANCE01,F2,L,M,2024-06-08,5800000192,140655.24,USD,C00013,C00013,1000,1000,6000000192,FY2024,C
100,9000000194,2024-06-27,110000,FINANCE01,F2,L,M,2024-06-27,5800000194,40992.0,USD,C00013,C00013,1000,1000,6000000194,FY2024,C
100,9000000195,2024-05-15,110000,FINANCE02,F2,L,M,2024-05-15,5800000195,114799.67,USD,C00006,C00006,1000,1000,6000000195,FY2024,C
100,9000000196,2024-06-09,110000,FINANCE02,F2,L,M,2024-06-09,5800000196,56984.85,USD,C00006,C00006,1000,1000,6000000196,FY2024,C
100,9000000198,2024-09-14,110000,FINANCE02,F2,L,M,2024-09-14,5800000198,56957.04,USD,C00006,C00006,1000,1000,6000000198,FY2024,C
100,9000000199,2024-03-20,110000,FINANCE02,F2,L,M,2024-03-20,5800000199,144521.16,USD,C00015,C00015,1000,1000,6000000199,FY2024,C
100,9000000200,2024-03-08,110000,FINANCE01,F2,L,M,2024-03-08,5800000200,43651.74,USD,C00013,C00013,1000,1000,6000000200,FY2024,C
100,9000000201,2024-09-30,110000,FINANCE01,F2,L,M,2024-09-30,5800000201,59073.84,USD,C00011,C00011,1000,1000,6000000201,FY2024,C
100,9000000202,2024-07-10,110000,FINANCE01,F2,L,M,2024-07-10,5800000202,115897.4,USD,C00013,C00013,1000,1000,6000000202,FY2024,C
100,9000000203,2024-06-14,110000,FINANCE01,F2,L,M,2024-06-14,5800000203,146681.94,USD,C00008,C00008,1000,1000,6000000203,FY2024,C
100,9000000205,2024-06-17,110000,FINANCE02,F2,L,M,2024-06-17,5800000205,15252.48,USD,C00004,C00004,1000,1000,6000000205,FY2024,C
100,9000000206,2024-10-04,110000,FINANCE02,F2,L,M,2024-10-04,5800000206,69176.38,USD,C00014,C00014,1000,1000,6000000206,FY2024,C
100,9000000207,2024-02-29,110000,FINANCE02,F2,L,M,2024-02-29,5800000207,25501.7,USD,C00004,C00004,1000,1000,6000000207,FY2024,C
100,9000000208,2024-09-21,110000,FINANCE01,F2,L,M,2024-09-21,5800000208,20708.4,USD,C00015,C00015,1000,1000,6000000208,FY2024,C
100,9000000210,2024-02-06,110000,FINANCE01,F2,L,M,2024-02-06,5800000210,285147.42,USD,C00004,C00004,1000,1000,6000000210,FY2024,C
100,9000000211,2024-02-16,110000,FINANCE02,F2,L,M,2024-02-16,5800000211,234468.61,USD,C00007,C00007,1000,1000,6000000211,FY2024,C
100,9000000214,2024-03-12,110000,FINANCE01,F2,L,M,2024-03-12,5800000214,71585.44,USD,C00005,C00005,1000,1000,6000000214,FY2024,C
100,9000000215,2024-07-06,110000,FINANCE01,F2,L,M,2024-07-06,5800000215,290536.4,USD,C00002,C00002,1000,1000,6000000215,FY2024,C
100,9000000216,2024-07-07,110000,FINANCE01,F2,L,M,2024-07-07,5800000216,71315.66,USD,C00003,C00003,1000,1000,6000000216,FY2024,C
100,9000000217,2024-08-28,110000,FINANCE02,F2,L,M,2024-08-28,5800000217,110675.4,USD,C00015,C00015,1000,1000,6000000217,FY2024,C
100,9000000218,2024-10-28,110000,FINANCE02,F2,L,M,2024-10-28,5800000218,87624.66,USD,C00010,C00010,1000,1000,6000000218,FY2024,C
100,9000000219,2024-08-19,110000,FINANCE01,F2,L,M,2024-08-19,5800000219,4507.32,USD,C00003,C00003,1000,1000,6000000219,FY2024,C
100,9000000220,2024-07-16,110000,FINANCE01,F2,L,M,2024-07-16,5800000220,176712.0,USD,C00002,C00002,1000,1000,6000000220,FY2024,C
100,9000000221,2024-07-02,110000,FINANCE02,F2,L,M,2024-07-02,5800000221,4561.3,USD,C00004,C00004,1000,1000,6000000221,FY2024,C
100,9000000222,2024-04-20,110000,FINANCE02,F2,L,M,2024-04-20,5800000222,26202.4,USD,C00006,C00006,1000,1000,6000000222,FY2024,C
100,9000000223,2024-06-15,110000,FINANCE01,F2,L,M,2024-06-15,5800000223,39601.53,USD,C00014,C00014,1000,1000,6000000223,FY2024,C
100,9000000224,2024-06-13,110000,FINANCE02,F2,L,M,2024-06-13,5800000224,204575.44,USD,C00015,C00015,1000,1000,6000000224,FY2024,C
100,9000000225,2024-05-24,110000,FINANCE02,F2,L,M,2024-05-24,5800000225,113454.0,USD,C00014,C00014,1000,1000,6000000225,FY2024,C
100,9000000226,2024-09-03,110000,FINANCE02,F2,L,M,2024-09-03,5800000226,91282.11,USD,C00004,C00004,1000,1000,6000000226,FY2024,C
100,9000000228,2024-02-15,110000,FINANCE02,F2,L,M,2024-02-15,5800000228,45778.88,USD,C00004,C00004,1000,1000,6000000228,FY2024,C
100,9000000229,2024-09-16,110000,FINANCE02,F2,L,M,2024-09-16,5800000229,122897.6,USD,C00008,C00008,1000,1000,6000000229,FY2024,C
100,9000000230,2024-09-04,110000,FINANCE01,F2,L,M,2024-09-04,5800000230,41185.28,USD,C00003,C00003,1000,1000,6000000230,FY2024,C
100,9000000231,2024-10-04,110000,FINANCE02,F2,L,M,2024-10-04,5800000231,105943.63,USD,C00009,C00009,1000,1000,6000000231,FY2024,C
100,9000000232,2024-08-01,110000,FINANCE01,F2,L,M,2024-08-01,5800000232,193335.84,USD,C00004,C00004,1000,1000,6000000232,FY2024,C
100,9000000233,2024-09-25,110000,FINANCE01,F2,L,M,2024-09-25,5800000233,8064.0,USD,C00008,C00008,1000,1000,6000000233,FY2024,C
100,9000000234,2024-02-16,110000,FINANCE01,F2,L,M,2024-02-16,5800000234,329193.96,USD,C00006,C00006,1000,1000,6000000234,FY2024,C
100,9000000235,2024-08-19,110000,FINANCE01,F2,L,M,2024-08-19,5800000235,83171.09,USD,C00011,C00011,1000,1000,6000000235,FY2024,C
100,9000000236,2024-09-23,110000,FINANCE01,F2,L,M,2024-09-23,5800000236,157222.0,USD,C00001,C00001,1000,1000,6000000236,FY2024,C
100,9000000237,2024-03-08,110000,FINANCE01,F2,L,M,2024-03-08,5800000237,177601.36,USD,C00010,C00010,1000,1000,6000000237,FY2024,C
100,9000000238,2024-02-20,110000,FINANCE01,F2,L,M,2024-02-20,5800000238,49220.9,USD,C00011,C00011,1000,1000,6000000238,FY2024,C
100,9000000239,2024-09-04,110000,FINANCE02,F2,L,M,2024-09-04,5800000239,64834.67,USD,C00002,C00002,1000,1000,6000000239,FY2024,C
100,9000000240,2024-05-13,110000,FINANCE01,F2,L,M,2024-05-13,5800000240,46281.76,USD,C00010,C00010,1000,1000,6000000240,FY2024,C
100,9000000241,2024-10-12,110000,FINANCE01,F2,L,M,2024-10-12,5800000241,202746.6,USD,C00003,C00003,1000,1000,6000000241,FY2024,C
100,9000000242,2024-06-30,110000,FINANCE01,F2,L,M,2024-06-30,5800000242,83268.24,USD,C00002,C00002,1000,1000,6000000242,FY2024,C
100,9000000243,2024-09-05,110000,FINANCE02,F2,L,M,2024-09-05,5800000243,227178.33,USD,C00010,C00010,1000,1000,6000000243,FY2024,C
100,9000000244,2024-01-24,110000,FINANCE01,F2,L,M,2024-01-24,5800000244,96526.65,USD,C00011,C00011,1000,1000,6000000244,FY2024,C
100,9000000245,2024-06-07,110000,FINANCE01,F2,L,M,2024-06-07,5800000245,296563.57,USD,C00009,C00009,1000,1000,6000000245,FY2024,C
100,9000000246,2024-09-04,110000,FINANCE01,F2,L,M,2024-09-04,5800000246,106141.41,USD,C00007,C00007,1000,1000,6000000246,FY2024,C
100,9000000247,2024-08-15,110000,FINANCE01,F2,L,M,2024-08-15,5800000247,56005.48,USD,C00006,C00006,1000,1000,6000000247,FY2024,C
100,9000000248,2024-09-16,110000,FINANCE02,F2,L,M,2024-09-16,5800000248,77306.68,USD,C00004,C00004,1000,1000,6000000248,FY2024,C
100,9000000249,2024-07-23,110000,FINANCE01,F2,L,M,2024-07-23,5800000249,232243.2,USD,C00012,C00012,1000,1000,6000000249,FY2024,C
100,9000000250,2024-09-22,110000,FINANCE02,F2,L,M,2024-09-22,5800000250,14651.85,USD,C00004,C00004,1000,1000,6000000250,FY2024,C
100,9000000251,2024-05-18,110000,FINANCE01,F2,L,M,2024-05-18,5800000251,193772.16,USD,C00008,C00008,1000,1000,6000000251,FY2024,C
100,9000000252,2024-07-28,110000,FINANCE02,F2,L,M,2024-07-28,5800000252,95993.65,USD,C00014,C00014,1000,1000,6000000252,FY2024,C
100,9000000253,2024-06-16,110000,FINANCE02,F2,L,M,2024-06-16,5800000253,35325.45,USD,C00005,C00005,1000,1000,6000000253,FY2024,C
100,9000000254,2024-10-16,110000,FINANCE01,F2,L,M,2024-10-16,5800000254,21755.8,USD,C00009,C00009,1000,1000,6000000254,FY2024,C
100,9000000257,2024-03-11,110000,FINANCE02,F2,L,M,2024-03-11,5800000257,137497.79,USD,C00005,C00005,1000,1000,6000000257,FY2024,C
100,9000000258,2024-04-06,110000,FINANCE02,F2,L,M,2024-04-06,5800000258,281799.36,USD,C00002,C00002,1000,1000,6000000258,FY2024,C
100,9000000259,2024-06-19,110000,FINANCE01,F2,L,M,2024-06-19,5800000259,238307.58,USD,C00006,C00006,1000,1000,6000000259,FY2024,C
100,9000000260,2024-07-01,110000,FINANCE02,F2,L,M,2024-07-01,5800000260,83743.68,USD,C00011,C00011,1000,1000,6000000260,FY2024,C
100,9000000262,2024-10-04,110000,FINANCE01,F2,L,M,2024-10-04,5800000262,254408.52,USD,C00001,C00001,1000,1000,6000000262,FY2024,C
100,9000000263,2024-09-27,110000,FINANCE01,F2,L,M,2024-09-27,5800000263,79593.44,USD,C00003,C00003,1000,1000,6000000263,FY2024,C
100,9000000264,2024-05-17,110000,FINANCE01,F2,L,M,2024-05-17,5800000264,110929.16,USD,C00013,C00013,1000,1000,6000000264,FY2024,C
100,9000000265,2024-05-14,110000,FINANCE01,F2,L,M,2024-05-14,5800000265,21840.75,USD,C00013,C00013,1000,1000,6000000265,FY2024,C
100,9000000266,2024-08-25,110000,FINANCE02,F2,L,M,2024-08-25,5800000266,69944.0,USD,C00015,C00015,1000,1000,6000000266,FY2024,C
100,9000000268,2024-05-04,110000,FINANCE01,F2,L,M,2024-05-04,5800000268,53449.24,USD,C00015,C00015,1000,1000,6000000268,FY2024,C
100,9000000269,2024-02-07,110000,FINANCE02,F2,L,M,2024-02-07,5800000269,163218.95,USD,C00002,C00002,1000,1000,6000000269,FY2024,C
100,9000000270,2024-07-20,110000,FINANCE01,F2,L,M,2024-07-20,5800000270,112461.68,USD,C00008,C00008,1000,1000,6000000270,FY2024,C
100,9000000271,2024-06-06,110000,FINANCE02,F2,L,M,2024-06-06,5800000271,132973.31,USD,C00002,C00002,1000,1000,6000000271,FY2024,C
100,9000000274,2024-07-27,110000,FINANCE01,F2,L,M,2024-07-27,5800000274,128239.49,USD,C00007,C00007,1000,1000,6000000274,FY2024,C
100,9000000275,2024-04-23,110000,FINANCE01,F2,L,M,2024-04-23,5800000275,25804.46,USD,C00014,C00014,1000,1000,6000000275,FY2024,C
100,9000000276,2024-05-23,110000,FINANCE02,F2,L,M,2024-05-23,5800000276,53762.48,USD,C00010,C00010,1000,1000,6000000276,FY2024,C
100,9000000277,2024-02-04,110000,FINANCE02,F2,L,M,2024-02-04,5800000277,77945.0,USD,C00003,C00003,1000,1000,6000000277,FY2024,C
100,9000000278,2024-03-25,110000,FINANCE01,F2,L,M,2024-03-25,5800000278,109727.66,USD,C00007,C00007,1000,1000,6000000278,FY2024,C
100,9000000279,2024-03-11,110000,FINANCE02,F2,L,M,2024-03-11,5800000279,217850.48,USD,C00005,C00005,1000,1000,6000000279,FY2024,C
100,9000000280,2024-03-07,110000,FINANCE02,F2,L,M,2024-03-07,5800000280,58753.52,USD,C00006,C00006,1000,1000,6000000280,FY2024,C
100,9000000281,2024-04-30,110000,FINANCE02,F2,L,M,2024-04-30,5800000281,129994.5,USD,C00013,C00013,1000,1000,6000000281,FY2024,C
100,9000000282,2024-08-01,110000,FINANCE01,F2,L,M,2024-08-01,5800000282,134478.08,USD,C00013,C00013,1000,1000,6000000282,FY2024,C
100,9000000283,2024-08-18,110000,FINANCE02,F2,L,M,2024-08-18,5800000283,98557.09,USD,C00004,C00004,1000,1000,6000000283,FY2024,C
100,9000000284,2024-03-17,110000,FINANCE01,F2,L,M,2024-03-17,5800000284,73442.8,USD,C00013,C00013,1000,1000,6000000284,FY2024,C
100,9000000285,2024-07-27,110000,FINANCE01,F2,L,M,2024-07-27,5800000285,386495.62,USD,C00004,C00004,1000,1000,6000000285,FY2024,C
100,9000000286,2024-03-07,110000,FINANCE01,F2,L,M,2024-03-07,5800000286,182876.19,USD,C00002,C00002,1000,1000,6000000286,FY2024,C
100,9000000288,2024-10-08,110000,FINANCE02,F2,L,M,2024-10-08,5800000288,27525.68,USD,C00006,C00006,1000,1000,6000000288,FY2024,C
100,9000000289,2024-02-29,110000,FINANCE01,F2,L,M,2024-02-29,5800000289,258668.85,USD,C00003,C00003,1000,1000,6000000289,FY2024,C
100,9000000290,2024-06-09,110000,FINANCE02,F2,L,M,2024-06-09,5800000290,193335.45,USD,C00011,C00011,1000,1000,6000000290,FY2024,C
100,9000000291,2024-06-24,110000,FINANCE02,F2,L,M,2024-06-24,5800000291,64702.32,USD,C00005,C00005,1000,1000,6000000291,FY2024,C
100,9000000292,2024-08-19,110000,FINANCE02,F2,L,M,2024-08-19,5800000292,153196.92,USD,C00014,C00014,1000,1000,6000000292,FY2024,C
100,9000000293,2024-01-26,110000,FINANCE01,F2,L,M,2024-01-26,5800000293,84221.89,USD,C00013,C00013,1000,1000,6000000293,FY2024,C
100,9000000294,2024-06-18,110000,FINANCE01,F2,L,M,2024-06-18,5800000294,325526.36,USD,C00012,C00012,1000,1000,6000000294,FY2024,C
100,9000000295,2024-03-29,110000,FINANCE01,F2,L,M,2024-03-29,5800000295,12868.2,USD,C00015,C00015,1000,1000,6000000295,FY2024,C
100,9000000296,2024-05-10,110000,FINANCE01,F2,L,M,2024-05-10,5800000296,287003.85,USD,C00012,C00012,1000,1000,6000000296,FY2024,C
100,9000000297,2024-10-21,110000,FINANCE02,F2,L,M,2024-10-21,5800000297,127784.04,USD,C00006,C00006,1000,1000,6000000297,FY2024,C
100,9000000298,2024-02-04,110000,FINANCE02,F2,L,M,2024-02-04,5800000298,155845.83,USD,C00010,C00010,1000,1000,6000000298,FY2024,C
100,9000000300,2024-08-23,110000,FINANCE02,F2,L,M,2024-08-23,5800000300,58044.46,USD,C00003,C00003,1000,1000,6000000300,FY2024,C
100,9000000301,2024-08-09,110000,FINANCE02,F2,L,M,2024-08-09,5800000301,66584.34,USD,C00005,C00005,1000,1000,6000000301,FY2024,C
100,9000000302,2024-04-11,110000,FINANCE01,F2,L,M,2024-04-11,5800000302,139252.75,USD,C00008,C00008,1000,1000,6000000302,FY2024,C
100,9000000303,2024-03-15,110000,FINANCE02,F2,L,M,2024-03-15,5800000303,36296.1,USD,C00011,C00011,1000,1000,6000000303,FY2024,C
100,9000000304,2024-06-11,110000,FINANCE02,F2,L,M,2024-06-11,5800000304,87207.68,USD,C00007,C00007,1000,1000,6000000304,FY2024,C
100,9000000305,2024-10-12,110000,FINANCE02,F2,L,M,2024-10-12,5800000305,17634.78,USD,C00006,C00006,1000,1000,6000000305,FY2024,C
100,9000000306,2024-05-03,110000,FINANCE02,F2,L,M,2024-05-03,5800000306,5459.85,USD,C00005,C00005,1000,1000,6000000306,FY2024,C
100,9000000307,2024-05-09,110000,FINANCE02,F2,L,M,2024-05-09,5800000307,16750.05,USD,C00009,C00009,1000,1000,6000000307,FY2024,C
100,9000000308,2024-06-13,110000,FINANCE02,F2,L,M,2024-06-13,5800000308,185576.6,USD,C00010,C00010,1000,1000,6000000308,FY2024,C
100,9000000309,2024-09-28,110000,FINANCE01,F2,L,M,2024-09-28,5800000309,135285.02,USD,C00013,C00013,1000,1000,6000000309,FY2024,C
100,9000000310,2024-05-14,110000,FINANCE01,F2,L,M,2024-05-14,5800000310,123309.94,USD,C00012,C00012,1000,1000,6000000310,FY2024,C
100,9000000312,2024-05-16,110000,FINANCE02,F2,L,M,2024-05-16,5800000312,230886.04,USD,C00007,C00007,1000,1000,6000000312,FY2024,C
100,9000000313,2024-08-18,110000,FINANCE01,F2,L,M,2024-08-18,5800000313,138198.49,USD,C00013,C00013,1000,1000,6000000313,FY2024,C
100,9000000314,2024-04-09,110000,FINANCE02,F2,L,M,2024-04-09,5800000314,114660.13,USD,C00013,C00013,1000,1000,6000000314,FY2024,C
100,9000000315,2024-02-04,110000,FINANCE02,F2,L,M,2024-02-04,5800000315,16837.34,USD,C00004,C00004,1000,1000,6000000315,FY2024,C
100,9000000316,2024-05-23,110000,FINANCE01,F2,L,M,2024-05-23,5800000316,222504.54,USD,C00003,C00003,1000,1000,6000000316,FY2024,C
100,9000000317,2024-04-04,110000,FINANCE02,F2,L,M,2024-04-04,5800000317,117534.66,USD,C00002,C00002,1000,1000,6000000317,FY2024,C
100,9000000318,2024-10-07,110000,FINANCE01,F2,L,M,2024-10-07,5800000318,351124.29,USD,C00004,C00004,1000,1000,6000000318,FY2024,C
100,9000000319,2024-10-07,110000,FINANCE02,F2,L,M,2024-10-07,5800000319,33593.94,USD,C00014,C00014,1000,1000,6000000319,FY2024,C
100,9000000320,2024-10-01,110000,FINANCE02,F2,L,M,2024-10-01,5800000320,235906.89,USD,C00004,C00004,1000,1000,6000000320,FY2024,C
100,9000000321,2024-08-21,110000,FINANCE02,F2,L,M,2024-08-21,5800000321,198756.48,USD,C00005,C00005,1000,1000,6000000321,FY2024,C
100,9000000322,2024-06-24,110000,FINANCE02,F2,L,M,2024-06-24,5800000322,18929.4,USD,C00002,C00002,1000,1000,6000000322,FY2024,C
100,9000000323,2024-07-02,110000,FINANCE01,F2,L,M,2024-07-02,5800000323,51145.74,USD,C00011,C00011,1000,1000,6000000323,FY2024,C
100,9000000324,2024-02-23,110000,FINANCE01,F2,L,M,2024-02-23,5800000324,210430.87,USD,C00013,C00013,1000,1000,6000000324,FY2024,C
100,9000000325,2024-05-11,110000,FINANCE02,F2,L,M,2024-05-11,5800000325,298353.0,USD,C00010,C00010,1000,1000,6000000325,FY2024,C
100,9000000326,2024-08-27,110000,FINANCE02,F2,L,M,2024-08-27,5800000326,535.24,USD,C00009,C00009,1000,1000,6000000326,FY2024,C
100,9000000328,2024-03-19,110000,FINANCE01,F2,L,M,2024-03-19,5800000328,12274.9,USD,C00012,C00012,1000,1000,6000000328,FY2024,C
100,9000000329,2024-06-08,110000,FINANCE02,F2,L,M,2024-06-08,5800000329,29122.2,USD,C00013,C00013,1000,1000,6000000329,FY2024,C
100,9000000330,2024-10-10,110000,FINANCE02,F2,L,M,2024-10-10,5800000330,329716.96,USD,C00011,C00011,1000,1000,6000000330,FY2024,C
100,9000000331,2024-05-11,110000,FINANCE01,F2,L,M,2024-05-11,5800000331,49368.0,USD,C00007,C00007,1000,1000,6000000331,FY2024,C
100,9000000332,2024-03-30,110000,FINANCE01,F2,L,M,2024-03-30,5800000332,168376.32,USD,C00013,C00013,1000,1000,6000000332,FY2024,C
100,9000000333,2024-08-17,110000,FINANCE02,F2,L,M,2024-08-17,5800000333,64307.78,USD,C00012,C00012,1000,1000,6000000333,FY2024,C
100,9000000337,2024-04-09,110000,FINANCE02,F2,L,M,2024-04-09,5800000337,4101.34,USD,C00010,C00010,1000,1000,6000000337,FY2024,C
100,9000000338,2024-07-20,110000,FINANCE02,F2,L,M,2024-07-20,5800000338,111648.67,USD,C00002,C00002,1000,1000,6000000338,FY2024,C
100,9000000339,2024-10-06,110000,FINANCE01,F2,L,M,2024-10-06,5800000339,257027.9,USD,C00007,C00007,1000,1000,6000000339,FY2024,C
100,9000000342,2024-05-27,110000,FINANCE01,F2,L,M,2024-05-27,5800000342,50309.62,USD,C00002,C00002,1000,1000,6000000342,FY2024,C
100,9000000343,2024-01-29,110000,FINANCE02,F2,L,M,2024-01-29,5800000343,17053.75,USD,C00010,C00010,1000,1000,6000000343,FY2024,C
100,9000000345,2024-03-25,110000,FINANCE02,F2,L,M,2024-03-25,5800000345,187746.64,USD,C00008,C00008,1000,1000,6000000345,FY2024,C
100,9000000346,2024-07-31,110000,FINANCE02,F2,L,M,2024-07-31,5800000346,300886.24,USD,C00010,C00010,1000,1000,6000000346,FY2024,C
100,9000000348,2024-05-27,110000,FINANCE01,F2,L,M,2024-05-27,5800000348,164617.87,USD,C00008,C00008,1000,1000,6000000348,FY2024,C
100,9000000349,2024-06-13,110000,FINANCE01,F2,L,M,2024-06-13,5800000349,75863.12,USD,C00008,C00008,1000,1000,6000000349,FY2024,C
100,9000000350,2024-07-08,110000,FINANCE01,F2,L,M,2024-07-08,5800000350,76239.0,USD,C00015,C00015,1000,1000,6000000350,FY2024,C
100,9000000351,2024-06-06,110000,FINANCE02,F2,L,M,2024-06-06,5800000351,8055.45,USD,C00013,C00013,1000,1000,6000000351,FY2024,C
100,9000000352,2024-03-06,110000,FINANCE02,F2,L,M,2024-03-06,5800000352,18281.4,USD,C00013,C00013,1000,1000,6000000352,FY2024,C
100,9000000353,2024-05-08,110000,FINANCE01,F2,L,M,2024-05-08,5800000353,27955.07,USD,C00006,C00006,1000,1000,6000000353,FY2024,C
100,9000000354,2024-09-10,110000,FINANCE01,F2,L,M,2024-09-10,5800000354,256066.65,USD,C00003,C00003,1000,1000,6000000354,FY2024,C
100,9000000355,2024-05-28,110000,FINANCE02,F2,L,M,2024-05-28,5800000355,240858.86,USD,C00004,C00004,1000,1000,6000000355,FY2024,C
100,9000000356,2024-08-21,110000,FINANCE01,F2,L,M,2024-08-21,5800000356,113063.19,USD,C00014,C00014,1000,1000,6000000356,FY2024,C
100,9000000357,2024-09-14,110000,FINANCE01,F2,L,M,2024-09-14,5800000357,14890.05,USD,C00012,C00012,1000,1000,6000000357,FY2024,C
100,9000000358,2024-10-21,110000,FINANCE01,F2,L,M,2024-10-21,5800000358,195240.99,USD,C00009,C00009,1000,1000,6000000358,FY2024,C
100,9000000359,2024-09-04,110000,FINANCE01,F2,L,M,2024-09-04,5800000359,300796.53,USD,C00012,C00012,1000,1000,6000000359,FY2024,C
100,9000000360,2024-02-03,110000,FINANCE02,F2,L,M,2024-02-03,5800000360,214412.4,USD,C00015,C00015,1000,1000,6000000360,FY2024,C
100,9000000362,2024-01-22,110000,FINANCE02,F2,L,M,2024-01-22,5800000362,67112.16,USD,C00010,C00010,1000,1000,6000000362,FY2024,C
100,9000000363,2024-04-18,110000,FINANCE01,F2,L,M,2024-04-18,5800000363,123944.36,USD,C00009,C00009,1000,1000,6000000363,FY2024,C
100,9000000364,2024-09-16,110000,FINANCE02,F2,L,M,2024-09-16,5800000364,1998.72,USD,C00007,C00007,1000,1000,6000000364,FY2024,C
100,9000000365,2024-09-06,110000,FINANCE02,F2,L,M,2024-09-06,5800000365,332395.42,USD,C00002,C00002,1000,1000,6000000365,FY2024,C
100,9000000366,2024-05-29,110000,FINANCE01,F2,L,M,2024-05-29,5800000366,42166.7,USD,C00002,C00002,1000,1000,6000000366,FY2024,C
100,9000000367,2024-06-28,110000,FINANCE02,F2,L,M,2024-06-28,5800000367,165627.84,USD,C00005,C00005,1000,1000,6000000367,FY2024,C
100,9000000370,2024-10-21,110000,FINANCE02,F2,L,M,2024-10-21,5800000370,32982.66,USD,C00004,C00004,1000,1000,6000000370,FY2024,C
100,9000000371,2024-05-16,110000,FINANCE01,F2,L,M,2024-05-16,5800000371,37429.6,USD,C00002,C00002,1000,1000,6000000371,FY2024,C
100,9000000372,2024-07-29,110000,FINANCE02,F2,L,M,2024-07-29,5800000372,34348.62,USD,C00003,C00003,1000,1000,6000000372,FY2024,C
100,9000000373,2024-06-13,110000,FINANCE01,F2,L,M,2024-06-13,5800000373,29944.26,USD,C00004,C00004,1000,1000,6000000373,FY2024,C
100,9000000374,2024-08-14,110000,FINANCE02,F2,L,M,2024-08-14,5800000374,277124.81,USD,C00012,C00012,1000,1000,6000000374,FY2024,C
100,9000000375,2024-03-06,110000,FINANCE01,F2,L,M,2024-03-06,5800000375,374346.51,USD,C00003,C00003,1000,1000,6000000375,FY2024,C
100,9000000376,2024-02-24,110000,FINANCE02,F2,L,M,2024-02-24,5800000376,35131.86,USD,C00003,C00003,1000,1000,6000000376,FY2024,C
100,9000000377,2024-07-19,110000,FINANCE02,F2,L,M,2024-07-19,5800000377,3651.46,USD,C00013,C00013,1000,1000,6000000377,FY2024,C
100,9000000379,2024-03-16,110000,FINANCE01,F2,L,M,2024-03-16,5800000379,82014.2,USD,C00014,C00014,1000,1000,6000000379,FY2024,C
100,9000000381,2024-10-22,110000,FINANCE02,F2,L,M,2024-10-22,5800000381,199405.44,USD,C00013,C00013,1000,1000,6000000381,FY2024,C
100,9000000384,2024-06-15,110000,FINANCE02,F2,L,M,2024-06-15,5800000384,30326.4,USD,C00006,C00006,1000,1000,6000000384,FY2024,C
100,9000000386,2024-08-01,110000,FINANCE02,F2,L,M,2024-08-01,5800000386,97385.37,USD,C00013,C00013,1000,1000,6000000386,FY2024,C
100,9000000387,2024-08-05,110000,FINANCE01,F2,L,M,2024-08-05,5800000387,272453.24,USD,C00015,C00015,1000,1000,6000000387,FY2024,C
100,9000000388,2024-03-21,110000,FINANCE02,F2,L,M,2024-03-21,5800000388,13880.52,USD,C00004,C00004,1000,1000,6000000388,FY2024,C
100,9000000389,2024-11-03,110000,FINANCE02,F2,L,M,2024-11-03,5800000389,346065.26,USD,C00004,C00004,1000,1000,6000000389,FY2024,C
100,9000000390,2024-04-28,110000,FINANCE01,F2,L,M,2024-04-28,5800000390,628.1,USD,C00011,C00011,1000,1000,6000000390,FY2024,C
100,9000000391,2024-04-10,110000,FINANCE01,F2,L,M,2024-04-10,5800000391,144658.16,USD,C00011,C00011,1000,1000,6000000391,FY2024,C
100,9000000392,2024-07-12,110000,FINANCE01,F2,L,M,2024-07-12,5800000392,49355.25,USD,C00012,C00012,1000,1000,6000000392,FY2024,C
100,9000000393,2024-04-17,110000,FINANCE02,F2,L,M,2024-04-17,5800000393,121054.94,USD,C00010,C00010,1000,1000,6000000393,FY2024,C
100,9000000395,2024-07-09,110000,FINANCE01,F2,L,M,2024-07-09,5800000395,301991.04,USD,C00014,C00014,1000,1000,6000000395,FY2024,C
100,9000000396,2024-07-18,110000,FINANCE02,F2,L,M,2024-07-18,5800000396,47859.0,USD,C00003,C00003,1000,1000,6000000396,FY2024,C
100,9000000397,2024-01-30,110000,FINANCE01,F2,L,M,2024-01-30,5800000397,293773.17,USD,C00014,C00014,1000,1000,6000000397,FY2024,C
100,9000000398,2024-04-27,110000,FINANCE01,F2,L,M,2024-04-27,5800000398,6793.92,USD,C00005,C00005,1000,1000,6000000398,FY2024,C
100,9000000399,2024-05-15,110000,FINANCE02,F2,L,M,2024-05-15,5800000399,110880.7,USD,C00003,C00003,1000,1000,6000000399,FY2024,C
100,9000000400,2024-07-16,110000,FINANCE02,F2,L,M,2024-07-16,5800000400,10106.67,USD,C00014,C00014,1000,1000,6000000400,FY2024,C
100,9000000402,2024-03-24,110000,FINANCE02,F2,L,M,2024-03-24,5800000402,63472.02,USD,C00009,C00009,1000,1000,6000000402,FY2024,C
100,9000000403,2024-07-03,110000,FINANCE02,F2,L,M,2024-07-03,5800000403,1106.6,USD,C00012,C00012,1000,1000,6000000403,FY2024,C
100,9000000405,2024-04-13,110000,FINANCE01,F2,L,M,2024-04-13,5800000405,52305.48,USD,C00005,C00005,1000,1000,6000000405,FY2024,C
100,9000000406,2024-02-03,110000,FINANCE01,F2,L,M,2024-02-03,5800000406,335097.88,USD,C00004,C00004,1000,1000,6000000406,FY2024,C
100,9000000407,2024-04-18,110000,FINANCE02,F2,L,M,2024-04-18,5800000407,140098.96,USD,C00003,C00003,1000,1000,6000000407,FY2024,C
100,9000000409,2024-04-08,110000,FINANCE02,F2,L,M,2024-04-08,5800000409,24293.94,USD,C00013,C00013,1000,1000,6000000409,FY2024,C
100,9000000410,2024-02-28,110000,FINANCE02,F2,L,M,2024-02-28,5800000410,56223.72,USD,C00007,C00007,1000,1000,6000000410,FY2024,C
100,9000000411,2024-02-26,110000,FINANCE02,F2,L,M,2024-02-26,5800000411,16857.0,USD,C00012,C00012,1000,1000,6000000411,FY2024,C
100,9000000413,2024-09-15,110000,FINANCE01,F2,L,M,2024-09-15,5800000413,162393.52,USD,C00003,C00003,1000,1000,6000000413,FY2024,C
100,9000000414,2024-05-27,110000,FINANCE01,F2,L,M,2024-05-27,5800000414,180303.28,USD,C00001,C00001,1000,1000,6000000414,FY2024,C
100,9000000417,2024-06-23,110000,FINANCE01,F2,L,M,2024-06-23,5800000417,1136.06,USD,C00012,C00012,1000,1000,6000000417,FY2024,C
100,9000000418,2024-07-10,110000,FINANCE01,F2,L,M,2024-07-10,5800000418,11488.08,USD,C00009,C00009,1000,1000,6000000418,FY2024,C
100,9000000419,2024-02-28,110000,FINANCE02,F2,L,M,2024-02-28,5800000419,48275.98,USD,C00007,C00007,1000,1000,6000000419,FY2024,C
100,9000000420,2024-10-02,110000,FINANCE01,F2,L,M,2024-10-02,5800000420,100383.59,USD,C00003,C00003,1000,1000,6000000420,FY2024,C
100,9000000422,2024-02-27,110000,FINANCE01,F2,L,M,2024-02-27,5800000422,138600.0,USD,C00010,C00010,1000,1000,6000000422,FY2024,C
100,9000000423,2024-02-24,110000,FINANCE02,F2,L,M,2024-02-24,5800000423,137530.96,USD,C00012,C00012,1000,1000,6000000423,FY2024,C
100,9000000424,2024-04-18,110000,FINANCE02,F2,L,M,2024-04-18,5800000424,94672.65,USD,C00005,C00005,1000,1000,6000000424,FY2024,C
100,9000000425,2024-10-13,110000,FINANCE02,F2,L,M,2024-10-13,5800000425,207255.99,USD,C00006,C00006,1000,1000,6000000425,FY2024,C
100,9000000427,2024-09-18,110000,FINANCE01,F2,L,M,2024-09-18,5800000427,181154.66,USD,C00013,C00013,1000,1000,6000000427,FY2024,C
100,9000000428,2024-03-29,110000,FINANCE02,F2,L,M,2024-03-29,5800000428,294300.68,USD,C00006,C00006,1000,1000,6000000428,FY2024,C
100,9000000429,2024-10-09,110000,FINANCE02,F2,L,M,2024-10-09,5800000429,14950.8,USD,C00013,C00013,1000,1000,6000000429,FY2024,C
100,9000000430,2024-05-10,110000,FINANCE02,F2,L,M,2024-05-10,5800000430,287979.15,USD,C00008,C00008,1000,1000,6000000430,FY2024,C
100,9000000431,2024-04-16,110000,FINANCE02,F2,L,M,2024-04-16,5800000431,314130.32,USD,C00013,C00013,1000,1000,6000000431,FY2024,C
100,9000000432,2024-08-26,110000,FINANCE02,F2,L,M,2024-08-26,5800000432,105303.35,USD,C00005,C00005,1000,1000,6000000432,FY2024,C
100,9000000434,2024-02-10,110000,FINANCE01,F2,L,M,2024-02-10,5800000434,41992.08,USD,C00006,C00006,1000,1000,6000000434,FY2024,C
100,9000000436,2024-08-31,110000,FINANCE02,F2,L,M,2024-08-31,5800000436,158552.94,USD,C00011,C00011,1000,1000,6000000436,FY2024,C
100,9000000442,2024-04-22,110000,FINANCE01,F2,L,M,2024-04-22,5800000442,282039.33,USD,C00005,C00005,1000,1000,6000000442,FY2024,C
100,9000000444,2024-03-25,110000,FINANCE02,F2,L,M,2024-03-25,5800000444,237389.16,USD,C00010,C00010,1000,1000,6000000444,FY2024,C
100,9000000445,2024-07-18,110000,FINANCE01,F2,L,M,2024-07-18,5800000445,90958.68,USD,C00015,C00015,1000,1000,6000000445,FY2024,C
100,9000000446,2024-02-06,110000,FINANCE02,F2,L,M,2024-02-06,5800000446,134707.05,USD,C00008,C00008,1000,1000,6000000446,FY2024,C
100,9000000448,2024-03-14,110000,FINANCE01,F2,L,M,2024-03-14,5800000448,20345.04,USD,C00012,C00012,1000,1000,6000000448,FY2024,C
100,9000000449,2024-10-23,110000,FINANCE01,F2,L,M,2024-10-23,5800000449,130709.45,USD,C00006,C00006,1000,1000,6000000449,FY2024,C
100,9000000451,2024-02-24,110000,FINANCE02,F2,L,M,2024-02-24,5800000451,145425.8,USD,C00006,C00006,1000,1000,6000000451,FY2024,C
100,9000000452,2024-06-19,110000,FINANCE02,F2,L,M,2024-06-19,5800000452,31395.06,USD,C00003,C00003,1000,1000,6000000452,FY2024,C
100,9000000453,2024-05-28,110000,FINANCE01,F2,L,M,2024-05-28,5800000453,247537.5,USD,C00001,C00001,1000,1000,6000000453,FY2024,C
100,9000000454,2024-10-19,110000,FINANCE01,F2,L,M,2024-10-19,5800000454,104564.32,USD,C00009,C00009,1000,1000,6000000454,FY2024,C
100,9000000455,2024-05-02,110000,FINANCE02,F2,L,M,2024-05-02,5800000455,48622.8,USD,C00006,C00006,1000,1000,6000000455,FY2024,C
100,9000000456,2024-02-12,110000,FINANCE02,F2,L,M,2024-02-12,5800000456,308326.76,USD,C00011,C00011,1000,1000,6000000456,FY2024,C
100,9000000457,2024-05-11,110000,FINANCE01,F2,L,M,2024-05-11,5800000457,326067.26,USD,C00001,C00001,1000,1000,6000000457,FY2024,C
100,9000000458,2024-02-03,110000,FINANCE02,F2,L,M,2024-02-03,5800000458,50208.21,USD,C00005,C00005,1000,1000,6000000458,FY2024,C
100,9000000459,2024-08-29,110000,FINANCE01,F2,L,M,2024-08-29,5800000459,139777.0,USD,C00006,C00006,1000,1000,6000000459,FY2024,C
100,9000000460,2024-09-18,110000,FINANCE01,F2,L,M,2024-09-18,5800000460,121847.83,USD,C00008,C00008,1000,1000,6000000460,FY2024,C
100,9000000461,2024-09-14,110000,FINANCE01,F2,L,M,2024-09-14,5800000461,50003.24,USD,C00009,C00009,1000,1000,6000000461,FY2024,C
100,9000000462,2024-05-26,110000,FINANCE02,F2,L,M,2024-05-26,5800000462,84985.74,USD,C00014,C00014,1000,1000,6000000462,FY2024,C
100,9000000463,2024-10-11,110000,FINANCE01,F2,L,M,2024-10-11,5800000463,80904.86,USD,C00003,C00003,1000,1000,6000000463,FY2024,C
100,9000000464,2024-09-28,110000,FINANCE02,F2,L,M,2024-09-28,5800000464,353665.6,USD,C00005,C00005,1000,1000,6000000464,FY2024,C
100,9000000465,2024-02-19,110000,FINANCE01,F2,L,M,2024-02-19,5800000465,102910.66,USD,C00013,C00013,1000,1000,6000000465,FY2024,C
100,9000000466,2024-08-11,110000,FINANCE02,F2,L,M,2024-08-11,5800000466,31443.1,USD,C00014,C00014,1000,1000,6000000466,FY2024,C
100,9000000467,2024-10-04,110000,FINANCE02,F2,L,M,2024-10-04,5800000467,62007.66,USD,C00012,C00012,1000,1000,6000000467,FY2024,C
100,9000000468,2024-02-11,110000,FINANCE02,F2,L,M,2024-02-11,5800000468,194695.68,USD,C00002,C00002,1000,1000,6000000468,FY2024,C
100,9000000469,2024-05-19,110000,FINANCE01,F2,L,M,2024-05-19,5800000469,55852.21,USD,C00014,C00014,1000,1000,6000000469,FY2024,C
100,9000000470,2024-09-10,110000,FINANCE02,F2,L,M,2024-09-10,5800000470,245897.08,USD,C00010,C00010,1000,1000,6000000470,FY2024,C
100,9000000471,2024-06-20,110000,FINANCE01,F2,L,M,2024-06-20,5800000471,16222.25,USD,C00013,C00013,1000,1000,6000000471,FY2024,C
100,9000000474,2024-09-05,110000,FINANCE01,F2,L,M,2024-09-05,5800000474,39127.58,USD,C00007,C00007,1000,1000,6000000474,FY2024,C
100,9000000475,2024-08-12,110000,FINANCE01,F2,L,M,2024-08-12,5800000475,203078.68,USD,C00015,C00015,1000,1000,6000000475,FY2024,C
100,9000000476,2024-01-28,110000,FINANCE02,F2,L,M,2024-01-28,5800000476,250771.78,USD,C00006,C00006,1000,1000,6000000476,FY2024,C
100,9000000478,2024-06-23,110000,FINANCE02,F2,L,M,2024-06-23,5800000478,50124.0,USD,C00006,C00006,1000,1000,6000000478,FY2024,C
100,9000000479,2024-06-22,110000,FINANCE02,F2,L,M,2024-06-22,5800000479,57930.48,USD,C00005,C00005,1000,1000,6000000479,FY2024,C
100,9000000480,2024-05-08,110000,FINANCE01,F2,L,M,2024-05-08,5800000480,255834.14,USD,C00013,C00013,1000,1000,6000000480,FY2024,C
100,9000000482,2024-08-31,110000,FINANCE01,F2,L,M,2024-08-31,5800000482,298232.28,USD,C00003,C00003,1000,1000,6000000482,FY2024,C
100,9000000483,2024-03-09,110000,FINANCE01,F2,L,M,2024-03-09,5800000483,92923.6,USD,C00004,C00004,1000,1000,6000000483,FY2024,C
100,9000000484,2024-04-11,110000,FINANCE01,F2,L,M,2024-04-11,5800000484,95690.66,USD,C00007,C00007,1000,1000,6000000484,FY2024,C
100,9000000485,2024-04-08,110000,FINANCE01,F2,L,M,2024-04-08,5800000485,261621.12,USD,C00015,C00015,1000,1000,6000000485,FY2024,C
100,9000000487,2024-06-18,110000,FINANCE02,F2,L,M,2024-06-18,5800000487,28221.04,USD,C00015,C00015,1000,1000,6000000487,FY2024,C
100,9000000488,2024-07-08,110000,FINANCE01,F2,L,M,2024-07-08,5800000488,215434.44,USD,C00010,C00010,1000,1000,6000000488,FY2024,C
100,9000000489,2024-10-06,110000,FINANCE02,F2,L,M,2024-10-06,5800000489,16881.92,USD,C00002,C00002,1000,1000,6000000489,FY2024,C
100,9000000490,2024-03-23,110000,FINANCE02,F2,L,M,2024-03-23,5800000490,186991.04,USD,C00004,C00004,1000,1000,6000000490,FY2024,C
100,9000000491,2024-09-15,110000,FINANCE01,F2,L,M,2024-09-15,5800000491,154366.8,USD,C00003,C00003,1000,1000,6000000491,FY2024,C
100,9000000492,2024-03-03,110000,FINANCE02,F2,L,M,2024-03-03,5800000492,215141.76,USD,C00007,C00007,1000,1000,6000000492,FY2024,C
100,9000000493,2024-09-28,110000,FINANCE01,F2,L,M,2024-09-28,5800000493,62298.49,USD,C00010,C00010,1000,1000,6000000493,FY2024,C
100,9000000494,2024-03-14,110000,FINANCE01,F2,L,M,2024-03-14,5800000494,121192.5,USD,C00010,C00010,1000,1000,6000000494,FY2024,C
100,9000000495,2024-10-17,110000,FINANCE01,F2,L,M,2024-10-17,5800000495,362308.65,USD,C00002,C00002,1000,1000,6000000495,FY2024,C
100,9000000496,2024-05-23,110000,FINANCE02,F2,L,M,2024-05-23,5800000496,58709.82,USD,C00008,C00008,1000,1000,6000000496,FY2024,C
100,9000000497,2024-06-16,110000,FINANCE02,F2,L,M,2024-06-16,5800000497,162655.0,USD,C00007,C00007,1000,1000,6000000497,FY2024,C
100,9000000498,2024-01-28,110000,FINANCE02,F2,L,M,2024-01-28,5800000498,102105.81,USD,C00004,C00004,1000,1000,6000000498,FY2024,C
100,9000000499,2024-06-24,110000,FINANCE01,F2,L,M,2024-06-24,5800000499,114081.24,USD,C00007,C00007,1000,1000,6000000499,FY2024,C
