MANDT,VBELN,POSNR,FKIMG,MEINS,MATNR,NETWR,WAERK,VGBEL,VGPOS,AUBEL,AUPOS,WERKS,ERNAM,ERDAT,ERZET
100,9000000002,000010,154.0,EA,MAT00026,240146.06,USD,8000000002,000010,1000000002,000010,P003,FINANCE01,2024-03-15,133050
100,9000000002,000020,143.0,EA,MAT00029,111193.94,USD,8000000002,000020,1000000002,000020,P003,FINANCE01,2024-03-15,132353
100,9000000003,000010,31.0,EA,MAT00023,42316.55,USD,8000000003,000010,1000000003,000010,P001,FINANCE02,2024-07-24,132639
100,9000000004,000010,180.0,EA,MAT00028,72091.8,USD,8000000004,000010,1000000004,000010,P002,FINANCE01,2024-03-12,092138
100,9000000006,000010,16.0,EA,MAT00022,7875.36,USD,8000000006,000010,1000000006,000010,P001,FINANCE01,2024-05-26,115322
100,9000000006,000020,49.0,EA,MAT00023,69811.77,USD,8000000006,000020,1000000006,000020,P001,FINANCE01,2024-05-26,120333
100,9000000007,000010,116.0,EA,MAT00032,169951.6,USD,8000000007,000010,1000000007,000010,P001,FINANCE02,2024-06-28,130804
100,9000000007,000020,60.0,EA,MAT00024,16347.0,USD,8000000007,000020,1000000007,000020,P001,FINANCE02,2024-06-28,111056
100,9000000008,000010,108.0,EA,MAT00031,169624.8,USD,8000000008,000010,1000000008,000010,P001,FINANCE01,2024-03-07,113454
100,9000000009,000010,175.0,EA,MAT00023,270718.0,USD,8000000009,000010,1000000009,000010,P001,FINANCE02,2024-08-28,154818
100,9000000010,000010,89.0,EA,MAT00031,7375.43,USD,8000000010,000010,1000000010,000010,P001,FINANCE02,2024-03-18,111315
100,9000000010,000020,89.0,EA,MAT00030,133519.58,USD,8000000010,000020,1000000010,000020,P001,FINANCE02,2024-03-18,155903
100,9000000011,000010,91.0,EA,MAT00032,91515.06,USD,8000000011,000010,1000000011,000010,P002,FINANCE01,2024-03-27,141300
100,9000000012,000010,37.0,EA,MAT00033,11578.41,USD,8000000012,000010,1000000012,000010,P001,FINANCE01,2024-05-09,154213
100,9000000013,000010,8.0,EA,MAT00027,9836.48,USD,8000000013,000010,1000000013,000010,P002,FINANCE02,2024-06-29,115259
100,9000000014,000010,66.0,EA,MAT00030,19870.62,USD,8000000014,000010,1000000014,000010,P001,FINANCE02,2024-06-10,122835
100,9000000015,000010,18.0,EA,MAT00027,7748.1,USD,8000000015,000010,1000000015,000010,P001,FINANCE01,2024-02-27,122353
100,9000000016,000010,10.0,EA,MAT00016,5377.1,USD,8000000016,000010,1000000016,000010,P003,FINANCE01,2024-03-22,133947
100,9000000016,000020,130.0,EA,MAT00022,143963.3,USD,8000000016,000020,1000000016,000020,P003,FINANCE01,2024-03-22,112554
100,9000000017,000010,169.0,EA,MAT00022,184397.59,USD,8000000017,000010,1000000017,000010,P003,FINANCE01,2024-09-19,164321
100,9000000018,000010,85.0,EA,MAT00025,10923.35,USD,8000000018,000010,1000000018,000010,P001,FINANCE02,2024-05-21,070811
100,9000000018,000020,128.0,EA,MAT00016,163330.56,USD,8000000018,000020,1000000018,000020,P001,FINANCE02,2024-05-21,170130
100,9000000020,000010,102.0,EA,MAT00023,57262.8,USD,8000000020,000010,1000000020,000010,P001,FINANCE02,2024-04-11,105744
100,9000000021,000010,156.0,EA,MAT00031,308600.76,USD,8000000021,000010,1000000021,000010,P003,FINANCE02,2024-06-14,144610
100,9000000022,000010,127.0,EA,MAT00021,7123.43,USD,8000000022,000010,1000000022,000010,P003,FINANCE01,2024-02-09,072454
100,9000000023,000010,170.0,EA,MAT00018,319518.4,USD,8000000023,000010,1000000023,000010,P003,FINANCE01,2024-02-10,083906
100,9000000025,000010,61.0,EA,MAT00031,41336.04,USD,8000000025,000010,1000000025,000010,P003,FINANCE02,2024-05-03,161916
100,9000000026,000010,138.0,EA,MAT00028,19884.42,USD,8000000026,000010,1000000026,000010,P001,FINANCE01,2024-10-24,083324
100,9000000027,000010,32.0,EA,MAT00018,16855.36,USD,8000000027,000010,1000000027,000010,P002,FINANCE01,2024-05-23,163809
100,9000000028,000010,199.0,EA,MAT00023,176290.12,USD,8000000028,000010,1000000028,000010,P001,FINANCE02,2024-06-07,092646
100,9000000029,000010,108.0,EA,MAT00021,169458.48,USD,8000000029,000010,1000000029,000010,P002,FINANCE01,2024-09-16,111419
100,9000000029,000020,123.0,EA,MAT00033,122212.8,USD,8000000029,000020,1000000029,000020,P002,FINANCE01,2024-09-16,084340
100,9000000030,000010,28.0,EA,MAT00030,13450.08,USD,8000000030,000010,1000000030,000010,P002,FINANCE01,2024-09-03,095333
100,9000000031,000010,166.0,EA,MAT00017,120549.2,USD,8000000031,000010,1000000031,000010,P001,FINANCE01,2024-10-05,071242
100,9000000032,000010,130.0,EA,MAT00021,10192.0,USD,8000000032,000010,1000000032,000010,P003,FINANCE02,2024-07-11,174425
100,9000000033,000010,184.0,EA,MAT00016,329965.36,USD,8000000033,000010,1000000033,000010,P002,FINANCE02,2024-08-02,072624
100,9000000034,000010,195.0,EA,MAT00016,336084.45,USD,8000000034,000010,1000000034,000010,P003,FINANCE01,2024-03-17,102705
100,9000000035,000010,73.0,EA,MAT00024,25748.56,USD,8000000035,000010,1000000035,000010,P001,FINANCE01,2024-10-18,155429
100,9000000036,000010,98.0,EA,MAT00030,195307.14,USD,8000000036,000010,1000000036,000010,P001,FINANCE01,2024-03-18,085744
100,9000000036,000020,73.0,EA,MAT00016,122958.28,USD,8000000036,000020,1000000036,000020,P001,FINANCE01,2024-03-18,075537
100,9000000038,000010,156.0,EA,MAT00032,125040.24,USD,8000000038,000010,1000000038,000010,P001,FINANCE02,2024-02-26,153120
100,9000000038,000020,36.0,EA,MAT00017,5092.92,USD,8000000038,000020,1000000038,000020,P001,FINANCE02,2024-02-26,072958
100,9000000039,000010,64.0,EA,MAT00023,84549.76,USD,8000000039,000010,1000000039,000010,P002,FINANCE01,2024-02-24,174325
100,9000000040,000010,17.0,EA,MAT00032,8876.72,USD,8000000040,000010,1000000040,000010,P001,FINANCE02,2024-05-02,151631
100,9000000041,000010,150.0,EA,MAT00027,27490.5,USD,8000000041,000010,1000000041,000010,P002,FINANCE01,2024-08-16,092631
100,9000000042,000010,150.0,EA,MAT00022,113163.0,USD,8000000042,000010,1000000042,000010,P002,FINANCE02,2024-08-28,115903
100,9000000043,000010,96.0,EA,MAT00028,126110.4,USD,8000000043,000010,1000000043,000010,P002,FINANCE01,2024-05-24,103728
100,9000000044,000010,29.0,EA,MAT00026,44496.15,USD,8000000044,000010,1000000044,000010,P003,FINANCE02,2024-08-14,170719
100,9000000045,000010,199.0,EA,MAT00021,247585.85,USD,8000000045,000010,1000000045,000010,P001,FINANCE02,2024-11-04,152008
100,9000000046,000010,62.0,EA,MAT00025,49379.9,USD,8000000046,000010,1000000046,000010,P001,FINANCE02,2024-06-28,085648
100,9000000048,000010,118.0,EA,MAT00016,212345.72,USD,8000000048,000010,1000000048,000010,P001,FINANCE01,2024-10-17,143350
100,9000000050,000010,35.0,EA,MAT00018,46023.95,USD,8000000050,000010,1000000050,000010,P003,FINANCE02,2024-01-30,081649
100,9000000051,000010,95.0,EA,MAT00027,120390.65,USD,8000000051,000010,1000000051,000010,P002,FINANCE01,2024-07-10,150819
100,9000000051,000020,93.0,EA,MAT00031,75511.35,USD,8000000051,000020,1000000051,000020,P002,FINANCE01,2024-07-10,164402
100,9000000052,000010,66.0,EA,MAT00018,28165.5,USD,8000000052,000010,1000000052,000010,P002,FINANCE02,2024-02-25,165718
100,9000000053,000010,23.0,EA,MAT00021,28074.03,USD,8000000053,000010,1000000053,000010,P003,FINANCE01,2024-04-26,115333
100,9000000053,000020,200.0,EA,MAT00022,297222.0,USD,8000000053,000020,1000000053,000020,P003,FINANCE01,2024-04-26,074702
100,9000000055,000010,159.0,EA,MAT00024,49105.56,USD,8000000055,000010,1000000055,000010,P001,FINANCE02,2024-07-26,163005
100,9000000056,000010,8.0,EA,MAT00018,11128.48,USD,8000000056,000010,1000000056,000010,P001,FINANCE02,2024-04-21,085325
100,9000000058,000010,173.0,EA,MAT00032,13487.08,USD,8000000058,000010,1000000058,000010,P002,FINANCE01,2024-10-18,081023
100,9000000058,000020,25.0,EA,MAT00021,30795.75,USD,8000000058,000020,1000000058,000020,P002,FINANCE01,2024-10-18,070745
100,9000000059,000010,190.0,EA,MAT00027,155473.2,USD,8000000059,000010,1000000059,000010,P003,FINANCE02,2024-05-10,105933
100,9000000059,000020,10.0,EA,MAT00024,17749.3,USD,8000000059,000020,1000000059,000020,P003,FINANCE02,2024-05-10,073328
100,9000000061,000010,147.0,EA,MAT00024,28916.37,USD,8000000061,000010,1000000061,000010,P002,FINANCE02,2024-06-21,092157
100,9000000062,000010,155.0,EA,MAT00020,86595.4,USD,8000000062,000010,1000000062,000010,P003,FINANCE01,2024-06-06,090619
100,9000000064,000010,12.0,EA,MAT00031,13755.96,USD,8000000064,000010,1000000064,000010,P003,FINANCE01,2024-04-28,144606
100,9000000065,000010,20.0,EA,MAT00027,22617.6,USD,8000000065,000010,1000000065,000010,P003,FINANCE02,2024-07-15,160434
100,9000000065,000020,143.0,EA,MAT00020,190418.8,USD,8000000065,000020,1000000065,000020,P003,FINANCE02,2024-07-15,072235
100,9000000066,000010,129.0,EA,MAT00026,6852.48,USD,8000000066,000010,1000000066,000010,P001,FINANCE02,2024-05-15,061023
100,9000000066,000020,68.0,EA,MAT00018,115642.16,USD,8000000066,000020,1000000066,000020,P001,FINANCE02,2024-05-15,125407
100,9000000067,000010,53.0,EA,MAT00021,91403.8,USD,8000000067,000010,1000000067,000010,P001,FINANCE02,2024-07-11,114332
100,9000000068,000010,132.0,EA,MAT00016,38388.24,USD,8000000068,000010,1000000068,000010,P001,FINANCE02,2024-02-04,075048
100,9000000069,000010,45.0,EA,MAT00026,58533.3,USD,8000000069,000010,1000000069,000010,P003,FINANCE01,2024-02-21,080707
100,9000000069,000020,180.0,EA,MAT00016,241331.4,USD,8000000069,000020,1000000069,000020,P003,FINANCE01,2024-02-21,072746
100,9000000070,000010,23.0,EA,MAT00027,18754.43,USD,8000000070,000010,1000000070,000010,P003,FINANCE01,2024-10-01,103821
100,9000000071,000010,125.0,EA,MAT00022,161227.5,USD,8000000071,000010,1000000071,000010,P001,FINANCE01,2024-03-03,064121
100,9000000072,000010,149.0,EA,MAT00021,154268.64,USD,8000000072,000010,1000000072,000010,P001,FINANCE01,2024-06-07,082001
100,9000000075,000010,44.0,EA,MAT00020,68505.36,USD,8000000075,000010,1000000075,000010,P001,FINANCE02,2024-07-17,164110
100,9000000076,000010,135.0,EA,MAT00021,199520.55,USD,8000000076,000010,1000000076,000010,P001,FINANCE01,2024-04-07,125510
100,9000000077,000010,23.0,EA,MAT00028,33172.67,USD,8000000077,000010,1000000077,000010,P001,FINANCE01,2024-04-02,125837
100,9000000078,000010,89.0,EA,MAT00031,70915.2,USD,8000000078,000010,1000000078,000010,P001,FINANCE01,2024-09-16,080137
100,9000000079,000010,97.0,EA,MAT00032,173146.94,USD,8000000079,000010,1000000079,000010,P002,FINANCE01,2024-04-13,062035
100,9000000080,000010,4.0,EA,MAT00016,7876.8,USD,8000000080,000010,1000000080,000010,P001,FINANCE02,2024-05-22,120434
100,9000000081,000010,18.0,EA,MAT00018,23089.68,USD,8000000081,000010,1000000081,000010,P002,FINANCE02,2024-01-28,092246
100,9000000081,000020,24.0,EA,MAT00018,4184.88,USD,8000000081,000020,1000000081,000020,P002,FINANCE02,2024-01-28,095555
100,9000000082,000010,195.0,EA,MAT00032,108889.95,USD,8000000082,000010,1000000082,000010,P002,FINANCE02,2024-03-03,094217
100,9000000083,000010,104.0,EA,MAT00024,124620.08,USD,8000000083,000010,1000000083,000010,P003,FINANCE01,2024-09-25,095155
100,9000000084,000010,157.0,EA,MAT00030,169005.79,USD,8000000084,000010,1000000084,000010,P001,FINANCE01,2024-03-12,101946
100,9000000084,000020,161.0,EA,MAT00022,54199.04,USD,8000000084,000020,1000000084,000020,P001,FINANCE01,2024-03-12,102346
100,9000000086,000010,112.0,EA,MAT00027,170876.16,USD,8000000086,000010,1000000086,000010,P003,FINANCE01,2024-10-07,153205
100,9000000086,000020,178.0,EA,MAT00017,128752.74,USD,8000000086,000020,1000000086,000020,P003,FINANCE01,2024-10-07,121716
100,9000000088,000010,176.0,EA,MAT00032,284262.88,USD,8000000088,000010,1000000088,000010,P002,FINANCE02,2024-10-03,080504
100,9000000088,000020,46.0,EA,MAT00030,68545.06,USD,8000000088,000020,1000000088,000020,P002,FINANCE02,2024-10-03,075744
100,9000000091,000010,185.0,EA,MAT00028,95102.95,USD,8000000091,000010,1000000091,000010,P002,FINANCE01,2024-05-17,165959
100,9000000091,000020,187.0,EA,MAT00016,351343.08,USD,8000000091,000020,1000000091,000020,P002,FINANCE01,2024-05-17,173124
100,9000000093,000010,112.0,EA,MAT00029,30453.92,USD,8000000093,000010,1000000093,000010,P002,FINANCE01,2024-10-10,175433
100,9000000094,000010,41.0,EA,MAT00017,62271.21,USD,8000000094,000010,1000000094,000010,P001,FINANCE01,2024-10-24,120707
100,9000000094,000020,30.0,EA,MAT00019,34717.8,USD,8000000094,000020,1000000094,000020,P001,FINANCE01,2024-10-24,061523
100,9000000096,000010,105.0,EA,MAT00029,59373.3,USD,8000000096,000010,1000000096,000010,P001,FINANCE01,2024-02-15,074717
100,9000000096,000020,43.0,EA,MAT00027,55529.34,USD,8000000096,000020,1000000096,000020,P001,FINANCE01,2024-02-15,065422
100,9000000097,000010,137.0,EA,MAT00027,70124.82,USD,8000000097,000010,1000000097,000010,P003,FINANCE02,2024-08-30,074058
100,9000000098,000010,118.0,EA,MAT00019,108631.98,USD,8000000098,000010,1000000098,000010,P003,FINANCE01,2024-01-18,151449
100,9000000099,000010,122.0,EA,MAT00023,228110.72,USD,8000000099,000010,1000000099,000010,P002,FINANCE01,2024-08-24,094851
100,9000000099,000020,68.0,EA,MAT00033,96973.44,USD,8000000099,000020,1000000099,000020,P002,FINANCE01,2024-08-24,105844
100,9000000100,000010,127.0,EA,MAT00018,180072.03,USD,8000000100,000010,1000000100,000010,P002,FINANCE02,2024-03-30,150341
100,9000000101,000010,13.0,EA,MAT00023,10733.06,USD,8000000101,000010,1000000101,000010,P001,FINANCE01,2024-05-03,132824
100,9000000102,000010,112.0,EA,MAT00028,209478.08,USD,8000000102,000010,1000000102,000010,P001,FINANCE02,2024-07-19,114848
100,9000000102,000020,159.0,EA,MAT00019,23547.9,USD,8000000102,000020,1000000102,000020,P001,FINANCE02,2024-07-19,131457
100,9000000104,000010,180.0,EA,MAT00024,231166.8,USD,8000000104,000010,1000000104,000010,P003,FINANCE01,2024-08-16,172235
100,9000000107,000010,153.0,EA,MAT00028,67411.8,USD,8000000107,000010,1000000107,000010,P003,FINANCE02,2024-02-01,175852
100,9000000108,000010,115.0,EA,MAT00021,24598.5,USD,8000000108,000010,1000000108,000010,P001,FINANCE02,2024-05-05,155652
100,9000000109,000010,192.0,EA,MAT00024,239318.4,USD,8000000109,000010,1000000109,000010,P001,FINANCE02,2024-04-22,063020
100,9000000111,000010,22.0,EA,MAT00030,38685.46,USD,8000000111,000010,1000000111,000010,P003,FINANCE01,2024-06-21,152646
100,9000000112,000010,146.0,EA,MAT00033,74843.98,USD,8000000112,000010,1000000112,000010,P002,FINANCE02,2024-10-06,073235
100,9000000113,000010,137.0,EA,MAT00030,143243.09,USD,8000000113,000010,1000000113,000010,P003,FINANCE02,2024-08-26,113843
100,9000000114,000010,143.0,EA,MAT00021,72342.27,USD,8000000114,000010,1000000114,000010,P001,FINANCE02,2024-03-08,073313
100,9000000116,000010,56.0,EA,MAT00018,41099.52,USD,8000000116,000010,1000000116,000010,P002,FINANCE02,2024-08-17,122550
100,9000000120,000010,68.0,EA,MAT00027,99098.44,USD,8000000120,000010,1000000120,000010,P003,FINANCE01,2024-08-19,145059
100,9000000121,000010,120.0,EA,MAT00022,127728.0,USD,8000000121,000010,1000000121,000010,P002,FINANCE02,2024-08-30,064803
100,9000000122,000010,59.0,EA,MAT00021,21005.77,USD,8000000122,000010,1000000122,000010,P002,FINANCE02,2024-04-28,144647
100,9000000122,000020,35.0,EA,MAT00022,9125.9,USD,8000000122,000020,1000000122,000020,P002,FINANCE02,2024-04-28,083624
100,9000000123,000010,99.0,EA,MAT00032,78857.46,USD,8000000123,000010,1000000123,000010,P001,FINANCE01,2024-04-06,083358
100,9000000124,000010,107.0,EA,MAT00024,8998.7,USD,8000000124,000010,1000000124,000010,P002,FINANCE01,2024-06-28,170849
100,9000000125,000010,101.0,EA,MAT00022,165627.88,USD,8000000125,000010,1000000125,000010,P002,FINANCE02,2024-06-28,095459
100,9000000126,000010,71.0,EA,MAT00017,15674.67,USD,8000000126,000010,1000000126,000010,P003,FINANCE02,2024-07-15,073813
100,9000000127,000010,58.0,EA,MAT00020,44519.64,USD,8000000127,000010,1000000127,000010,P001,FINANCE02,2024-09-11,064606
100,9000000128,000010,89.0,EA,MAT00022,41674.25,USD,8000000128,000010,1000000128,000010,P002,FINANCE02,2024-06-10,164844
100,9000000128,000020,89.0,EA,MAT00017,148589.06,USD,8000000128,000020,1000000128,000020,P002,FINANCE02,2024-06-10,065607
100,9000000129,000010,145.0,EA,MAT00033,72450.7,USD,8000000129,000010,1000000129,000010,P002,FINANCE01,2024-09-21,133235
100,9000000130,000010,185.0,EA,MAT00018,315321.4,USD,8000000130,000010,1000000130,000010,P003,FINANCE02,2024-07-26,164429
100,9000000132,000010,134.0,EA,MAT00024,88271.16,USD,8000000132,000010,1000000132,000010,P002,FINANCE01,2024-10-18,142954
100,9000000134,000010,22.0,EA,MAT00026,35299.88,USD,8000000134,000010,1000000134,000010,P002,FINANCE01,2024-06-19,145010
100,9000000136,000010,44.0,EA,MAT00026,81337.52,USD,8000000136,000010,1000000136,000010,P003,FINANCE01,2024-06-07,113339
100,9000000137,000010,171.0,EA,MAT00018,249124.77,USD,8000000137,000010,1000000137,000010,P003,FINANCE02,2024-05-20,155106
100,9000000138,000010,186.0,EA,MAT00020,136795.56,USD,8000000138,000010,1000000138,000010,P001,FINANCE01,2024-07-14,130556
100,9000000139,000010,57.0,EA,MAT00019,95053.77,USD,8000000139,000010,1000000139,000010,P002,FINANCE01,2024-08-08,124321
100,9000000140,000010,194.0,EA,MAT00030,172791.92,USD,8000000140,000010,1000000140,000010,P002,FINANCE01,2024-06-20,125529
100,9000000140,000020,3.0,EA,MAT00021,5759.16,USD,8000000140,000020,1000000140,000020,P002,FINANCE01,2024-06-20,173332
100,9000000141,000010,91.0,EA,MAT00017,124910.24,USD,8000000141,000010,1000000141,000010,P001,FINANCE02,2024-01-30,122108
100,9000000142,000010,124.0,EA,MAT00020,51435.2,USD,8000000142,000010,1000000142,000010,P003,FINANCE02,2024-03-28,170441
100,9000000143,000010,159.0,EA,MAT00031,206337.48,USD,8000000143,000010,1000000143,000010,P001,FINANCE02,2024-07-07,140111
100,9000000144,000010,56.0,EA,MAT00028,60627.84,USD,8000000144,000010,1000000144,000010,P003,FINANCE01,2024-06-25,084806
100,9000000145,000010,13.0,EA,MAT00030,7797.14,USD,8000000145,000010,1000000145,000010,P003,FINANCE01,2024-09-06,120145
100,9000000146,000010,100.0,EA,MAT00020,160203.0,USD,8000000146,000010,1000000146,000010,P003,FINANCE02,2024-07-25,174440
100,9000000148,000010,101.0,EA,MAT00024,34667.24,USD,8000000148,000010,1000000148,000010,P003,FINANCE02,2024-04-22,173039
100,9000000149,000010,41.0,EA,MAT00033,57831.32,USD,8000000149,000010,1000000149,000010,P003,FINANCE01,2024-09-01,073016
100,9000000149,000020,119.0,EA,MAT00029,115771.53,USD,8000000149,000020,1000000149,000020,P003,FINANCE01,2024-09-01,090341
100,9000000150,000010,44.0,EA,MAT00033,23122.0,USD,8000000150,000010,1000000150,000010,P002,FINANCE01,2024-09-16,101138
100,9000000152,000010,127.0,EA,MAT00025,52412.9,USD,8000000152,000010,1000000152,000010,P002,FINANCE02,2024-06-22,171819
100,9000000153,000010,174.0,EA,MAT00033,141613.38,USD,8000000153,000010,1000000153,000010,P003,FINANCE01,2024-03-17,070630
100,9000000153,000020,191.0,EA,MAT00021,301556.53,USD,8000000153,000020,1000000153,000020,P003,FINANCE01,2024-03-17,153258
100,9000000154,000010,149.0,EA,MAT00024,75909.54,USD,8000000154,000010,1000000154,000010,P001,FINANCE02,2024-09-02,133320
100,9000000155,000010,66.0,EA,MAT00019,123477.42,USD,8000000155,000010,1000000155,000010,P002,FINANCE02,2024-08-11,174851
100,9000000156,000010,168.0,EA,MAT00029,231460.32,USD,8000000156,000010,1000000156,000010,P001,FINANCE01,2024-05-17,145618
100,9000000157,000010,190.0,EA,MAT00029,119570.8,USD,8000000157,000010,1000000157,000010,P003,FINANCE02,2024-08-02,173224
100,9000000157,000020,111.0,EA,MAT00026,148592.37,USD,8000000157,000020,1000000157,000020,P003,FINANCE02,2024-08-02,134406
100,9000000160,000010,41.0,EA,MAT00017,35067.71,USD,8000000160,000010,1000000160,000010,P001,FINANCE01,2024-10-04,121419
100,9000000161,000010,41.0,EA,MAT00029,78817.99,USD,8000000161,000010,1000000161,000010,P001,FINANCE02,2024-05-11,101612
100,9000000162,000010,178.0,EA,MAT00026,42442.32,USD,8000000162,000010,1000000162,000010,P003,FINANCE02,2024-07-07,121108
100,9000000164,000010,21.0,EA,MAT00026,25192.23,USD,8000000164,000010,1000000164,000010,P003,FINANCE01,2024-01-22,121908
100,9000000165,000010,35.0,EA,MAT00024,21850.5,USD,8000000165,000010,1000000165,000010,P001,FINANCE02,2024-07-14,101823
100,9000000166,000010,48.0,EA,MAT00016,57437.76,USD,8000000166,000010,1000000166,000010,P002,FINANCE02,2024-07-18,154729
100,9000000167,000010,197.0,EA,MAT00019,351172.2,USD,8000000167,000010,1000000167,000010,P002,FINANCE02,2024-04-30,080022
100,9000000168,000010,69.0,EA,MAT00033,76799.07,USD,8000000168,000010,1000000168,000010,P001,FINANCE01,2024-03-28,062724
100,9000000168,000020,92.0,EA,MAT00030,22446.16,USD,8000000168,000020,1000000168,000020,P001,FINANCE01,2024-03-28,144406
100,9000000169,000010,52.0,EA,MAT00032,52374.92,USD,8000000169,000010,1000000169,000010,P003,FINANCE02,2024-03-21,101808
100,9000000170,000010,52.0,EA,MAT00031,84283.68,USD,8000000170,000010,1000000170,000010,P001,FINANCE02,2024-03-23,174206
100,9000000171,000010,2.0,EA,MAT00016,3831.16,USD,8000000171,000010,1000000171,000010,P003,FINANCE01,2024-03-08,160507
100,9000000171,000020,39.0,EA,MAT00021,66247.35,USD,8000000171,000020,1000000171,000020,P003,FINANCE01,2024-03-08,120415
100,9000000173,000010,53.0,EA,MAT00018,14539.49,USD,8000000173,000010,1000000173,000010,P002,FINANCE01,2024-08-06,161723
100,9000000174,000010,112.0,EA,MAT00033,52987.2,USD,8000000174,000010,1000000174,000010,P002,FINANCE02,2024-04-27,080333
100,9000000175,000010,24.0,EA,MAT00033,2787.36,USD,8000000175,000010,1000000175,000010,P002,FINANCE01,2024-03-07,101308
100,9000000175,000020,26.0,EA,MAT00033,19998.42,USD,8000000175,000020,1000000175,000020,P002,FINANCE01,2024-03-07,174729
100,9000000177,000010,159.0,EA,MAT00016,197430.3,USD,8000000177,000010,1000000177,000010,P003,FINANCE01,2024-06-24,162801
100,9000000178,000010,124.0,EA,MAT00032,176559.88,USD,8000000178,000010,1000000178,000010,P003,FINANCE01,2024-04-10,070626
100,9000000179,000010,141.0,EA,MAT00019,162468.66,USD,8000000179,000010,1000000179,000010,P003,FINANCE02,2024-08-11,160834
100,9000000180,000010,180.0,EA,MAT00032,303703.2,USD,8000000180,000010,1000000180,000010,P002,FINANCE02,2024-06-18,173213
100,9000000181,000010,38.0,EA,MAT00020,57865.64,USD,8000000181,000010,1000000181,000010,P002,FINANCE02,2024-06-22,101742
100,9000000182,000010,24.0,EA,MAT00019,17332.56,USD,8000000182,000010,1000000182,000010,P002,FINANCE01,2024-04-28,120734
100,9000000183,000010,1.0,EA,MAT00016,94.31,USD,8000000183,000010,1000000183,000010,P003,FINANCE02,2024-08-11,151719
100,9000000184,000010,81.0,EA,MAT00032,156974.76,USD,8000000184,000010,1000000184,000010,P002,FINANCE01,2024-10-14,062913
100,9000000184,000020,200.0,EA,MAT00032,97772.0,USD,8000000184,000020,1000000184,000020,P002,FINANCE01,2024-10-14,103413
100,9000000186,000010,174.0,EA,MAT00033,105938.16,USD,8000000186,000010,1000000186,000010,P002,FINANCE01,2024-06-12,164125
100,9000000187,000010,68.0,EA,MAT00026,127238.88,USD,8000000187,000010,1000000187,000010,P002,FINANCE02,2024-05-18,134803
100,9000000188,000010,124.0,EA,MAT00026,94082.52,USD,8000000188,000010,1000000188,000010,P001,FINANCE01,2024-07-02,063543
100,9000000191,000010,123.0,EA,MAT00023,131953.17,USD,8000000191,000010,1000000191,000010,P001,FINANCE02,2024-05-25,104721
100,9000000192,000010,132.0,EA,MAT00017,140655.24,USD,8000000192,000010,1000000192,000010,P003,FINANCE01,2024-06-08,100222
100,9000000194,000010,61.0,EA,MAT00033,23814.4,USD,8000000194,000010,1000000194,000010,P003,FINANCE01,2024-06-27,121423
100,9000000195,000010,58.0,EA,MAT00033,75904.02,USD,8000000195,000010,1000000195,000010,P001,FINANCE02,2024-05-15,115503
100,9000000195,000020,79.0,EA,MAT00029,38895.65,USD,8000000195,000020,1000000195,000020,P001,FINANCE02,2024-05-15,134317
100,9000000196,000010,32.0,EA,MAT00022,46756.8,USD,8000000196,000010,1000000196,000010,P003,FINANCE02,2024-06-09,142601
100,9000000198,000010,84.0,EA,MAT00017,56957.04,USD,8000000198,000010,1000000198,000010,P002,FINANCE02,2024-09-14,065106
100,9000000199,000010,63.0,EA,MAT00023,118513.71,USD,8000000199,000010,1000000199,000010,P002,FINANCE02,2024-03-20,080656
100,9000000199,000020,105.0,EA,MAT00030,26007.45,USD,8000000199,000020,1000000199,000020,P002,FINANCE02,2024-03-20,064540
100,9000000200,000010,66.0,EA,MAT00029,43651.74,USD,8000000200,000010,1000000200,000010,P003,FINANCE01,2024-03-08,110007
100,9000000201,000010,56.0,EA,MAT00020,59073.84,USD,8000000201,000010,1000000201,000010,P002,FINANCE01,2024-09-30,063143
100,9000000202,000010,174.0,EA,MAT00016,106402.74,USD,8000000202,000010,1000000202,000010,P002,FINANCE01,2024-07-10,134910
100,9000000202,000020,7.0,EA,MAT00022,9494.66,USD,8000000202,000020,1000000202,000020,P002,FINANCE01,2024-07-10,152342
100,9000000203,000010,75.0,EA,MAT00018,135828.75,USD,8000000203,000010,1000000203,000010,P002,FINANCE01,2024-06-14,162457
100,9000000203,000020,9.0,EA,MAT00032,10853.19,USD,8000000203,000020,1000000203,000020,P002,FINANCE01,2024-06-14,091553
100,9000000205,000010,144.0,EA,MAT00033,15252.48,USD,8000000205,000010,1000000205,000010,P003,FINANCE02,2024-06-17,151708
100,9000000206,000010,199.0,EA,MAT00031,69176.38,USD,8000000206,000010,1000000206,000010,P001,FINANCE02,2024-10-04,131000
100,9000000207,000010,34.0,EA,MAT00024,25501.7,USD,8000000207,000010,1000000207,000010,P001,FINANCE02,2024-02-29,154010
100,9000000208,000010,12.0,EA,MAT00020,20708.4,USD,8000000208,000010,1000000208,000010,P003,FINANCE01,2024-09-21,145637
100,9000000210,000010,159.0,EA,MAT00018,285147.42,USD,8000000210,000010,1000000210,000010,P002,FINANCE01,2024-02-06,143109
100,9000000211,000010,107.0,EA,MAT00028,81276.13,USD,8000000211,000010,1000000211,000010,P001,FINANCE02,2024-02-16,094128
100,9000000211,000020,127.0,EA,MAT00032,153192.48,USD,8000000211,000020,1000000211,000020,P001,FINANCE02,2024-02-16,123713
100,9000000214,000010,3.0,EA,MAT00016,1883.04,USD,8000000214,000010,1000000214,000010,P003,FINANCE01,2024-03-12,153458
100,9000000214,000020,80.0,EA,MAT00028,69702.4,USD,8000000214,000020,1000000214,000020,P003,FINANCE01,2024-03-12,092205
100,9000000215,000010,98.0,EA,MAT00016,184886.8,USD,8000000215,000010,1000000215,000010,P001,FINANCE01,2024-07-06,102905
100,9000000216,000010,59.0,EA,MAT00029,71315.66,USD,8000000216,000010,1000000216,000010,P002,FINANCE01,2024-07-07,064836
100,9000000217,000010,132.0,EA,MAT00032,110675.4,USD,8000000217,000010,1000000217,000010,P002,FINANCE02,2024-08-28,154055
100,9000000218,000010,174.0,EA,MAT00031,87624.66,USD,8000000218,000010,1000000218,000010,P001,FINANCE02,2024-10-28,130226
100,9000000219,000010,3.0,EA,MAT00030,4507.32,USD,8000000219,000010,1000000219,000010,P003,FINANCE01,2024-08-19,091808
100,9000000220,000010,61.0,EA,MAT00025,112285.75,USD,8000000220,000010,1000000220,000010,P001,FINANCE01,2024-07-16,161727
100,9000000221,000010,10.0,EA,MAT00016,4561.3,USD,8000000221,000010,1000000221,000010,P001,FINANCE02,2024-07-02,093124
100,9000000222,000010,80.0,EA,MAT00024,26202.4,USD,8000000222,000010,1000000222,000010,P002,FINANCE02,2024-04-20,075144
100,9000000223,000010,87.0,EA,MAT00031,39601.53,USD,8000000223,000010,1000000223,000010,P001,FINANCE01,2024-06-15,151253
100,9000000224,000010,57.0,EA,MAT00027,81411.96,USD,8000000224,000010,1000000224,000010,P001,FINANCE02,2024-06-13,104803
100,9000000224,000020,81.0,EA,MAT00025,52329.24,USD,8000000224,000020,1000000224,000020,P001,FINANCE02,2024-06-13,145229
100,9000000225,000010,80.0,EA,MAT00017,67232.0,USD,8000000225,000010,1000000225,000010,P001,FINANCE02,2024-05-24,130649
100,9000000226,000010,131.0,EA,MAT00016,91282.11,USD,8000000226,000010,1000000226,000010,P003,FINANCE02,2024-09-03,073928
100,9000000228,000010,21.0,EA,MAT00019,37918.02,USD,8000000228,000010,1000000228,000010,P002,FINANCE02,2024-02-15,124017
100,9000000228,000020,7.0,EA,MAT00020,7860.86,USD,8000000228,000020,1000000228,000020,P002,FINANCE02,2024-02-15,154417
100,9000000229,000010,70.0,EA,MAT00021,122897.6,USD,8000000229,000010,1000000229,000010,P001,FINANCE02,2024-09-16,091616
100,9000000230,000010,128.0,EA,MAT00017,41185.28,USD,8000000230,000010,1000000230,000010,P001,FINANCE01,2024-09-04,112824
100,9000000231,000010,131.0,EA,MAT00030,105943.63,USD,8000000231,000010,1000000231,000010,P002,FINANCE02,2024-10-04,074121
100,9000000232,000010,183.0,EA,MAT00027,193335.84,USD,8000000232,000010,1000000232,000010,P002,FINANCE01,2024-08-01,155633
100,9000000233,000010,144.0,EA,MAT00019,8064.0,USD,8000000233,000010,1000000233,000010,P002,FINANCE01,2024-09-25,112831
100,9000000234,000010,186.0,EA,MAT00032,329193.96,USD,8000000234,000010,1000000234,000010,P002,FINANCE01,2024-02-16,113005
100,9000000235,000010,171.0,EA,MAT00030,24690.69,USD,8000000235,000010,1000000235,000010,P001,FINANCE01,2024-08-19,083651
100,9000000235,000020,55.0,EA,MAT00032,58480.4,USD,8000000235,000020,1000000235,000020,P001,FINANCE01,2024-08-19,071549
100,9000000236,000010,130.0,EA,MAT00021,157222.0,USD,8000000236,000010,1000000236,000010,P003,FINANCE01,2024-09-23,175837
100,9000000237,000010,71.0,EA,MAT00021,138455.68,USD,8000000237,000010,1000000237,000010,P002,FINANCE01,2024-03-08,150203
100,9000000237,000020,56.0,EA,MAT00022,39145.68,USD,8000000237,000020,1000000237,000020,P002,FINANCE01,2024-03-08,151923
100,9000000238,000010,122.0,EA,MAT00030,49220.9,USD,8000000238,000010,1000000238,000010,P002,FINANCE01,2024-02-20,163943
100,9000000239,000010,40.0,EA,MAT00033,3230.4,USD,8000000239,000010,1000000239,000010,P003,FINANCE02,2024-09-04,081330
100,9000000239,000020,133.0,EA,MAT00018,61604.27,USD,8000000239,000020,1000000239,000020,P003,FINANCE02,2024-09-04,093609
100,9000000240,000010,172.0,EA,MAT00016,46281.76,USD,8000000240,000010,1000000240,000010,P001,FINANCE01,2024-05-13,075429
100,9000000241,000010,140.0,EA,MAT00016,202746.6,USD,8000000241,000010,1000000241,000010,P003,FINANCE01,2024-10-12,083647
100,9000000242,000010,44.0,EA,MAT00027,83268.24,USD,8000000242,000010,1000000242,000010,P001,FINANCE01,2024-06-30,071212
100,9000000243,000010,36.0,EA,MAT00023,24824.88,USD,8000000243,000010,1000000243,000010,P003,FINANCE02,2024-09-05,135355
100,9000000243,000020,195.0,EA,MAT00023,202353.45,USD,8000000243,000020,1000000243,000020,P003,FINANCE02,2024-09-05,154440
100,9000000244,000010,64.0,EA,MAT00018,65028.48,USD,8000000244,000010,1000000244,000010,P001,FINANCE01,2024-01-24,105537
100,9000000245,000010,189.0,EA,MAT00021,187659.99,USD,8000000245,000010,1000000245,000010,P001,FINANCE01,2024-06-07,125737
100,9000000245,000020,74.0,EA,MAT00018,108903.58,USD,8000000245,000020,1000000245,000020,P001,FINANCE01,2024-06-07,173854
100,9000000246,000010,171.0,EA,MAT00027,106141.41,USD,8000000246,000010,1000000246,000010,P002,FINANCE01,2024-09-04,141130
100,9000000247,000010,34.0,EA,MAT00027,56005.48,USD,8000000247,000010,1000000247,000010,P003,FINANCE01,2024-08-15,143558
100,9000000248,000010,92.0,EA,MAT00028,77306.68,USD,8000000248,000010,1000000248,000010,P001,FINANCE02,2024-09-16,112601
100,9000000249,000010,168.0,EA,MAT00019,232243.2,USD,8000000249,000010,1000000249,000010,P001,FINANCE01,2024-07-23,135759
100,9000000250,000010,19.0,EA,MAT00032,14651.85,USD,8000000250,000010,1000000250,000010,P002,FINANCE02,2024-09-22,172935
100,9000000251,000010,144.0,EA,MAT00022,193772.16,USD,8000000251,000010,1000000251,000010,P001,FINANCE01,2024-05-18,082342
100,9000000252,000010,60.0,EA,MAT00028,94773.6,USD,8000000252,000010,1000000252,000010,P002,FINANCE02,2024-07-28,154529
100,9000000252,000020,13.0,EA,MAT00027,1220.05,USD,8000000252,000020,1000000252,000020,P002,FINANCE02,2024-07-28,060749
100,9000000253,000010,191.0,EA,MAT00021,35325.45,USD,8000000253,000010,1000000253,000010,P001,FINANCE02,2024-06-16,104017
100,9000000254,000010,62.0,EA,MAT00022,21755.8,USD,8000000254,000010,1000000254,000010,P002,FINANCE01,2024-10-16,160415
100,9000000257,000010,80.0,EA,MAT00026,106794.4,USD,8000000257,000010,1000000257,000010,P003,FINANCE02,2024-03-11,152046
100,9000000258,000010,144.0,EA,MAT00020,281799.36,USD,8000000258,000010,1000000258,000010,P003,FINANCE02,2024-04-06,140607
100,9000000259,000010,123.0,EA,MAT00026,238307.58,USD,8000000259,000010,1000000259,000010,P001,FINANCE01,2024-06-19,123736
100,9000000260,000010,96.0,EA,MAT00017,83743.68,USD,8000000260,000010,1000000260,000010,P003,FINANCE02,2024-07-01,075822
100,9000000262,000010,138.0,EA,MAT00033,254408.52,USD,8000000262,000010,1000000262,000010,P003,FINANCE01,2024-10-04,070100
100,9000000263,000010,127.0,EA,MAT00025,79593.44,USD,8000000263,000010,1000000263,000010,P003,FINANCE01,2024-09-27,100956
100,9000000264,000010,62.0,EA,MAT00021,110929.16,USD,8000000264,000010,1000000264,000010,P001,FINANCE01,2024-05-17,164402
100,9000000265,000010,45.0,EA,MAT00024,21840.75,USD,8000000265,000010,1000000265,000010,P003,FINANCE01,2024-05-14,110704
100,9000000266,000010,70.0,EA,MAT00016,69944.0,USD,8000000266,000010,1000000266,000010,P003,FINANCE02,2024-08-25,110749
100,9000000268,000010,92.0,EA,MAT00017,53449.24,USD,8000000268,000010,1000000268,000010,P002,FINANCE01,2024-05-04,115726
100,9000000269,000010,103.0,EA,MAT00016,163218.95,USD,8000000269,000010,1000000269,000010,P003,FINANCE02,2024-02-07,142335
100,9000000270,000010,83.0,EA,MAT00022,112461.68,USD,8000000270,000010,1000000270,000010,P002,FINANCE01,2024-07-20,095155
100,9000000271,000010,122.0,EA,MAT00018,114817.86,USD,8000000271,000010,1000000271,000010,P001,FINANCE02,2024-06-06,162501
100,9000000271,000020,95.0,EA,MAT00031,18155.45,USD,8000000271,000020,1000000271,000020,P001,FINANCE02,2024-06-06,163013
100,9000000274,000010,71.0,EA,MAT00026,128239.49,USD,8000000274,000010,1000000274,000010,P001,FINANCE01,2024-07-27,063928
100,9000000275,000010,121.0,EA,MAT00031,25804.46,USD,8000000275,000010,1000000275,000010,P003,FINANCE01,2024-04-23,163743
100,9000000276,000010,164.0,EA,MAT00028,53762.48,USD,8000000276,000010,1000000276,000010,P001,FINANCE02,2024-05-23,062831
100,9000000277,000010,85.0,EA,MAT00017,77945.0,USD,8000000277,000010,1000000277,000010,P003,FINANCE02,2024-02-04,152901
100,9000000278,000010,83.0,EA,MAT00024,109727.66,USD,8000000278,000010,1000000278,000010,P001,FINANCE01,2024-03-25,071204
100,9000000279,000010,197.0,EA,MAT00023,217850.48,USD,8000000279,000010,1000000279,000010,P002,FINANCE02,2024-03-11,133358
100,9000000280,000010,56.0,EA,MAT00020,58753.52,USD,8000000280,000010,1000000280,000010,P001,FINANCE02,2024-03-07,115856
100,9000000281,000010,75.0,EA,MAT00021,129994.5,USD,8000000281,000010,1000000281,000010,P001,FINANCE02,2024-04-30,085144
100,9000000282,000010,88.0,EA,MAT00022,134478.08,USD,8000000282,000010,1000000282,000010,P003,FINANCE01,2024-08-01,101227
100,9000000283,000010,61.0,EA,MAT00031,98557.09,USD,8000000283,000010,1000000283,000010,P002,FINANCE02,2024-08-18,092950
100,9000000284,000010,27.0,EA,MAT00030,53450.55,USD,8000000284,000010,1000000284,000010,P001,FINANCE01,2024-03-17,071834
100,9000000284,000020,25.0,EA,MAT00031,19992.25,USD,8000000284,000020,1000000284,000020,P001,FINANCE01,2024-03-17,122535
100,9000000285,000010,158.0,EA,MAT00024,227550.02,USD,8000000285,000010,1000000285,000010,P002,FINANCE01,2024-07-27,075459
100,9000000285,000020,110.0,EA,MAT00028,158945.6,USD,8000000285,000020,1000000285,000020,P002,FINANCE01,2024-07-27,142935
100,9000000286,000010,75.0,EA,MAT00023,25483.5,USD,8000000286,000010,1000000286,000010,P002,FINANCE01,2024-03-07,110404
100,9000000286,000020,91.0,EA,MAT00029,157392.69,USD,8000000286,000020,1000000286,000020,P002,FINANCE01,2024-03-07,162242
100,9000000288,000010,199.0,EA,MAT00023,27525.68,USD,8000000288,000010,1000000288,000010,P003,FINANCE02,2024-10-08,152839
100,9000000289,000010,165.0,EA,MAT00027,258668.85,USD,8000000289,000010,1000000289,000010,P001,FINANCE01,2024-02-29,075121
100,9000000290,000010,105.0,EA,MAT00021,193335.45,USD,8000000290,000010,1000000290,000010,P003,FINANCE02,2024-06-09,154143
100,9000000291,000010,75.0,EA,MAT00019,29262.0,USD,8000000291,000010,1000000291,000010,P003,FINANCE02,2024-06-24,090656
100,9000000291,000020,32.0,EA,MAT00017,35440.32,USD,8000000291,000020,1000000291,000020,P003,FINANCE02,2024-06-24,163424
100,9000000292,000010,81.0,EA,MAT00017,153196.92,USD,8000000292,000010,1000000292,000010,P001,FINANCE02,2024-08-19,161312
100,9000000293,000010,21.0,EA,MAT00017,29971.83,USD,8000000293,000010,1000000293,000010,P002,FINANCE01,2024-01-26,142424
100,9000000293,000020,34.0,EA,MAT00027,54250.06,USD,8000000293,000020,1000000293,000020,P002,FINANCE01,2024-01-26,103105
100,9000000294,000010,184.0,EA,MAT00027,210668.96,USD,8000000294,000010,1000000294,000010,P003,FINANCE01,2024-06-18,133202
100,9000000294,000020,70.0,EA,MAT00026,114857.4,USD,8000000294,000020,1000000294,000020,P003,FINANCE01,2024-06-18,104951
100,9000000295,000010,36.0,EA,MAT00020,12868.2,USD,8000000295,000010,1000000295,000010,P003,FINANCE01,2024-03-29,090630
100,9000000296,000010,157.0,EA,MAT00020,287003.85,USD,8000000296,000010,1000000296,000010,P002,FINANCE01,2024-05-10,155044
100,9000000297,000010,103.0,EA,MAT00028,68338.44,USD,8000000297,000010,1000000297,000010,P001,FINANCE02,2024-10-21,161030
100,9000000297,000020,186.0,EA,MAT00028,59445.6,USD,8000000297,000020,1000000297,000020,P001,FINANCE02,2024-10-21,150700
100,9000000298,000010,17.0,EA,MAT00026,26647.67,USD,8000000298,000010,1000000298,000010,P002,FINANCE02,2024-02-04,165303
100,9000000298,000020,104.0,EA,MAT00023,129198.16,USD,8000000298,000020,1000000298,000020,P002,FINANCE02,2024-02-04,093302
100,9000000300,000010,158.0,EA,MAT00023,58044.46,USD,8000000300,000010,1000000300,000010,P001,FINANCE02,2024-08-23,110656
100,9000000301,000010,88.0,EA,MAT00019,44183.92,USD,8000000301,000010,1000000301,000010,P003,FINANCE02,2024-08-09,161023
100,9000000301,000020,61.0,EA,MAT00031,22400.42,USD,8000000301,000020,1000000301,000020,P003,FINANCE02,2024-08-09,123258
100,9000000302,000010,175.0,EA,MAT00016,139252.75,USD,8000000302,000010,1000000302,000010,P002,FINANCE01,2024-04-11,144640
100,9000000303,000010,90.0,EA,MAT00026,36296.1,USD,8000000303,000010,1000000303,000010,P002,FINANCE02,2024-03-15,085010
100,9000000304,000010,112.0,EA,MAT00023,87207.68,USD,8000000304,000010,1000000304,000010,P003,FINANCE02,2024-06-11,125518
100,9000000305,000010,27.0,EA,MAT00018,17634.78,USD,8000000305,000010,1000000305,000010,P003,FINANCE02,2024-10-12,161034
100,9000000306,000010,45.0,EA,MAT00028,5459.85,USD,8000000306,000010,1000000306,000010,P002,FINANCE02,2024-05-03,112509
100,9000000307,000010,15.0,EA,MAT00030,16750.05,USD,8000000307,000010,1000000307,000010,P002,FINANCE02,2024-05-09,084043
100,9000000308,000010,110.0,EA,MAT00023,185576.6,USD,8000000308,000010,1000000308,000010,P003,FINANCE02,2024-06-13,062516
100,9000000309,000010,131.0,EA,MAT00017,106761.07,USD,8000000309,000010,1000000309,000010,P002,FINANCE01,2024-09-28,093250
100,9000000310,000010,169.0,EA,MAT00028,48546.94,USD,8000000310,000010,1000000310,000010,P002,FINANCE01,2024-05-14,062138
100,9000000310,000020,90.0,EA,MAT00023,74763.0,USD,8000000310,000020,1000000310,000020,P002,FINANCE01,2024-05-14,095410
100,9000000312,000010,161.0,EA,MAT00027,189656.39,USD,8000000312,000010,1000000312,000010,P002,FINANCE02,2024-05-16,101927
100,9000000313,000010,73.0,EA,MAT00032,138198.49,USD,8000000313,000010,1000000313,000010,P003,FINANCE01,2024-08-18,125540
100,9000000314,000010,107.0,EA,MAT00017,114660.13,USD,8000000314,000010,1000000314,000010,P002,FINANCE02,2024-04-09,174421
100,9000000315,000010,31.0,EA,MAT00022,16837.34,USD,8000000315,000010,1000000315,000010,P003,FINANCE02,2024-02-04,142742
100,9000000316,000010,68.0,EA,MAT00029,123010.64,USD,8000000316,000010,1000000316,000010,P002,FINANCE01,2024-05-23,173921
100,9000000317,000010,52.0,EA,MAT00019,25421.76,USD,8000000317,000010,1000000317,000010,P003,FINANCE02,2024-04-04,065903
100,9000000317,000020,66.0,EA,MAT00024,92112.9,USD,8000000317,000020,1000000317,000020,P003,FINANCE02,2024-04-04,145626
100,9000000318,000010,187.0,EA,MAT00031,351124.29,USD,8000000318,000010,1000000318,000010,P001,FINANCE01,2024-10-07,135918
100,9000000319,000010,54.0,EA,MAT00019,33593.94,USD,8000000319,000010,1000000319,000010,P002,FINANCE02,2024-10-07,173513
100,9000000320,000010,71.0,EA,MAT00032,87853.98,USD,8000000320,000010,1000000320,000010,P003,FINANCE02,2024-10-01,152253
100,9000000320,000020,83.0,EA,MAT00020,148052.91,USD,8000000320,000020,1000000320,000020,P003,FINANCE02,2024-10-01,085010
100,9000000321,000010,192.0,EA,MAT00020,198756.48,USD,8000000321,000010,1000000321,000010,P001,FINANCE02,2024-08-21,085752
100,9000000322,000010,21.0,EA,MAT00024,18929.4,USD,8000000322,000010,1000000322,000010,P003,FINANCE02,2024-06-24,093851
100,9000000323,000010,34.0,EA,MAT00019,24776.14,USD,8000000323,000010,1000000323,000010,P002,FINANCE01,2024-07-02,100103
100,9000000323,000020,20.0,EA,MAT00019,26369.6,USD,8000000323,000020,1000000323,000020,P002,FINANCE01,2024-07-02,072050
100,9000000324,000010,176.0,EA,MAT00023,192169.12,USD,8000000324,000010,1000000324,000010,P003,FINANCE01,2024-02-23,070615
100,9000000324,000020,65.0,EA,MAT00033,18261.75,USD,8000000324,000020,1000000324,000020,P003,FINANCE01,2024-02-23,082301
100,9000000325,000010,165.0,EA,MAT00032,298353.0,USD,8000000325,000010,1000000325,000010,P003,FINANCE02,2024-05-11,095733
100,9000000326,000010,2.0,EA,MAT00030,535.24,USD,8000000326,000010,1000000326,000010,P003,FINANCE02,2024-08-27,144025
100,9000000328,000010,10.0,EA,MAT00017,12274.9,USD,8000000328,000010,1000000328,000010,P002,FINANCE01,2024-03-19,152020
100,9000000329,000010,30.0,EA,MAT00028,29122.2,USD,8000000329,000010,1000000329,000010,P001,FINANCE02,2024-06-08,093150
100,9000000330,000010,184.0,EA,MAT00024,329716.96,USD,8000000330,000010,1000000330,000010,P003,FINANCE02,2024-10-10,074525
100,9000000331,000010,75.0,EA,MAT00032,49368.0,USD,8000000331,000010,1000000331,000010,P001,FINANCE01,2024-05-11,175914
100,9000000332,000010,189.0,EA,MAT00019,168376.32,USD,8000000332,000010,1000000332,000010,P003,FINANCE01,2024-03-30,062135
100,9000000333,000010,38.0,EA,MAT00018,64307.78,USD,8000000333,000010,1000000333,000010,P003,FINANCE02,2024-08-17,113443
100,9000000337,000010,17.0,EA,MAT00027,3669.62,USD,8000000337,000010,1000000337,000010,P001,FINANCE02,2024-04-09,063243
100,9000000338,000010,161.0,EA,MAT00025,111648.67,USD,8000000338,000010,1000000338,000010,P002,FINANCE02,2024-07-20,155618
100,9000000339,000010,185.0,EA,MAT00033,257027.9,USD,8000000339,000010,1000000339,000010,P002,FINANCE01,2024-10-06,115933
100,9000000342,000010,166.0,EA,MAT00027,50309.62,USD,8000000342,000010,1000000342,000010,P002,FINANCE01,2024-05-27,115522
100,9000000343,000010,125.0,EA,MAT00018,17053.75,USD,8000000343,000010,1000000343,000010,P001,FINANCE02,2024-01-29,064547
100,9000000345,000010,87.0,EA,MAT00030,128613.84,USD,8000000345,000010,1000000345,000010,P001,FINANCE02,2024-03-25,141734
100,9000000346,000010,194.0,EA,MAT00031,300886.24,USD,8000000346,000010,1000000346,000010,P003,FINANCE02,2024-07-31,143031
100,9000000348,000010,83.0,EA,MAT00029,87046.25,USD,8000000348,000010,1000000348,000010,P003,FINANCE01,2024-05-27,092843
100,9000000348,000020,47.0,EA,MAT00020,77571.62,USD,8000000348,000020,1000000348,000020,P003,FINANCE01,2024-05-27,070749
100,9000000349,000010,41.0,EA,MAT00025,75863.12,USD,8000000349,000010,1000000349,000010,P001,FINANCE01,2024-06-13,112135
100,9000000350,000010,35.0,EA,MAT00028,62055.0,USD,8000000350,000010,1000000350,000010,P003,FINANCE01,2024-07-08,170318
100,9000000351,000010,15.0,EA,MAT00026,8055.45,USD,8000000351,000010,1000000351,000010,P002,FINANCE02,2024-06-06,125414
100,9000000352,000010,17.0,EA,MAT00016,10359.46,USD,8000000352,000010,1000000352,000010,P001,FINANCE02,2024-03-06,093958
100,9000000353,000010,143.0,EA,MAT00019,27955.07,USD,8000000353,000010,1000000353,000010,P003,FINANCE01,2024-05-08,115029
100,9000000354,000010,135.0,EA,MAT00025,256066.65,USD,8000000354,000010,1000000354,000010,P003,FINANCE01,2024-09-10,131616
100,9000000355,000010,18.0,EA,MAT00031,1780.74,USD,8000000355,000010,1000000355,000010,P002,FINANCE02,2024-05-28,131949
100,9000000355,000020,82.0,EA,MAT00023,163099.64,USD,8000000355,000020,1000000355,000020,P002,FINANCE02,2024-05-28,093031
100,9000000356,000010,33.0,EA,MAT00019,19725.75,USD,8000000356,000010,1000000356,000010,P003,FINANCE01,2024-08-21,163413
100,9000000356,000020,48.0,EA,MAT00030,93337.44,USD,8000000356,000020,1000000356,000020,P003,FINANCE01,2024-08-21,105833
100,9000000357,000010,145.0,EA,MAT00021,14890.05,USD,8000000357,000010,1000000357,000010,P001,FINANCE01,2024-09-14,061212
100,9000000358,000010,183.0,EA,MAT00027,16369.35,USD,8000000358,000010,1000000358,000010,P003,FINANCE01,2024-10-21,071041
100,9000000358,000020,166.0,EA,MAT00017,178871.64,USD,8000000358,000020,1000000358,000020,P003,FINANCE01,2024-10-21,123602
100,9000000359,000010,170.0,EA,MAT00023,245320.2,USD,8000000359,000010,1000000359,000010,P001,FINANCE01,2024-09-04,081215
100,9000000359,000020,39.0,EA,MAT00033,55476.33,USD,8000000359,000020,1000000359,000020,P001,FINANCE01,2024-09-04,072705
100,9000000360,000010,135.0,EA,MAT00028,214412.4,USD,8000000360,000010,1000000360,000010,P002,FINANCE02,2024-02-03,072712
100,9000000362,000010,92.0,EA,MAT00018,67112.16,USD,8000000362,000010,1000000362,000010,P001,FINANCE02,2024-01-22,094213
100,9000000363,000010,66.0,EA,MAT00026,68195.16,USD,8000000363,000010,1000000363,000010,P003,FINANCE01,2024-04-18,063613
100,9000000363,000020,65.0,EA,MAT00025,55749.2,USD,8000000363,000020,1000000363,000020,P003,FINANCE01,2024-04-18,120737
100,9000000364,000010,14.0,EA,MAT00016,1748.88,USD,8000000364,000010,1000000364,000010,P001,FINANCE02,2024-09-16,102242
100,9000000365,000010,136.0,EA,MAT00022,253965.04,USD,8000000365,000010,1000000365,000010,P001,FINANCE02,2024-09-06,171342
100,9000000366,000010,35.0,EA,MAT00030,10688.3,USD,8000000366,000010,1000000366,000010,P002,FINANCE01,2024-05-29,175029
100,9000000366,000020,72.0,EA,MAT00018,31478.4,USD,8000000366,000020,1000000366,000020,P002,FINANCE01,2024-05-29,133109
100,9000000367,000010,168.0,EA,MAT00022,165627.84,USD,8000000367,000010,1000000367,000010,P003,FINANCE02,2024-06-28,154217
100,9000000370,000010,27.0,EA,MAT00033,32982.66,USD,8000000370,000010,1000000370,000010,P003,FINANCE02,2024-10-21,170530
100,9000000371,000010,80.0,EA,MAT00023,37429.6,USD,8000000371,000010,1000000371,000010,P001,FINANCE01,2024-05-16,125021
100,9000000372,000010,62.0,EA,MAT00022,34348.62,USD,8000000372,000010,1000000372,000010,P003,FINANCE02,2024-07-29,074747
100,9000000373,000010,18.0,EA,MAT00017,29944.26,USD,8000000373,000010,1000000373,000010,P003,FINANCE01,2024-06-13,140252
100,9000000374,000010,167.0,EA,MAT00023,277124.81,USD,8000000374,000010,1000000374,000010,P001,FINANCE02,2024-08-14,093217
100,9000000375,000010,105.0,EA,MAT00017,159548.55,USD,8000000375,000010,1000000375,000010,P003,FINANCE01,2024-03-06,060341
100,9000000375,000020,117.0,EA,MAT00025,214797.96,USD,8000000375,000020,1000000375,000020,P003,FINANCE01,2024-03-06,102939
100,9000000376,000010,89.0,EA,MAT00029,35131.86,USD,8000000376,000010,1000000376,000010,P002,FINANCE02,2024-02-24,161731
100,9000000377,000010,2.0,EA,MAT00020,3651.46,USD,8000000377,000010,1000000377,000010,P001,FINANCE02,2024-07-19,085148
100,9000000379,000010,185.0,EA,MAT00018,82014.2,USD,8000000379,000010,1000000379,000010,P003,FINANCE01,2024-03-16,145622
100,9000000381,000010,117.0,EA,MAT00018,199405.44,USD,8000000381,000010,1000000381,000010,P001,FINANCE02,2024-10-22,142250
100,9000000384,000010,19.0,EA,MAT00033,21340.8,USD,8000000384,000010,1000000384,000010,P003,FINANCE02,2024-06-15,105552
100,9000000386,000010,197.0,EA,MAT00029,25956.72,USD,8000000386,000010,1000000386,000010,P002,FINANCE02,2024-08-01,121846
100,9000000386,000020,93.0,EA,MAT00021,71428.65,USD,8000000386,000020,1000000386,000020,P002,FINANCE02,2024-08-01,084706
100,9000000387,000010,114.0,EA,MAT00032,175300.08,USD,8000000387,000010,1000000387,000010,P001,FINANCE01,2024-08-05,075703
100,9000000387,000020,52.0,EA,MAT00026,97153.16,USD,8000000387,000020,1000000387,000020,P001,FINANCE01,2024-08-05,090348
100,9000000388,000010,18.0,EA,MAT00016,13880.52,USD,8000000388,000010,1000000388,000010,P003,FINANCE02,2024-03-21,062716
100,9000000389,000010,191.0,EA,MAT00026,346065.26,USD,8000000389,000010,1000000389,000010,P001,FINANCE02,2024-11-03,122409
100,9000000390,000010,11.0,EA,MAT00031,628.1,USD,8000000390,000010,1000000390,000010,P003,FINANCE01,2024-04-28,081227
100,9000000391,000010,37.0,EA,MAT00018,52549.99,USD,8000000391,000010,1000000391,000010,P001,FINANCE01,2024-04-10,132120
100,9000000391,000020,54.0,EA,MAT00018,46934.1,USD,8000000391,000020,1000000391,000020,P001,FINANCE01,2024-04-10,072835
100,9000000392,000010,35.0,EA,MAT00026,49355.25,USD,8000000392,000010,1000000392,000010,P001,FINANCE01,2024-07-12,150808
100,9000000393,000010,89.0,EA,MAT00031,78343.14,USD,8000000393,000010,1000000393,000010,P001,FINANCE02,2024-04-17,085103
100,9000000393,000020,62.0,EA,MAT00017,42711.8,USD,8000000393,000020,1000000393,000020,P001,FINANCE02,2024-04-17,170849
100,9000000395,000010,192.0,EA,MAT00030,301991.04,USD,8000000395,000010,1000000395,000010,P001,FINANCE01,2024-07-09,071553
100,9000000396,000010,106.0,EA,MAT00033,47859.0,USD,8000000396,000010,1000000396,000010,P001,FINANCE02,2024-07-18,064225
100,9000000397,000010,195.0,EA,MAT00017,281741.85,USD,8000000397,000010,1000000397,000010,P002,FINANCE01,2024-01-30,153839
100,9000000397,000020,21.0,EA,MAT00027,12031.32,USD,8000000397,000020,1000000397,000020,P002,FINANCE01,2024-01-30,065344
100,9000000398,000010,21.0,EA,MAT00016,6793.92,USD,8000000398,000010,1000000398,000010,P002,FINANCE01,2024-04-27,084258
100,9000000399,000010,70.0,EA,MAT00030,110880.7,USD,8000000399,000010,1000000399,000010,P001,FINANCE02,2024-05-15,103924
100,9000000400,000010,19.0,EA,MAT00020,10106.67,USD,8000000400,000010,1000000400,000010,P003,FINANCE02,2024-07-16,103424
100,9000000402,000010,111.0,EA,MAT00018,63472.02,USD,8000000402,000010,1000000402,000010,P001,FINANCE02,2024-03-24,160853
100,9000000403,000010,2.0,EA,MAT00025,1106.6,USD,8000000403,000010,1000000403,000010,P003,FINANCE02,2024-07-03,120445
100,9000000405,000010,171.0,EA,MAT00029,52305.48,USD,8000000405,000010,1000000405,000010,P003,FINANCE01,2024-04-13,152750
100,9000000406,000010,10.0,EA,MAT00031,16819.3,USD,8000000406,000010,1000000406,000010,P002,FINANCE01,2024-02-03,074517
100,9000000406,000020,191.0,EA,MAT00033,318278.58,USD,8000000406,000020,1000000406,000020,P002,FINANCE01,2024-02-03,135414
100,9000000407,000010,72.0,EA,MAT00019,97110.0,USD,8000000407,000010,1000000407,000010,P001,FINANCE02,2024-04-18,102624
100,9000000407,000020,112.0,EA,MAT00025,42988.96,USD,8000000407,000020,1000000407,000020,P001,FINANCE02,2024-04-18,112731
100,9000000409,000010,22.0,EA,MAT00021,24293.94,USD,8000000409,000010,1000000409,000010,P001,FINANCE02,2024-04-08,082958
100,9000000410,000010,42.0,EA,MAT00027,56223.72,USD,8000000410,000010,1000000410,000010,P003,FINANCE02,2024-02-28,090333
100,9000000411,000010,180.0,EA,MAT00022,16857.0,USD,8000000411,000010,1000000411,000010,P003,FINANCE02,2024-02-26,133847
100,9000000413,000010,97.0,EA,MAT00031,162393.52,USD,8000000413,000010,1000000413,000010,P002,FINANCE01,2024-09-15,153651
100,9000000414,000010,68.0,EA,MAT00027,130432.16,USD,8000000414,000010,1000000414,000010,P003,FINANCE01,2024-05-27,111638
100,9000000417,000010,1.0,EA,MAT00018,1136.06,USD,8000000417,000010,1000000417,000010,P001,FINANCE01,2024-06-23,094948
100,9000000418,000010,151.0,EA,MAT00029,11488.08,USD,8000000418,000010,1000000418,000010,P002,FINANCE01,2024-07-10,063324
100,9000000419,000010,101.0,EA,MAT00022,48275.98,USD,8000000419,000010,1000000419,000010,P001,FINANCE02,2024-02-28,121141
100,9000000420,000010,53.0,EA,MAT00030,100383.59,USD,8000000420,000010,1000000420,000010,P002,FINANCE01,2024-10-02,145114
100,9000000422,000010,120.0,EA,MAT00021,138600.0,USD,8000000422,000010,1000000422,000010,P002,FINANCE01,2024-02-27,141723
100,9000000423,000010,86.0,EA,MAT00023,90637.12,USD,8000000423,000010,1000000423,000010,P002,FINANCE02,2024-02-24,165607
100,9000000423,000020,45.0,EA,MAT00028,24935.4,USD,8000000423,000020,1000000423,000020,P002,FINANCE02,2024-02-24,122839
100,9000000424,000010,159.0,EA,MAT00023,89855.67,USD,8000000424,000010,1000000424,000010,P001,FINANCE02,2024-04-18,130033
100,9000000424,000020,7.0,EA,MAT00030,4816.98,USD,8000000424,000020,1000000424,000020,P001,FINANCE02,2024-04-18,101308
100,9000000425,000010,92.0,EA,MAT00019,39630.84,USD,8000000425,000010,1000000425,000010,P001,FINANCE02,2024-10-13,135829
100,9000000425,000020,115.0,EA,MAT00022,167625.15,USD,8000000425,000020,1000000425,000020,P001,FINANCE02,2024-10-13,120926
100,9000000427,000010,131.0,EA,MAT00019,181154.66,USD,8000000427,000010,1000000427,000010,P001,FINANCE01,2024-09-18,104721
100,9000000428,000010,173.0,EA,MAT00030,294300.68,USD,8000000428,000010,1000000428,000010,P001,FINANCE02,2024-03-29,140908
100,9000000429,000010,24.0,EA,MAT00027,14950.8,USD,8000000429,000010,1000000429,000010,P002,FINANCE02,2024-10-09,161723
100,9000000430,000010,155.0,EA,MAT00025,287979.15,USD,8000000430,000010,1000000430,000010,P003,FINANCE02,2024-05-10,155207
100,9000000431,000010,184.0,EA,MAT00032,314130.32,USD,8000000431,000010,1000000431,000010,P002,FINANCE02,2024-04-16,123524
100,9000000432,000010,54.0,EA,MAT00020,23704.92,USD,8000000432,000010,1000000432,000010,P001,FINANCE02,2024-08-26,172016
100,9000000432,000020,113.0,EA,MAT00022,81598.43,USD,8000000432,000020,1000000432,000020,P001,FINANCE02,2024-08-26,093924
100,9000000434,000010,43.0,EA,MAT00023,41992.08,USD,8000000434,000010,1000000434,000010,P002,FINANCE01,2024-02-10,111534
100,9000000436,000010,91.0,EA,MAT00020,158552.94,USD,8000000436,000010,1000000436,000010,P002,FINANCE02,2024-08-31,133747
100,9000000442,000010,191.0,EA,MAT00025,257454.63,USD,8000000442,000010,1000000442,000010,P001,FINANCE01,2024-04-22,143458
100,9000000442,000020,69.0,EA,MAT00031,24584.7,USD,8000000442,000020,1000000442,000020,P001,FINANCE01,2024-04-22,100734
100,9000000444,000010,200.0,EA,MAT00019,233220.0,USD,8000000444,000010,1000000444,000010,P001,FINANCE02,2024-03-25,113839
100,9000000444,000020,36.0,EA,MAT00033,4169.16,USD,8000000444,000020,1000000444,000020,P001,FINANCE02,2024-03-25,125148
100,9000000445,000010,54.0,EA,MAT00018,90958.68,USD,8000000445,000010,1000000445,000010,P002,FINANCE01,2024-07-18,150656
100,9000000446,000010,135.0,EA,MAT00023,134707.05,USD,8000000446,000010,1000000446,000010,P003,FINANCE02,2024-02-06,165222
100,9000000448,000010,54.0,EA,MAT00030,20345.04,USD,8000000448,000010,1000000448,000010,P003,FINANCE01,2024-03-14,155533
100,9000000449,000010,124.0,EA,MAT00030,52328.0,USD,8000000449,000010,1000000449,000010,P001,FINANCE01,2024-10-23,122527
100,9000000449,000020,167.0,EA,MAT00031,78381.45,USD,8000000449,000020,1000000449,000020,P001,FINANCE01,2024-10-23,134636
100,9000000451,000010,68.0,EA,MAT00031,76068.88,USD,8000000451,000010,1000000451,000010,P001,FINANCE02,2024-02-24,093413
100,9000000452,000010,54.0,EA,MAT00031,31395.06,USD,8000000452,000010,1000000452,000010,P001,FINANCE02,2024-06-19,171442
100,9000000453,000010,150.0,EA,MAT00030,247537.5,USD,8000000453,000010,1000000453,000010,P001,FINANCE01,2024-05-28,083135
100,9000000454,000010,93.0,EA,MAT00033,86825.73,USD,8000000454,000010,1000000454,000010,P001,FINANCE01,2024-10-19,113120
100,9000000455,000010,30.0,EA,MAT00025,48622.8,USD,8000000455,000010,1000000455,000010,P002,FINANCE02,2024-05-02,070607
100,9000000456,000010,163.0,EA,MAT00020,117500.18,USD,8000000456,000010,1000000456,000010,P001,FINANCE02,2024-02-12,151746
100,9000000456,000020,86.0,EA,MAT00023,87721.72,USD,8000000456,000020,1000000456,000020,P001,FINANCE02,2024-02-12,075618
100,9000000457,000010,106.0,EA,MAT00032,208851.8,USD,8000000457,000010,1000000457,000010,P001,FINANCE01,2024-05-11,103724
100,9000000457,000020,158.0,EA,MAT00016,117215.46,USD,8000000457,000020,1000000457,000020,P001,FINANCE01,2024-05-11,073947
100,9000000458,000010,141.0,EA,MAT00029,41889.69,USD,8000000458,000010,1000000458,000010,P002,FINANCE02,2024-02-03,143235
100,9000000459,000010,194.0,EA,MAT00020,139777.0,USD,8000000459,000010,1000000459,000010,P002,FINANCE01,2024-08-29,065255
100,9000000460,000010,109.0,EA,MAT00022,121847.83,USD,8000000460,000010,1000000460,000010,P002,FINANCE01,2024-09-18,150515
100,9000000461,000010,107.0,EA,MAT00019,50003.24,USD,8000000461,000010,1000000461,000010,P002,FINANCE01,2024-09-14,065355
100,9000000462,000010,63.0,EA,MAT00026,84985.74,USD,8000000462,000010,1000000462,000010,P002,FINANCE02,2024-05-26,111734
100,9000000463,000010,47.0,EA,MAT00020,80904.86,USD,8000000463,000010,1000000463,000010,P003,FINANCE01,2024-10-11,144717
100,9000000464,000010,150.0,EA,MAT00016,282180.0,USD,8000000464,000010,1000000464,000010,P001,FINANCE02,2024-09-28,155055
100,9000000465,000010,61.0,EA,MAT00030,102910.66,USD,8000000465,000010,1000000465,000010,P002,FINANCE01,2024-02-19,114510
100,9000000466,000010,95.0,EA,MAT00024,31443.1,USD,8000000466,000010,1000000466,000010,P001,FINANCE02,2024-08-11,103139
100,9000000467,000010,146.0,EA,MAT00020,62007.66,USD,8000000467,000010,1000000467,000010,P001,FINANCE02,2024-10-04,120011
100,9000000468,000010,101.0,EA,MAT00024,194695.68,USD,8000000468,000010,1000000468,000010,P001,FINANCE02,2024-02-11,090634
100,9000000469,000010,61.0,EA,MAT00023,55852.21,USD,8000000469,000010,1000000469,000010,P001,FINANCE01,2024-05-19,113636
100,9000000470,000010,185.0,EA,MAT00023,181429.5,USD,8000000470,000010,1000000470,000010,P001,FINANCE02,2024-09-10,070145
100,9000000470,000020,58.0,EA,MAT00028,64467.58,USD,8000000470,000020,1000000470,000020,P001,FINANCE02,2024-09-10,072901
100,9000000471,000010,85.0,EA,MAT00030,16222.25,USD,8000000471,000010,1000000471,000010,P003,FINANCE01,2024-06-20,115859
100,9000000474,000010,31.0,EA,MAT00032,39127.58,USD,8000000474,000010,1000000474,000010,P001,FINANCE01,2024-09-05,143906
100,9000000475,000010,167.0,EA,MAT00022,203078.68,USD,8000000475,000010,1000000475,000010,P002,FINANCE01,2024-08-12,115544
100,9000000476,000010,155.0,EA,MAT00029,78557.1,USD,8000000476,000010,1000000476,000010,P001,FINANCE02,2024-01-28,061453
100,9000000476,000020,99.0,EA,MAT00026,81866.07,USD,8000000476,000020,1000000476,000020,P001,FINANCE02,2024-01-28,120122
100,9000000478,000010,50.0,EA,MAT00022,50124.0,USD,8000000478,000010,1000000478,000010,P003,FINANCE02,2024-06-23,165352
100,9000000479,000010,183.0,EA,MAT00016,57930.48,USD,8000000479,000010,1000000479,000010,P001,FINANCE02,2024-06-22,071041
100,9000000480,000010,150.0,EA,MAT00029,248155.5,USD,8000000480,000010,1000000480,000010,P002,FINANCE01,2024-05-08,092450
100,9000000480,000020,106.0,EA,MAT00017,7678.64,USD,8000000480,000020,1000000480,000020,P002,FINANCE01,2024-05-08,093702
100,9000000482,000010,162.0,EA,MAT00028,298232.28,USD,8000000482,000010,1000000482,000010,P003,FINANCE01,2024-08-31,102501
100,9000000483,000010,70.0,EA,MAT00030,92923.6,USD,8000000483,000010,1000000483,000010,P002,FINANCE01,2024-03-09,155029
100,9000000484,000010,113.0,EA,MAT00017,95690.66,USD,8000000484,000010,1000000484,000010,P001,FINANCE01,2024-04-11,120022
100,9000000485,000010,192.0,EA,MAT00027,261621.12,USD,8000000485,000010,1000000485,000010,P003,FINANCE01,2024-04-08,115529
100,9000000487,000010,122.0,EA,MAT00027,28221.04,USD,8000000487,000010,1000000487,000010,P003,FINANCE02,2024-06-18,084140
100,9000000488,000010,117.0,EA,MAT00028,215434.44,USD,8000000488,000010,1000000488,000010,P001,FINANCE01,2024-07-08,142446
100,9000000489,000010,176.0,EA,MAT00017,16881.92,USD,8000000489,000010,1000000489,000010,P003,FINANCE02,2024-10-06,131708
100,9000000490,000010,179.0,EA,MAT00019,140420.13,USD,8000000490,000010,1000000490,000010,P001,FINANCE02,2024-03-23,111738
100,9000000490,000020,157.0,EA,MAT00017,46570.91,USD,8000000490,000020,1000000490,000020,P001,FINANCE02,2024-03-23,071056
100,9000000491,000010,76.0,EA,MAT00018,83799.12,USD,8000000491,000010,1000000491,000010,P001,FINANCE01,2024-09-15,081808
100,9000000492,000010,192.0,EA,MAT00016,215141.76,USD,8000000492,000010,1000000492,000010,P003,FINANCE02,2024-03-03,122312
100,9000000493,000010,64.0,EA,MAT00032,6437.76,USD,8000000493,000010,1000000493,000010,P003,FINANCE01,2024-09-28,084836
100,9000000493,000020,122.0,EA,MAT00018,39171.76,USD,8000000493,000020,1000000493,000020,P003,FINANCE01,2024-09-28,082416
100,9000000494,000010,78.0,EA,MAT00022,121192.5,USD,8000000494,000010,1000000494,000010,P003,FINANCE01,2024-03-14,161000
100,9000000495,000010,130.0,EA,MAT00022,187739.5,USD,8000000495,000010,1000000495,000010,P001,FINANCE01,2024-10-17,111753
100,9000000495,000020,98.0,EA,MAT00017,80057.18,USD,8000000495,000020,1000000495,000020,P001,FINANCE01,2024-10-17,144121
100,9000000496,000010,39.0,EA,MAT00031,58709.82,USD,8000000496,000010,1000000496,000010,P003,FINANCE02,2024-05-23,064243
100,9000000497,000010,125.0,EA,MAT00026,162655.0,USD,8000000497,000010,1000000497,000010,P002,FINANCE02,2024-06-16,103131
100,9000000498,000010,171.0,EA,MAT00019,102105.81,USD,8000000498,000010,1000000498,000010,P003,FINANCE02,2024-01-28,153532
100,9000000499,000010,26.0,EA,MAT00027,39942.24,USD,8000000499,000010,1000000499,000010,P002,FINANCE01,2024-06-24,150841
100,9000000499,000020,39.0,EA,MAT00025,74139.0,USD,8000000499,000020,1000000499,000020,P002,FINANCE01,2024-06-24,170222
